{
  "type": "FeatureCollection",
  "features": [
    {
      "type": "Feature",
      "geometry": {
        "type": "Polygon",
        "coordinates": [
          [
            [
              121.64444729033491,
              45.48665646054774
            ],
            [
              121.65363050821333,
              45.48628188596129
            ],
            [
              121.65309755734542,
              45.479822446141654
            ],
            [
              121.643915381925,
              45.48019693683425
            ],
            [
              121.64444729033491,
              45.48665646054774
            ]
          ]
        ]
      },
      "properties": {
        "biomass": 216.11578369140625,
        "min_biomass": 169.6640625,
        "max_biomass": 254.6240234375,
        "timestamp": "20260413_032501",
        "grid_id": "0_432"
      }
    },
    {
      "type": "Feature",
      "geometry": {
        "type": "Polygon",
        "coordinates": [
          [
            [
              121.65363050821333,
              45.48628188596129
            ],
            [
              121.66281354516656,
              45.48590657549843
            ],
            [
              121.66227955191594,
              45.479447219736365
            ],
            [
              121.65309755734542,
              45.479822446141654
            ],
            [
              121.65363050821333,
              45.48628188596129
            ]
          ]
        ]
      },
      "properties": {
        "biomass": 236.81695556640625,
        "min_biomass": 189.15785217285156,
        "max_biomass": 265.3757629394531,
        "timestamp": "20260413_032501",
        "grid_id": "0_456"
      }
    },
    {
      "type": "Feature",
      "geometry": {
        "type": "Polygon",
        "coordinates": [
          [
            [
              121.63473302600529,
              45.48057069177597
            ],
            [
              121.643915381925,
              45.48019693683425
            ],
            [
              121.64338365401439,
              45.473737400921706
            ],
            [
              121.63420234027721,
              45.4741110721522
            ],
            [
              121.63473302600529,
              45.48057069177597
            ]
          ]
        ]
      },
      "properties": {
        "biomass": 206.10536193847656,
        "min_biomass": 181.0081329345703,
        "max_biomass": 221.2013702392578,
        "timestamp": "20260413_032501",
        "grid_id": "24_408"
      }
    },
    {
      "type": "Feature",
      "geometry": {
        "type": "Polygon",
        "coordinates": [
          [
            [
              121.643915381925,
              45.48019693683425
            ],
            [
              121.65309755734542,
              45.479822446141654
            ],
            [
              121.65256478732738,
              45.47336299410403
            ],
            [
              121.64338365401439,
              45.473737400921706
            ],
            [
              121.643915381925,
              45.48019693683425
            ]
          ]
        ]
      },
      "properties": {
        "biomass": 216.1366424560547,
        "min_biomass": 174.96763610839844,
        "max_biomass": 260.04425048828125,
        "timestamp": "20260413_032501",
        "grid_id": "24_432"
      }
    },
    {
      "type": "Feature",
      "geometry": {
        "type": "Polygon",
        "coordinates": [
          [
            [
              121.65309755734542,
              45.479822446141654
            ],
            [
              121.66227955191594,
              45.479447219736365
            ],
            [
              121.66174573986574,
              45.472987851737315
            ],
            [
              121.65256478732738,
              45.47336299410403
            ],
            [
              121.65309755734542,
              45.479822446141654
            ]
          ]
        ]
      },
      "properties": {
        "biomass": 241.6173858642578,
        "min_biomass": 177.71466064453125,
        "max_biomass": 264.5622863769531,
        "timestamp": "20260413_032501",
        "grid_id": "24_456"
      }
    },
    {
      "type": "Feature",
      "geometry": {
        "type": "Polygon",
        "coordinates": [
          [
            [
              121.63420234027721,
              45.4741110721522
            ],
            [
              121.64338365401439,
              45.473737400921706
            ],
            [
              121.642852106528,
              45.46727785281228
            ],
            [
              121.63367183462285,
              45.467651440350465
            ],
            [
              121.63420234027721,
              45.4741110721522
            ]
          ]
        ]
      },
      "properties": {
        "biomass": 209.33009338378906,
        "min_biomass": 153.36900329589844,
        "max_biomass": 243.7579345703125,
        "timestamp": "20260413_032501",
        "grid_id": "48_408"
      }
    },
    {
      "type": "Feature",
      "geometry": {
        "type": "Polygon",
        "coordinates": [
          [
            [
              121.64338365401439,
              45.473737400921706
            ],
            [
              121.65256478732738,
              45.47336299410403
            ],
            [
              121.65203219808402,
              45.46690352985057
            ],
            [
              121.642852106528,
              45.46727785281228
            ],
            [
              121.64338365401439,
              45.473737400921706
            ]
          ]
        ]
      },
      "properties": {
        "biomass": 215.17845153808594,
        "min_biomass": 177.65560913085938,
        "max_biomass": 253.50152587890625,
        "timestamp": "20260413_032501",
        "grid_id": "48_432"
      }
    },
    {
      "type": "Feature",
      "geometry": {
        "type": "Polygon",
        "coordinates": [
          [
            [
              121.65256478732738,
              45.47336299410403
            ],
            [
              121.66174573986574,
              45.472987851737315
            ],
            [
              121.66121210894059,
              45.466528471503466
            ],
            [
              121.65203219808402,
              45.46690352985057
            ],
            [
              121.65256478732738,
              45.47336299410403
            ]
          ]
        ]
      },
      "properties": {
        "biomass": 234.57911682128906,
        "min_biomass": 177.35964965820312,
        "max_biomass": 263.6011657714844,
        "timestamp": "20260413_032501",
        "grid_id": "48_456"
      }
    },
    {
      "type": "Feature",
      "geometry": {
        "type": "Polygon",
        "coordinates": [
          [
            [
              121.66174573986574,
              45.472987851737315
            ],
            [
              121.67092651127906,
              45.472611973859834
            ],
            [
              121.67039183874746,
              45.46615267780919
            ],
            [
              121.66121210894059,
              45.466528471503466
            ],
            [
              121.66174573986574,
              45.472987851737315
            ]
          ]
        ]
      },
      "properties": {
        "biomass": 222.3115997314453,
        "min_biomass": 210.4109649658203,
        "max_biomass": 234.2122344970703,
        "timestamp": "20260413_032501",
        "grid_id": "48_480"
      }
    },
    {
      "type": "Feature",
      "geometry": {
        "type": "Polygon",
        "coordinates": [
          [
            [
              121.6244913827189,
              45.468024292427
            ],
            [
              121.63367183462285,
              45.467651440350465
            ],
            [
              121.63314150896731,
              45.46119179637289
            ],
            [
              121.62396209861996,
              45.461564564939636
            ],
            [
              121.6244913827189,
              45.468024292427
            ]
          ]
        ]
      },
      "properties": {
        "biomass": 232.78749084472656,
        "min_biomass": 176.61354064941406,
        "max_biomass": 281.52880859375,
        "timestamp": "20260413_032501",
        "grid_id": "72_384"
      }
    },
    {
      "type": "Feature",
      "geometry": {
        "type": "Polygon",
        "coordinates": [
          [
            [
              121.63367183462285,
              45.467651440350465
            ],
            [
              121.642852106528,
              45.46727785281228
            ],
            [
              121.64232073939075,
              45.460818292508144
            ],
            [
              121.63314150896731,
              45.46119179637289
            ],
            [
              121.63367183462285,
              45.467651440350465
            ]
          ]
        ]
      },
      "properties": {
        "biomass": 227.72714233398438,
        "min_biomass": 180.09054565429688,
        "max_biomass": 276.09918212890625,
        "timestamp": "20260413_032501",
        "grid_id": "72_408"
      }
    },
    {
      "type": "Feature",
      "geometry": {
        "type": "Polygon",
        "coordinates": [
          [
            [
              121.642852106528,
              45.46727785281228
            ],
            [
              121.65203219808402,
              45.46690352985057
            ],
            [
              121.65149978954007,
              45.46044405338347
            ],
            [
              121.64232073939075,
              45.460818292508144
            ],
            [
              121.642852106528,
              45.46727785281228
            ]
          ]
        ]
      },
      "properties": {
        "biomass": 206.25726318359375,
        "min_biomass": 170.51617431640625,
        "max_biomass": 239.17295837402344,
        "timestamp": "20260413_032501",
        "grid_id": "72_432"
      }
    },
    {
      "type": "Feature",
      "geometry": {
        "type": "Polygon",
        "coordinates": [
          [
            [
              121.65203219808402,
              45.46690352985057
            ],
            [
              121.66121210894059,
              45.466528471503466
            ],
            [
              121.6606786590651,
              45.46006907903699
            ],
            [
              121.65149978954007,
              45.46044405338347
            ],
            [
              121.65203219808402,
              45.46690352985057
            ]
          ]
        ]
      },
      "properties": {
        "biomass": 222.23475646972656,
        "min_biomass": 172.11004638671875,
        "max_biomass": 275.7347412109375,
        "timestamp": "20260413_032501",
        "grid_id": "72_456"
      }
    },
    {
      "type": "Feature",
      "geometry": {
        "type": "Polygon",
        "coordinates": [
          [
            [
              121.66121210894059,
              45.466528471503466
            ],
            [
              121.67039183874746,
              45.46615267780919
            ],
            [
              121.66985734761576,
              45.45969336950693
            ],
            [
              121.6606786590651,
              45.46006907903699
            ],
            [
              121.66121210894059,
              45.466528471503466
            ]
          ]
        ]
      },
      "properties": {
        "biomass": 232.26097106933594,
        "min_biomass": 175.3964385986328,
        "max_biomass": 274.0534362792969,
        "timestamp": "20260413_032501",
        "grid_id": "72_480"
      }
    },
    {
      "type": "Feature",
      "geometry": {
        "type": "Polygon",
        "coordinates": [
          [
            [
              121.62396209861996,
              45.461564564939636
            ],
            [
              121.63314150896731,
              45.46119179637289
            ],
            [
              121.63261136323571,
              45.45473214022164
            ],
            [
              121.62343299409469,
              45.45510482529745
            ],
            [
              121.62396209861996,
              45.461564564939636
            ]
          ]
        ]
      },
      "properties": {
        "biomass": 216.88619995117188,
        "min_biomass": 168.67616271972656,
        "max_biomass": 273.0447082519531,
        "timestamp": "20260413_032501",
        "grid_id": "96_384"
      }
    },
    {
      "type": "Feature",
      "geometry": {
        "type": "Polygon",
        "coordinates": [
          [
            [
              121.63314150896731,
              45.46119179637289
            ],
            [
              121.64232073939075,
              45.460818292508144
            ],
            [
              121.64178955252763,
              45.45435872001143
            ],
            [
              121.63261136323571,
              45.45473214022164
            ],
            [
              121.63314150896731,
              45.46119179637289
            ]
          ]
        ]
      },
      "properties": {
        "biomass": 219.075439453125,
        "min_biomass": 160.6426239013672,
        "max_biomass": 276.1927185058594,
        "timestamp": "20260413_032501",
        "grid_id": "96_408"
      }
    },
    {
      "type": "Feature",
      "geometry": {
        "type": "Polygon",
        "coordinates": [
          [
            [
              121.64232073939075,
              45.460818292508144
            ],
            [
              121.65149978954007,
              45.46044405338347
            ],
            [
              121.65096756162038,
              45.45398456470485
            ],
            [
              121.64178955252763,
              45.45435872001143
            ],
            [
              121.64232073939075,
              45.460818292508144
            ]
          ]
        ]
      },
      "properties": {
        "biomass": 216.9576873779297,
        "min_biomass": 173.86404418945312,
        "max_biomass": 271.95574951171875,
        "timestamp": "20260413_032501",
        "grid_id": "96_432"
      }
    },
    {
      "type": "Feature",
      "geometry": {
        "type": "Polygon",
        "coordinates": [
          [
            [
              121.65149978954007,
              45.46044405338347
            ],
            [
              121.6606786590651,
              45.46006907903699
            ],
            [
              121.66014539016399,
              45.45360967434004
            ],
            [
              121.65096756162038,
              45.45398456470485
            ],
            [
              121.65149978954007,
              45.46044405338347
            ]
          ]
        ]
      },
      "properties": {
        "biomass": 211.54266357421875,
        "min_biomass": 161.43707275390625,
        "max_biomass": 276.01910400390625,
        "timestamp": "20260413_032501",
        "grid_id": "96_456"
      }
    },
    {
      "type": "Feature",
      "geometry": {
        "type": "Polygon",
        "coordinates": [
          [
            [
              121.6606786590651,
              45.46006907903699
            ],
            [
              121.66985734761576,
              45.45969336950693
            ],
            [
              121.66932303780848,
              45.453234048955196
            ],
            [
              121.66014539016399,
              45.45360967434004
            ],
            [
              121.6606786590651,
              45.46006907903699
            ]
          ]
        ]
      },
      "properties": {
        "biomass": 223.64830017089844,
        "min_biomass": 175.74343872070312,
        "max_biomass": 270.07012939453125,
        "timestamp": "20260413_032501",
        "grid_id": "96_480"
      }
    },
    {
      "type": "Feature",
      "geometry": {
        "type": "Polygon",
        "coordinates": [
          [
            [
              121.67903585484197,
              45.45931692483156
            ],
            [
              121.68821418039373,
              45.45893974504925
            ],
            [
              121.68767778900047,
              45.452480593278516
            ],
            [
              121.67850050420392,
              45.45285768858857
            ],
            [
              121.67903585484197,
              45.45931692483156
            ]
          ]
        ]
      },
      "properties": {
        "biomass": 231.533203125,
        "min_biomass": 173.8994598388672,
        "max_biomass": 277.75042724609375,
        "timestamp": "20260413_032501",
        "grid_id": "96_528"
      }
    },
    {
      "type": "Feature",
      "geometry": {
        "type": "Polygon",
        "coordinates": [
          [
            [
              121.68821418039373,
              45.45893974504925
            ],
            [
              121.69739232392111,
              45.458561830198434
            ],
            [
              121.69685489184826,
              45.45210276306343
            ],
            [
              121.68767778900047,
              45.452480593278516
            ],
            [
              121.68821418039373,
              45.45893974504925
            ]
          ]
        ]
      },
      "properties": {
        "biomass": 237.15676879882812,
        "min_biomass": 157.11477661132812,
        "max_biomass": 283.6240234375,
        "timestamp": "20260413_032501",
        "grid_id": "96_552"
      }
    },
    {
      "type": "Feature",
      "geometry": {
        "type": "Polygon",
        "coordinates": [
          [
            [
              121.69739232392111,
              45.458561830198434
            ],
            [
              121.7065702850741,
              45.45818318031759
            ],
            [
              121.70603181239757,
              45.45172419798184
            ],
            [
              121.69685489184826,
              45.45210276306343
            ],
            [
              121.69739232392111,
              45.458561830198434
            ]
          ]
        ]
      },
      "properties": {
        "biomass": 229.07363891601562,
        "min_biomass": 170.7787628173828,
        "max_biomass": 264.1112976074219,
        "timestamp": "20260413_032501",
        "grid_id": "96_576"
      }
    },
    {
      "type": "Feature",
      "geometry": {
        "type": "Polygon",
        "coordinates": [
          [
            [
              121.7065702850741,
              45.45818318031759
            ],
            [
              121.71574806350287,
              45.45780379544533
            ],
            [
              121.7152085502986,
              45.45134489807228
            ],
            [
              121.70603181239757,
              45.45172419798184
            ],
            [
              121.7065702850741,
              45.45818318031759
            ]
          ]
        ]
      },
      "properties": {
        "biomass": 242.45370483398438,
        "min_biomass": 242.45370483398438,
        "max_biomass": 242.45370483398438,
        "timestamp": "20260413_032501",
        "grid_id": "96_600"
      }
    },
    {
      "type": "Feature",
      "geometry": {
        "type": "Polygon",
        "coordinates": [
          [
            [
              121.62343299409469,
              45.45510482529745
            ],
            [
              121.63261136323571,
              45.45473214022164
            ],
            [
              121.63208139735323,
              45.44827247189884
            ],
            [
              121.62290406906847,
              45.448645073502554
            ],
            [
              121.62343299409469,
              45.45510482529745
            ]
          ]
        ]
      },
      "properties": {
        "biomass": 221.15652465820312,
        "min_biomass": 174.1456756591797,
        "max_biomass": 279.0560607910156,
        "timestamp": "20260413_032501",
        "grid_id": "120_384"
      }
    },
    {
      "type": "Feature",
      "geometry": {
        "type": "Polygon",
        "coordinates": [
          [
            [
              121.63261136323571,
              45.45473214022164
            ],
            [
              121.64178955252763,
              45.45435872001143
            ],
            [
              121.64125854586366,
              45.44789913532428
            ],
            [
              121.63208139735323,
              45.44827247189884
            ],
            [
              121.63261136323571,
              45.45473214022164
            ]
          ]
        ]
      },
      "properties": {
        "biomass": 188.05084228515625,
        "min_biomass": 145.32859802246094,
        "max_biomass": 274.98651123046875,
        "timestamp": "20260413_032501",
        "grid_id": "120_408"
      }
    },
    {
      "type": "Feature",
      "geometry": {
        "type": "Polygon",
        "coordinates": [
          [
            [
              121.64178955252763,
              45.45435872001143
            ],
            [
              121.65096756162038,
              45.45398456470485
            ],
            [
              121.65043551424989,
              45.447525063816904
            ],
            [
              121.64125854586366,
              45.44789913532428
            ],
            [
              121.64178955252763,
              45.45435872001143
            ]
          ]
        ]
      },
      "properties": {
        "biomass": 198.8915252685547,
        "min_biomass": 146.27781677246094,
        "max_biomass": 271.3947448730469,
        "timestamp": "20260413_032501",
        "grid_id": "120_432"
      }
    },
    {
      "type": "Feature",
      "geometry": {
        "type": "Polygon",
        "coordinates": [
          [
            [
              121.65096756162038,
              45.45398456470485
            ],
            [
              121.66014539016399,
              45.45360967434004
            ],
            [
              121.65961230216202,
              45.44715025741481
            ],
            [
              121.65043551424989,
              45.447525063816904
            ],
            [
              121.65096756162038,
              45.45398456470485
            ]
          ]
        ]
      },
      "properties": {
        "biomass": 204.94989013671875,
        "min_biomass": 146.02992248535156,
        "max_biomass": 267.8816833496094,
        "timestamp": "20260413_032501",
        "grid_id": "120_456"
      }
    },
    {
      "type": "Feature",
      "geometry": {
        "type": "Polygon",
        "coordinates": [
          [
            [
              121.66014539016399,
              45.45360967434004
            ],
            [
              121.66932303780848,
              45.453234048955196
            ],
            [
              121.66878890925024,
              45.44677471615618
            ],
            [
              121.65961230216202,
              45.44715025741481
            ],
            [
              121.66014539016399,
              45.45360967434004
            ]
          ]
        ]
      },
      "properties": {
        "biomass": 195.1621551513672,
        "min_biomass": 150.24456787109375,
        "max_biomass": 257.4689025878906,
        "timestamp": "20260413_032501",
        "grid_id": "120_480"
      }
    },
    {
      "type": "Feature",
      "geometry": {
        "type": "Polygon",
        "coordinates": [
          [
            [
              121.66932303780848,
              45.453234048955196
            ],
            [
              121.67850050420392,
              45.45285768858857
            ],
            [
              121.67796533516477,
              45.44639844007926
            ],
            [
              121.66878890925024,
              45.44677471615618
            ],
            [
              121.66932303780848,
              45.453234048955196
            ]
          ]
        ]
      },
      "properties": {
        "biomass": 211.01422119140625,
        "min_biomass": 171.17706298828125,
        "max_biomass": 275.9932861328125,
        "timestamp": "20260413_032501",
        "grid_id": "120_504"
      }
    },
    {
      "type": "Feature",
      "geometry": {
        "type": "Polygon",
        "coordinates": [
          [
            [
              121.67850050420392,
              45.45285768858857
            ],
            [
              121.68767778900047,
              45.452480593278516
            ],
            [
              121.68714157955593,
              45.446021429222405
            ],
            [
              121.67796533516477,
              45.44639844007926
            ],
            [
              121.67850050420392,
              45.45285768858857
            ]
          ]
        ]
      },
      "properties": {
        "biomass": 210.9874725341797,
        "min_biomass": 179.21163940429688,
        "max_biomass": 290.9639892578125,
        "timestamp": "20260413_032501",
        "grid_id": "120_528"
      }
    },
    {
      "type": "Feature",
      "geometry": {
        "type": "Polygon",
        "coordinates": [
          [
            [
              121.68767778900047,
              45.452480593278516
            ],
            [
              121.69685489184826,
              45.45210276306343
            ],
            [
              121.69631764207398,
              45.445643683623985
            ],
            [
              121.68714157955593,
              45.446021429222405
            ],
            [
              121.68767778900047,
              45.452480593278516
            ]
          ]
        ]
      },
      "properties": {
        "biomass": 217.2069854736328,
        "min_biomass": 176.3209686279297,
        "max_biomass": 276.08514404296875,
        "timestamp": "20260413_032501",
        "grid_id": "120_552"
      }
    },
    {
      "type": "Feature",
      "geometry": {
        "type": "Polygon",
        "coordinates": [
          [
            [
              121.69685489184826,
              45.45210276306343
            ],
            [
              121.70603181239757,
              45.45172419798184
            ],
            [
              121.7054935223693,
              45.445265203322485
            ],
            [
              121.69631764207398,
              45.445643683623985
            ],
            [
              121.69685489184826,
              45.45210276306343
            ]
          ]
        ]
      },
      "properties": {
        "biomass": 232.4396209716797,
        "min_biomass": 175.68516540527344,
        "max_biomass": 277.40997314453125,
        "timestamp": "20260413_032501",
        "grid_id": "120_576"
      }
    },
    {
      "type": "Feature",
      "geometry": {
        "type": "Polygon",
        "coordinates": [
          [
            [
              121.70603181239757,
              45.45172419798184
            ],
            [
              121.7152085502986,
              45.45134489807228
            ],
            [
              121.71466922009228,
              45.444885988356454
            ],
            [
              121.7054935223693,
              45.445265203322485
            ],
            [
              121.70603181239757,
              45.45172419798184
            ]
          ]
        ]
      },
      "properties": {
        "biomass": 238.4640350341797,
        "min_biomass": 177.42469787597656,
        "max_biomass": 272.265380859375,
        "timestamp": "20260413_032501",
        "grid_id": "120_600"
      }
    },
    {
      "type": "Feature",
      "geometry": {
        "type": "Polygon",
        "coordinates": [
          [
            [
              121.61372656135931,
              45.44901694009744
            ],
            [
              121.62290406906847,
              45.448645073502554
            ],
            [
              121.62237532346663,
              45.442185309557104
            ],
            [
              121.61319885633839,
              45.44255709286226
            ],
            [
              121.61372656135931,
              45.44901694009744
            ]
          ]
        ]
      },
      "properties": {
        "biomass": 212.6231231689453,
        "min_biomass": 173.80589294433594,
        "max_biomass": 249.1497344970703,
        "timestamp": "20260413_032501",
        "grid_id": "144_360"
      }
    },
    {
      "type": "Feature",
      "geometry": {
        "type": "Polygon",
        "coordinates": [
          [
            [
              121.62290406906847,
              45.448645073502554
            ],
            [
              121.63208139735323,
              45.44827247189884
            ],
            [
              121.63155161124507,
              45.44181279140666
            ],
            [
              121.62237532346663,
              45.442185309557104
            ],
            [
              121.62290406906847,
              45.448645073502554
            ]
          ]
        ]
      },
      "properties": {
        "biomass": 191.2696990966797,
        "min_biomass": 146.6860809326172,
        "max_biomass": 251.5641326904297,
        "timestamp": "20260413_032501",
        "grid_id": "144_384"
      }
    },
    {
      "type": "Feature",
      "geometry": {
        "type": "Polygon",
        "coordinates": [
          [
            [
              121.63208139735323,
              45.44827247189884
            ],
            [
              121.64125854586366,
              45.44789913532428
            ],
            [
              121.64072771932396,
              45.441439538448876
            ],
            [
              121.63155161124507,
              45.44181279140666
            ],
            [
              121.63208139735323,
              45.44827247189884
            ]
          ]
        ]
      },
      "properties": {
        "biomass": 212.99620056152344,
        "min_biomass": 154.60873413085938,
        "max_biomass": 287.5993347167969,
        "timestamp": "20260413_032501",
        "grid_id": "144_408"
      }
    },
    {
      "type": "Feature",
      "geometry": {
        "type": "Polygon",
        "coordinates": [
          [
            [
              121.64125854586366,
              45.44789913532428
            ],
            [
              121.65043551424989,
              45.447525063816904
            ],
            [
              121.6499036473535,
              45.44106555072177
            ],
            [
              121.64072771932396,
              45.441439538448876
            ],
            [
              121.64125854586366,
              45.44789913532428
            ]
          ]
        ]
      },
      "properties": {
        "biomass": 173.83346557617188,
        "min_biomass": 142.41070556640625,
        "max_biomass": 251.1090087890625,
        "timestamp": "20260413_032501",
        "grid_id": "144_432"
      }
    },
    {
      "type": "Feature",
      "geometry": {
        "type": "Polygon",
        "coordinates": [
          [
            [
              121.65043551424989,
              45.447525063816904
            ],
            [
              121.65961230216202,
              45.44715025741481
            ],
            [
              121.65907939498396,
              45.44069082826344
            ],
            [
              121.6499036473535,
              45.44106555072177
            ],
            [
              121.65043551424989,
              45.447525063816904
            ]
          ]
        ]
      },
      "properties": {
        "biomass": 165.81573486328125,
        "min_biomass": 124.44490051269531,
        "max_biomass": 217.6079559326172,
        "timestamp": "20260413_032501",
        "grid_id": "144_456"
      }
    },
    {
      "type": "Feature",
      "geometry": {
        "type": "Polygon",
        "coordinates": [
          [
            [
              121.65961230216202,
              45.44715025741481
            ],
            [
              121.66878890925024,
              45.44677471615618
            ],
            [
              121.6682549618657,
              45.44031537111205
            ],
            [
              121.65907939498396,
              45.44069082826344
            ],
            [
              121.65961230216202,
              45.44715025741481
            ]
          ]
        ]
      },
      "properties": {
        "biomass": 204.22161865234375,
        "min_biomass": 147.47621154785156,
        "max_biomass": 262.4649353027344,
        "timestamp": "20260413_032501",
        "grid_id": "144_480"
      }
    },
    {
      "type": "Feature",
      "geometry": {
        "type": "Polygon",
        "coordinates": [
          [
            [
              121.66878890925024,
              45.44677471615618
            ],
            [
              121.67796533516477,
              45.44639844007926
            ],
            [
              121.67743034764906,
              45.439939179305846
            ],
            [
              121.6682549618657,
              45.44031537111205
            ],
            [
              121.66878890925024,
              45.44677471615618
            ]
          ]
        ]
      },
      "properties": {
        "biomass": 220.02044677734375,
        "min_biomass": 175.09579467773438,
        "max_biomass": 288.7075500488281,
        "timestamp": "20260413_032501",
        "grid_id": "144_504"
      }
    },
    {
      "type": "Feature",
      "geometry": {
        "type": "Polygon",
        "coordinates": [
          [
            [
              121.67796533516477,
              45.44639844007926
            ],
            [
              121.68714157955593,
              45.446021429222405
            ],
            [
              121.68660555198447,
              45.439562252883114
            ],
            [
              121.67743034764906,
              45.439939179305846
            ],
            [
              121.67796533516477,
              45.44639844007926
            ]
          ]
        ]
      },
      "properties": {
        "biomass": 209.56573486328125,
        "min_biomass": 174.63836669921875,
        "max_biomass": 281.7002868652344,
        "timestamp": "20260413_032501",
        "grid_id": "144_528"
      }
    },
    {
      "type": "Feature",
      "geometry": {
        "type": "Polygon",
        "coordinates": [
          [
            [
              121.68714157955593,
              45.446021429222405
            ],
            [
              121.69631764207398,
              45.445643683623985
            ],
            [
              121.69578057452242,
              45.43918459188225
            ],
            [
              121.68660555198447,
              45.439562252883114
            ],
            [
              121.68714157955593,
              45.446021429222405
            ]
          ]
        ]
      },
      "properties": {
        "biomass": 213.90203857421875,
        "min_biomass": 177.1660614013672,
        "max_biomass": 273.9704895019531,
        "timestamp": "20260413_032501",
        "grid_id": "144_552"
      }
    },
    {
      "type": "Feature",
      "geometry": {
        "type": "Polygon",
        "coordinates": [
          [
            [
              121.69631764207398,
              45.445643683623985
            ],
            [
              121.7054935223693,
              45.445265203322485
            ],
            [
              121.70495541491334,
              45.43880619634172
            ],
            [
              121.69578057452242,
              45.43918459188225
            ],
            [
              121.69631764207398,
              45.445643683623985
            ]
          ]
        ]
      },
      "properties": {
        "biomass": 220.11209106445312,
        "min_biomass": 156.2246856689453,
        "max_biomass": 272.7626037597656,
        "timestamp": "20260413_032501",
        "grid_id": "144_576"
      }
    },
    {
      "type": "Feature",
      "geometry": {
        "type": "Polygon",
        "coordinates": [
          [
            [
              121.7054935223693,
              45.445265203322485
            ],
            [
              121.71466922009228,
              45.444885988356454
            ],
            [
              121.71413007280783,
              45.438427066300065
            ],
            [
              121.70495541491334,
              45.43880619634172
            ],
            [
              121.7054935223693,
              45.445265203322485
            ]
          ]
        ]
      },
      "properties": {
        "biomass": 238.875244140625,
        "min_biomass": 173.0294647216797,
        "max_biomass": 267.3213806152344,
        "timestamp": "20260413_032501",
        "grid_id": "144_600"
      }
    },
    {
      "type": "Feature",
      "geometry": {
        "type": "Polygon",
        "coordinates": [
          [
            [
              121.61319885633839,
              45.44255709286226
            ],
            [
              121.62237532346663,
              45.442185309557104
            ],
            [
              121.62184675721457,
              45.43572553346321
            ],
            [
              121.61267133031737,
              45.436097233497435
            ],
            [
              121.61319885633839,
              45.44255709286226
            ]
          ]
        ]
      },
      "properties": {
        "biomass": 209.453369140625,
        "min_biomass": 162.0704803466797,
        "max_biomass": 274.3671875,
        "timestamp": "20260413_032501",
        "grid_id": "168_360"
      }
    },
    {
      "type": "Feature",
      "geometry": {
        "type": "Polygon",
        "coordinates": [
          [
            [
              121.62237532346663,
              45.442185309557104
            ],
            [
              121.63155161124507,
              45.44181279140666
            ],
            [
              121.63102200483651,
              45.43535309874721
            ],
            [
              121.62184675721457,
              45.43572553346321
            ],
            [
              121.62237532346663,
              45.442185309557104
            ]
          ]
        ]
      },
      "properties": {
        "biomass": 171.11268615722656,
        "min_biomass": 150.593505859375,
        "max_biomass": 210.98890686035156,
        "timestamp": "20260413_032501",
        "grid_id": "168_384"
      }
    },
    {
      "type": "Feature",
      "geometry": {
        "type": "Polygon",
        "coordinates": [
          [
            [
              121.63155161124507,
              45.44181279140666
            ],
            [
              121.64072771932396,
              45.441439538448876
            ],
            [
              121.64019707283359,
              45.43497992938734
            ],
            [
              121.63102200483651,
              45.43535309874721
            ],
            [
              121.63155161124507,
              45.44181279140666
            ]
          ]
        ]
      },
      "properties": {
        "biomass": 206.0916290283203,
        "min_biomass": 135.87278747558594,
        "max_biomass": 285.0110168457031,
        "timestamp": "20260413_032501",
        "grid_id": "168_408"
      }
    },
    {
      "type": "Feature",
      "geometry": {
        "type": "Polygon",
        "coordinates": [
          [
            [
              121.64072771932396,
              45.441439538448876
            ],
            [
              121.6499036473535,
              45.44106555072177
            ],
            [
              121.64937196085616,
              45.434606025421616
            ],
            [
              121.64019707283359,
              45.43497992938734
            ],
            [
              121.64072771932396,
              45.441439538448876
            ]
          ]
        ]
      },
      "properties": {
        "biomass": 177.30633544921875,
        "min_biomass": 109.91511535644531,
        "max_biomass": 282.9939270019531,
        "timestamp": "20260413_032501",
        "grid_id": "168_432"
      }
    },
    {
      "type": "Feature",
      "geometry": {
        "type": "Polygon",
        "coordinates": [
          [
            [
              121.6499036473535,
              45.44106555072177
            ],
            [
              121.65907939498396,
              45.44069082826344
            ],
            [
              121.65854666855465,
              45.43423138688813
            ],
            [
              121.64937196085616,
              45.434606025421616
            ],
            [
              121.6499036473535,
              45.44106555072177
            ]
          ]
        ]
      },
      "properties": {
        "biomass": 157.6319122314453,
        "min_biomass": 109.99858856201172,
        "max_biomass": 207.9831085205078,
        "timestamp": "20260413_032501",
        "grid_id": "168_456"
      }
    },
    {
      "type": "Feature",
      "geometry": {
        "type": "Polygon",
        "coordinates": [
          [
            [
              121.65907939498396,
              45.44069082826344
            ],
            [
              121.6682549618657,
              45.44031537111205
            ],
            [
              121.66772119557952,
              45.433856013825
            ],
            [
              121.65854666855465,
              45.43423138688813
            ],
            [
              121.65907939498396,
              45.44069082826344
            ]
          ]
        ]
      },
      "properties": {
        "biomass": 215.5096893310547,
        "min_biomass": 174.40423583984375,
        "max_biomass": 270.1331481933594,
        "timestamp": "20260413_032501",
        "grid_id": "168_480"
      }
    },
    {
      "type": "Feature",
      "geometry": {
        "type": "Polygon",
        "coordinates": [
          [
            [
              121.6682549618657,
              45.44031537111205
            ],
            [
              121.67743034764906,
              45.439939179305846
            ],
            [
              121.67689554158129,
              45.43347990627047
            ],
            [
              121.66772119557952,
              45.433856013825
            ],
            [
              121.6682549618657,
              45.44031537111205
            ]
          ]
        ]
      },
      "properties": {
        "biomass": 199.03553771972656,
        "min_biomass": 169.9206085205078,
        "max_biomass": 276.8201904296875,
        "timestamp": "20260413_032501",
        "grid_id": "168_504"
      }
    },
    {
      "type": "Feature",
      "geometry": {
        "type": "Polygon",
        "coordinates": [
          [
            [
              121.67743034764906,
              45.439939179305846
            ],
            [
              121.68660555198447,
              45.439562252883114
            ],
            [
              121.68606970621053,
              45.43310306426284
            ],
            [
              121.67689554158129,
              45.43347990627047
            ],
            [
              121.67743034764906,
              45.439939179305846
            ]
          ]
        ]
      },
      "properties": {
        "biomass": 199.78158569335938,
        "min_biomass": 148.86241149902344,
        "max_biomass": 255.7681884765625,
        "timestamp": "20260413_032501",
        "grid_id": "168_528"
      }
    },
    {
      "type": "Feature",
      "geometry": {
        "type": "Polygon",
        "coordinates": [
          [
            [
              121.68660555198447,
              45.439562252883114
            ],
            [
              121.69578057452242,
              45.43918459188225
            ],
            [
              121.69524368911785,
              45.43272548784046
            ],
            [
              121.68606970621053,
              45.43310306426284
            ],
            [
              121.68660555198447,
              45.439562252883114
            ]
          ]
        ]
      },
      "properties": {
        "biomass": 197.37696838378906,
        "min_biomass": 149.76345825195312,
        "max_biomass": 255.54058837890625,
        "timestamp": "20260413_032501",
        "grid_id": "168_552"
      }
    },
    {
      "type": "Feature",
      "geometry": {
        "type": "Polygon",
        "coordinates": [
          [
            [
              121.69578057452242,
              45.43918459188225
            ],
            [
              121.70495541491334,
              45.43880619634172
            ],
            [
              121.70441748995385,
              45.43234717704179
            ],
            [
              121.69524368911785,
              45.43272548784046
            ],
            [
              121.69578057452242,
              45.43918459188225
            ]
          ]
        ]
      },
      "properties": {
        "biomass": 193.5408172607422,
        "min_biomass": 149.96829223632812,
        "max_biomass": 260.14373779296875,
        "timestamp": "20260413_032501",
        "grid_id": "168_576"
      }
    },
    {
      "type": "Feature",
      "geometry": {
        "type": "Polygon",
        "coordinates": [
          [
            [
              121.70495541491334,
              45.43880619634172
            ],
            [
              121.71413007280783,
              45.438427066300065
            ],
            [
              121.71359110836927,
              45.43196813190534
            ],
            [
              121.70441748995385,
              45.43234717704179
            ],
            [
              121.70495541491334,
              45.43880619634172
            ]
          ]
        ]
      },
      "properties": {
        "biomass": 227.05386352539062,
        "min_biomass": 163.7380828857422,
        "max_biomass": 270.0042419433594,
        "timestamp": "20260413_032501",
        "grid_id": "168_600"
      }
    },
    {
      "type": "Feature",
      "geometry": {
        "type": "Polygon",
        "coordinates": [
          [
            [
              121.71413007280783,
              45.438427066300065
            ],
            [
              121.72292228171793,
              45.438063044146794
            ],
            [
              121.72238232118319,
              45.43160419127285
            ],
            [
              121.71359110836927,
              45.43196813190534
            ],
            [
              121.71413007280783,
              45.438427066300065
            ]
          ]
        ]
      },
      "properties": {
        "biomass": 213.42112731933594,
        "min_biomass": 191.3197784423828,
        "max_biomass": 255.97323608398438,
        "timestamp": "20260413_032501",
        "grid_id": "168_624"
      }
    },
    {
      "type": "Feature",
      "geometry": {
        "type": "Polygon",
        "coordinates": [
          [
            [
              121.61267133031737,
              45.436097233497435
            ],
            [
              121.62184675721457,
              45.43572553346321
            ],
            [
              121.62131837023774,
              45.429265745223034
            ],
            [
              121.61214398322191,
              45.429637362005096
            ],
            [
              121.61267133031737,
              45.436097233497435
            ]
          ]
        ]
      },
      "properties": {
        "biomass": 198.36599731445312,
        "min_biomass": 158.96681213378906,
        "max_biomass": 249.2171173095703,
        "timestamp": "20260413_032501",
        "grid_id": "192_360"
      }
    },
    {
      "type": "Feature",
      "geometry": {
        "type": "Polygon",
        "coordinates": [
          [
            [
              121.62184675721457,
              45.43572553346321
            ],
            [
              121.63102200483651,
              45.43535309874721
            ],
            [
              121.63049257805287,
              45.42889339392263
            ],
            [
              121.62131837023774,
              45.429265745223034
            ],
            [
              121.62184675721457,
              45.43572553346321
            ]
          ]
        ]
      },
      "properties": {
        "biomass": 188.25282287597656,
        "min_biomass": 155.97457885742188,
        "max_biomass": 246.9129180908203,
        "timestamp": "20260413_032501",
        "grid_id": "192_384"
      }
    },
    {
      "type": "Feature",
      "geometry": {
        "type": "Polygon",
        "coordinates": [
          [
            [
              121.63102200483651,
              45.43535309874721
            ],
            [
              121.64019707283359,
              45.43497992938734
            ],
            [
              121.63966660631776,
              45.42852030814183
            ],
            [
              121.63049257805287,
              45.42889339392263
            ],
            [
              121.63102200483651,
              45.43535309874721
            ]
          ]
        ]
      },
      "properties": {
        "biomass": 163.73915100097656,
        "min_biomass": 112.67222595214844,
        "max_biomass": 241.01296997070312,
        "timestamp": "20260413_032501",
        "grid_id": "192_408"
      }
    },
    {
      "type": "Feature",
      "geometry": {
        "type": "Polygon",
        "coordinates": [
          [
            [
              121.64019707283359,
              45.43497992938734
            ],
            [
              121.64937196085616,
              45.434606025421616
            ],
            [
              121.64884045468293,
              45.42814648791859
            ],
            [
              121.63966660631776,
              45.42852030814183
            ],
            [
              121.64019707283359,
              45.43497992938734
            ]
          ]
        ]
      },
      "properties": {
        "biomass": 162.5745391845703,
        "min_biomass": 106.63795471191406,
        "max_biomass": 245.13401794433594,
        "timestamp": "20260413_032501",
        "grid_id": "192_432"
      }
    },
    {
      "type": "Feature",
      "geometry": {
        "type": "Polygon",
        "coordinates": [
          [
            [
              121.64937196085616,
              45.434606025421616
            ],
            [
              121.65854666855465,
              45.43423138688813
            ],
            [
              121.65801412279895,
              45.427771933291005
            ],
            [
              121.64884045468293,
              45.42814648791859
            ],
            [
              121.64937196085616,
              45.434606025421616
            ]
          ]
        ]
      },
      "properties": {
        "biomass": 182.57147216796875,
        "min_biomass": 108.56468963623047,
        "max_biomass": 229.946533203125,
        "timestamp": "20260413_032501",
        "grid_id": "192_456"
      }
    },
    {
      "type": "Feature",
      "geometry": {
        "type": "Polygon",
        "coordinates": [
          [
            [
              121.65854666855465,
              45.43423138688813
            ],
            [
              121.66772119557952,
              45.433856013825
            ],
            [
              121.66718761031645,
              45.427396644297175
            ],
            [
              121.65801412279895,
              45.427771933291005
            ],
            [
              121.65854666855465,
              45.43423138688813
            ]
          ]
        ]
      },
      "properties": {
        "biomass": 219.53883361816406,
        "min_biomass": 173.73193359375,
        "max_biomass": 257.919921875,
        "timestamp": "20260413_032501",
        "grid_id": "192_480"
      }
    },
    {
      "type": "Feature",
      "geometry": {
        "type": "Polygon",
        "coordinates": [
          [
            [
              121.66772119557952,
              45.433856013825
            ],
            [
              121.67689554158129,
              45.43347990627047
            ],
            [
              121.67636091688608,
              45.42702062097534
            ],
            [
              121.66718761031645,
              45.427396644297175
            ],
            [
              121.66772119557952,
              45.433856013825
            ]
          ]
        ]
      },
      "properties": {
        "biomass": 190.4281463623047,
        "min_biomass": 147.89451599121094,
        "max_biomass": 274.4078674316406,
        "timestamp": "20260413_032501",
        "grid_id": "192_504"
      }
    },
    {
      "type": "Feature",
      "geometry": {
        "type": "Polygon",
        "coordinates": [
          [
            [
              121.67689554158129,
              45.43347990627047
            ],
            [
              121.68606970621053,
              45.43310306426284
            ],
            [
              121.68553404215855,
              45.42664386336376
            ],
            [
              121.67636091688608,
              45.42702062097534
            ],
            [
              121.67689554158129,
              45.43347990627047
            ]
          ]
        ]
      },
      "properties": {
        "biomass": 182.28433227539062,
        "min_biomass": 143.62408447265625,
        "max_biomass": 254.2237091064453,
        "timestamp": "20260413_032501",
        "grid_id": "192_528"
      }
    },
    {
      "type": "Feature",
      "geometry": {
        "type": "Polygon",
        "coordinates": [
          [
            [
              121.68606970621053,
              45.43310306426284
            ],
            [
              121.69524368911785,
              45.43272548784046
            ],
            [
              121.69470698578458,
              45.426266371500795
            ],
            [
              121.68553404215855,
              45.42664386336376
            ],
            [
              121.68606970621053,
              45.43310306426284
            ]
          ]
        ]
      },
      "properties": {
        "biomass": 181.9923553466797,
        "min_biomass": 146.01754760742188,
        "max_biomass": 250.69192504882812,
        "timestamp": "20260413_032501",
        "grid_id": "192_552"
      }
    },
    {
      "type": "Feature",
      "geometry": {
        "type": "Polygon",
        "coordinates": [
          [
            [
              121.69524368911785,
              45.43272548784046
            ],
            [
              121.70441748995385,
              45.43234717704179
            ],
            [
              121.70387974741496,
              45.42588814542487
            ],
            [
              121.69470698578458,
              45.426266371500795
            ],
            [
              121.69524368911785,
              45.43272548784046
            ]
          ]
        ]
      },
      "properties": {
        "biomass": 216.98526000976562,
        "min_biomass": 164.5909881591797,
        "max_biomass": 258.2488098144531,
        "timestamp": "20260413_032501",
        "grid_id": "192_576"
      }
    },
    {
      "type": "Feature",
      "geometry": {
        "type": "Polygon",
        "coordinates": [
          [
            [
              121.70441748995385,
              45.43234717704179
            ],
            [
              121.71359110836927,
              45.43196813190534
            ],
            [
              121.71305232670053,
              45.425509185174505
            ],
            [
              121.70387974741496,
              45.42588814542487
            ],
            [
              121.70441748995385,
              45.43234717704179
            ]
          ]
        ]
      },
      "properties": {
        "biomass": 222.36753845214844,
        "min_biomass": 170.1049041748047,
        "max_biomass": 270.699951171875,
        "timestamp": "20260413_032501",
        "grid_id": "192_600"
      }
    },
    {
      "type": "Feature",
      "geometry": {
        "type": "Polygon",
        "coordinates": [
          [
            [
              121.71359110836927,
              45.43196813190534
            ],
            [
              121.72238232118319,
              45.43160419127285
            ],
            [
              121.72184254375298,
              45.4251453260444
            ],
            [
              121.71305232670053,
              45.425509185174505
            ],
            [
              121.71359110836927,
              45.43196813190534
            ]
          ]
        ]
      },
      "properties": {
        "biomass": 229.2177276611328,
        "min_biomass": 188.0563507080078,
        "max_biomass": 276.2753601074219,
        "timestamp": "20260413_032501",
        "grid_id": "192_624"
      }
    },
    {
      "type": "Feature",
      "geometry": {
        "type": "Polygon",
        "coordinates": [
          [
            [
              121.61214398322191,
              45.429637362005096
            ],
            [
              121.62131837023774,
              45.429265745223034
            ],
            [
              121.62079016246165,
              45.422805944838665
            ],
            [
              121.6116168149776,
              45.423177478387345
            ],
            [
              121.61214398322191,
              45.429637362005096
            ]
          ]
        ]
      },
      "properties": {
        "biomass": 205.24620056152344,
        "min_biomass": 171.0039825439453,
        "max_biomass": 227.4324493408203,
        "timestamp": "20260413_032501",
        "grid_id": "216_360"
      }
    },
    {
      "type": "Feature",
      "geometry": {
        "type": "Polygon",
        "coordinates": [
          [
            [
              121.62131837023774,
              45.429265745223034
            ],
            [
              121.63049257805287,
              45.42889339392263
            ],
            [
              121.62996333081944,
              45.42243367693507
            ],
            [
              121.62079016246165,
              45.422805944838665
            ],
            [
              121.62131837023774,
              45.429265745223034
            ]
          ]
        ]
      },
      "properties": {
        "biomass": 185.45249938964844,
        "min_biomass": 145.54483032226562,
        "max_biomass": 248.39517211914062,
        "timestamp": "20260413_032501",
        "grid_id": "216_384"
      }
    },
    {
      "type": "Feature",
      "geometry": {
        "type": "Polygon",
        "coordinates": [
          [
            [
              121.63049257805287,
              45.42889339392263
            ],
            [
              121.63966660631776,
              45.42852030814183
            ],
            [
              121.6391363197016,
              45.42206067471449
            ],
            [
              121.62996333081944,
              45.42243367693507
            ],
            [
              121.63049257805287,
              45.42889339392263
            ]
          ]
        ]
      },
      "properties": {
        "biomass": 148.62054443359375,
        "min_biomass": 104.52234649658203,
        "max_biomass": 219.3892059326172,
        "timestamp": "20260413_032501",
        "grid_id": "216_408"
      }
    },
    {
      "type": "Feature",
      "geometry": {
        "type": "Polygon",
        "coordinates": [
          [
            [
              121.63966660631776,
              45.42852030814183
            ],
            [
              121.64884045468293,
              45.42814648791859
            ],
            [
              121.64830912875883,
              45.42168693821487
            ],
            [
              121.6391363197016,
              45.42206067471449
            ],
            [
              121.63966660631776,
              45.42852030814183
            ]
          ]
        ]
      },
      "properties": {
        "biomass": 145.29220581054688,
        "min_biomass": 106.36815643310547,
        "max_biomass": 225.867431640625,
        "timestamp": "20260413_032501",
        "grid_id": "216_432"
      }
    },
    {
      "type": "Feature",
      "geometry": {
        "type": "Polygon",
        "coordinates": [
          [
            [
              121.64884045468293,
              45.42814648791859
            ],
            [
              121.65801412279895,
              45.427771933291005
            ],
            [
              121.65748175764179,
              45.42131246747425
            ],
            [
              121.64830912875883,
              45.42168693821487
            ],
            [
              121.64884045468293,
              45.42814648791859
            ]
          ]
        ]
      },
      "properties": {
        "biomass": 212.23622131347656,
        "min_biomass": 138.80361938476562,
        "max_biomass": 257.84320068359375,
        "timestamp": "20260413_032501",
        "grid_id": "216_456"
      }
    },
    {
      "type": "Feature",
      "geometry": {
        "type": "Polygon",
        "coordinates": [
          [
            [
              121.65801412279895,
              45.427771933291005
            ],
            [
              121.66718761031645,
              45.427396644297175
            ],
            [
              121.66665420600125,
              45.42093726253078
            ],
            [
              121.65748175764179,
              45.42131246747425
            ],
            [
              121.65801412279895,
              45.427771933291005
            ]
          ]
        ]
      },
      "properties": {
        "biomass": 211.947509765625,
        "min_biomass": 144.85987854003906,
        "max_biomass": 257.7328796386719,
        "timestamp": "20260413_032501",
        "grid_id": "216_480"
      }
    },
    {
      "type": "Feature",
      "geometry": {
        "type": "Polygon",
        "coordinates": [
          [
            [
              121.66718761031645,
              45.427396644297175
            ],
            [
              121.67636091688608,
              45.42702062097534
            ],
            [
              121.67582647348803,
              45.42056132342263
            ],
            [
              121.66665420600125,
              45.42093726253078
            ],
            [
              121.66718761031645,
              45.427396644297175
            ]
          ]
        ]
      },
      "properties": {
        "biomass": 170.59585571289062,
        "min_biomass": 131.54208374023438,
        "max_biomass": 224.8767547607422,
        "timestamp": "20260413_032501",
        "grid_id": "216_504"
      }
    },
    {
      "type": "Feature",
      "geometry": {
        "type": "Polygon",
        "coordinates": [
          [
            [
              121.67636091688608,
              45.42702062097534
            ],
            [
              121.68553404215855,
              45.42664386336376
            ],
            [
              121.68499855975297,
              45.42018465018808
            ],
            [
              121.67582647348803,
              45.42056132342263
            ],
            [
              121.67636091688608,
              45.42702062097534
            ]
          ]
        ]
      },
      "properties": {
        "biomass": 180.0922088623047,
        "min_biomass": 145.84127807617188,
        "max_biomass": 230.9670867919922,
        "timestamp": "20260413_032501",
        "grid_id": "216_528"
      }
    },
    {
      "type": "Feature",
      "geometry": {
        "type": "Polygon",
        "coordinates": [
          [
            [
              121.68553404215855,
              45.42664386336376
            ],
            [
              121.69470698578458,
              45.426266371500795
            ],
            [
              121.69417046444694,
              45.41980724286546
            ],
            [
              121.68499855975297,
              45.42018465018808
            ],
            [
              121.68553404215855,
              45.42664386336376
            ]
          ]
        ]
      },
      "properties": {
        "biomass": 215.1609649658203,
        "min_biomass": 156.5679473876953,
        "max_biomass": 261.2136535644531,
        "timestamp": "20260413_032501",
        "grid_id": "216_552"
      }
    },
    {
      "type": "Feature",
      "geometry": {
        "type": "Polygon",
        "coordinates": [
          [
            [
              121.69470698578458,
              45.426266371500795
            ],
            [
              121.70387974741496,
              45.42588814542487
            ],
            [
              121.70334218722088,
              45.419429101493186
            ],
            [
              121.69417046444694,
              45.41980724286546
            ],
            [
              121.69470698578458,
              45.426266371500795
            ]
          ]
        ]
      },
      "properties": {
        "biomass": 221.38323974609375,
        "min_biomass": 173.56614685058594,
        "max_biomass": 266.77532958984375,
        "timestamp": "20260413_032501",
        "grid_id": "216_576"
      }
    },
    {
      "type": "Feature",
      "geometry": {
        "type": "Polygon",
        "coordinates": [
          [
            [
              121.70387974741496,
              45.42588814542487
            ],
            [
              121.71305232670053,
              45.425509185174505
            ],
            [
              121.71251372772576,
              45.41905022610975
            ],
            [
              121.70334218722088,
              45.419429101493186
            ],
            [
              121.70387974741496,
              45.42588814542487
            ]
          ]
        ]
      },
      "properties": {
        "biomass": 205.0247039794922,
        "min_biomass": 155.0345458984375,
        "max_biomass": 261.66552734375,
        "timestamp": "20260413_032501",
        "grid_id": "216_600"
      }
    },
    {
      "type": "Feature",
      "geometry": {
        "type": "Polygon",
        "coordinates": [
          [
            [
              121.71305232670053,
              45.425509185174505
            ],
            [
              121.72184254375298,
              45.4251453260444
            ],
            [
              121.72130294935124,
              45.41868644846367
            ],
            [
              121.71251372772576,
              45.41905022610975
            ],
            [
              121.71305232670053,
              45.425509185174505
            ]
          ]
        ]
      },
      "properties": {
        "biomass": 215.35244750976562,
        "min_biomass": 154.6638946533203,
        "max_biomass": 264.27960205078125,
        "timestamp": "20260413_032501",
        "grid_id": "216_624"
      }
    },
    {
      "type": "Feature",
      "geometry": {
        "type": "Polygon",
        "coordinates": [
          [
            [
              121.6116168149776,
              45.423177478387345
            ],
            [
              121.62079016246165,
              45.422805944838665
            ],
            [
              121.62026213381179,
              45.41634613231228
            ],
            [
              121.61108982551012,
              45.41671758264635
            ],
            [
              121.6116168149776,
              45.423177478387345
            ]
          ]
        ]
      },
      "properties": {
        "biomass": 184.78907775878906,
        "min_biomass": 157.97508239746094,
        "max_biomass": 209.48294067382812,
        "timestamp": "20260413_032501",
        "grid_id": "240_360"
      }
    },
    {
      "type": "Feature",
      "geometry": {
        "type": "Polygon",
        "coordinates": [
          [
            [
              121.62079016246165,
              45.422805944838665
            ],
            [
              121.62996333081944,
              45.42243367693507
            ],
            [
              121.62943426306165,
              45.41597394778669
            ],
            [
              121.62026213381179,
              45.41634613231228
            ],
            [
              121.62079016246165,
              45.422805944838665
            ]
          ]
        ]
      },
      "properties": {
        "biomass": 163.11412048339844,
        "min_biomass": 117.19985961914062,
        "max_biomass": 214.11563110351562,
        "timestamp": "20260413_032501",
        "grid_id": "240_384"
      }
    },
    {
      "type": "Feature",
      "geometry": {
        "type": "Polygon",
        "coordinates": [
          [
            [
              121.62996333081944,
              45.42243367693507
            ],
            [
              121.6391363197016,
              45.42206067471449
            ],
            [
              121.63860621291045,
              45.41560102910747
            ],
            [
              121.62943426306165,
              45.41597394778669
            ],
            [
              121.62996333081944,
              45.42243367693507
            ]
          ]
        ]
      },
      "properties": {
        "biomass": 121.88265991210938,
        "min_biomass": 97.9043960571289,
        "max_biomass": 181.01925659179688,
        "timestamp": "20260413_032501",
        "grid_id": "240_408"
      }
    },
    {
      "type": "Feature",
      "geometry": {
        "type": "Polygon",
        "coordinates": [
          [
            [
              121.6391363197016,
              45.42206067471449
            ],
            [
              121.64830912875883,
              45.42168693821487
            ],
            [
              121.64777798300898,
              45.41522737631258
            ],
            [
              121.63860621291045,
              45.41560102910747
            ],
            [
              121.6391363197016,
              45.42206067471449
            ]
          ]
        ]
      },
      "properties": {
        "biomass": 168.19277954101562,
        "min_biomass": 100.76338958740234,
        "max_biomass": 257.0006408691406,
        "timestamp": "20260413_032501",
        "grid_id": "240_432"
      }
    },
    {
      "type": "Feature",
      "geometry": {
        "type": "Polygon",
        "coordinates": [
          [
            [
              121.64830912875883,
              45.42168693821487
            ],
            [
              121.65748175764179,
              45.42131246747425
            ],
            [
              121.65694957300813,
              45.414852989440035
            ],
            [
              121.64777798300898,
              45.41522737631258
            ],
            [
              121.64830912875883,
              45.42168693821487
            ]
          ]
        ]
      },
      "properties": {
        "biomass": 209.73333740234375,
        "min_biomass": 159.0026397705078,
        "max_biomass": 256.48101806640625,
        "timestamp": "20260413_032501",
        "grid_id": "240_456"
      }
    },
    {
      "type": "Feature",
      "geometry": {
        "type": "Polygon",
        "coordinates": [
          [
            [
              121.65748175764179,
              45.42131246747425
            ],
            [
              121.66665420600125,
              45.42093726253078
            ],
            [
              121.66612098255878,
              45.41447786852797
            ],
            [
              121.65694957300813,
              45.414852989440035
            ],
            [
              121.65748175764179,
              45.42131246747425
            ]
          ]
        ]
      },
      "properties": {
        "biomass": 171.09866333007812,
        "min_biomass": 112.26036834716797,
        "max_biomass": 265.476806640625,
        "timestamp": "20260413_032501",
        "grid_id": "240_480"
      }
    },
    {
      "type": "Feature",
      "geometry": {
        "type": "Polygon",
        "coordinates": [
          [
            [
              121.66665420600125,
              45.42093726253078
            ],
            [
              121.67582647348803,
              45.42056132342263
            ],
            [
              121.67529221131186,
              45.41410201361453
            ],
            [
              121.66612098255878,
              45.41447786852797
            ],
            [
              121.66665420600125,
              45.42093726253078
            ]
          ]
        ]
      },
      "properties": {
        "biomass": 197.12667846679688,
        "min_biomass": 119.7029037475586,
        "max_biomass": 261.8042907714844,
        "timestamp": "20260413_032501",
        "grid_id": "240_504"
      }
    },
    {
      "type": "Feature",
      "geometry": {
        "type": "Polygon",
        "coordinates": [
          [
            [
              121.67582647348803,
              45.42056132342263
            ],
            [
              121.68499855975297,
              45.42018465018808
            ],
            [
              121.68446325891837,
              45.41372542473798
            ],
            [
              121.67529221131186,
              45.41410201361453
            ],
            [
              121.67582647348803,
              45.42056132342263
            ]
          ]
        ]
      },
      "properties": {
        "biomass": 212.00592041015625,
        "min_biomass": 146.34959411621094,
        "max_biomass": 269.84112548828125,
        "timestamp": "20260413_032501",
        "grid_id": "240_528"
      }
    },
    {
      "type": "Feature",
      "geometry": {
        "type": "Polygon",
        "coordinates": [
          [
            [
              121.68499855975297,
              45.42018465018808
            ],
            [
              121.69417046444694,
              45.41980724286546
            ],
            [
              121.69363412502933,
              45.413348101936656
            ],
            [
              121.68446325891837,
              45.41372542473798
            ],
            [
              121.68499855975297,
              45.42018465018808
            ]
          ]
        ]
      },
      "properties": {
        "biomass": 199.43435668945312,
        "min_biomass": 146.5912628173828,
        "max_biomass": 261.7879638671875,
        "timestamp": "20260413_032501",
        "grid_id": "240_552"
      }
    },
    {
      "type": "Feature",
      "geometry": {
        "type": "Polygon",
        "coordinates": [
          [
            [
              121.69417046444694,
              45.41980724286546
            ],
            [
              121.70334218722088,
              45.419429101493186
            ],
            [
              121.70280480929586,
              45.41297004524895
            ],
            [
              121.69363412502933,
              45.413348101936656
            ],
            [
              121.69417046444694,
              45.41980724286546
            ]
          ]
        ]
      },
      "properties": {
        "biomass": 217.67147827148438,
        "min_biomass": 164.0199432373047,
        "max_biomass": 252.95065307617188,
        "timestamp": "20260413_032501",
        "grid_id": "240_576"
      }
    },
    {
      "type": "Feature",
      "geometry": {
        "type": "Polygon",
        "coordinates": [
          [
            [
              121.70334218722088,
              45.419429101493186
            ],
            [
              121.71251372772576,
              45.41905022610975
            ],
            [
              121.71197531136903,
              45.41259125471332
            ],
            [
              121.70280480929586,
              45.41297004524895
            ],
            [
              121.70334218722088,
              45.419429101493186
            ]
          ]
        ]
      },
      "properties": {
        "biomass": 193.77723693847656,
        "min_biomass": 158.3798828125,
        "max_biomass": 221.78680419921875,
        "timestamp": "20260413_032501",
        "grid_id": "240_600"
      }
    },
    {
      "type": "Feature",
      "geometry": {
        "type": "Polygon",
        "coordinates": [
          [
            [
              121.71251372772576,
              45.41905022610975
            ],
            [
              121.72130294935124,
              45.41868644846367
            ],
            [
              121.72076353790195,
              45.4122275585329
            ],
            [
              121.71197531136903,
              45.41259125471332
            ],
            [
              121.71251372772576,
              45.41905022610975
            ]
          ]
        ]
      },
      "properties": {
        "biomass": 191.9862823486328,
        "min_biomass": 160.03546142578125,
        "max_biomass": 210.55699157714844,
        "timestamp": "20260413_032501",
        "grid_id": "240_624"
      }
    },
    {
      "type": "Feature",
      "geometry": {
        "type": "Polygon",
        "coordinates": [
          [
            [
              121.60191733850588,
              45.41708829875108
            ],
            [
              121.61108982551012,
              45.41671758264635
            ],
            [
              121.61056301474521,
              45.41025767478419
            ],
            [
              121.6013915666483,
              45.41062830785644
            ],
            [
              121.60191733850588,
              45.41708829875108
            ]
          ]
        ]
      },
      "properties": {
        "biomass": 162.55728149414062,
        "min_biomass": 139.64398193359375,
        "max_biomass": 179.7418670654297,
        "timestamp": "20260413_032501",
        "grid_id": "264_336"
      }
    },
    {
      "type": "Feature",
      "geometry": {
        "type": "Polygon",
        "coordinates": [
          [
            [
              121.61108982551012,
              45.41671758264635
            ],
            [
              121.62026213381179,
              45.41634613231228
            ],
            [
              121.61973428421382,
              45.409886307645976
            ],
            [
              121.61056301474521,
              45.41025767478419
            ],
            [
              121.61108982551012,
              45.41671758264635
            ]
          ]
        ]
      },
      "properties": {
        "biomass": 167.4081268310547,
        "min_biomass": 135.56399536132812,
        "max_biomass": 206.16285705566406,
        "timestamp": "20260413_032501",
        "grid_id": "264_360"
      }
    },
    {
      "type": "Feature",
      "geometry": {
        "type": "Polygon",
        "coordinates": [
          [
            [
              121.62026213381179,
              45.41634613231228
            ],
            [
              121.62943426306165,
              45.41597394778669
            ],
            [
              121.62890537470496,
              45.4095142064796
            ],
            [
              121.61973428421382,
              45.409886307645976
            ],
            [
              121.62026213381179,
              45.41634613231228
            ]
          ]
        ]
      },
      "properties": {
        "biomass": 133.5870361328125,
        "min_biomass": 103.85942077636719,
        "max_biomass": 187.43508911132812,
        "timestamp": "20260413_032501",
        "grid_id": "264_384"
      }
    },
    {
      "type": "Feature",
      "geometry": {
        "type": "Polygon",
        "coordinates": [
          [
            [
              121.62943426306165,
              45.41597394778669
            ],
            [
              121.63860621291045,
              45.41560102910747
            ],
            [
              121.63807628586954,
              45.409141371322924
            ],
            [
              121.62890537470496,
              45.4095142064796
            ],
            [
              121.62943426306165,
              45.41597394778669
            ]
          ]
        ]
      },
      "properties": {
        "biomass": 112.26681518554688,
        "min_biomass": 97.43331146240234,
        "max_biomass": 137.90798950195312,
        "timestamp": "20260413_032501",
        "grid_id": "264_408"
      }
    },
    {
      "type": "Feature",
      "geometry": {
        "type": "Polygon",
        "coordinates": [
          [
            [
              121.63860621291045,
              45.41560102910747
            ],
            [
              121.64777798300898,
              45.41522737631258
            ],
            [
              121.64724701735855,
              45.408767802213895
            ],
            [
              121.63807628586954,
              45.409141371322924
            ],
            [
              121.63860621291045,
              45.41560102910747
            ]
          ]
        ]
      },
      "properties": {
        "biomass": 136.7641143798828,
        "min_biomass": 100.6900405883789,
        "max_biomass": 218.2657470703125,
        "timestamp": "20260413_032501",
        "grid_id": "264_432"
      }
    },
    {
      "type": "Feature",
      "geometry": {
        "type": "Polygon",
        "coordinates": [
          [
            [
              121.64777798300898,
              45.41522737631258
            ],
            [
              121.65694957300813,
              45.414852989440035
            ],
            [
              121.65641756882296,
              45.40839349919053
            ],
            [
              121.64724701735855,
              45.408767802213895
            ],
            [
              121.64777798300898,
              45.41522737631258
            ]
          ]
        ]
      },
      "properties": {
        "biomass": 162.05130004882812,
        "min_biomass": 111.90670776367188,
        "max_biomass": 228.84963989257812,
        "timestamp": "20260413_032501",
        "grid_id": "264_456"
      }
    },
    {
      "type": "Feature",
      "geometry": {
        "type": "Polygon",
        "coordinates": [
          [
            [
              121.65694957300813,
              45.414852989440035
            ],
            [
              121.66612098255878,
              45.41447786852797
            ],
            [
              121.66558793991385,
              45.40801846229091
            ],
            [
              121.65641756882296,
              45.40839349919053
            ],
            [
              121.65694957300813,
              45.414852989440035
            ]
          ]
        ]
      },
      "properties": {
        "biomass": 141.0997314453125,
        "min_biomass": 105.63346862792969,
        "max_biomass": 214.7692413330078,
        "timestamp": "20260413_032501",
        "grid_id": "264_480"
      }
    },
    {
      "type": "Feature",
      "geometry": {
        "type": "Polygon",
        "coordinates": [
          [
            [
              121.66612098255878,
              45.41447786852797
            ],
            [
              121.67529221131186,
              45.41410201361453
            ],
            [
              121.67475813028224,
              45.40764269155322
            ],
            [
              121.66558793991385,
              45.40801846229091
            ],
            [
              121.66612098255878,
              45.41447786852797
            ]
          ]
        ]
      },
      "properties": {
        "biomass": 203.38888549804688,
        "min_biomass": 154.29835510253906,
        "max_biomass": 258.7476501464844,
        "timestamp": "20260413_032501",
        "grid_id": "264_504"
      }
    },
    {
      "type": "Feature",
      "geometry": {
        "type": "Polygon",
        "coordinates": [
          [
            [
              121.67529221131186,
              45.41410201361453
            ],
            [
              121.68446325891837,
              45.41372542473798
            ],
            [
              121.68392813957932,
              45.40726618701568
            ],
            [
              121.67475813028224,
              45.40764269155322
            ],
            [
              121.67529221131186,
              45.41410201361453
            ]
          ]
        ]
      },
      "properties": {
        "biomass": 215.58078002929688,
        "min_biomass": 174.55978393554688,
        "max_biomass": 257.0103454589844,
        "timestamp": "20260413_032501",
        "grid_id": "264_528"
      }
    },
    {
      "type": "Feature",
      "geometry": {
        "type": "Polygon",
        "coordinates": [
          [
            [
              121.68446325891837,
              45.41372542473798
            ],
            [
              121.69363412502933,
              45.413348101936656
            ],
            [
              121.69309796745623,
              45.40688894871659
            ],
            [
              121.68392813957932,
              45.40726618701568
            ],
            [
              121.68446325891837,
              45.41372542473798
            ]
          ]
        ]
      },
      "properties": {
        "biomass": 199.3443603515625,
        "min_biomass": 151.68505859375,
        "max_biomass": 226.66978454589844,
        "timestamp": "20260413_032501",
        "grid_id": "264_552"
      }
    },
    {
      "type": "Feature",
      "geometry": {
        "type": "Polygon",
        "coordinates": [
          [
            [
              121.50049394800874,
              45.41465681256123
            ],
            [
              121.50966733796199,
              45.41429425668816
            ],
            [
              121.5091521340142,
              45.407833432541786
            ],
            [
              121.49997978342577,
              45.40819590719868
            ],
            [
              121.50049394800874,
              45.41465681256123
            ]
          ]
        ]
      },
      "properties": {
        "biomass": 216.2806396484375,
        "min_biomass": 201.23988342285156,
        "max_biomass": 233.8267364501953,
        "timestamp": "20260413_032501",
        "grid_id": "288_72"
      }
    },
    {
      "type": "Feature",
      "geometry": {
        "type": "Polygon",
        "coordinates": [
          [
            [
              121.50966733796199,
              45.41429425668816
            ],
            [
              121.51884055313023,
              45.413930966338214
            ],
            [
              121.51832430989023,
              45.4074702235715
            ],
            [
              121.5091521340142,
              45.407833432541786
            ],
            [
              121.50966733796199,
              45.41429425668816
            ]
          ]
        ]
      },
      "properties": {
        "biomass": 206.65396118164062,
        "min_biomass": 155.45547485351562,
        "max_biomass": 258.44305419921875,
        "timestamp": "20260413_032501",
        "grid_id": "288_96"
      }
    },
    {
      "type": "Feature",
      "geometry": {
        "type": "Polygon",
        "coordinates": [
          [
            [
              121.51884055313023,
              45.413930966338214
            ],
            [
              121.52801359316386,
              45.413566941548375
            ],
            [
              121.52749631070441,
              45.40710628032481
            ],
            [
              121.51832430989023,
              45.4074702235715
            ],
            [
              121.51884055313023,
              45.413930966338214
            ]
          ]
        ]
      },
      "properties": {
        "biomass": 226.8447265625,
        "min_biomass": 183.86428833007812,
        "max_biomass": 260.72979736328125,
        "timestamp": "20260413_032501",
        "grid_id": "288_120"
      }
    },
    {
      "type": "Feature",
      "geometry": {
        "type": "Polygon",
        "coordinates": [
          [
            [
              121.52801359316386,
              45.413566941548375
            ],
            [
              121.53718645771333,
              45.41320218235568
            ],
            [
              121.53666813610734,
              45.40674160283875
            ],
            [
              121.52749631070441,
              45.40710628032481
            ],
            [
              121.52801359316386,
              45.413566941548375
            ]
          ]
        ]
      },
      "properties": {
        "biomass": 182.28021240234375,
        "min_biomass": 144.8429718017578,
        "max_biomass": 241.42047119140625,
        "timestamp": "20260413_032501",
        "grid_id": "288_144"
      }
    },
    {
      "type": "Feature",
      "geometry": {
        "type": "Polygon",
        "coordinates": [
          [
            [
              121.53718645771333,
              45.41320218235568
            ],
            [
              121.5463591464291,
              45.41283668879733
            ],
            [
              121.5458397857496,
              45.406376191150436
            ],
            [
              121.53666813610734,
              45.40674160283875
            ],
            [
              121.53718645771333,
              45.41320218235568
            ]
          ]
        ]
      },
      "properties": {
        "biomass": 195.8688201904297,
        "min_biomass": 151.4456329345703,
        "max_biomass": 248.56532287597656,
        "timestamp": "20260413_032501",
        "grid_id": "288_168"
      }
    },
    {
      "type": "Feature",
      "geometry": {
        "type": "Polygon",
        "coordinates": [
          [
            [
              121.59221994027226,
              45.410998206825
            ],
            [
              121.6013915666483,
              45.41062830785644
            ],
            [
              121.60086597306987,
              45.40416830486146
            ],
            [
              121.59169538532603,
              45.40453812097959
            ],
            [
              121.59221994027226,
              45.410998206825
            ]
          ]
        ]
      },
      "properties": {
        "biomass": 198.5013885498047,
        "min_biomass": 176.11746215820312,
        "max_biomass": 213.495361328125,
        "timestamp": "20260413_032501",
        "grid_id": "288_312"
      }
    },
    {
      "type": "Feature",
      "geometry": {
        "type": "Polygon",
        "coordinates": [
          [
            [
              121.6013915666483,
              45.41062830785644
            ],
            [
              121.61056301474521,
              45.41025767478419
            ],
            [
              121.61003638260863,
              45.403797754803
            ],
            [
              121.60086597306987,
              45.40416830486146
            ],
            [
              121.6013915666483,
              45.41062830785644
            ]
          ]
        ]
      },
      "properties": {
        "biomass": 176.59812927246094,
        "min_biomass": 147.6895751953125,
        "max_biomass": 228.0321807861328,
        "timestamp": "20260413_032501",
        "grid_id": "288_336"
      }
    },
    {
      "type": "Feature",
      "geometry": {
        "type": "Polygon",
        "coordinates": [
          [
            [
              121.61056301474521,
              45.41025767478419
            ],
            [
              121.61973428421382,
              45.409886307645976
            ],
            [
              121.61920661359325,
              45.40342647084189
            ],
            [
              121.61003638260863,
              45.403797754803
            ],
            [
              121.61056301474521,
              45.41025767478419
            ]
          ]
        ]
      },
      "properties": {
        "biomass": 133.52426147460938,
        "min_biomass": 102.679443359375,
        "max_biomass": 195.418212890625,
        "timestamp": "20260413_032501",
        "grid_id": "288_360"
      }
    },
    {
      "type": "Feature",
      "geometry": {
        "type": "Polygon",
        "coordinates": [
          [
            [
              121.61973428421382,
              45.409886307645976
            ],
            [
              121.62890537470496,
              45.4095142064796
            ],
            [
              121.62837666567478,
              45.40305445301593
            ],
            [
              121.61920661359325,
              45.40342647084189
            ],
            [
              121.61973428421382,
              45.409886307645976
            ]
          ]
        ]
      },
      "properties": {
        "biomass": 123.00704193115234,
        "min_biomass": 98.60575103759766,
        "max_biomass": 174.8335418701172,
        "timestamp": "20260413_032501",
        "grid_id": "288_384"
      }
    },
    {
      "type": "Feature",
      "geometry": {
        "type": "Polygon",
        "coordinates": [
          [
            [
              121.62890537470496,
              45.4095142064796
            ],
            [
              121.63807628586954,
              45.409141371322924
            ],
            [
              121.63754653850422,
              45.40268170136299
            ],
            [
              121.62837666567478,
              45.40305445301593
            ],
            [
              121.62890537470496,
              45.4095142064796
            ]
          ]
        ]
      },
      "properties": {
        "biomass": 106.77107238769531,
        "min_biomass": 96.1481704711914,
        "max_biomass": 129.74237060546875,
        "timestamp": "20260413_032501",
        "grid_id": "288_408"
      }
    },
    {
      "type": "Feature",
      "geometry": {
        "type": "Polygon",
        "coordinates": [
          [
            [
              121.63807628586954,
              45.409141371322924
            ],
            [
              121.64724701735855,
              45.408767802213895
            ],
            [
              121.6467162317327,
              45.40230821592097
            ],
            [
              121.63754653850422,
              45.40268170136299
            ],
            [
              121.63807628586954,
              45.409141371322924
            ]
          ]
        ]
      },
      "properties": {
        "biomass": 110.14398193359375,
        "min_biomass": 96.580810546875,
        "max_biomass": 151.68032836914062,
        "timestamp": "20260413_032501",
        "grid_id": "288_432"
      }
    },
    {
      "type": "Feature",
      "geometry": {
        "type": "Polygon",
        "coordinates": [
          [
            [
              121.64724701735855,
              45.408767802213895
            ],
            [
              121.65641756882296,
              45.40839349919053
            ],
            [
              121.65588574501137,
              45.40193399672788
            ],
            [
              121.6467162317327,
              45.40230821592097
            ],
            [
              121.64724701735855,
              45.408767802213895
            ]
          ]
        ]
      },
      "properties": {
        "biomass": 113.65884399414062,
        "min_biomass": 99.62235260009766,
        "max_biomass": 146.22329711914062,
        "timestamp": "20260413_032501",
        "grid_id": "288_456"
      }
    },
    {
      "type": "Feature",
      "geometry": {
        "type": "Polygon",
        "coordinates": [
          [
            [
              121.65641756882296,
              45.40839349919053
            ],
            [
              121.66558793991385,
              45.40801846229091
            ],
            [
              121.66505507799138,
              45.401559043821806
            ],
            [
              121.65588574501137,
              45.40193399672788
            ],
            [
              121.65641756882296,
              45.40839349919053
            ]
          ]
        ]
      },
      "properties": {
        "biomass": 155.29232788085938,
        "min_biomass": 106.46893310546875,
        "max_biomass": 217.5366668701172,
        "timestamp": "20260413_032501",
        "grid_id": "288_480"
      }
    },
    {
      "type": "Feature",
      "geometry": {
        "type": "Polygon",
        "coordinates": [
          [
            [
              121.66558793991385,
              45.40801846229091
            ],
            [
              121.67475813028224,
              45.40764269155322
            ],
            [
              121.67422423032399,
              45.40118335724088
            ],
            [
              121.66505507799138,
              45.401559043821806
            ],
            [
              121.66558793991385,
              45.40801846229091
            ]
          ]
        ]
      },
      "properties": {
        "biomass": 185.01290893554688,
        "min_biomass": 143.82557678222656,
        "max_biomass": 222.6084442138672,
        "timestamp": "20260413_032501",
        "grid_id": "288_504"
      }
    },
    {
      "type": "Feature",
      "geometry": {
        "type": "Polygon",
        "coordinates": [
          [
            [
              121.67475813028224,
              45.40764269155322
            ],
            [
              121.68392813957932,
              45.40726618701568
            ],
            [
              121.68339320166045,
              45.400806937023326
            ],
            [
              121.67422423032399,
              45.40118335724088
            ],
            [
              121.67475813028224,
              45.40764269155322
            ]
          ]
        ]
      },
      "properties": {
        "biomass": 194.08901977539062,
        "min_biomass": 153.687255859375,
        "max_biomass": 242.2661895751953,
        "timestamp": "20260413_032501",
        "grid_id": "288_528"
      }
    },
    {
      "type": "Feature",
      "geometry": {
        "type": "Polygon",
        "coordinates": [
          [
            [
              121.68392813957932,
              45.40726618701568
            ],
            [
              121.69309796745623,
              45.40688894871659
            ],
            [
              121.69256199165206,
              45.40042978320744
            ],
            [
              121.68339320166045,
              45.400806937023326
            ],
            [
              121.68392813957932,
              45.40726618701568
            ]
          ]
        ]
      },
      "properties": {
        "biomass": 188.75559997558594,
        "min_biomass": 155.295654296875,
        "max_biomass": 247.6940155029297,
        "timestamp": "20260413_032501",
        "grid_id": "288_552"
      }
    },
    {
      "type": "Feature",
      "geometry": {
        "type": "Polygon",
        "coordinates": [
          [
            [
              121.49997978342577,
              45.40819590719868
            ],
            [
              121.5091521340142,
              45.407833432541786
            ],
            [
              121.5086371047788,
              45.401372596482254
            ],
            [
              121.4994657932057,
              45.40173498994128
            ],
            [
              121.49997978342577,
              45.40819590719868
            ]
          ]
        ]
      },
      "properties": {
        "biomass": 235.4000701904297,
        "min_biomass": 199.20809936523438,
        "max_biomass": 265.7962646484375,
        "timestamp": "20260413_032501",
        "grid_id": "312_72"
      }
    },
    {
      "type": "Feature",
      "geometry": {
        "type": "Polygon",
        "coordinates": [
          [
            [
              121.5091521340142,
              45.407833432541786
            ],
            [
              121.51832430989023,
              45.4074702235715
            ],
            [
              121.51780824171209,
              45.401009468873305
            ],
            [
              121.5086371047788,
              45.401372596482254
            ],
            [
              121.5091521340142,
              45.407833432541786
            ]
          ]
        ]
      },
      "properties": {
        "biomass": 197.67906188964844,
        "min_biomass": 146.27198791503906,
        "max_biomass": 259.2298583984375,
        "timestamp": "20260413_032501",
        "grid_id": "312_96"
      }
    },
    {
      "type": "Feature",
      "geometry": {
        "type": "Polygon",
        "coordinates": [
          [
            [
              121.51832430989023,
              45.4074702235715
            ],
            [
              121.52749631070441,
              45.40710628032481
            ],
            [
              121.52697920365624,
              45.40064560715137
            ],
            [
              121.51780824171209,
              45.401009468873305
            ],
            [
              121.51832430989023,
              45.4074702235715
            ]
          ]
        ]
      },
      "properties": {
        "biomass": 224.9867706298828,
        "min_biomass": 177.5635223388672,
        "max_biomass": 275.2783203125,
        "timestamp": "20260413_032501",
        "grid_id": "312_120"
      }
    },
    {
      "type": "Feature",
      "geometry": {
        "type": "Polygon",
        "coordinates": [
          [
            [
              121.52749631070441,
              45.40710628032481
            ],
            [
              121.53666813610734,
              45.40674160283875
            ],
            [
              121.53614999026199,
              45.400281011353506
            ],
            [
              121.52697920365624,
              45.40064560715137
            ],
            [
              121.52749631070441,
              45.40710628032481
            ]
          ]
        ]
      },
      "properties": {
        "biomass": 167.45677185058594,
        "min_biomass": 117.5338134765625,
        "max_biomass": 231.08563232421875,
        "timestamp": "20260413_032501",
        "grid_id": "312_144"
      }
    },
    {
      "type": "Feature",
      "geometry": {
        "type": "Polygon",
        "coordinates": [
          [
            [
              121.53666813610734,
              45.40674160283875
            ],
            [
              121.5458397857496,
              45.406376191150436
            ],
            [
              121.54532060118011,
              45.39991568151681
            ],
            [
              121.53614999026199,
              45.400281011353506
            ],
            [
              121.53666813610734,
              45.40674160283875
            ]
          ]
        ]
      },
      "properties": {
        "biomass": 194.40072631835938,
        "min_biomass": 111.06795501708984,
        "max_biomass": 262.42791748046875,
        "timestamp": "20260413_032501",
        "grid_id": "312_168"
      }
    },
    {
      "type": "Feature",
      "geometry": {
        "type": "Polygon",
        "coordinates": [
          [
            [
              121.5458397857496,
              45.406376191150436
            ],
            [
              121.55501125928188,
              45.40601004529708
            ],
            [
              121.55449103606138,
              45.399549617678446
            ],
            [
              121.54532060118011,
              45.39991568151681
            ],
            [
              121.5458397857496,
              45.406376191150436
            ]
          ]
        ]
      },
      "properties": {
        "biomass": 241.54005432128906,
        "min_biomass": 210.95697021484375,
        "max_biomass": 256.64202880859375,
        "timestamp": "20260413_032501",
        "grid_id": "312_192"
      }
    },
    {
      "type": "Feature",
      "geometry": {
        "type": "Polygon",
        "coordinates": [
          [
            [
              121.59169538532603,
              45.40453812097959
            ],
            [
              121.60086597306987,
              45.40416830486146
            ],
            [
              121.60034055769654,
              45.39770828976829
            ],
            [
              121.59117100823582,
              45.398078023054644
            ],
            [
              121.59169538532603,
              45.40453812097959
            ]
          ]
        ]
      },
      "properties": {
        "biomass": 218.66673278808594,
        "min_biomass": 179.55152893066406,
        "max_biomass": 261.75048828125,
        "timestamp": "20260413_032501",
        "grid_id": "312_312"
      }
    },
    {
      "type": "Feature",
      "geometry": {
        "type": "Polygon",
        "coordinates": [
          [
            [
              121.60086597306987,
              45.40416830486146
            ],
            [
              121.61003638260863,
              45.403797754803
            ],
            [
              121.60950992902619,
              45.39733782270489
            ],
            [
              121.60034055769654,
              45.39770828976829
            ],
            [
              121.60086597306987,
              45.40416830486146
            ]
          ]
        ]
      },
      "properties": {
        "biomass": 186.50076293945312,
        "min_biomass": 146.5023956298828,
        "max_biomass": 255.4005889892578,
        "timestamp": "20260413_032501",
        "grid_id": "312_336"
      }
    },
    {
      "type": "Feature",
      "geometry": {
        "type": "Polygon",
        "coordinates": [
          [
            [
              121.61003638260863,
              45.403797754803
            ],
            [
              121.61920661359325,
              45.40342647084189
            ],
            [
              121.61867912187584,
              45.39696662190216
            ],
            [
              121.60950992902619,
              45.39733782270489
            ],
            [
              121.61003638260863,
              45.403797754803
            ]
          ]
        ]
      },
      "properties": {
        "biomass": 143.70285034179688,
        "min_biomass": 104.29949951171875,
        "max_biomass": 199.0560302734375,
        "timestamp": "20260413_032501",
        "grid_id": "312_360"
      }
    },
    {
      "type": "Feature",
      "geometry": {
        "type": "Polygon",
        "coordinates": [
          [
            [
              121.61920661359325,
              45.40342647084189
            ],
            [
              121.62837666567478,
              45.40305445301593
            ],
            [
              121.62784813589668,
              45.396594687397844
            ],
            [
              121.61867912187584,
              45.39696662190216
            ],
            [
              121.61920661359325,
              45.40342647084189
            ]
          ]
        ]
      },
      "properties": {
        "biomass": 110.85633850097656,
        "min_biomass": 96.37357330322266,
        "max_biomass": 135.60198974609375,
        "timestamp": "20260413_032501",
        "grid_id": "312_384"
      }
    },
    {
      "type": "Feature",
      "geometry": {
        "type": "Polygon",
        "coordinates": [
          [
            [
              121.62837666567478,
              45.40305445301593
            ],
            [
              121.63754653850422,
              45.40268170136299
            ],
            [
              121.6370169707399,
              45.396222019229796
            ],
            [
              121.62784813589668,
              45.396594687397844
            ],
            [
              121.62837666567478,
              45.40305445301593
            ]
          ]
        ]
      },
      "properties": {
        "biomass": 105.64080047607422,
        "min_biomass": 96.0901870727539,
        "max_biomass": 123.85577392578125,
        "timestamp": "20260413_032501",
        "grid_id": "312_408"
      }
    },
    {
      "type": "Feature",
      "geometry": {
        "type": "Polygon",
        "coordinates": [
          [
            [
              121.63754653850422,
              45.40268170136299
            ],
            [
              121.6467162317327,
              45.40230821592097
            ],
            [
              121.64618562605672,
              45.395848617435945
            ],
            [
              121.6370169707399,
              45.396222019229796
            ],
            [
              121.63754653850422,
              45.40268170136299
            ]
          ]
        ]
      },
      "properties": {
        "biomass": 118.2134017944336,
        "min_biomass": 98.74618530273438,
        "max_biomass": 184.35264587402344,
        "timestamp": "20260413_032501",
        "grid_id": "312_432"
      }
    },
    {
      "type": "Feature",
      "geometry": {
        "type": "Polygon",
        "coordinates": [
          [
            [
              121.6467162317327,
              45.40230821592097
            ],
            [
              121.65588574501137,
              45.40193399672788
            ],
            [
              121.65535410149842,
              45.39547448205424
            ],
            [
              121.64618562605672,
              45.395848617435945
            ],
            [
              121.6467162317327,
              45.40230821592097
            ]
          ]
        ]
      },
      "properties": {
        "biomass": 153.56491088867188,
        "min_biomass": 102.94450378417969,
        "max_biomass": 232.794921875,
        "timestamp": "20260413_032501",
        "grid_id": "312_456"
      }
    },
    {
      "type": "Feature",
      "geometry": {
        "type": "Polygon",
        "coordinates": [
          [
            [
              121.65588574501137,
              45.40193399672788
            ],
            [
              121.66505507799138,
              45.401559043821806
            ],
            [
              121.66452239671635,
              45.39509961312278
            ],
            [
              121.65535410149842,
              45.39547448205424
            ],
            [
              121.65588574501137,
              45.40193399672788
            ]
          ]
        ]
      },
      "properties": {
        "biomass": 139.37088012695312,
        "min_biomass": 109.1626205444336,
        "max_biomass": 199.79348754882812,
        "timestamp": "20260413_032501",
        "grid_id": "312_480"
      }
    },
    {
      "type": "Feature",
      "geometry": {
        "type": "Polygon",
        "coordinates": [
          [
            [
              121.66505507799138,
              45.401559043821806
            ],
            [
              121.67422423032399,
              45.40118335724088
            ],
            [
              121.67369051136187,
              45.39472401067967
            ],
            [
              121.66452239671635,
              45.39509961312278
            ],
            [
              121.66505507799138,
              45.401559043821806
            ]
          ]
        ]
      },
      "properties": {
        "biomass": 160.06553649902344,
        "min_biomass": 108.28299713134766,
        "max_biomass": 226.8226318359375,
        "timestamp": "20260413_032501",
        "grid_id": "312_504"
      }
    },
    {
      "type": "Feature",
      "geometry": {
        "type": "Polygon",
        "coordinates": [
          [
            [
              121.67422423032399,
              45.40118335724088
            ],
            [
              121.68339320166045,
              45.400806937023326
            ],
            [
              121.68285844508638,
              45.39434767476311
            ],
            [
              121.67369051136187,
              45.39472401067967
            ],
            [
              121.67422423032399,
              45.40118335724088
            ]
          ]
        ]
      },
      "properties": {
        "biomass": 176.03408813476562,
        "min_biomass": 130.0337677001953,
        "max_biomass": 219.40625,
        "timestamp": "20260413_032501",
        "grid_id": "312_528"
      }
    },
    {
      "type": "Feature",
      "geometry": {
        "type": "Polygon",
        "coordinates": [
          [
            [
              121.68339320166045,
              45.400806937023326
            ],
            [
              121.69256199165206,
              45.40042978320744
            ],
            [
              121.69202619754138,
              45.39397060541141
            ],
            [
              121.68285844508638,
              45.39434767476311
            ],
            [
              121.68339320166045,
              45.400806937023326
            ]
          ]
        ]
      },
      "properties": {
        "biomass": 183.39883422851562,
        "min_biomass": 157.13265991210938,
        "max_biomass": 238.32626342773438,
        "timestamp": "20260413_032501",
        "grid_id": "312_552"
      }
    },
    {
      "type": "Feature",
      "geometry": {
        "type": "Polygon",
        "coordinates": [
          [
            [
              121.49029430734218,
              45.40209664921348
            ],
            [
              121.4994657932057,
              45.40173498994128
            ],
            [
              121.49895197727608,
              45.39527406079106
            ],
            [
              121.4897815301509,
              45.395635639047114
            ],
            [
              121.49029430734218,
              45.40209664921348
            ]
          ]
        ]
      },
      "properties": {
        "biomass": 183.9195098876953,
        "min_biomass": 144.11903381347656,
        "max_biomass": 213.10597229003906,
        "timestamp": "20260413_032501",
        "grid_id": "336_48"
      }
    },
    {
      "type": "Feature",
      "geometry": {
        "type": "Polygon",
        "coordinates": [
          [
            [
              121.4994657932057,
              45.40173498994128
            ],
            [
              121.5086371047788,
              45.401372596482254
            ],
            [
              121.50812225018322,
              45.3949117485116
            ],
            [
              121.49895197727608,
              45.39527406079106
            ],
            [
              121.4994657932057,
              45.40173498994128
            ]
          ]
        ]
      },
      "properties": {
        "biomass": 200.88919067382812,
        "min_biomass": 143.0311279296875,
        "max_biomass": 248.55311584472656,
        "timestamp": "20260413_032501",
        "grid_id": "336_72"
      }
    },
    {
      "type": "Feature",
      "geometry": {
        "type": "Polygon",
        "coordinates": [
          [
            [
              121.5086371047788,
              45.401372596482254
            ],
            [
              121.51780824171209,
              45.401009468873305
            ],
            [
              121.51729234852307,
              45.39454870224564
            ],
            [
              121.50812225018322,
              45.3949117485116
            ],
            [
              121.5086371047788,
              45.401372596482254
            ]
          ]
        ]
      },
      "properties": {
        "biomass": 188.91802978515625,
        "min_biomass": 141.986328125,
        "max_biomass": 253.65150451660156,
        "timestamp": "20260413_032501",
        "grid_id": "336_96"
      }
    },
    {
      "type": "Feature",
      "geometry": {
        "type": "Polygon",
        "coordinates": [
          [
            [
              121.51780824171209,
              45.401009468873305
            ],
            [
              121.52697920365624,
              45.40064560715137
            ],
            [
              121.52646227194649,
              45.39418492203012
            ],
            [
              121.51729234852307,
              45.39454870224564
            ],
            [
              121.51780824171209,
              45.401009468873305
            ]
          ]
        ]
      },
      "properties": {
        "biomass": 219.4334716796875,
        "min_biomass": 181.74847412109375,
        "max_biomass": 270.47271728515625,
        "timestamp": "20260413_032501",
        "grid_id": "336_120"
      }
    },
    {
      "type": "Feature",
      "geometry": {
        "type": "Polygon",
        "coordinates": [
          [
            [
              121.52697920365624,
              45.40064560715137
            ],
            [
              121.53614999026199,
              45.400281011353506
            ],
            [
              121.53563202010432,
              45.39382040790203
            ],
            [
              121.52646227194649,
              45.39418492203012
            ],
            [
              121.52697920365624,
              45.40064560715137
            ]
          ]
        ]
      },
      "properties": {
        "biomass": 162.76698303222656,
        "min_biomass": 105.88111114501953,
        "max_biomass": 213.8619842529297,
        "timestamp": "20260413_032501",
        "grid_id": "336_144"
      }
    },
    {
      "type": "Feature",
      "geometry": {
        "type": "Polygon",
        "coordinates": [
          [
            [
              121.53614999026199,
              45.400281011353506
            ],
            [
              121.54532060118011,
              45.39991568151681
            ],
            [
              121.54480159264746,
              45.3934551598985
            ],
            [
              121.53563202010432,
              45.39382040790203
            ],
            [
              121.53614999026199,
              45.400281011353506
            ]
          ]
        ]
      },
      "properties": {
        "biomass": 186.51165771484375,
        "min_biomass": 121.7122802734375,
        "max_biomass": 257.98419189453125,
        "timestamp": "20260413_032501",
        "grid_id": "336_168"
      }
    },
    {
      "type": "Feature",
      "geometry": {
        "type": "Polygon",
        "coordinates": [
          [
            [
              121.54532060118011,
              45.39991568151681
            ],
            [
              121.55449103606138,
              45.399549617678446
            ],
            [
              121.55397098922687,
              45.393089178056655
            ],
            [
              121.54480159264746,
              45.3934551598985
            ],
            [
              121.54532060118011,
              45.39991568151681
            ]
          ]
        ]
      },
      "properties": {
        "biomass": 200.89378356933594,
        "min_biomass": 155.83482360839844,
        "max_biomass": 257.7897033691406,
        "timestamp": "20260413_032501",
        "grid_id": "336_192"
      }
    },
    {
      "type": "Feature",
      "geometry": {
        "type": "Polygon",
        "coordinates": [
          [
            [
              121.55449103606138,
              45.399549617678446
            ],
            [
              121.56366129455668,
              45.39918281987568
            ],
            [
              121.56314020949354,
              45.392722462413765
            ],
            [
              121.55397098922687,
              45.393089178056655
            ],
            [
              121.55449103606138,
              45.399549617678446
            ]
          ]
        ]
      },
      "properties": {
        "biomass": 173.93072509765625,
        "min_biomass": 150.25006103515625,
        "max_biomass": 198.73448181152344,
        "timestamp": "20260413_032501",
        "grid_id": "336_216"
      }
    },
    {
      "type": "Feature",
      "geometry": {
        "type": "Polygon",
        "coordinates": [
          [
            [
              121.56366129455668,
              45.39918281987568
            ],
            [
              121.57283137631688,
              45.39881528814586
            ],
            [
              121.57230925309854,
              45.39235501300714
            ],
            [
              121.56314020949354,
              45.392722462413765
            ],
            [
              121.56366129455668,
              45.39918281987568
            ]
          ]
        ]
      },
      "properties": {
        "biomass": 177.8011932373047,
        "min_biomass": 157.16876220703125,
        "max_biomass": 211.59007263183594,
        "timestamp": "20260413_032501",
        "grid_id": "336_240"
      }
    },
    {
      "type": "Feature",
      "geometry": {
        "type": "Polygon",
        "coordinates": [
          [
            [
              121.57283137631688,
              45.39881528814586
            ],
            [
              121.58200128099294,
              45.39844702252635
            ],
            [
              121.5814781196929,
              45.39198682987414
            ],
            [
              121.57230925309854,
              45.39235501300714
            ],
            [
              121.57283137631688,
              45.39881528814586
            ]
          ]
        ]
      },
      "properties": {
        "biomass": 193.0974578857422,
        "min_biomass": 176.41787719726562,
        "max_biomass": 217.06063842773438,
        "timestamp": "20260413_032501",
        "grid_id": "336_264"
      }
    },
    {
      "type": "Feature",
      "geometry": {
        "type": "Polygon",
        "coordinates": [
          [
            [
              121.58200128099294,
              45.39844702252635
            ],
            [
              121.59117100823582,
              45.398078023054644
            ],
            [
              121.59064680892777,
              45.39161791305225
            ],
            [
              121.5814781196929,
              45.39198682987414
            ],
            [
              121.58200128099294,
              45.39844702252635
            ]
          ]
        ]
      },
      "properties": {
        "biomass": 224.2779541015625,
        "min_biomass": 166.65048217773438,
        "max_biomass": 259.5155334472656,
        "timestamp": "20260413_032501",
        "grid_id": "336_288"
      }
    },
    {
      "type": "Feature",
      "geometry": {
        "type": "Polygon",
        "coordinates": [
          [
            [
              121.59117100823582,
              45.398078023054644
            ],
            [
              121.60034055769654,
              45.39770828976829
            ],
            [
              121.59981532045431,
              45.39124826257899
            ],
            [
              121.59064680892777,
              45.39161791305225
            ],
            [
              121.59117100823582,
              45.398078023054644
            ]
          ]
        ]
      },
      "properties": {
        "biomass": 214.16265869140625,
        "min_biomass": 161.29881286621094,
        "max_biomass": 262.0004577636719,
        "timestamp": "20260413_032501",
        "grid_id": "336_312"
      }
    },
    {
      "type": "Feature",
      "geometry": {
        "type": "Polygon",
        "coordinates": [
          [
            [
              121.60034055769654,
              45.39770828976829
            ],
            [
              121.60950992902619,
              45.39733782270489
            ],
            [
              121.60898365392372,
              45.39087787849199
            ],
            [
              121.59981532045431,
              45.39124826257899
            ],
            [
              121.60034055769654,
              45.39770828976829
            ]
          ]
        ]
      },
      "properties": {
        "biomass": 158.0056915283203,
        "min_biomass": 120.87228393554688,
        "max_biomass": 216.38296508789062,
        "timestamp": "20260413_032501",
        "grid_id": "336_336"
      }
    },
    {
      "type": "Feature",
      "geometry": {
        "type": "Polygon",
        "coordinates": [
          [
            [
              121.60950992902619,
              45.39733782270489
            ],
            [
              121.61867912187584,
              45.39696662190216
            ],
            [
              121.61815180898728,
              45.390506760828885
            ],
            [
              121.60898365392372,
              45.39087787849199
            ],
            [
              121.60950992902619,
              45.39733782270489
            ]
          ]
        ]
      },
      "properties": {
        "biomass": 125.63806915283203,
        "min_biomass": 96.09342193603516,
        "max_biomass": 187.21475219726562,
        "timestamp": "20260413_032501",
        "grid_id": "336_360"
      }
    },
    {
      "type": "Feature",
      "geometry": {
        "type": "Polygon",
        "coordinates": [
          [
            [
              121.61867912187584,
              45.39696662190216
            ],
            [
              121.62784813589668,
              45.396594687397844
            ],
            [
              121.62731978529622,
              45.39013490962745
            ],
            [
              121.61815180898728,
              45.390506760828885
            ],
            [
              121.61867912187584,
              45.39696662190216
            ]
          ]
        ]
      },
      "properties": {
        "biomass": 104.9329833984375,
        "min_biomass": 96.13304138183594,
        "max_biomass": 123.72511291503906,
        "timestamp": "20260413_032501",
        "grid_id": "336_384"
      }
    },
    {
      "type": "Feature",
      "geometry": {
        "type": "Polygon",
        "coordinates": [
          [
            [
              121.62784813589668,
              45.396594687397844
            ],
            [
              121.6370169707399,
              45.396222019229796
            ],
            [
              121.63648758250194,
              45.38976232492552
            ],
            [
              121.62731978529622,
              45.39013490962745
            ],
            [
              121.62784813589668,
              45.396594687397844
            ]
          ]
        ]
      },
      "properties": {
        "biomass": 111.29496765136719,
        "min_biomass": 96.11292266845703,
        "max_biomass": 139.57167053222656,
        "timestamp": "20260413_032501",
        "grid_id": "336_408"
      }
    },
    {
      "type": "Feature",
      "geometry": {
        "type": "Polygon",
        "coordinates": [
          [
            [
              121.6370169707399,
              45.396222019229796
            ],
            [
              121.64618562605672,
              45.395848617435945
            ],
            [
              121.64565520025583,
              45.38938900676098
            ],
            [
              121.63648758250194,
              45.38976232492552
            ],
            [
              121.6370169707399,
              45.396222019229796
            ]
          ]
        ]
      },
      "properties": {
        "biomass": 133.58978271484375,
        "min_biomass": 100.55709838867188,
        "max_biomass": 209.22987365722656,
        "timestamp": "20260413_032501",
        "grid_id": "336_432"
      }
    },
    {
      "type": "Feature",
      "geometry": {
        "type": "Polygon",
        "coordinates": [
          [
            [
              121.64618562605672,
              45.395848617435945
            ],
            [
              121.65535410149842,
              45.39547448205424
            ],
            [
              121.65482263820927,
              45.389014955171795
            ],
            [
              121.64565520025583,
              45.38938900676098
            ],
            [
              121.64618562605672,
              45.395848617435945
            ]
          ]
        ]
      },
      "properties": {
        "biomass": 203.70542907714844,
        "min_biomass": 166.47708129882812,
        "max_biomass": 246.46603393554688,
        "timestamp": "20260413_032501",
        "grid_id": "336_456"
      }
    },
    {
      "type": "Feature",
      "geometry": {
        "type": "Polygon",
        "coordinates": [
          [
            [
              121.65535410149842,
              45.39547448205424
            ],
            [
              121.66452239671635,
              45.39509961312278
            ],
            [
              121.66398989601375,
              45.388640170196005
            ],
            [
              121.65482263820927,
              45.389014955171795
            ],
            [
              121.65535410149842,
              45.39547448205424
            ]
          ]
        ]
      },
      "properties": {
        "biomass": 190.48422241210938,
        "min_biomass": 152.9234619140625,
        "max_biomass": 234.61508178710938,
        "timestamp": "20260413_032501",
        "grid_id": "336_480"
      }
    },
    {
      "type": "Feature",
      "geometry": {
        "type": "Polygon",
        "coordinates": [
          [
            [
              121.66452239671635,
              45.39509961312278
            ],
            [
              121.67369051136187,
              45.39472401067967
            ],
            [
              121.67315697332074,
              45.38826465187178
            ],
            [
              121.66398989601375,
              45.388640170196005
            ],
            [
              121.66452239671635,
              45.39509961312278
            ]
          ]
        ]
      },
      "properties": {
        "biomass": 169.9097442626953,
        "min_biomass": 138.42344665527344,
        "max_biomass": 215.3133544921875,
        "timestamp": "20260413_032501",
        "grid_id": "336_504"
      }
    },
    {
      "type": "Feature",
      "geometry": {
        "type": "Polygon",
        "coordinates": [
          [
            [
              121.67369051136187,
              45.39472401067967
            ],
            [
              121.68285844508638,
              45.39434767476311
            ],
            [
              121.68232386978187,
              45.38788840023725
            ],
            [
              121.67315697332074,
              45.38826465187178
            ],
            [
              121.67369051136187,
              45.39472401067967
            ]
          ]
        ]
      },
      "properties": {
        "biomass": 186.78431701660156,
        "min_biomass": 168.60894775390625,
        "max_biomass": 205.68653869628906,
        "timestamp": "20260413_032501",
        "grid_id": "336_528"
      }
    },
    {
      "type": "Feature",
      "geometry": {
        "type": "Polygon",
        "coordinates": [
          [
            [
              121.4714401146435,
              45.39635659334196
            ],
            [
              121.48061090915695,
              45.395996483242996
            ],
            [
              121.48009934429577,
              45.38953538036961
            ],
            [
              121.47092958831568,
              45.38989540979754
            ],
            [
              121.4714401146435,
              45.39635659334196
            ]
          ]
        ]
      },
      "properties": {
        "biomass": 230.049072265625,
        "min_biomass": 157.4470977783203,
        "max_biomass": 303.6322937011719,
        "timestamp": "20260413_032501",
        "grid_id": "360_0"
      }
    },
    {
      "type": "Feature",
      "geometry": {
        "type": "Polygon",
        "coordinates": [
          [
            [
              121.48061090915695,
              45.395996483242996
            ],
            [
              121.4897815301509,
              45.395635639047114
            ],
            [
              121.48926892682844,
              45.3891746170082
            ],
            [
              121.48009934429577,
              45.38953538036961
            ],
            [
              121.48061090915695,
              45.395996483242996
            ]
          ]
        ]
      },
      "properties": {
        "biomass": 189.52786254882812,
        "min_biomass": 156.1334228515625,
        "max_biomass": 238.95570373535156,
        "timestamp": "20260413_032501",
        "grid_id": "360_24"
      }
    },
    {
      "type": "Feature",
      "geometry": {
        "type": "Polygon",
        "coordinates": [
          [
            [
              121.4897815301509,
              45.395635639047114
            ],
            [
              121.49895197727608,
              45.39527406079106
            ],
            [
              121.49843833556453,
              45.38881311975003
            ],
            [
              121.48926892682844,
              45.3891746170082
            ],
            [
              121.4897815301509,
              45.395635639047114
            ]
          ]
        ]
      },
      "properties": {
        "biomass": 133.03659057617188,
        "min_biomass": 105.6833267211914,
        "max_biomass": 193.94949340820312,
        "timestamp": "20260413_032501",
        "grid_id": "360_48"
      }
    },
    {
      "type": "Feature",
      "geometry": {
        "type": "Polygon",
        "coordinates": [
          [
            [
              121.49895197727608,
              45.39527406079106
            ],
            [
              121.50812225018322,
              45.3949117485116
            ],
            [
              121.50760757015492,
              45.38845088863186
            ],
            [
              121.49843833556453,
              45.38881311975003
            ],
            [
              121.49895197727608,
              45.39527406079106
            ]
          ]
        ]
      },
      "properties": {
        "biomass": 166.04800415039062,
        "min_biomass": 106.40296936035156,
        "max_biomass": 215.30258178710938,
        "timestamp": "20260413_032501",
        "grid_id": "360_72"
      }
    },
    {
      "type": "Feature",
      "geometry": {
        "type": "Polygon",
        "coordinates": [
          [
            [
              121.50812225018322,
              45.3949117485116
            ],
            [
              121.51729234852307,
              45.39454870224564
            ],
            [
              121.51677663025052,
              45.38808792369056
            ],
            [
              121.50760757015492,
              45.38845088863186
            ],
            [
              121.50812225018322,
              45.3949117485116
            ]
          ]
        ]
      },
      "properties": {
        "biomass": 172.05946350097656,
        "min_biomass": 126.1123046875,
        "max_biomass": 249.5214080810547,
        "timestamp": "20260413_032501",
        "grid_id": "360_96"
      }
    },
    {
      "type": "Feature",
      "geometry": {
        "type": "Polygon",
        "coordinates": [
          [
            [
              121.51729234852307,
              45.39454870224564
            ],
            [
              121.52646227194649,
              45.39418492203012
            ],
            [
              121.52594551550231,
              45.387724224963065
            ],
            [
              121.51677663025052,
              45.38808792369056
            ],
            [
              121.51729234852307,
              45.39454870224564
            ]
          ]
        ]
      },
      "properties": {
        "biomass": 235.80821228027344,
        "min_biomass": 149.04811096191406,
        "max_biomass": 292.3491516113281,
        "timestamp": "20260413_032501",
        "grid_id": "360_120"
      }
    },
    {
      "type": "Feature",
      "geometry": {
        "type": "Polygon",
        "coordinates": [
          [
            [
              121.52646227194649,
              45.39418492203012
            ],
            [
              121.53563202010432,
              45.39382040790203
            ],
            [
              121.53511422556129,
              45.38735979248637
            ],
            [
              121.52594551550231,
              45.387724224963065
            ],
            [
              121.52646227194649,
              45.39418492203012
            ]
          ]
        ]
      },
      "properties": {
        "biomass": 143.22821044921875,
        "min_biomass": 102.37323760986328,
        "max_biomass": 210.079833984375,
        "timestamp": "20260413_032501",
        "grid_id": "360_144"
      }
    },
    {
      "type": "Feature",
      "geometry": {
        "type": "Polygon",
        "coordinates": [
          [
            [
              121.53563202010432,
              45.39382040790203
            ],
            [
              121.54480159264746,
              45.3934551598985
            ],
            [
              121.5442827600785,
              45.38699462629756
            ],
            [
              121.53511422556129,
              45.38735979248637
            ],
            [
              121.53563202010432,
              45.39382040790203
            ]
          ]
        ]
      },
      "properties": {
        "biomass": 132.48977661132812,
        "min_biomass": 96.68095397949219,
        "max_biomass": 207.2445526123047,
        "timestamp": "20260413_032501",
        "grid_id": "360_168"
      }
    },
    {
      "type": "Feature",
      "geometry": {
        "type": "Polygon",
        "coordinates": [
          [
            [
              121.54480159264746,
              45.3934551598985
            ],
            [
              121.55397098922687,
              45.393089178056655
            ],
            [
              121.55345111870507,
              45.38662872643377
            ],
            [
              121.5442827600785,
              45.38699462629756
            ],
            [
              121.54480159264746,
              45.3934551598985
            ]
          ]
        ]
      },
      "properties": {
        "biomass": 158.45729064941406,
        "min_biomass": 97.943359375,
        "max_biomass": 204.37030029296875,
        "timestamp": "20260413_032501",
        "grid_id": "360_192"
      }
    },
    {
      "type": "Feature",
      "geometry": {
        "type": "Polygon",
        "coordinates": [
          [
            [
              121.55397098922687,
              45.393089178056655
            ],
            [
              121.56314020949354,
              45.392722462413765
            ],
            [
              121.56261930109211,
              45.38626209293224
            ],
            [
              121.55345111870507,
              45.38662872643377
            ],
            [
              121.55397098922687,
              45.393089178056655
            ]
          ]
        ]
      },
      "properties": {
        "biomass": 200.27345275878906,
        "min_biomass": 161.4351043701172,
        "max_biomass": 256.408447265625,
        "timestamp": "20260413_032501",
        "grid_id": "360_216"
      }
    },
    {
      "type": "Feature",
      "geometry": {
        "type": "Polygon",
        "coordinates": [
          [
            [
              121.56314020949354,
              45.392722462413765
            ],
            [
              121.57230925309854,
              45.39235501300714
            ],
            [
              121.5717873068908,
              45.38589472583027
            ],
            [
              121.56261930109211,
              45.38626209293224
            ],
            [
              121.56314020949354,
              45.392722462413765
            ]
          ]
        ]
      },
      "properties": {
        "biomass": 145.99830627441406,
        "min_biomass": 111.54026794433594,
        "max_biomass": 194.01495361328125,
        "timestamp": "20260413_032501",
        "grid_id": "360_240"
      }
    },
    {
      "type": "Feature",
      "geometry": {
        "type": "Polygon",
        "coordinates": [
          [
            [
              121.57230925309854,
              45.39235501300714
            ],
            [
              121.5814781196929,
              45.39198682987414
            ],
            [
              121.58095513575236,
              45.38552662516521
            ],
            [
              121.5717873068908,
              45.38589472583027
            ],
            [
              121.57230925309854,
              45.39235501300714
            ]
          ]
        ]
      },
      "properties": {
        "biomass": 179.64234924316406,
        "min_biomass": 124.83487701416016,
        "max_biomass": 244.19287109375,
        "timestamp": "20260413_032501",
        "grid_id": "360_264"
      }
    },
    {
      "type": "Feature",
      "geometry": {
        "type": "Polygon",
        "coordinates": [
          [
            [
              121.5814781196929,
              45.39198682987414
            ],
            [
              121.59064680892777,
              45.39161791305225
            ],
            [
              121.59012278732806,
              45.385157790974525
            ],
            [
              121.58095513575236,
              45.38552662516521
            ],
            [
              121.5814781196929,
              45.39198682987414
            ]
          ]
        ]
      },
      "properties": {
        "biomass": 196.58489990234375,
        "min_biomass": 133.0150909423828,
        "max_biomass": 256.11199951171875,
        "timestamp": "20260413_032501",
        "grid_id": "360_288"
      }
    },
    {
      "type": "Feature",
      "geometry": {
        "type": "Polygon",
        "coordinates": [
          [
            [
              121.59064680892777,
              45.39161791305225
            ],
            [
              121.59981532045431,
              45.39124826257899
            ],
            [
              121.59929026126919,
              45.38478822329573
            ],
            [
              121.59012278732806,
              45.385157790974525
            ],
            [
              121.59064680892777,
              45.39161791305225
            ]
          ]
        ]
      },
      "properties": {
        "biomass": 193.30902099609375,
        "min_biomass": 132.25108337402344,
        "max_biomass": 253.94395446777344,
        "timestamp": "20260413_032501",
        "grid_id": "360_312"
      }
    },
    {
      "type": "Feature",
      "geometry": {
        "type": "Polygon",
        "coordinates": [
          [
            [
              121.59981532045431,
              45.39124826257899
            ],
            [
              121.60898365392372,
              45.39087787849199
            ],
            [
              121.60845755722715,
              45.3844179221664
            ],
            [
              121.59929026126919,
              45.38478822329573
            ],
            [
              121.59981532045431,
              45.39124826257899
            ]
          ]
        ]
      },
      "properties": {
        "biomass": 131.2701873779297,
        "min_biomass": 96.28422546386719,
        "max_biomass": 192.69773864746094,
        "timestamp": "20260413_032501",
        "grid_id": "360_336"
      }
    },
    {
      "type": "Feature",
      "geometry": {
        "type": "Polygon",
        "coordinates": [
          [
            [
              121.60898365392372,
              45.39087787849199
            ],
            [
              121.61815180898728,
              45.390506760828885
            ],
            [
              121.61762467485326,
              45.38404688762421
            ],
            [
              121.60845755722715,
              45.3844179221664
            ],
            [
              121.60898365392372,
              45.39087787849199
            ]
          ]
        ]
      },
      "properties": {
        "biomass": 109.33421325683594,
        "min_biomass": 96.16741180419922,
        "max_biomass": 134.7754364013672,
        "timestamp": "20260413_032501",
        "grid_id": "360_360"
      }
    },
    {
      "type": "Feature",
      "geometry": {
        "type": "Polygon",
        "coordinates": [
          [
            [
              121.61815180898728,
              45.390506760828885
            ],
            [
              121.62731978529622,
              45.39013490962745
            ],
            [
              121.62679161379901,
              45.38367511970689
            ],
            [
              121.61762467485326,
              45.38404688762421
            ],
            [
              121.61815180898728,
              45.390506760828885
            ]
          ]
        ]
      },
      "properties": {
        "biomass": 112.14710998535156,
        "min_biomass": 96.0745849609375,
        "max_biomass": 141.56976318359375,
        "timestamp": "20260413_032501",
        "grid_id": "360_384"
      }
    },
    {
      "type": "Feature",
      "geometry": {
        "type": "Polygon",
        "coordinates": [
          [
            [
              121.62731978529622,
              45.39013490962745
            ],
            [
              121.63648758250194,
              45.38976232492552
            ],
            [
              121.63595837371588,
              45.38330261845227
            ],
            [
              121.62679161379901,
              45.38367511970689
            ],
            [
              121.62731978529622,
              45.39013490962745
            ]
          ]
        ]
      },
      "properties": {
        "biomass": 114.63126373291016,
        "min_biomass": 97.5467758178711,
        "max_biomass": 150.0922088623047,
        "timestamp": "20260413_032501",
        "grid_id": "360_408"
      }
    },
    {
      "type": "Feature",
      "geometry": {
        "type": "Polygon",
        "coordinates": [
          [
            [
              121.63648758250194,
              45.38976232492552
            ],
            [
              121.64565520025583,
              45.38938900676098
            ],
            [
              121.64512495425538,
              45.38292938389821
            ],
            [
              121.63595837371588,
              45.38330261845227
            ],
            [
              121.63648758250194,
              45.38976232492552
            ]
          ]
        ]
      },
      "properties": {
        "biomass": 161.28794860839844,
        "min_biomass": 104.22681427001953,
        "max_biomass": 229.38746643066406,
        "timestamp": "20260413_032501",
        "grid_id": "360_432"
      }
    },
    {
      "type": "Feature",
      "geometry": {
        "type": "Polygon",
        "coordinates": [
          [
            [
              121.64565520025583,
              45.38938900676098
            ],
            [
              121.65482263820927,
              45.389014955171795
            ],
            [
              121.65429135506906,
              45.38255541608268
            ],
            [
              121.64512495425538,
              45.38292938389821
            ],
            [
              121.64565520025583,
              45.38938900676098
            ]
          ]
        ]
      },
      "properties": {
        "biomass": 203.28370666503906,
        "min_biomass": 147.09091186523438,
        "max_biomass": 259.8563232421875,
        "timestamp": "20260413_032501",
        "grid_id": "360_456"
      }
    },
    {
      "type": "Feature",
      "geometry": {
        "type": "Polygon",
        "coordinates": [
          [
            [
              121.65482263820927,
              45.389014955171795
            ],
            [
              121.66398989601375,
              45.388640170196005
            ],
            [
              121.66345757580858,
              45.3821807150437
            ],
            [
              121.65429135506906,
              45.38255541608268
            ],
            [
              121.65482263820927,
              45.389014955171795
            ]
          ]
        ]
      },
      "properties": {
        "biomass": 197.31639099121094,
        "min_biomass": 156.8023681640625,
        "max_biomass": 240.984619140625,
        "timestamp": "20260413_032501",
        "grid_id": "360_480"
      }
    },
    {
      "type": "Feature",
      "geometry": {
        "type": "Polygon",
        "coordinates": [
          [
            [
              121.66398989601375,
              45.388640170196005
            ],
            [
              121.67315697332074,
              45.38826465187178
            ],
            [
              121.67262361612553,
              45.38180528081938
            ],
            [
              121.66345757580858,
              45.3821807150437
            ],
            [
              121.66398989601375,
              45.388640170196005
            ]
          ]
        ]
      },
      "properties": {
        "biomass": 208.42501831054688,
        "min_biomass": 161.94070434570312,
        "max_biomass": 248.94517517089844,
        "timestamp": "20260413_032501",
        "grid_id": "360_504"
      }
    },
    {
      "type": "Feature",
      "geometry": {
        "type": "Polygon",
        "coordinates": [
          [
            [
              121.47092958831568,
              45.38989540979754
            ],
            [
              121.48009934429577,
              45.38953538036961
            ],
            [
              121.47958795288204,
              45.383074265643906
            ],
            [
              121.4704192350861,
              45.38343421441895
            ],
            [
              121.47092958831568,
              45.38989540979754
            ]
          ]
        ]
      },
      "properties": {
        "biomass": 188.3708038330078,
        "min_biomass": 143.2722930908203,
        "max_biomass": 250.4051971435547,
        "timestamp": "20260413_032501",
        "grid_id": "384_0"
      }
    },
    {
      "type": "Feature",
      "geometry": {
        "type": "Polygon",
        "coordinates": [
          [
            [
              121.48009934429577,
              45.38953538036961
            ],
            [
              121.48926892682844,
              45.3891746170082
            ],
            [
              121.48875649730256,
              45.382713583098756
            ],
            [
              121.47958795288204,
              45.383074265643906
            ],
            [
              121.48009934429577,
              45.38953538036961
            ]
          ]
        ]
      },
      "properties": {
        "biomass": 156.25106811523438,
        "min_biomass": 107.23713684082031,
        "max_biomass": 236.38528442382812,
        "timestamp": "20260413_032501",
        "grid_id": "384_24"
      }
    },
    {
      "type": "Feature",
      "geometry": {
        "type": "Polygon",
        "coordinates": [
          [
            [
              121.48926892682844,
              45.3891746170082
            ],
            [
              121.49843833556453,
              45.38881311975003
            ],
            [
              121.49792486799868,
              45.38235216682021
            ],
            [
              121.48875649730256,
              45.382713583098756
            ],
            [
              121.48926892682844,
              45.3891746170082
            ]
          ]
        ]
      },
      "properties": {
        "biomass": 132.1934356689453,
        "min_biomass": 96.22932434082031,
        "max_biomass": 216.29861450195312,
        "timestamp": "20260413_032501",
        "grid_id": "384_48"
      }
    },
    {
      "type": "Feature",
      "geometry": {
        "type": "Polygon",
        "coordinates": [
          [
            [
              121.49843833556453,
              45.38881311975003
            ],
            [
              121.50760757015492,
              45.38845088863186
            ],
            [
              121.5070930646214,
              45.38199001684505
            ],
            [
              121.49792486799868,
              45.38235216682021
            ],
            [
              121.49843833556453,
              45.38881311975003
            ]
          ]
        ]
      },
      "properties": {
        "biomass": 145.15322875976562,
        "min_biomass": 96.87613677978516,
        "max_biomass": 215.4607696533203,
        "timestamp": "20260413_032501",
        "grid_id": "384_72"
      }
    },
    {
      "type": "Feature",
      "geometry": {
        "type": "Polygon",
        "coordinates": [
          [
            [
              121.50760757015492,
              45.38845088863186
            ],
            [
              121.51677663025052,
              45.38808792369056
            ],
            [
              121.51626108682179,
              45.3816271332101
            ],
            [
              121.5070930646214,
              45.38199001684505
            ],
            [
              121.50760757015492,
              45.38845088863186
            ]
          ]
        ]
      },
      "properties": {
        "biomass": 139.35247802734375,
        "min_biomass": 101.42446899414062,
        "max_biomass": 211.92762756347656,
        "timestamp": "20260413_032501",
        "grid_id": "384_96"
      }
    },
    {
      "type": "Feature",
      "geometry": {
        "type": "Polygon",
        "coordinates": [
          [
            [
              121.51677663025052,
              45.38808792369056
            ],
            [
              121.52594551550231,
              45.387724224963065
            ],
            [
              121.52542893425095,
              45.38126351595228
            ],
            [
              121.51626108682179,
              45.3816271332101
            ],
            [
              121.51677663025052,
              45.38808792369056
            ]
          ]
        ]
      },
      "properties": {
        "biomass": 142.23489379882812,
        "min_biomass": 97.6080322265625,
        "max_biomass": 217.07943725585938,
        "timestamp": "20260413_032501",
        "grid_id": "384_120"
      }
    },
    {
      "type": "Feature",
      "geometry": {
        "type": "Polygon",
        "coordinates": [
          [
            [
              121.52594551550231,
              45.387724224963065
            ],
            [
              121.53511422556129,
              45.38735979248637
            ],
            [
              121.53459660656004,
              45.38089916510858
            ],
            [
              121.52542893425095,
              45.38126351595228
            ],
            [
              121.52594551550231,
              45.387724224963065
            ]
          ]
        ]
      },
      "properties": {
        "biomass": 110.73788452148438,
        "min_biomass": 96.2326889038086,
        "max_biomass": 151.72903442382812,
        "timestamp": "20260413_032501",
        "grid_id": "384_144"
      }
    },
    {
      "type": "Feature",
      "geometry": {
        "type": "Polygon",
        "coordinates": [
          [
            [
              121.53511422556129,
              45.38735979248637
            ],
            [
              121.5442827600785,
              45.38699462629756
            ],
            [
              121.54376410340026,
              45.38053408071607
            ],
            [
              121.53459660656004,
              45.38089916510858
            ],
            [
              121.53511422556129,
              45.38735979248637
            ]
          ]
        ]
      },
      "properties": {
        "biomass": 118.28952026367188,
        "min_biomass": 96.53849029541016,
        "max_biomass": 156.23460388183594,
        "timestamp": "20260413_032501",
        "grid_id": "384_168"
      }
    },
    {
      "type": "Feature",
      "geometry": {
        "type": "Polygon",
        "coordinates": [
          [
            [
              121.5442827600785,
              45.38699462629756
            ],
            [
              121.55345111870507,
              45.38662872643377
            ],
            [
              121.55293142442284,
              45.38016826281187
            ],
            [
              121.54376410340026,
              45.38053408071607
            ],
            [
              121.5442827600785,
              45.38699462629756
            ]
          ]
        ]
      },
      "properties": {
        "biomass": 188.16400146484375,
        "min_biomass": 113.68885803222656,
        "max_biomass": 247.0283660888672,
        "timestamp": "20260413_032501",
        "grid_id": "384_192"
      }
    },
    {
      "type": "Feature",
      "geometry": {
        "type": "Polygon",
        "coordinates": [
          [
            [
              121.55345111870507,
              45.38662872643377
            ],
            [
              121.56261930109211,
              45.38626209293224
            ],
            [
              121.56209856927906,
              45.379801711433196
            ],
            [
              121.55293142442284,
              45.38016826281187
            ],
            [
              121.55345111870507,
              45.38662872643377
            ]
          ]
        ]
      },
      "properties": {
        "biomass": 191.20103454589844,
        "min_biomass": 150.1590576171875,
        "max_biomass": 246.76759338378906,
        "timestamp": "20260413_032501",
        "grid_id": "384_216"
      }
    },
    {
      "type": "Feature",
      "geometry": {
        "type": "Polygon",
        "coordinates": [
          [
            [
              121.56261930109211,
              45.38626209293224
            ],
            [
              121.5717873068908,
              45.38589472583027
            ],
            [
              121.5712655376202,
              45.37943442661734
            ],
            [
              121.56209856927906,
              45.379801711433196
            ],
            [
              121.56261930109211,
              45.38626209293224
            ]
          ]
        ]
      },
      "properties": {
        "biomass": 140.9652099609375,
        "min_biomass": 105.56431579589844,
        "max_biomass": 187.91656494140625,
        "timestamp": "20260413_032501",
        "grid_id": "384_240"
      }
    },
    {
      "type": "Feature",
      "geometry": {
        "type": "Polygon",
        "coordinates": [
          [
            [
              121.5717873068908,
              45.38589472583027
            ],
            [
              121.58095513575236,
              45.38552662516521
            ],
            [
              121.58043232909769,
              45.37906640840166
            ],
            [
              121.5712655376202,
              45.37943442661734
            ],
            [
              121.5717873068908,
              45.38589472583027
            ]
          ]
        ]
      },
      "properties": {
        "biomass": 130.75965881347656,
        "min_biomass": 100.73979187011719,
        "max_biomass": 170.71826171875,
        "timestamp": "20260413_032501",
        "grid_id": "384_264"
      }
    },
    {
      "type": "Feature",
      "geometry": {
        "type": "Polygon",
        "coordinates": [
          [
            [
              121.58095513575236,
              45.38552662516521
            ],
            [
              121.59012278732806,
              45.385157790974525
            ],
            [
              121.5895989433629,
              45.37869765682357
            ],
            [
              121.58043232909769,
              45.37906640840166
            ],
            [
              121.58095513575236,
              45.38552662516521
            ]
          ]
        ]
      },
      "properties": {
        "biomass": 202.5179901123047,
        "min_biomass": 131.36602783203125,
        "max_biomass": 252.67013549804688,
        "timestamp": "20260413_032501",
        "grid_id": "384_288"
      }
    },
    {
      "type": "Feature",
      "geometry": {
        "type": "Polygon",
        "coordinates": [
          [
            [
              121.59012278732806,
              45.385157790974525
            ],
            [
              121.59929026126919,
              45.38478822329573
            ],
            [
              121.59876538006729,
              45.37832817192058
            ],
            [
              121.5895989433629,
              45.37869765682357
            ],
            [
              121.59012278732806,
              45.385157790974525
            ]
          ]
        ]
      },
      "properties": {
        "biomass": 155.10031127929688,
        "min_biomass": 100.38790893554688,
        "max_biomass": 197.99839782714844,
        "timestamp": "20260413_032501",
        "grid_id": "384_312"
      }
    },
    {
      "type": "Feature",
      "geometry": {
        "type": "Polygon",
        "coordinates": [
          [
            [
              121.59929026126919,
              45.38478822329573
            ],
            [
              121.60845755722715,
              45.3844179221664
            ],
            [
              121.60793163886238,
              45.37795795373026
            ],
            [
              121.59876538006729,
              45.37832817192058
            ],
            [
              121.59929026126919,
              45.38478822329573
            ]
          ]
        ]
      },
      "properties": {
        "biomass": 112.36276245117188,
        "min_biomass": 96.07272338867188,
        "max_biomass": 191.5225830078125,
        "timestamp": "20260413_032501",
        "grid_id": "384_336"
      }
    },
    {
      "type": "Feature",
      "geometry": {
        "type": "Polygon",
        "coordinates": [
          [
            [
              121.60845755722715,
              45.3844179221664
            ],
            [
              121.61762467485326,
              45.38404688762421
            ],
            [
              121.61709771939965,
              45.37758700229026
            ],
            [
              121.60793163886238,
              45.37795795373026
            ],
            [
              121.60845755722715,
              45.3844179221664
            ]
          ]
        ]
      },
      "properties": {
        "biomass": 161.93243408203125,
        "min_biomass": 96.4760513305664,
        "max_biomass": 278.69061279296875,
        "timestamp": "20260413_032501",
        "grid_id": "384_360"
      }
    },
    {
      "type": "Feature",
      "geometry": {
        "type": "Polygon",
        "coordinates": [
          [
            [
              121.61762467485326,
              45.38404688762421
            ],
            [
              121.62679161379901,
              45.38367511970689
            ],
            [
              121.6262636213307,
              45.37721531763832
            ],
            [
              121.61709771939965,
              45.37758700229026
            ],
            [
              121.61762467485326,
              45.38404688762421
            ]
          ]
        ]
      },
      "properties": {
        "biomass": 212.38702392578125,
        "min_biomass": 117.93556213378906,
        "max_biomass": 288.03607177734375,
        "timestamp": "20260413_032501",
        "grid_id": "384_384"
      }
    },
    {
      "type": "Feature",
      "geometry": {
        "type": "Polygon",
        "coordinates": [
          [
            [
              121.62679161379901,
              45.38367511970689
            ],
            [
              121.63595837371588,
              45.38330261845227
            ],
            [
              121.63542934430718,
              45.37684289981222
            ],
            [
              121.6262636213307,
              45.37721531763832
            ],
            [
              121.62679161379901,
              45.38367511970689
            ]
          ]
        ]
      },
      "properties": {
        "biomass": 154.6321258544922,
        "min_biomass": 104.92359924316406,
        "max_biomass": 216.86085510253906,
        "timestamp": "20260413_032501",
        "grid_id": "384_408"
      }
    },
    {
      "type": "Feature",
      "geometry": {
        "type": "Polygon",
        "coordinates": [
          [
            [
              121.63595837371588,
              45.38330261845227
            ],
            [
              121.64512495425538,
              45.38292938389821
            ],
            [
              121.64459488798073,
              45.376469748849814
            ],
            [
              121.63542934430718,
              45.37684289981222
            ],
            [
              121.63595837371588,
              45.38330261845227
            ]
          ]
        ]
      },
      "properties": {
        "biomass": 130.7696533203125,
        "min_biomass": 105.4923095703125,
        "max_biomass": 192.42372131347656,
        "timestamp": "20260413_032501",
        "grid_id": "384_432"
      }
    },
    {
      "type": "Feature",
      "geometry": {
        "type": "Polygon",
        "coordinates": [
          [
            [
              121.64512495425538,
              45.38292938389821
            ],
            [
              121.65429135506906,
              45.38255541608268
            ],
            [
              121.65376025200308,
              45.37609586478907
            ],
            [
              121.64459488798073,
              45.376469748849814
            ],
            [
              121.64512495425538,
              45.38292938389821
            ]
          ]
        ]
      },
      "properties": {
        "biomass": 156.95709228515625,
        "min_biomass": 107.69715118408203,
        "max_biomass": 248.9793701171875,
        "timestamp": "20260413_032501",
        "grid_id": "384_456"
      }
    },
    {
      "type": "Feature",
      "geometry": {
        "type": "Polygon",
        "coordinates": [
          [
            [
              121.65429135506906,
              45.38255541608268
            ],
            [
              121.66345757580858,
              45.3821807150437
            ],
            [
              121.66292543602596,
              45.37572124766799
            ],
            [
              121.65376025200308,
              45.37609586478907
            ],
            [
              121.65429135506906,
              45.38255541608268
            ]
          ]
        ]
      },
      "properties": {
        "biomass": 183.87948608398438,
        "min_biomass": 134.8987579345703,
        "max_biomass": 250.61770629882812,
        "timestamp": "20260413_032501",
        "grid_id": "384_480"
      }
    },
    {
      "type": "Feature",
      "geometry": {
        "type": "Polygon",
        "coordinates": [
          [
            [
              121.66345757580858,
              45.3821807150437
            ],
            [
              121.67262361612553,
              45.38180528081938
            ],
            [
              121.67209043970118,
              45.375345897524674
            ],
            [
              121.66292543602596,
              45.37572124766799
            ],
            [
              121.66345757580858,
              45.3821807150437
            ]
          ]
        ]
      },
      "properties": {
        "biomass": 208.05593872070312,
        "min_biomass": 166.41357421875,
        "max_biomass": 247.98458862304688,
        "timestamp": "20260413_032501",
        "grid_id": "384_504"
      }
    },
    {
      "type": "Feature",
      "geometry": {
        "type": "Polygon",
        "coordinates": [
          [
            [
              121.67262361612553,
              45.38180528081938
            ],
            [
              121.68178947567169,
              45.3814291134479
            ],
            [
              121.68125526268058,
              45.37496981439727
            ],
            [
              121.67209043970118,
              45.375345897524674
            ],
            [
              121.67262361612553,
              45.38180528081938
            ]
          ]
        ]
      },
      "properties": {
        "biomass": 208.58253479003906,
        "min_biomass": 180.98573303222656,
        "max_biomass": 231.05712890625,
        "timestamp": "20260413_032501",
        "grid_id": "384_528"
      }
    },
    {
      "type": "Feature",
      "geometry": {
        "type": "Polygon",
        "coordinates": [
          [
            [
              121.4704192350861,
              45.38343421441895
            ],
            [
              121.47958795288204,
              45.383074265643906
            ],
            [
              121.47907673484372,
              45.376613139067835
            ],
            [
              121.46990905488286,
              45.37697300720819
            ],
            [
              121.4704192350861,
              45.38343421441895
            ]
          ]
        ]
      },
      "properties": {
        "biomass": 222.2333526611328,
        "min_biomass": 177.0284881591797,
        "max_biomass": 244.05580139160156,
        "timestamp": "20260413_032501",
        "grid_id": "408_0"
      }
    },
    {
      "type": "Feature",
      "geometry": {
        "type": "Polygon",
        "coordinates": [
          [
            [
              121.47958795288204,
              45.383074265643906
            ],
            [
              121.48875649730256,
              45.382713583098756
            ],
            [
              121.48824424150112,
              45.37625253732076
            ],
            [
              121.47907673484372,
              45.376613139067835
            ],
            [
              121.47958795288204,
              45.383074265643906
            ]
          ]
        ]
      },
      "properties": {
        "biomass": 179.60430908203125,
        "min_biomass": 109.25679779052734,
        "max_biomass": 264.94970703125,
        "timestamp": "20260413_032501",
        "grid_id": "408_24"
      }
    },
    {
      "type": "Feature",
      "geometry": {
        "type": "Polygon",
        "coordinates": [
          [
            [
              121.48875649730256,
              45.382713583098756
            ],
            [
              121.49792486799868,
              45.38235216682021
            ],
            [
              121.49741157450623,
              45.37589120200362
            ],
            [
              121.48824424150112,
              45.37625253732076
            ],
            [
              121.48875649730256,
              45.382713583098756
            ]
          ]
        ]
      },
      "properties": {
        "biomass": 167.025390625,
        "min_biomass": 96.18341064453125,
        "max_biomass": 282.0653381347656,
        "timestamp": "20260413_032501",
        "grid_id": "408_48"
      }
    },
    {
      "type": "Feature",
      "geometry": {
        "type": "Polygon",
        "coordinates": [
          [
            [
              121.49792486799868,
              45.38235216682021
            ],
            [
              121.5070930646214,
              45.38199001684505
            ],
            [
              121.50657873351021,
              45.37552913315319
            ],
            [
              121.49741157450623,
              45.37589120200362
            ],
            [
              121.49792486799868,
              45.38235216682021
            ]
          ]
        ]
      },
      "properties": {
        "biomass": 123.71212005615234,
        "min_biomass": 96.10832977294922,
        "max_biomass": 186.02891540527344,
        "timestamp": "20260413_032501",
        "grid_id": "408_72"
      }
    },
    {
      "type": "Feature",
      "geometry": {
        "type": "Polygon",
        "coordinates": [
          [
            [
              121.5070930646214,
              45.38199001684505
            ],
            [
              121.51626108682179,
              45.3816271332101
            ],
            [
              121.51574571816428,
              45.375166330806266
            ],
            [
              121.50657873351021,
              45.37552913315319
            ],
            [
              121.5070930646214,
              45.38199001684505
            ]
          ]
        ]
      },
      "properties": {
        "biomass": 114.1914291381836,
        "min_biomass": 96.31301879882812,
        "max_biomass": 147.85797119140625,
        "timestamp": "20260413_032501",
        "grid_id": "408_96"
      }
    },
    {
      "type": "Feature",
      "geometry": {
        "type": "Polygon",
        "coordinates": [
          [
            [
              121.51626108682179,
              45.3816271332101
            ],
            [
              121.52542893425095,
              45.38126351595228
            ],
            [
              121.52491252811969,
              45.37480279499978
            ],
            [
              121.51574571816428,
              45.375166330806266
            ],
            [
              121.51626108682179,
              45.3816271332101
            ]
          ]
        ]
      },
      "properties": {
        "biomass": 108.1709213256836,
        "min_biomass": 96.11302185058594,
        "max_biomass": 129.91566467285156,
        "timestamp": "20260413_032501",
        "grid_id": "408_120"
      }
    },
    {
      "type": "Feature",
      "geometry": {
        "type": "Polygon",
        "coordinates": [
          [
            [
              121.52542893425095,
              45.38126351595228
            ],
            [
              121.53459660656004,
              45.38089916510858
            ],
            [
              121.5340791630277,
              45.374438525770685
            ],
            [
              121.52491252811969,
              45.37480279499978
            ],
            [
              121.52542893425095,
              45.38126351595228
            ]
          ]
        ]
      },
      "properties": {
        "biomass": 111.73698425292969,
        "min_biomass": 96.1321029663086,
        "max_biomass": 132.9386444091797,
        "timestamp": "20260413_032501",
        "grid_id": "408_144"
      }
    },
    {
      "type": "Feature",
      "geometry": {
        "type": "Polygon",
        "coordinates": [
          [
            [
              121.53459660656004,
              45.38089916510858
            ],
            [
              121.54376410340026,
              45.38053408071607
            ],
            [
              121.54324562253967,
              45.37407352315605
            ],
            [
              121.5340791630277,
              45.374438525770685
            ],
            [
              121.53459660656004,
              45.38089916510858
            ]
          ]
        ]
      },
      "properties": {
        "biomass": 138.45703125,
        "min_biomass": 96.33255767822266,
        "max_biomass": 200.96629333496094,
        "timestamp": "20260413_032501",
        "grid_id": "408_168"
      }
    },
    {
      "type": "Feature",
      "geometry": {
        "type": "Polygon",
        "coordinates": [
          [
            [
              121.54376410340026,
              45.38053408071607
            ],
            [
              121.55293142442284,
              45.38016826281187
            ],
            [
              121.55241190630696,
              45.373707787193
            ],
            [
              121.54324562253967,
              45.37407352315605
            ],
            [
              121.54376410340026,
              45.38053408071607
            ]
          ]
        ]
      },
      "properties": {
        "biomass": 214.9812469482422,
        "min_biomass": 137.6383514404297,
        "max_biomass": 261.84759521484375,
        "timestamp": "20260413_032501",
        "grid_id": "408_192"
      }
    },
    {
      "type": "Feature",
      "geometry": {
        "type": "Polygon",
        "coordinates": [
          [
            [
              121.55293142442284,
              45.38016826281187
            ],
            [
              121.56209856927906,
              45.379801711433196
            ],
            [
              121.56157801398103,
              45.373341317918694
            ],
            [
              121.55241190630696,
              45.373707787193
            ],
            [
              121.55293142442284,
              45.38016826281187
            ]
          ]
        ]
      },
      "properties": {
        "biomass": 201.61862182617188,
        "min_biomass": 157.5303497314453,
        "max_biomass": 247.03700256347656,
        "timestamp": "20260413_032501",
        "grid_id": "408_216"
      }
    },
    {
      "type": "Feature",
      "geometry": {
        "type": "Polygon",
        "coordinates": [
          [
            [
              121.56209856927906,
              45.379801711433196
            ],
            [
              121.5712655376202,
              45.37943442661734
            ],
            [
              121.57074394521331,
              45.37297411537043
            ],
            [
              121.56157801398103,
              45.373341317918694
            ],
            [
              121.56209856927906,
              45.379801711433196
            ]
          ]
        ]
      },
      "properties": {
        "biomass": 161.95115661621094,
        "min_biomass": 115.97295379638672,
        "max_biomass": 218.12315368652344,
        "timestamp": "20260413_032501",
        "grid_id": "408_240"
      }
    },
    {
      "type": "Feature",
      "geometry": {
        "type": "Polygon",
        "coordinates": [
          [
            [
              121.5712655376202,
              45.37943442661734
            ],
            [
              121.58043232909769,
              45.37906640840166
            ],
            [
              121.5799096996553,
              45.37260617958555
            ],
            [
              121.57074394521331,
              45.37297411537043
            ],
            [
              121.5712655376202,
              45.37943442661734
            ]
          ]
        ]
      },
      "properties": {
        "biomass": 125.52275848388672,
        "min_biomass": 100.4720230102539,
        "max_biomass": 178.18212890625,
        "timestamp": "20260413_032501",
        "grid_id": "408_264"
      }
    },
    {
      "type": "Feature",
      "geometry": {
        "type": "Polygon",
        "coordinates": [
          [
            [
              121.58043232909769,
              45.37906640840166
            ],
            [
              121.5895989433629,
              45.37869765682357
            ],
            [
              121.58907527695858,
              45.37223751060146
            ],
            [
              121.5799096996553,
              45.37260617958555
            ],
            [
              121.58043232909769,
              45.37906640840166
            ]
          ]
        ]
      },
      "properties": {
        "biomass": 186.72396850585938,
        "min_biomass": 113.33145141601562,
        "max_biomass": 251.55755615234375,
        "timestamp": "20260413_032501",
        "grid_id": "408_288"
      }
    },
    {
      "type": "Feature",
      "geometry": {
        "type": "Polygon",
        "coordinates": [
          [
            [
              121.5895989433629,
              45.37869765682357
            ],
            [
              121.59876538006729,
              45.37832817192058
            ],
            [
              121.59824067677474,
              45.37186810845564
            ],
            [
              121.58907527695858,
              45.37223751060146
            ],
            [
              121.5895989433629,
              45.37869765682357
            ]
          ]
        ]
      },
      "properties": {
        "biomass": 132.79345703125,
        "min_biomass": 96.1787338256836,
        "max_biomass": 195.08245849609375,
        "timestamp": "20260413_032501",
        "grid_id": "408_312"
      }
    },
    {
      "type": "Feature",
      "geometry": {
        "type": "Polygon",
        "coordinates": [
          [
            [
              121.59876538006729,
              45.37832817192058
            ],
            [
              121.60793163886238,
              45.37795795373026
            ],
            [
              121.6074058987554,
              45.371497973185654
            ],
            [
              121.59824067677474,
              45.37186810845564
            ],
            [
              121.59876538006729,
              45.37832817192058
            ]
          ]
        ]
      },
      "properties": {
        "biomass": 167.51132202148438,
        "min_biomass": 96.50326538085938,
        "max_biomass": 249.5885772705078,
        "timestamp": "20260413_032501",
        "grid_id": "408_336"
      }
    },
    {
      "type": "Feature",
      "geometry": {
        "type": "Polygon",
        "coordinates": [
          [
            [
              121.60793163886238,
              45.37795795373026
            ],
            [
              121.61709771939965,
              45.37758700229026
            ],
            [
              121.61657094255223,
              45.37112710482916
            ],
            [
              121.6074058987554,
              45.371497973185654
            ],
            [
              121.60793163886238,
              45.37795795373026
            ]
          ]
        ]
      },
      "properties": {
        "biomass": 200.0370635986328,
        "min_biomass": 119.56376647949219,
        "max_biomass": 259.1379089355469,
        "timestamp": "20260413_032501",
        "grid_id": "408_360"
      }
    },
    {
      "type": "Feature",
      "geometry": {
        "type": "Polygon",
        "coordinates": [
          [
            [
              121.61709771939965,
              45.37758700229026
            ],
            [
              121.6262636213307,
              45.37721531763832
            ],
            [
              121.625735807817,
              45.37075550342383
            ],
            [
              121.61657094255223,
              45.37112710482916
            ],
            [
              121.61709771939965,
              45.37758700229026
            ]
          ]
        ]
      },
      "properties": {
        "biomass": 212.1282196044922,
        "min_biomass": 163.4893798828125,
        "max_biomass": 281.4030456542969,
        "timestamp": "20260413_032501",
        "grid_id": "408_384"
      }
    },
    {
      "type": "Feature",
      "geometry": {
        "type": "Polygon",
        "coordinates": [
          [
            [
              121.6262636213307,
              45.37721531763832
            ],
            [
              121.63542934430718,
              45.37684289981222
            ],
            [
              121.6349004942014,
              45.37038316900747
            ],
            [
              121.625735807817,
              45.37075550342383
            ],
            [
              121.6262636213307,
              45.37721531763832
            ]
          ]
        ]
      },
      "properties": {
        "biomass": 217.25836181640625,
        "min_biomass": 145.139404296875,
        "max_biomass": 289.9547424316406,
        "timestamp": "20260413_032501",
        "grid_id": "408_408"
      }
    },
    {
      "type": "Feature",
      "geometry": {
        "type": "Polygon",
        "coordinates": [
          [
            [
              121.63542934430718,
              45.37684289981222
            ],
            [
              121.64459488798073,
              45.376469748849814
            ],
            [
              121.64406500135732,
              45.37001010161792
            ],
            [
              121.6349004942014,
              45.37038316900747
            ],
            [
              121.63542934430718,
              45.37684289981222
            ]
          ]
        ]
      },
      "properties": {
        "biomass": 168.16180419921875,
        "min_biomass": 114.1403579711914,
        "max_biomass": 237.8256378173828,
        "timestamp": "20260413_032501",
        "grid_id": "408_432"
      }
    },
    {
      "type": "Feature",
      "geometry": {
        "type": "Polygon",
        "coordinates": [
          [
            [
              121.64459488798073,
              45.376469748849814
            ],
            [
              121.65376025200308,
              45.37609586478907
            ],
            [
              121.65322932893653,
              45.36963630129311
            ],
            [
              121.64406500135732,
              45.37001010161792
            ],
            [
              121.64459488798073,
              45.376469748849814
            ]
          ]
        ]
      },
      "properties": {
        "biomass": 171.643798828125,
        "min_biomass": 117.15125274658203,
        "max_biomass": 221.4486083984375,
        "timestamp": "20260413_032501",
        "grid_id": "408_456"
      }
    },
    {
      "type": "Feature",
      "geometry": {
        "type": "Polygon",
        "coordinates": [
          [
            [
              121.65376025200308,
              45.37609586478907
            ],
            [
              121.66292543602596,
              45.37572124766799
            ],
            [
              121.66239347659099,
              45.36926176807105
            ],
            [
              121.65322932893653,
              45.36963630129311
            ],
            [
              121.65376025200308,
              45.37609586478907
            ]
          ]
        ]
      },
      "properties": {
        "biomass": 182.0281524658203,
        "min_biomass": 132.28909301757812,
        "max_biomass": 244.8582000732422,
        "timestamp": "20260413_032501",
        "grid_id": "408_480"
      }
    },
    {
      "type": "Feature",
      "geometry": {
        "type": "Polygon",
        "coordinates": [
          [
            [
              121.66292543602596,
              45.37572124766799
            ],
            [
              121.67209043970118,
              45.375345897524674
            ],
            [
              121.67155744397262,
              45.3688865019898
            ],
            [
              121.66239347659099,
              45.36926176807105
            ],
            [
              121.66292543602596,
              45.37572124766799
            ]
          ]
        ]
      },
      "properties": {
        "biomass": 219.4527130126953,
        "min_biomass": 175.05215454101562,
        "max_biomass": 255.55506896972656,
        "timestamp": "20260413_032501",
        "grid_id": "408_504"
      }
    },
    {
      "type": "Feature",
      "geometry": {
        "type": "Polygon",
        "coordinates": [
          [
            [
              121.67209043970118,
              45.375345897524674
            ],
            [
              121.68125526268058,
              45.37496981439727
            ],
            [
              121.68072123073341,
              45.36851050308751
            ],
            [
              121.67155744397262,
              45.3688865019898
            ],
            [
              121.67209043970118,
              45.375345897524674
            ]
          ]
        ]
      },
      "properties": {
        "biomass": 217.52557373046875,
        "min_biomass": 180.03512573242188,
        "max_biomass": 237.15518188476562,
        "timestamp": "20260413_032501",
        "grid_id": "408_528"
      }
    },
    {
      "type": "Feature",
      "geometry": {
        "type": "Polygon",
        "coordinates": [
          [
            [
              121.46990905488286,
              45.37697300720819
            ],
            [
              121.47907673484372,
              45.376613139067835
            ],
            [
              121.4785656901088,
              45.37015200064346
            ],
            [
              121.46939904763414,
              45.37051178816725
            ],
            [
              121.46990905488286,
              45.37697300720819
            ]
          ]
        ]
      },
      "properties": {
        "biomass": 179.83595275878906,
        "min_biomass": 179.83595275878906,
        "max_biomass": 179.83595275878906,
        "timestamp": "20260413_032501",
        "grid_id": "432_0"
      }
    },
    {
      "type": "Feature",
      "geometry": {
        "type": "Polygon",
        "coordinates": [
          [
            [
              121.47907673484372,
              45.376613139067835
            ],
            [
              121.48824424150112,
              45.37625253732076
            ],
            [
              121.48773215935196,
              45.369791479676245
            ],
            [
              121.4785656901088,
              45.37015200064346
            ],
            [
              121.47907673484372,
              45.376613139067835
            ]
          ]
        ]
      },
      "properties": {
        "biomass": 148.21725463867188,
        "min_biomass": 99.07905578613281,
        "max_biomass": 250.7927703857422,
        "timestamp": "20260413_032501",
        "grid_id": "432_24"
      }
    },
    {
      "type": "Feature",
      "geometry": {
        "type": "Polygon",
        "coordinates": [
          [
            [
              121.48824424150112,
              45.37625253732076
            ],
            [
              121.49741157450623,
              45.37589120200362
            ],
            [
              121.49689845501493,
              45.36943022530226
            ],
            [
              121.48773215935196,
              45.369791479676245
            ],
            [
              121.48824424150112,
              45.37625253732076
            ]
          ]
        ]
      },
      "properties": {
        "biomass": 211.60906982421875,
        "min_biomass": 131.22215270996094,
        "max_biomass": 282.4763488769531,
        "timestamp": "20260413_032501",
        "grid_id": "432_48"
      }
    },
    {
      "type": "Feature",
      "geometry": {
        "type": "Polygon",
        "coordinates": [
          [
            [
              121.49741157450623,
              45.37589120200362
            ],
            [
              121.50657873351021,
              45.37552913315319
            ],
            [
              121.50606457674897,
              45.36906823755828
            ],
            [
              121.49689845501493,
              45.36943022530226
            ],
            [
              121.49741157450623,
              45.37589120200362
            ]
          ]
        ]
      },
      "properties": {
        "biomass": 162.7938995361328,
        "min_biomass": 102.78794860839844,
        "max_biomass": 243.9852752685547,
        "timestamp": "20260413_032501",
        "grid_id": "432_72"
      }
    },
    {
      "type": "Feature",
      "geometry": {
        "type": "Polygon",
        "coordinates": [
          [
            [
              121.50657873351021,
              45.37552913315319
            ],
            [
              121.51574571816428,
              45.375166330806266
            ],
            [
              121.51523052420545,
              45.36870551648109
            ],
            [
              121.50606457674897,
              45.36906823755828
            ],
            [
              121.50657873351021,
              45.37552913315319
            ]
          ]
        ]
      },
      "properties": {
        "biomass": 152.55299377441406,
        "min_biomass": 98.12049102783203,
        "max_biomass": 257.451416015625,
        "timestamp": "20260413_032501",
        "grid_id": "432_96"
      }
    },
    {
      "type": "Feature",
      "geometry": {
        "type": "Polygon",
        "coordinates": [
          [
            [
              121.51574571816428,
              45.375166330806266
            ],
            [
              121.52491252811969,
              45.37480279499978
            ],
            [
              121.52439629703579,
              45.36834206210761
            ],
            [
              121.51523052420545,
              45.36870551648109
            ],
            [
              121.51574571816428,
              45.375166330806266
            ]
          ]
        ]
      },
      "properties": {
        "biomass": 111.78463745117188,
        "min_biomass": 96.13471984863281,
        "max_biomass": 131.6951446533203,
        "timestamp": "20260413_032501",
        "grid_id": "432_120"
      }
    },
    {
      "type": "Feature",
      "geometry": {
        "type": "Polygon",
        "coordinates": [
          [
            [
              121.52491252811969,
              45.37480279499978
            ],
            [
              121.5340791630277,
              45.374438525770685
            ],
            [
              121.53356189489138,
              45.36797787447477
            ],
            [
              121.52439629703579,
              45.36834206210761
            ],
            [
              121.52491252811969,
              45.37480279499978
            ]
          ]
        ]
      },
      "properties": {
        "biomass": 112.3452377319336,
        "min_biomass": 96.08324432373047,
        "max_biomass": 133.63656616210938,
        "timestamp": "20260413_032501",
        "grid_id": "432_144"
      }
    },
    {
      "type": "Feature",
      "geometry": {
        "type": "Polygon",
        "coordinates": [
          [
            [
              121.5340791630277,
              45.374438525770685
            ],
            [
              121.54324562253967,
              45.37407352315605
            ],
            [
              121.54272731742373,
              45.3676129536196
            ],
            [
              121.53356189489138,
              45.36797787447477
            ],
            [
              121.5340791630277,
              45.374438525770685
            ]
          ]
        ]
      },
      "properties": {
        "biomass": 159.1541290283203,
        "min_biomass": 108.4770736694336,
        "max_biomass": 223.85646057128906,
        "timestamp": "20260413_032501",
        "grid_id": "432_168"
      }
    },
    {
      "type": "Feature",
      "geometry": {
        "type": "Polygon",
        "coordinates": [
          [
            [
              121.54324562253967,
              45.37407352315605
            ],
            [
              121.55241190630696,
              45.373707787193
            ],
            [
              121.55189256428434,
              45.367247299579226
            ],
            [
              121.54272731742373,
              45.3676129536196
            ],
            [
              121.54324562253967,
              45.37407352315605
            ]
          ]
        ]
      },
      "properties": {
        "biomass": 224.07264709472656,
        "min_biomass": 176.85464477539062,
        "max_biomass": 269.87188720703125,
        "timestamp": "20260413_032501",
        "grid_id": "432_192"
      }
    },
    {
      "type": "Feature",
      "geometry": {
        "type": "Polygon",
        "coordinates": [
          [
            [
              121.55241190630696,
              45.373707787193
            ],
            [
              121.56157801398103,
              45.373341317918694
            ],
            [
              121.56105763512478,
              45.36688091239081
            ],
            [
              121.55189256428434,
              45.367247299579226
            ],
            [
              121.55241190630696,
              45.373707787193
            ]
          ]
        ]
      },
      "properties": {
        "biomass": 199.52279663085938,
        "min_biomass": 156.5761260986328,
        "max_biomass": 244.2890167236328,
        "timestamp": "20260413_032501",
        "grid_id": "432_216"
      }
    },
    {
      "type": "Feature",
      "geometry": {
        "type": "Polygon",
        "coordinates": [
          [
            [
              121.56157801398103,
              45.373341317918694
            ],
            [
              121.57074394521331,
              45.37297411537043
            ],
            [
              121.57022252959669,
              45.366513792091624
            ],
            [
              121.56105763512478,
              45.36688091239081
            ],
            [
              121.56157801398103,
              45.373341317918694
            ]
          ]
        ]
      },
      "properties": {
        "biomass": 175.56182861328125,
        "min_biomass": 117.09107208251953,
        "max_biomass": 215.30401611328125,
        "timestamp": "20260413_032501",
        "grid_id": "432_240"
      }
    },
    {
      "type": "Feature",
      "geometry": {
        "type": "Polygon",
        "coordinates": [
          [
            [
              121.57074394521331,
              45.37297411537043
            ],
            [
              121.5799096996553,
              45.37260617958555
            ],
            [
              121.57938724735165,
              45.36614593871899
            ],
            [
              121.57022252959669,
              45.366513792091624
            ],
            [
              121.57074394521331,
              45.37297411537043
            ]
          ]
        ]
      },
      "properties": {
        "biomass": 122.02994537353516,
        "min_biomass": 96.11532592773438,
        "max_biomass": 160.5465850830078,
        "timestamp": "20260413_032501",
        "grid_id": "432_264"
      }
    },
    {
      "type": "Feature",
      "geometry": {
        "type": "Polygon",
        "coordinates": [
          [
            [
              121.5799096996553,
              45.37260617958555
            ],
            [
              121.58907527695858,
              45.37223751060146
            ],
            [
              121.58855178804141,
              45.365777352310296
            ],
            [
              121.57938724735165,
              45.36614593871899
            ],
            [
              121.5799096996553,
              45.37260617958555
            ]
          ]
        ]
      },
      "properties": {
        "biomass": 117.65522003173828,
        "min_biomass": 96.39019775390625,
        "max_biomass": 149.4061737060547,
        "timestamp": "20260413_032501",
        "grid_id": "432_288"
      }
    },
    {
      "type": "Feature",
      "geometry": {
        "type": "Polygon",
        "coordinates": [
          [
            [
              121.58907527695858,
              45.37223751060146
            ],
            [
              121.59824067677474,
              45.37186810845564
            ],
            [
              121.59771615131768,
              45.365408032903034
            ],
            [
              121.58855178804141,
              45.365777352310296
            ],
            [
              121.58907527695858,
              45.37223751060146
            ]
          ]
        ]
      },
      "properties": {
        "biomass": 113.1009521484375,
        "min_biomass": 96.06947326660156,
        "max_biomass": 144.46408081054688,
        "timestamp": "20260413_032501",
        "grid_id": "432_312"
      }
    },
    {
      "type": "Feature",
      "geometry": {
        "type": "Polygon",
        "coordinates": [
          [
            [
              121.59824067677474,
              45.37186810845564
            ],
            [
              121.6074058987554,
              45.371497973185654
            ],
            [
              121.60688033683226,
              45.36503798053473
            ],
            [
              121.59771615131768,
              45.365408032903034
            ],
            [
              121.59824067677474,
              45.37186810845564
            ]
          ]
        ]
      },
      "properties": {
        "biomass": 129.45008850097656,
        "min_biomass": 96.10911560058594,
        "max_biomass": 226.11314392089844,
        "timestamp": "20260413_032501",
        "grid_id": "432_336"
      }
    },
    {
      "type": "Feature",
      "geometry": {
        "type": "Polygon",
        "coordinates": [
          [
            [
              121.6074058987554,
              45.371497973185654
            ],
            [
              121.61657094255223,
              45.37112710482916
            ],
            [
              121.61604434423695,
              45.364667195243015
            ],
            [
              121.60688033683226,
              45.36503798053473
            ],
            [
              121.6074058987554,
              45.371497973185654
            ]
          ]
        ]
      },
      "properties": {
        "biomass": 176.58901977539062,
        "min_biomass": 96.4809799194336,
        "max_biomass": 259.0353698730469,
        "timestamp": "20260413_032501",
        "grid_id": "432_360"
      }
    },
    {
      "type": "Feature",
      "geometry": {
        "type": "Polygon",
        "coordinates": [
          [
            [
              121.61657094255223,
              45.37112710482916
            ],
            [
              121.625735807817,
              45.37075550342383
            ],
            [
              121.62520817318362,
              45.36429567706558
            ],
            [
              121.61604434423695,
              45.364667195243015
            ],
            [
              121.61657094255223,
              45.37112710482916
            ]
          ]
        ]
      },
      "properties": {
        "biomass": 170.4962615966797,
        "min_biomass": 106.06410217285156,
        "max_biomass": 224.77749633789062,
        "timestamp": "20260413_032501",
        "grid_id": "432_384"
      }
    },
    {
      "type": "Feature",
      "geometry": {
        "type": "Polygon",
        "coordinates": [
          [
            [
              121.625735807817,
              45.37075550342383
            ],
            [
              121.6349004942014,
              45.37038316900747
            ],
            [
              121.63437182332416,
              45.36392342604019
            ],
            [
              121.62520817318362,
              45.36429567706558
            ],
            [
              121.625735807817,
              45.37075550342383
            ]
          ]
        ]
      },
      "properties": {
        "biomass": 189.52676391601562,
        "min_biomass": 116.76244354248047,
        "max_biomass": 255.87188720703125,
        "timestamp": "20260413_032501",
        "grid_id": "432_408"
      }
    },
    {
      "type": "Feature",
      "geometry": {
        "type": "Polygon",
        "coordinates": [
          [
            [
              121.6349004942014,
              45.37038316900747
            ],
            [
              121.64406500135732,
              45.37001010161792
            ],
            [
              121.64353529431057,
              45.363550442204684
            ],
            [
              121.63437182332416,
              45.36392342604019
            ],
            [
              121.6349004942014,
              45.37038316900747
            ]
          ]
        ]
      },
      "properties": {
        "biomass": 208.3626251220703,
        "min_biomass": 166.90945434570312,
        "max_biomass": 255.66729736328125,
        "timestamp": "20260413_032501",
        "grid_id": "432_432"
      }
    },
    {
      "type": "Feature",
      "geometry": {
        "type": "Polygon",
        "coordinates": [
          [
            [
              121.64406500135732,
              45.37001010161792
            ],
            [
              121.65322932893653,
              45.36963630129311
            ],
            [
              121.65269858579478,
              45.363176725596965
            ],
            [
              121.64353529431057,
              45.363550442204684
            ],
            [
              121.64406500135732,
              45.37001010161792
            ]
          ]
        ]
      },
      "properties": {
        "biomass": 208.26687622070312,
        "min_biomass": 176.97103881835938,
        "max_biomass": 263.77728271484375,
        "timestamp": "20260413_032501",
        "grid_id": "432_456"
      }
    },
    {
      "type": "Feature",
      "geometry": {
        "type": "Polygon",
        "coordinates": [
          [
            [
              121.65322932893653,
              45.36963630129311
            ],
            [
              121.66239347659099,
              45.36926176807105
            ],
            [
              121.66186169742889,
              45.36280227625504
            ],
            [
              121.65269858579478,
              45.363176725596965
            ],
            [
              121.65322932893653,
              45.36963630129311
            ]
          ]
        ]
      },
      "properties": {
        "biomass": 196.01466369628906,
        "min_biomass": 159.15176391601562,
        "max_biomass": 234.92189025878906,
        "timestamp": "20260413_032501",
        "grid_id": "432_480"
      }
    },
    {
      "type": "Feature",
      "geometry": {
        "type": "Polygon",
        "coordinates": [
          [
            [
              121.66239347659099,
              45.36926176807105
            ],
            [
              121.67155744397262,
              45.3688865019898
            ],
            [
              121.67102462886494,
              45.362427094216955
            ],
            [
              121.66186169742889,
              45.36280227625504
            ],
            [
              121.66239347659099,
              45.36926176807105
            ]
          ]
        ]
      },
      "properties": {
        "biomass": 220.92872619628906,
        "min_biomass": 175.14553833007812,
        "max_biomass": 262.31451416015625,
        "timestamp": "20260413_032501",
        "grid_id": "432_504"
      }
    },
    {
      "type": "Feature",
      "geometry": {
        "type": "Polygon",
        "coordinates": [
          [
            [
              121.67155744397262,
              45.3688865019898
            ],
            [
              121.68072123073341,
              45.36851050308751
            ],
            [
              121.68018737975508,
              45.36205117952083
            ],
            [
              121.67102462886494,
              45.362427094216955
            ],
            [
              121.67155744397262,
              45.3688865019898
            ]
          ]
        ]
      },
      "properties": {
        "biomass": 206.82388305664062,
        "min_biomass": 179.0376739501953,
        "max_biomass": 249.32232666015625,
        "timestamp": "20260413_032501",
        "grid_id": "432_528"
      }
    },
    {
      "type": "Feature",
      "geometry": {
        "type": "Polygon",
        "coordinates": [
          [
            [
              121.46939904763414,
              45.37051178816725
            ],
            [
              121.4785656901088,
              45.37015200064346
            ],
            [
              121.47805481860537,
              45.36369085037272
            ],
            [
              121.46888921326814,
              45.36405055729812
            ],
            [
              121.46939904763414,
              45.37051178816725
            ]
          ]
        ]
      },
      "properties": {
        "biomass": 177.9629669189453,
        "min_biomass": 115.27059936523438,
        "max_biomass": 244.887451171875,
        "timestamp": "20260413_032501",
        "grid_id": "456_0"
      }
    },
    {
      "type": "Feature",
      "geometry": {
        "type": "Polygon",
        "coordinates": [
          [
            [
              121.4785656901088,
              45.37015200064346
            ],
            [
              121.48773215935196,
              45.369791479676245
            ],
            [
              121.48722025078305,
              45.36333041016719
            ],
            [
              121.47805481860537,
              45.36369085037272
            ],
            [
              121.4785656901088,
              45.37015200064346
            ]
          ]
        ]
      },
      "properties": {
        "biomass": 120.43128967285156,
        "min_biomass": 97.07227325439453,
        "max_biomass": 167.41395568847656,
        "timestamp": "20260413_032501",
        "grid_id": "456_24"
      }
    },
    {
      "type": "Feature",
      "geometry": {
        "type": "Polygon",
        "coordinates": [
          [
            [
              121.48773215935196,
              45.369791479676245
            ],
            [
              121.49689845501493,
              45.36943022530226
            ],
            [
              121.49638550945252,
              45.362969236718165
            ],
            [
              121.48722025078305,
              45.36333041016719
            ],
            [
              121.48773215935196,
              45.369791479676245
            ]
          ]
        ]
      },
      "properties": {
        "biomass": 132.53884887695312,
        "min_biomass": 96.08971405029297,
        "max_biomass": 217.84751892089844,
        "timestamp": "20260413_032501",
        "grid_id": "456_48"
      }
    },
    {
      "type": "Feature",
      "geometry": {
        "type": "Polygon",
        "coordinates": [
          [
            [
              121.49689845501493,
              45.36943022530226
            ],
            [
              121.50606457674897,
              45.36906823755828
            ],
            [
              121.5055505942653,
              45.362607330062374
            ],
            [
              121.49638550945252,
              45.362969236718165
            ],
            [
              121.49689845501493,
              45.36943022530226
            ]
          ]
        ]
      },
      "properties": {
        "biomass": 204.68348693847656,
        "min_biomass": 121.47967529296875,
        "max_biomass": 282.44696044921875,
        "timestamp": "20260413_032501",
        "grid_id": "456_72"
      }
    },
    {
      "type": "Feature",
      "geometry": {
        "type": "Polygon",
        "coordinates": [
          [
            [
              121.50606457674897,
              45.36906823755828
            ],
            [
              121.51523052420545,
              45.36870551648109
            ],
            [
              121.51471550487283,
              45.36224469023664
            ],
            [
              121.5055505942653,
              45.362607330062374
            ],
            [
              121.50606457674897,
              45.36906823755828
            ]
          ]
        ]
      },
      "properties": {
        "biomass": 186.64480590820312,
        "min_biomass": 115.58985900878906,
        "max_biomass": 290.56829833984375,
        "timestamp": "20260413_032501",
        "grid_id": "456_96"
      }
    },
    {
      "type": "Feature",
      "geometry": {
        "type": "Polygon",
        "coordinates": [
          [
            [
              121.51523052420545,
              45.36870551648109
            ],
            [
              121.52439629703579,
              45.36834206210761
            ],
            [
              121.52388024092663,
              45.361881317277806
            ],
            [
              121.51471550487283,
              45.36224469023664
            ],
            [
              121.51523052420545,
              45.36870551648109
            ]
          ]
        ]
      },
      "properties": {
        "biomass": 113.12854766845703,
        "min_biomass": 96.64686584472656,
        "max_biomass": 131.33908081054688,
        "timestamp": "20260413_032501",
        "grid_id": "456_120"
      }
    },
    {
      "type": "Feature",
      "geometry": {
        "type": "Polygon",
        "coordinates": [
          [
            [
              121.52439629703579,
              45.36834206210761
            ],
            [
              121.53356189489138,
              45.36797787447477
            ],
            [
              121.53304480207834,
              45.36151721122283
            ],
            [
              121.52388024092663,
              45.361881317277806
            ],
            [
              121.52439629703579,
              45.36834206210761
            ]
          ]
        ]
      },
      "properties": {
        "biomass": 112.45580291748047,
        "min_biomass": 96.11569213867188,
        "max_biomass": 132.75474548339844,
        "timestamp": "20260413_032501",
        "grid_id": "456_144"
      }
    },
    {
      "type": "Feature",
      "geometry": {
        "type": "Polygon",
        "coordinates": [
          [
            [
              121.53356189489138,
              45.36797787447477
            ],
            [
              121.54272731742373,
              45.3676129536196
            ],
            [
              121.54220918797954,
              45.36115237210874
            ],
            [
              121.53304480207834,
              45.36151721122283
            ],
            [
              121.53356189489138,
              45.36797787447477
            ]
          ]
        ]
      },
      "properties": {
        "biomass": 144.11680603027344,
        "min_biomass": 100.9486083984375,
        "max_biomass": 217.2206573486328,
        "timestamp": "20260413_032501",
        "grid_id": "456_168"
      }
    },
    {
      "type": "Feature",
      "geometry": {
        "type": "Polygon",
        "coordinates": [
          [
            [
              121.54272731742373,
              45.3676129536196
            ],
            [
              121.55189256428434,
              45.367247299579226
            ],
            [
              121.55137339828188,
              45.36078679997261
            ],
            [
              121.54220918797954,
              45.36115237210874
            ],
            [
              121.54272731742373,
              45.3676129536196
            ]
          ]
        ]
      },
      "properties": {
        "biomass": 203.85943603515625,
        "min_biomass": 136.3909149169922,
        "max_biomass": 251.47006225585938,
        "timestamp": "20260413_032501",
        "grid_id": "456_192"
      }
    },
    {
      "type": "Feature",
      "geometry": {
        "type": "Polygon",
        "coordinates": [
          [
            [
              121.55189256428434,
              45.367247299579226
            ],
            [
              121.56105763512478,
              45.36688091239081
            ],
            [
              121.56053743263712,
              45.36042049485161
            ],
            [
              121.55137339828188,
              45.36078679997261
            ],
            [
              121.55189256428434,
              45.367247299579226
            ]
          ]
        ]
      },
      "properties": {
        "biomass": 208.1667938232422,
        "min_biomass": 159.1448211669922,
        "max_biomass": 256.9756774902344,
        "timestamp": "20260413_032501",
        "grid_id": "456_216"
      }
    },
    {
      "type": "Feature",
      "geometry": {
        "type": "Polygon",
        "coordinates": [
          [
            [
              121.56105763512478,
              45.36688091239081
            ],
            [
              121.57022252959669,
              45.366513792091624
            ],
            [
              121.56970129069695,
              45.360053456783
            ],
            [
              121.56053743263712,
              45.36042049485161
            ],
            [
              121.56105763512478,
              45.36688091239081
            ]
          ]
        ]
      },
      "properties": {
        "biomass": 170.5362091064453,
        "min_biomass": 124.70024108886719,
        "max_biomass": 222.96389770507812,
        "timestamp": "20260413_032501",
        "grid_id": "456_240"
      }
    },
    {
      "type": "Feature",
      "geometry": {
        "type": "Polygon",
        "coordinates": [
          [
            [
              121.57022252959669,
              45.366513792091624
            ],
            [
              121.57938724735165,
              45.36614593871899
            ],
            [
              121.57886497211321,
              45.35968568580407
            ],
            [
              121.56970129069695,
              45.360053456783
            ],
            [
              121.57022252959669,
              45.366513792091624
            ]
          ]
        ]
      },
      "properties": {
        "biomass": 133.97940063476562,
        "min_biomass": 96.79115295410156,
        "max_biomass": 189.69403076171875,
        "timestamp": "20260413_032501",
        "grid_id": "456_264"
      }
    },
    {
      "type": "Feature",
      "geometry": {
        "type": "Polygon",
        "coordinates": [
          [
            [
              121.57938724735165,
              45.36614593871899
            ],
            [
              121.58855178804141,
              45.365777352310296
            ],
            [
              121.58802847653773,
              45.35931718195219
            ],
            [
              121.57886497211321,
              45.35968568580407
            ],
            [
              121.57938724735165,
              45.36614593871899
            ]
          ]
        ]
      },
      "properties": {
        "biomass": 129.38818359375,
        "min_biomass": 96.67933654785156,
        "max_biomass": 209.5540313720703,
        "timestamp": "20260413_032501",
        "grid_id": "456_288"
      }
    },
    {
      "type": "Feature",
      "geometry": {
        "type": "Polygon",
        "coordinates": [
          [
            [
              121.58855178804141,
              45.365777352310296
            ],
            [
              121.59771615131768,
              45.365408032903034
            ],
            [
              121.59719180362234,
              45.35894794526486
            ],
            [
              121.58802847653773,
              45.35931718195219
            ],
            [
              121.58855178804141,
              45.365777352310296
            ]
          ]
        ]
      },
      "properties": {
        "biomass": 165.73939514160156,
        "min_biomass": 104.18363189697266,
        "max_biomass": 249.68292236328125,
        "timestamp": "20260413_032501",
        "grid_id": "456_312"
      }
    },
    {
      "type": "Feature",
      "geometry": {
        "type": "Polygon",
        "coordinates": [
          [
            [
              121.59771615131768,
              45.365408032903034
            ],
            [
              121.60688033683226,
              45.36503798053473
            ],
            [
              121.606354953019,
              45.35857797577958
            ],
            [
              121.59719180362234,
              45.35894794526486
            ],
            [
              121.59771615131768,
              45.365408032903034
            ]
          ]
        ]
      },
      "properties": {
        "biomass": 132.78965759277344,
        "min_biomass": 97.70443725585938,
        "max_biomass": 176.52354431152344,
        "timestamp": "20260413_032501",
        "grid_id": "456_336"
      }
    },
    {
      "type": "Feature",
      "geometry": {
        "type": "Polygon",
        "coordinates": [
          [
            [
              121.60688033683226,
              45.36503798053473
            ],
            [
              121.61604434423695,
              45.364667195243015
            ],
            [
              121.61551792437967,
              45.35820727353397
            ],
            [
              121.606354953019,
              45.35857797577958
            ],
            [
              121.60688033683226,
              45.36503798053473
            ]
          ]
        ]
      },
      "properties": {
        "biomass": 123.8743896484375,
        "min_biomass": 96.1006088256836,
        "max_biomass": 200.24459838867188,
        "timestamp": "20260413_032501",
        "grid_id": "456_360"
      }
    },
    {
      "type": "Feature",
      "geometry": {
        "type": "Polygon",
        "coordinates": [
          [
            [
              121.61604434423695,
              45.364667195243015
            ],
            [
              121.62520817318362,
              45.36429567706558
            ],
            [
              121.62468071735634,
              45.3578358385657
            ],
            [
              121.61551792437967,
              45.35820727353397
            ],
            [
              121.61604434423695,
              45.364667195243015
            ]
          ]
        ]
      },
      "properties": {
        "biomass": 117.16018676757812,
        "min_biomass": 96.42692565917969,
        "max_biomass": 145.5319366455078,
        "timestamp": "20260413_032501",
        "grid_id": "456_384"
      }
    },
    {
      "type": "Feature",
      "geometry": {
        "type": "Polygon",
        "coordinates": [
          [
            [
              121.62520817318362,
              45.36429567706558
            ],
            [
              121.63437182332416,
              45.36392342604019
            ],
            [
              121.63384333160108,
              45.357463670912516
            ],
            [
              121.62468071735634,
              45.3578358385657
            ],
            [
              121.62520817318362,
              45.36429567706558
            ]
          ]
        ]
      },
      "properties": {
        "biomass": 136.06060791015625,
        "min_biomass": 104.28111267089844,
        "max_biomass": 213.8050079345703,
        "timestamp": "20260413_032501",
        "grid_id": "456_408"
      }
    },
    {
      "type": "Feature",
      "geometry": {
        "type": "Polygon",
        "coordinates": [
          [
            [
              121.63437182332416,
              45.36392342604019
            ],
            [
              121.64353529431057,
              45.363550442204684
            ],
            [
              121.64300576676598,
              45.35709077061225
            ],
            [
              121.63384333160108,
              45.357463670912516
            ],
            [
              121.63437182332416,
              45.36392342604019
            ]
          ]
        ]
      },
      "properties": {
        "biomass": 196.70474243164062,
        "min_biomass": 147.68362426757812,
        "max_biomass": 264.56146240234375,
        "timestamp": "20260413_032501",
        "grid_id": "456_432"
      }
    },
    {
      "type": "Feature",
      "geometry": {
        "type": "Polygon",
        "coordinates": [
          [
            [
              121.64353529431057,
              45.363550442204684
            ],
            [
              121.65269858579478,
              45.363176725596965
            ],
            [
              121.65216802250318,
              45.35671713770281
            ],
            [
              121.64300576676598,
              45.35709077061225
            ],
            [
              121.64353529431057,
              45.363550442204684
            ]
          ]
        ]
      },
      "properties": {
        "biomass": 222.56483459472656,
        "min_biomass": 179.46304321289062,
        "max_biomass": 275.5271911621094,
        "timestamp": "20260413_032501",
        "grid_id": "456_456"
      }
    },
    {
      "type": "Feature",
      "geometry": {
        "type": "Polygon",
        "coordinates": [
          [
            [
              121.65269858579478,
              45.363176725596965
            ],
            [
              121.66186169742889,
              45.36280227625504
            ],
            [
              121.66133009846482,
              45.356342772222135
            ],
            [
              121.65216802250318,
              45.35671713770281
            ],
            [
              121.65269858579478,
              45.363176725596965
            ]
          ]
        ]
      },
      "properties": {
        "biomass": 200.65057373046875,
        "min_biomass": 148.61297607421875,
        "max_biomass": 255.80787658691406,
        "timestamp": "20260413_032501",
        "grid_id": "456_480"
      }
    },
    {
      "type": "Feature",
      "geometry": {
        "type": "Polygon",
        "coordinates": [
          [
            [
              121.66186169742889,
              45.36280227625504
            ],
            [
              121.67102462886494,
              45.362427094216955
            ],
            [
              121.67049199430316,
              45.355967674208294
            ],
            [
              121.66133009846482,
              45.356342772222135
            ],
            [
              121.66186169742889,
              45.36280227625504
            ]
          ]
        ]
      },
      "properties": {
        "biomass": 210.80531311035156,
        "min_biomass": 175.85858154296875,
        "max_biomass": 246.80511474609375,
        "timestamp": "20260413_032501",
        "grid_id": "456_504"
      }
    },
    {
      "type": "Feature",
      "geometry": {
        "type": "Polygon",
        "coordinates": [
          [
            [
              121.46888921326814,
              45.36405055729812
            ],
            [
              121.47805481860537,
              45.36369085037272
            ],
            [
              121.47754412026157,
              45.35722968825765
            ],
            [
              121.46837955171308,
              45.35758931460278
            ],
            [
              121.46888921326814,
              45.36405055729812
            ]
          ]
        ]
      },
      "properties": {
        "biomass": 210.11648559570312,
        "min_biomass": 149.0153045654297,
        "max_biomass": 287.20355224609375,
        "timestamp": "20260413_032501",
        "grid_id": "480_0"
      }
    },
    {
      "type": "Feature",
      "geometry": {
        "type": "Polygon",
        "coordinates": [
          [
            [
              121.47805481860537,
              45.36369085037272
            ],
            [
              121.48722025078305,
              45.36333041016719
            ],
            [
              121.48670851572233,
              45.356869328795604
            ],
            [
              121.47754412026157,
              45.35722968825765
            ],
            [
              121.47805481860537,
              45.36369085037272
            ]
          ]
        ]
      },
      "properties": {
        "biomass": 149.3826141357422,
        "min_biomass": 98.71971893310547,
        "max_biomass": 209.2783203125,
        "timestamp": "20260413_032501",
        "grid_id": "480_24"
      }
    },
    {
      "type": "Feature",
      "geometry": {
        "type": "Polygon",
        "coordinates": [
          [
            [
              121.48722025078305,
              45.36333041016719
            ],
            [
              121.49638550945252,
              45.362969236718165
            ],
            [
              121.49587273774686,
              45.356508236253326
            ],
            [
              121.48670851572233,
              45.356869328795604
            ],
            [
              121.48722025078305,
              45.36333041016719
            ]
          ]
        ]
      },
      "properties": {
        "biomass": 114.44918823242188,
        "min_biomass": 96.28530883789062,
        "max_biomass": 162.13735961914062,
        "timestamp": "20260413_032501",
        "grid_id": "480_48"
      }
    },
    {
      "type": "Feature",
      "geometry": {
        "type": "Polygon",
        "coordinates": [
          [
            [
              121.49638550945252,
              45.362969236718165
            ],
            [
              121.5055505942653,
              45.362607330062374
            ],
            [
              121.50503678598686,
              45.356146410667485
            ],
            [
              121.49587273774686,
              45.356508236253326
            ],
            [
              121.49638550945252,
              45.362969236718165
            ]
          ]
        ]
      },
      "properties": {
        "biomass": 174.9009246826172,
        "min_biomass": 96.69581604003906,
        "max_biomass": 291.21258544921875,
        "timestamp": "20260413_032501",
        "grid_id": "480_72"
      }
    },
    {
      "type": "Feature",
      "geometry": {
        "type": "Polygon",
        "coordinates": [
          [
            [
              121.5055505942653,
              45.362607330062374
            ],
            [
              121.51471550487283,
              45.36224469023664
            ],
            [
              121.51420066009386,
              45.35578385207491
            ],
            [
              121.50503678598686,
              45.356146410667485
            ],
            [
              121.5055505942653,
              45.362607330062374
            ]
          ]
        ]
      },
      "properties": {
        "biomass": 148.23826599121094,
        "min_biomass": 96.43219757080078,
        "max_biomass": 294.1045227050781,
        "timestamp": "20260413_032501",
        "grid_id": "480_96"
      }
    },
    {
      "type": "Feature",
      "geometry": {
        "type": "Polygon",
        "coordinates": [
          [
            [
              121.51471550487283,
              45.36224469023664
            ],
            [
              121.52388024092663,
              45.361881317277806
            ],
            [
              121.52336435971961,
              45.355420560512414
            ],
            [
              121.51420066009386,
              45.35578385207491
            ],
            [
              121.51471550487283,
              45.36224469023664
            ]
          ]
        ]
      },
      "properties": {
        "biomass": 109.70794677734375,
        "min_biomass": 96.12250518798828,
        "max_biomass": 127.83474731445312,
        "timestamp": "20260413_032501",
        "grid_id": "480_120"
      }
    },
    {
      "type": "Feature",
      "geometry": {
        "type": "Polygon",
        "coordinates": [
          [
            [
              121.52388024092663,
              45.361881317277806
            ],
            [
              121.53304480207834,
              45.36151721122283
            ],
            [
              121.53252788451579,
              45.35505653601695
            ],
            [
              121.52336435971961,
              45.355420560512414
            ],
            [
              121.52388024092663,
              45.361881317277806
            ]
          ]
        ]
      },
      "properties": {
        "biomass": 113.17472076416016,
        "min_biomass": 96.16072845458984,
        "max_biomass": 131.6260528564453,
        "timestamp": "20260413_032501",
        "grid_id": "480_144"
      }
    },
    {
      "type": "Feature",
      "geometry": {
        "type": "Polygon",
        "coordinates": [
          [
            [
              121.53304480207834,
              45.36151721122283
            ],
            [
              121.54220918797954,
              45.36115237210874
            ],
            [
              121.54169123413418,
              45.354691778625536
            ],
            [
              121.53252788451579,
              45.35505653601695
            ],
            [
              121.53304480207834,
              45.36151721122283
            ]
          ]
        ]
      },
      "properties": {
        "biomass": 115.8790283203125,
        "min_biomass": 96.13455963134766,
        "max_biomass": 148.95596313476562,
        "timestamp": "20260413_032501",
        "grid_id": "480_168"
      }
    },
    {
      "type": "Feature",
      "geometry": {
        "type": "Polygon",
        "coordinates": [
          [
            [
              121.54220918797954,
              45.36115237210874
            ],
            [
              121.55137339828188,
              45.36078679997261
            ],
            [
              121.55085440822657,
              45.354326288375226
            ],
            [
              121.54169123413418,
              45.354691778625536
            ],
            [
              121.54220918797954,
              45.36115237210874
            ]
          ]
        ]
      },
      "properties": {
        "biomass": 151.0277099609375,
        "min_biomass": 109.08264923095703,
        "max_biomass": 209.00186157226562,
        "timestamp": "20260413_032501",
        "grid_id": "480_192"
      }
    },
    {
      "type": "Feature",
      "geometry": {
        "type": "Polygon",
        "coordinates": [
          [
            [
              121.55137339828188,
              45.36078679997261
            ],
            [
              121.56053743263712,
              45.36042049485161
            ],
            [
              121.56001740644486,
              45.35396006530318
            ],
            [
              121.55085440822657,
              45.354326288375226
            ],
            [
              121.55137339828188,
              45.36078679997261
            ]
          ]
        ]
      },
      "properties": {
        "biomass": 197.1052703857422,
        "min_biomass": 141.94456481933594,
        "max_biomass": 252.25494384765625,
        "timestamp": "20260413_032501",
        "grid_id": "480_216"
      }
    },
    {
      "type": "Feature",
      "geometry": {
        "type": "Polygon",
        "coordinates": [
          [
            [
              121.56053743263712,
              45.36042049485161
            ],
            [
              121.56970129069695,
              45.360053456783
            ],
            [
              121.56918022844086,
              45.35359310944662
            ],
            [
              121.56001740644486,
              45.35396006530318
            ],
            [
              121.56053743263712,
              45.36042049485161
            ]
          ]
        ]
      },
      "properties": {
        "biomass": 148.86000061035156,
        "min_biomass": 107.15982055664062,
        "max_biomass": 195.2251434326172,
        "timestamp": "20260413_032501",
        "grid_id": "480_240"
      }
    },
    {
      "type": "Feature",
      "geometry": {
        "type": "Polygon",
        "coordinates": [
          [
            [
              121.56970129069695,
              45.360053456783
            ],
            [
              121.57886497211321,
              45.35968568580407
            ],
            [
              121.57834287386656,
              45.353225420842854
            ],
            [
              121.56918022844086,
              45.35359310944662
            ],
            [
              121.56970129069695,
              45.360053456783
            ]
          ]
        ]
      },
      "properties": {
        "biomass": 115.50774383544922,
        "min_biomass": 96.36322021484375,
        "max_biomass": 142.4768524169922,
        "timestamp": "20260413_032501",
        "grid_id": "480_264"
      }
    },
    {
      "type": "Feature",
      "geometry": {
        "type": "Polygon",
        "coordinates": [
          [
            [
              121.57886497211321,
              45.35968568580407
            ],
            [
              121.58802847653773,
              45.35931718195219
            ],
            [
              121.58750534237392,
              45.35285699952924
            ],
            [
              121.57834287386656,
              45.353225420842854
            ],
            [
              121.57886497211321,
              45.35968568580407
            ]
          ]
        ]
      },
      "properties": {
        "biomass": 189.57603454589844,
        "min_biomass": 109.5130386352539,
        "max_biomass": 256.7757263183594,
        "timestamp": "20260413_032501",
        "grid_id": "480_288"
      }
    },
    {
      "type": "Feature",
      "geometry": {
        "type": "Polygon",
        "coordinates": [
          [
            [
              121.58802847653773,
              45.35931718195219
            ],
            [
              121.59719180362234,
              45.35894794526486
            ],
            [
              121.59666763361496,
              45.35248784554322
            ],
            [
              121.58750534237392,
              45.35285699952924
            ],
            [
              121.58802847653773,
              45.35931718195219
            ]
          ]
        ]
      },
      "properties": {
        "biomass": 203.9869384765625,
        "min_biomass": 169.61734008789062,
        "max_biomass": 260.58013916015625,
        "timestamp": "20260413_032501",
        "grid_id": "480_312"
      }
    },
    {
      "type": "Feature",
      "geometry": {
        "type": "Polygon",
        "coordinates": [
          [
            [
              121.59719180362234,
              45.35894794526486
            ],
            [
              121.606354953019,
              45.35857797577958
            ],
            [
              121.60582974724174,
              45.35211795892232
            ],
            [
              121.59666763361496,
              45.35248784554322
            ],
            [
              121.59719180362234,
              45.35894794526486
            ]
          ]
        ]
      },
      "properties": {
        "biomass": 174.85775756835938,
        "min_biomass": 121.01118469238281,
        "max_biomass": 212.9447479248047,
        "timestamp": "20260413_032501",
        "grid_id": "480_336"
      }
    },
    {
      "type": "Feature",
      "geometry": {
        "type": "Polygon",
        "coordinates": [
          [
            [
              121.606354953019,
              45.35857797577958
            ],
            [
              121.61551792437967,
              45.35820727353397
            ],
            [
              121.61499168290639,
              45.351747339704126
            ],
            [
              121.60582974724174,
              45.35211795892232
            ],
            [
              121.606354953019,
              45.35857797577958
            ]
          ]
        ]
      },
      "properties": {
        "biomass": 178.18052673339844,
        "min_biomass": 144.775634765625,
        "max_biomass": 216.07447814941406,
        "timestamp": "20260413_032501",
        "grid_id": "480_360"
      }
    },
    {
      "type": "Feature",
      "geometry": {
        "type": "Polygon",
        "coordinates": [
          [
            [
              121.61551792437967,
              45.35820727353397
            ],
            [
              121.62468071735634,
              45.3578358385657
            ],
            [
              121.62415344026103,
              45.3513759879263
            ],
            [
              121.61499168290639,
              45.351747339704126
            ],
            [
              121.61551792437967,
              45.35820727353397
            ]
          ]
        ]
      },
      "properties": {
        "biomass": 139.43467712402344,
        "min_biomass": 113.92123413085938,
        "max_biomass": 178.6951446533203,
        "timestamp": "20260413_032501",
        "grid_id": "480_384"
      }
    },
    {
      "type": "Feature",
      "geometry": {
        "type": "Polygon",
        "coordinates": [
          [
            [
              121.62468071735634,
              45.3578358385657
            ],
            [
              121.63384333160108,
              45.357463670912516
            ],
            [
              121.63331501895786,
              45.35100390362658
            ],
            [
              121.62415344026103,
              45.3513759879263
            ],
            [
              121.62468071735634,
              45.3578358385657
            ]
          ]
        ]
      },
      "properties": {
        "biomass": 170.71876525878906,
        "min_biomass": 117.80255889892578,
        "max_biomass": 218.2588653564453,
        "timestamp": "20260413_032501",
        "grid_id": "480_408"
      }
    },
    {
      "type": "Feature",
      "geometry": {
        "type": "Polygon",
        "coordinates": [
          [
            [
              121.63384333160108,
              45.357463670912516
            ],
            [
              121.64300576676598,
              45.35709077061225
            ],
            [
              121.64247641864912,
              45.350631086842775
            ],
            [
              121.63331501895786,
              45.35100390362658
            ],
            [
              121.63384333160108,
              45.357463670912516
            ]
          ]
        ]
      },
      "properties": {
        "biomass": 213.46710205078125,
        "min_biomass": 180.27565002441406,
        "max_biomass": 243.88119506835938,
        "timestamp": "20260413_032501",
        "grid_id": "480_432"
      }
    },
    {
      "type": "Feature",
      "geometry": {
        "type": "Polygon",
        "coordinates": [
          [
            [
              121.64300576676598,
              45.35709077061225
            ],
            [
              121.65216802250318,
              45.35671713770281
            ],
            [
              121.65163763898707,
              45.35025753761276
            ],
            [
              121.64247641864912,
              45.350631086842775
            ],
            [
              121.64300576676598,
              45.35709077061225
            ]
          ]
        ]
      },
      "properties": {
        "biomass": 216.5585479736328,
        "min_biomass": 158.13856506347656,
        "max_biomass": 255.48672485351562,
        "timestamp": "20260413_032501",
        "grid_id": "480_456"
      }
    },
    {
      "type": "Feature",
      "geometry": {
        "type": "Polygon",
        "coordinates": [
          [
            [
              121.46837955171308,
              45.35758931460278
            ],
            [
              121.47754412026157,
              45.35722968825765
            ],
            [
              121.4770335950055,
              45.35076851430021
            ],
            [
              121.4678700628973,
              45.351128060083234
            ],
            [
              121.46837955171308,
              45.35758931460278
            ]
          ]
        ]
      },
      "properties": {
        "biomass": 219.97779846191406,
        "min_biomass": 163.20950317382812,
        "max_biomass": 300.78173828125,
        "timestamp": "20260413_032501",
        "grid_id": "504_0"
      }
    },
    {
      "type": "Feature",
      "geometry": {
        "type": "Polygon",
        "coordinates": [
          [
            [
              121.47754412026157,
              45.35722968825765
            ],
            [
              121.48670851572233,
              45.356869328795604
            ],
            [
              121.48619695409778,
              45.35040823556352
            ],
            [
              121.4770335950055,
              45.35076851430021
            ],
            [
              121.47754412026157,
              45.35722968825765
            ]
          ]
        ]
      },
      "properties": {
        "biomass": 147.75997924804688,
        "min_biomass": 96.44770050048828,
        "max_biomass": 232.97586059570312,
        "timestamp": "20260413_032501",
        "grid_id": "504_24"
      }
    },
    {
      "type": "Feature",
      "geometry": {
        "type": "Polygon",
        "coordinates": [
          [
            [
              121.48670851572233,
              45.356869328795604
            ],
            [
              121.49587273774686,
              45.356508236253326
            ],
            [
              121.49536013982583,
              45.350047223909755
            ],
            [
              121.48619695409778,
              45.35040823556352
            ],
            [
              121.48670851572233,
              45.356869328795604
            ]
          ]
        ]
      },
      "properties": {
        "biomass": 119.71565246582031,
        "min_biomass": 96.10733032226562,
        "max_biomass": 169.1925506591797,
        "timestamp": "20260413_032501",
        "grid_id": "504_48"
      }
    },
    {
      "type": "Feature",
      "geometry": {
        "type": "Polygon",
        "coordinates": [
          [
            [
              121.49587273774686,
              45.356508236253326
            ],
            [
              121.50503678598686,
              45.356146410667485
            ],
            [
              121.50452315184138,
              45.349685479375644
            ],
            [
              121.49536013982583,
              45.350047223909755
            ],
            [
              121.49587273774686,
              45.356508236253326
            ]
          ]
        ]
      },
      "properties": {
        "biomass": 110.2745132446289,
        "min_biomass": 96.08402252197266,
        "max_biomass": 140.97418212890625,
        "timestamp": "20260413_032501",
        "grid_id": "504_72"
      }
    },
    {
      "type": "Feature",
      "geometry": {
        "type": "Polygon",
        "coordinates": [
          [
            [
              121.50503678598686,
              45.356146410667485
            ],
            [
              121.51420066009386,
              45.35578385207491
            ],
            [
              121.51368598979622,
              45.349323001997924
            ],
            [
              121.50452315184138,
              45.349685479375644
            ],
            [
              121.50503678598686,
              45.356146410667485
            ]
          ]
        ]
      },
      "properties": {
        "biomass": 105.47032928466797,
        "min_biomass": 96.17579650878906,
        "max_biomass": 124.40009307861328,
        "timestamp": "20260413_032501",
        "grid_id": "504_96"
      }
    },
    {
      "type": "Feature",
      "geometry": {
        "type": "Polygon",
        "coordinates": [
          [
            [
              121.51420066009386,
              45.35578385207491
            ],
            [
              121.52336435971961,
              45.355420560512414
            ],
            [
              121.52284865334215,
              45.34895979181347
            ],
            [
              121.51368598979622,
              45.349323001997924
            ],
            [
              121.51420066009386,
              45.35578385207491
            ]
          ]
        ]
      },
      "properties": {
        "biomass": 111.85374450683594,
        "min_biomass": 96.14004516601562,
        "max_biomass": 123.98692321777344,
        "timestamp": "20260413_032501",
        "grid_id": "504_120"
      }
    },
    {
      "type": "Feature",
      "geometry": {
        "type": "Polygon",
        "coordinates": [
          [
            [
              121.52336435971961,
              45.355420560512414
            ],
            [
              121.53252788451579,
              45.35505653601695
            ],
            [
              121.53201114213104,
              45.34859584885917
            ],
            [
              121.52284865334215,
              45.34895979181347
            ],
            [
              121.52336435971961,
              45.355420560512414
            ]
          ]
        ]
      },
      "properties": {
        "biomass": 116.48663330078125,
        "min_biomass": 96.10579681396484,
        "max_biomass": 138.0393524169922,
        "timestamp": "20260413_032501",
        "grid_id": "504_144"
      }
    },
    {
      "type": "Feature",
      "geometry": {
        "type": "Polygon",
        "coordinates": [
          [
            [
              121.53252788451579,
              45.35505653601695
            ],
            [
              121.54169123413418,
              45.354691778625536
            ],
            [
              121.54117345581481,
              45.348231173172046
            ],
            [
              121.53201114213104,
              45.34859584885917
            ],
            [
              121.53252788451579,
              45.35505653601695
            ]
          ]
        ]
      },
      "properties": {
        "biomass": 164.77845764160156,
        "min_biomass": 104.17364501953125,
        "max_biomass": 216.82139587402344,
        "timestamp": "20260413_032501",
        "grid_id": "504_168"
      }
    },
    {
      "type": "Feature",
      "geometry": {
        "type": "Polygon",
        "coordinates": [
          [
            [
              121.54169123413418,
              45.354691778625536
            ],
            [
              121.55085440822657,
              45.354326288375226
            ],
            [
              121.55033559404541,
              45.34786576478913
            ],
            [
              121.54117345581481,
              45.348231173172046
            ],
            [
              121.54169123413418,
              45.354691778625536
            ]
          ]
        ]
      },
      "properties": {
        "biomass": 181.45553588867188,
        "min_biomass": 122.40770721435547,
        "max_biomass": 250.26011657714844,
        "timestamp": "20260413_032501",
        "grid_id": "504_192"
      }
    },
    {
      "type": "Feature",
      "geometry": {
        "type": "Polygon",
        "coordinates": [
          [
            [
              121.55085440822657,
              45.354326288375226
            ],
            [
              121.56001740644486,
              45.35396006530318
            ],
            [
              121.55949755647482,
              45.34749962374758
            ],
            [
              121.55033559404541,
              45.34786576478913
            ],
            [
              121.55085440822657,
              45.354326288375226
            ]
          ]
        ]
      },
      "properties": {
        "biomass": 143.28790283203125,
        "min_biomass": 102.93895721435547,
        "max_biomass": 213.42823791503906,
        "timestamp": "20260413_032501",
        "grid_id": "504_216"
      }
    },
    {
      "type": "Feature",
      "geometry": {
        "type": "Polygon",
        "coordinates": [
          [
            [
              121.56001740644486,
              45.35396006530318
            ],
            [
              121.56918022844086,
              45.35359310944662
            ],
            [
              121.56865934275505,
              45.3471327500846
            ],
            [
              121.55949755647482,
              45.34749962374758
            ],
            [
              121.56001740644486,
              45.35396006530318
            ]
          ]
        ]
      },
      "properties": {
        "biomass": 117.4659652709961,
        "min_biomass": 96.54947662353516,
        "max_biomass": 153.05911254882812,
        "timestamp": "20260413_032501",
        "grid_id": "504_240"
      }
    },
    {
      "type": "Feature",
      "geometry": {
        "type": "Polygon",
        "coordinates": [
          [
            [
              121.56918022844086,
              45.35359310944662
            ],
            [
              121.57834287386656,
              45.353225420842854
            ],
            [
              121.57782095253825,
              45.34676514383745
            ],
            [
              121.56865934275505,
              45.3471327500846
            ],
            [
              121.56918022844086,
              45.35359310944662
            ]
          ]
        ]
      },
      "properties": {
        "biomass": 112.14189147949219,
        "min_biomass": 96.1558609008789,
        "max_biomass": 147.6046600341797,
        "timestamp": "20260413_032501",
        "grid_id": "504_264"
      }
    },
    {
      "type": "Feature",
      "geometry": {
        "type": "Polygon",
        "coordinates": [
          [
            [
              121.57834287386656,
              45.353225420842854
            ],
            [
              121.58750534237392,
              45.35285699952924
            ],
            [
              121.58698238547643,
              45.34639680504354
            ],
            [
              121.57782095253825,
              45.34676514383745
            ],
            [
              121.57834287386656,
              45.353225420842854
            ]
          ]
        ]
      },
      "properties": {
        "biomass": 161.10745239257812,
        "min_biomass": 96.9319839477539,
        "max_biomass": 238.2157745361328,
        "timestamp": "20260413_032501",
        "grid_id": "504_288"
      }
    },
    {
      "type": "Feature",
      "geometry": {
        "type": "Polygon",
        "coordinates": [
          [
            [
              121.58750534237392,
              45.35285699952924
            ],
            [
              121.59666763361496,
              45.35248784554322
            ],
            [
              121.59614364122184,
              45.346027733740236
            ],
            [
              121.58698238547643,
              45.34639680504354
            ],
            [
              121.58750534237392,
              45.35285699952924
            ]
          ]
        ]
      },
      "properties": {
        "biomass": 205.03985595703125,
        "min_biomass": 174.14578247070312,
        "max_biomass": 245.78924560546875,
        "timestamp": "20260413_032501",
        "grid_id": "504_312"
      }
    },
    {
      "type": "Feature",
      "geometry": {
        "type": "Polygon",
        "coordinates": [
          [
            [
              121.59666763361496,
              45.35248784554322
            ],
            [
              121.60582974724174,
              45.35211795892232
            ],
            [
              121.60530471942666,
              45.34565792996507
            ],
            [
              121.59614364122184,
              45.346027733740236
            ],
            [
              121.59666763361496,
              45.35248784554322
            ]
          ]
        ]
      },
      "properties": {
        "biomass": 194.51290893554688,
        "min_biomass": 176.00802612304688,
        "max_biomass": 220.03257751464844,
        "timestamp": "20260413_032501",
        "grid_id": "504_336"
      }
    },
    {
      "type": "Feature",
      "geometry": {
        "type": "Polygon",
        "coordinates": [
          [
            [
              121.60582974724174,
              45.35211795892232
            ],
            [
              121.61499168290639,
              45.351747339704126
            ],
            [
              121.61446561974313,
              45.345287393755626
            ],
            [
              121.60530471942666,
              45.34565792996507
            ],
            [
              121.60582974724174,
              45.35211795892232
            ]
          ]
        ]
      },
      "properties": {
        "biomass": 191.84091186523438,
        "min_biomass": 167.6606903076172,
        "max_biomass": 218.25550842285156,
        "timestamp": "20260413_032501",
        "grid_id": "504_360"
      }
    },
    {
      "type": "Feature",
      "geometry": {
        "type": "Polygon",
        "coordinates": [
          [
            [
              121.61499168290639,
              45.351747339704126
            ],
            [
              121.62415344026103,
              45.3513759879263
            ],
            [
              121.62362634182352,
              45.34491612514954
            ],
            [
              121.61446561974313,
              45.345287393755626
            ],
            [
              121.61499168290639,
              45.351747339704126
            ]
          ]
        ]
      },
      "properties": {
        "biomass": 183.45924377441406,
        "min_biomass": 142.63949584960938,
        "max_biomass": 235.546630859375,
        "timestamp": "20260413_032501",
        "grid_id": "504_384"
      }
    },
    {
      "type": "Feature",
      "geometry": {
        "type": "Polygon",
        "coordinates": [
          [
            [
              121.62415344026103,
              45.3513759879263
            ],
            [
              121.63331501895786,
              45.35100390362658
            ],
            [
              121.63278688532021,
              45.34454412418453
            ],
            [
              121.62362634182352,
              45.34491612514954
            ],
            [
              121.62415344026103,
              45.3513759879263
            ]
          ]
        ]
      },
      "properties": {
        "biomass": 207.15179443359375,
        "min_biomass": 147.51536560058594,
        "max_biomass": 257.9643859863281,
        "timestamp": "20260413_032501",
        "grid_id": "504_408"
      }
    },
    {
      "type": "Feature",
      "geometry": {
        "type": "Polygon",
        "coordinates": [
          [
            [
              121.63331501895786,
              45.35100390362658
            ],
            [
              121.64247641864912,
              45.350631086842775
            ],
            [
              121.64194724988555,
              45.34417139089839
            ],
            [
              121.63278688532021,
              45.34454412418453
            ],
            [
              121.63331501895786,
              45.35100390362658
            ]
          ]
        ]
      },
      "properties": {
        "biomass": 210.4723358154297,
        "min_biomass": 159.3299102783203,
        "max_biomass": 261.32110595703125,
        "timestamp": "20260413_032501",
        "grid_id": "504_432"
      }
    },
    {
      "type": "Feature",
      "geometry": {
        "type": "Polygon",
        "coordinates": [
          [
            [
              121.64247641864912,
              45.350631086842775
            ],
            [
              121.65163763898707,
              45.35025753761276
            ],
            [
              121.65110743517198,
              45.34379792532901
            ],
            [
              121.64194724988555,
              45.34417139089839
            ],
            [
              121.64247641864912,
              45.350631086842775
            ]
          ]
        ]
      },
      "properties": {
        "biomass": 226.88815307617188,
        "min_biomass": 173.75071716308594,
        "max_biomass": 265.8797302246094,
        "timestamp": "20260413_032501",
        "grid_id": "504_456"
      }
    },
    {
      "type": "Feature",
      "geometry": {
        "type": "Polygon",
        "coordinates": [
          [
            [
              121.4678700628973,
              45.351128060083234
            ],
            [
              121.4770335950055,
              45.35076851430021
            ],
            [
              121.47652324276537,
              45.344307328502424
            ],
            [
              121.4673607467491,
              45.34466679374145
            ],
            [
              121.4678700628973,
              45.351128060083234
            ]
          ]
        ]
      },
      "properties": {
        "biomass": 209.9013671875,
        "min_biomass": 168.54388427734375,
        "max_biomass": 269.1372985839844,
        "timestamp": "20260413_032501",
        "grid_id": "528_0"
      }
    },
    {
      "type": "Feature",
      "geometry": {
        "type": "Polygon",
        "coordinates": [
          [
            [
              121.4770335950055,
              45.35076851430021
            ],
            [
              121.48619695409778,
              45.35040823556352
            ],
            [
              121.48568556583749,
              45.3439471304729
            ],
            [
              121.47652324276537,
              45.344307328502424
            ],
            [
              121.4770335950055,
              45.35076851430021
            ]
          ]
        ]
      },
      "properties": {
        "biomass": 180.77357482910156,
        "min_biomass": 108.75306701660156,
        "max_biomass": 275.4156799316406,
        "timestamp": "20260413_032501",
        "grid_id": "528_24"
      }
    },
    {
      "type": "Feature",
      "geometry": {
        "type": "Polygon",
        "coordinates": [
          [
            [
              121.48619695409778,
              45.35040823556352
            ],
            [
              121.49536013982583,
              45.350047223909755
            ],
            [
              121.49484771561728,
              45.343586199689476
            ],
            [
              121.48568556583749,
              45.3439471304729
            ],
            [
              121.48619695409778,
              45.35040823556352
            ]
          ]
        ]
      },
      "properties": {
        "biomass": 184.9535675048828,
        "min_biomass": 131.94931030273438,
        "max_biomass": 265.2411804199219,
        "timestamp": "20260413_032501",
        "grid_id": "528_48"
      }
    },
    {
      "type": "Feature",
      "geometry": {
        "type": "Polygon",
        "coordinates": [
          [
            [
              121.49536013982583,
              45.350047223909755
            ],
            [
              121.50452315184138,
              45.349685479375644
            ],
            [
              121.50400969175662,
              45.34322453618883
            ],
            [
              121.49484771561728,
              45.343586199689476
            ],
            [
              121.49536013982583,
              45.350047223909755
            ]
          ]
        ]
      },
      "properties": {
        "biomass": 140.56826782226562,
        "min_biomass": 96.14824676513672,
        "max_biomass": 204.86566162109375,
        "timestamp": "20260413_032501",
        "grid_id": "528_72"
      }
    },
    {
      "type": "Feature",
      "geometry": {
        "type": "Polygon",
        "coordinates": [
          [
            [
              121.50452315184138,
              45.349685479375644
            ],
            [
              121.51368598979622,
              45.349323001997924
            ],
            [
              121.51317149390746,
              45.34286214000773
            ],
            [
              121.50400969175662,
              45.34322453618883
            ],
            [
              121.50452315184138,
              45.349685479375644
            ]
          ]
        ]
      },
      "properties": {
        "biomass": 109.74996948242188,
        "min_biomass": 96.17023468017578,
        "max_biomass": 146.68434143066406,
        "timestamp": "20260413_032501",
        "grid_id": "528_96"
      }
    },
    {
      "type": "Feature",
      "geometry": {
        "type": "Polygon",
        "coordinates": [
          [
            [
              121.51368598979622,
              45.349323001997924
            ],
            [
              121.52284865334215,
              45.34895979181347
            ],
            [
              121.52233312172173,
              45.342499011182994
            ],
            [
              121.51317149390746,
              45.34286214000773
            ],
            [
              121.51368598979622,
              45.349323001997924
            ]
          ]
        ]
      },
      "properties": {
        "biomass": 112.4173812866211,
        "min_biomass": 96.50775146484375,
        "max_biomass": 131.3780517578125,
        "timestamp": "20260413_032501",
        "grid_id": "528_120"
      }
    },
    {
      "type": "Feature",
      "geometry": {
        "type": "Polygon",
        "coordinates": [
          [
            [
              121.52284865334215,
              45.34895979181347
            ],
            [
              121.53201114213104,
              45.34859584885917
            ],
            [
              121.53149457485145,
              45.34213514975153
            ],
            [
              121.52233312172173,
              45.342499011182994
            ],
            [
              121.52284865334215,
              45.34895979181347
            ]
          ]
        ]
      },
      "properties": {
        "biomass": 112.79296112060547,
        "min_biomass": 96.08120727539062,
        "max_biomass": 129.26690673828125,
        "timestamp": "20260413_032501",
        "grid_id": "528_144"
      }
    },
    {
      "type": "Feature",
      "geometry": {
        "type": "Polygon",
        "coordinates": [
          [
            [
              121.53201114213104,
              45.34859584885917
            ],
            [
              121.54117345581481,
              45.348231173172046
            ],
            [
              121.54065585294865,
              45.34177055575031
            ],
            [
              121.53149457485145,
              45.34213514975153
            ],
            [
              121.53201114213104,
              45.34859584885917
            ]
          ]
        ]
      },
      "properties": {
        "biomass": 141.08360290527344,
        "min_biomass": 96.52156829833984,
        "max_biomass": 219.6585693359375,
        "timestamp": "20260413_032501",
        "grid_id": "528_168"
      }
    },
    {
      "type": "Feature",
      "geometry": {
        "type": "Polygon",
        "coordinates": [
          [
            [
              121.54117345581481,
              45.348231173172046
            ],
            [
              121.55033559404541,
              45.34786576478913
            ],
            [
              121.54981695566545,
              45.34140522921638
            ],
            [
              121.54065585294865,
              45.34177055575031
            ],
            [
              121.54117345581481,
              45.348231173172046
            ]
          ]
        ]
      },
      "properties": {
        "biomass": 154.43760681152344,
        "min_biomass": 99.48957824707031,
        "max_biomass": 222.063720703125,
        "timestamp": "20260413_032501",
        "grid_id": "528_192"
      }
    },
    {
      "type": "Feature",
      "geometry": {
        "type": "Polygon",
        "coordinates": [
          [
            [
              121.55033559404541,
              45.34786576478913
            ],
            [
              121.55949755647482,
              45.34749962374758
            ],
            [
              121.55897788265395,
              45.341039170186875
            ],
            [
              121.54981695566545,
              45.34140522921638
            ],
            [
              121.55033559404541,
              45.34786576478913
            ]
          ]
        ]
      },
      "properties": {
        "biomass": 163.17466735839844,
        "min_biomass": 113.23360443115234,
        "max_biomass": 230.6598358154297,
        "timestamp": "20260413_032501",
        "grid_id": "528_216"
      }
    },
    {
      "type": "Feature",
      "geometry": {
        "type": "Polygon",
        "coordinates": [
          [
            [
              121.55949755647482,
              45.34749962374758
            ],
            [
              121.56865934275505,
              45.3471327500846
            ],
            [
              121.56813863356635,
              45.34067237869897
            ],
            [
              121.55897788265395,
              45.341039170186875
            ],
            [
              121.55949755647482,
              45.34749962374758
            ]
          ]
        ]
      },
      "properties": {
        "biomass": 179.9586944580078,
        "min_biomass": 113.02290344238281,
        "max_biomass": 237.8430938720703,
        "timestamp": "20260413_032501",
        "grid_id": "528_240"
      }
    },
    {
      "type": "Feature",
      "geometry": {
        "type": "Polygon",
        "coordinates": [
          [
            [
              121.56865934275505,
              45.3471327500846
            ],
            [
              121.57782095253825,
              45.34676514383745
            ],
            [
              121.57729920805487,
              45.34030485478995
            ],
            [
              121.56813863356635,
              45.34067237869897
            ],
            [
              121.56865934275505,
              45.3471327500846
            ]
          ]
        ]
      },
      "properties": {
        "biomass": 132.0164031982422,
        "min_biomass": 96.21766662597656,
        "max_biomass": 188.39102172851562,
        "timestamp": "20260413_032501",
        "grid_id": "528_264"
      }
    },
    {
      "type": "Feature",
      "geometry": {
        "type": "Polygon",
        "coordinates": [
          [
            [
              121.57782095253825,
              45.34676514383745
            ],
            [
              121.58698238547643,
              45.34639680504354
            ],
            [
              121.58645960577176,
              45.339936598497154
            ],
            [
              121.57729920805487,
              45.34030485478995
            ],
            [
              121.57782095253825,
              45.34676514383745
            ]
          ]
        ]
      },
      "properties": {
        "biomass": 119.8887710571289,
        "min_biomass": 96.07333374023438,
        "max_biomass": 188.11083984375,
        "timestamp": "20260413_032501",
        "grid_id": "528_288"
      }
    },
    {
      "type": "Feature",
      "geometry": {
        "type": "Polygon",
        "coordinates": [
          [
            [
              121.58698238547643,
              45.34639680504354
            ],
            [
              121.59614364122184,
              45.346027733740236
            ],
            [
              121.59561982636933,
              45.339567609857994
            ],
            [
              121.58645960577176,
              45.339936598497154
            ],
            [
              121.58698238547643,
              45.34639680504354
            ]
          ]
        ]
      },
      "properties": {
        "biomass": 166.06874084472656,
        "min_biomass": 100.70735168457031,
        "max_biomass": 227.96568298339844,
        "timestamp": "20260413_032501",
        "grid_id": "528_312"
      }
    },
    {
      "type": "Feature",
      "geometry": {
        "type": "Polygon",
        "coordinates": [
          [
            [
              121.59614364122184,
              45.346027733740236
            ],
            [
              121.60530471942666,
              45.34565792996507
            ],
            [
              121.60477986949992,
              45.33919788890994
            ],
            [
              121.59561982636933,
              45.339567609857994
            ],
            [
              121.59614364122184,
              45.346027733740236
            ]
          ]
        ]
      },
      "properties": {
        "biomass": 199.79519653320312,
        "min_biomass": 161.26052856445312,
        "max_biomass": 246.24818420410156,
        "timestamp": "20260413_032501",
        "grid_id": "528_336"
      }
    },
    {
      "type": "Feature",
      "geometry": {
        "type": "Polygon",
        "coordinates": [
          [
            [
              121.60530471942666,
              45.34565792996507
            ],
            [
              121.61446561974313,
              45.345287393755626
            ],
            [
              121.61393973481592,
              45.33882743569057
            ],
            [
              121.60477986949992,
              45.33919788890994
            ],
            [
              121.60530471942666,
              45.34565792996507
            ]
          ]
        ]
      },
      "properties": {
        "biomass": 203.52084350585938,
        "min_biomass": 173.2317352294922,
        "max_biomass": 243.7072296142578,
        "timestamp": "20260413_032501",
        "grid_id": "528_360"
      }
    },
    {
      "type": "Feature",
      "geometry": {
        "type": "Polygon",
        "coordinates": [
          [
            [
              121.61446561974313,
              45.345287393755626
            ],
            [
              121.62362634182352,
              45.34491612514954
            ],
            [
              121.62309942196977,
              45.33845625023752
            ],
            [
              121.61393973481592,
              45.33882743569057
            ],
            [
              121.61446561974313,
              45.345287393755626
            ]
          ]
        ]
      },
      "properties": {
        "biomass": 203.6703643798828,
        "min_biomass": 164.72650146484375,
        "max_biomass": 234.19976806640625,
        "timestamp": "20260413_032501",
        "grid_id": "528_384"
      }
    },
    {
      "type": "Feature",
      "geometry": {
        "type": "Polygon",
        "coordinates": [
          [
            [
              121.62362634182352,
              45.34491612514954
            ],
            [
              121.63278688532021,
              45.34454412418453
            ],
            [
              121.63225893061393,
              45.33808433258849
            ],
            [
              121.62309942196977,
              45.33845625023752
            ],
            [
              121.62362634182352,
              45.34491612514954
            ]
          ]
        ]
      },
      "properties": {
        "biomass": 223.05154418945312,
        "min_biomass": 185.5693359375,
        "max_biomass": 258.00372314453125,
        "timestamp": "20260413_032501",
        "grid_id": "528_408"
      }
    },
    {
      "type": "Feature",
      "geometry": {
        "type": "Polygon",
        "coordinates": [
          [
            [
              121.63278688532021,
              45.34454412418453
            ],
            [
              121.64194724988555,
              45.34417139089839
            ],
            [
              121.64141826040094,
              45.337711682781254
            ],
            [
              121.63225893061393,
              45.33808433258849
            ],
            [
              121.63278688532021,
              45.34454412418453
            ]
          ]
        ]
      },
      "properties": {
        "biomass": 226.58148193359375,
        "min_biomass": 191.80557250976562,
        "max_biomass": 260.4591064453125,
        "timestamp": "20260413_032501",
        "grid_id": "528_432"
      }
    },
    {
      "type": "Feature",
      "geometry": {
        "type": "Polygon",
        "coordinates": [
          [
            [
              121.64194724988555,
              45.34417139089839
            ],
            [
              121.65110743517198,
              45.34379792532901
            ],
            [
              121.65057741098335,
              45.337338300853666
            ],
            [
              121.64141826040094,
              45.337711682781254
            ],
            [
              121.64194724988555,
              45.34417139089839
            ]
          ]
        ]
      },
      "properties": {
        "biomass": 217.82421875,
        "min_biomass": 180.0063018798828,
        "max_biomass": 256.2187194824219,
        "timestamp": "20260413_032501",
        "grid_id": "528_456"
      }
    },
    {
      "type": "Feature",
      "geometry": {
        "type": "Polygon",
        "coordinates": [
          [
            [
              121.65110743517198,
              45.34379792532901
            ],
            [
              121.66026744083193,
              45.34342372751429
            ],
            [
              121.65973638201376,
              45.33696418684367
            ],
            [
              121.65057741098335,
              45.337338300853666
            ],
            [
              121.65110743517198,
              45.34379792532901
            ]
          ]
        ]
      },
      "properties": {
        "biomass": 231.387939453125,
        "min_biomass": 181.48788452148438,
        "max_biomass": 255.77871704101562,
        "timestamp": "20260413_032501",
        "grid_id": "528_480"
      }
    },
    {
      "type": "Feature",
      "geometry": {
        "type": "Polygon",
        "coordinates": [
          [
            [
              121.66026744083193,
              45.34342372751429
            ],
            [
              121.66942726651796,
              45.34304879749227
            ],
            [
              121.66889517314483,
              45.336589340789246
            ],
            [
              121.65973638201376,
              45.33696418684367
            ],
            [
              121.66026744083193,
              45.34342372751429
            ]
          ]
        ]
      },
      "properties": {
        "biomass": 225.32884216308594,
        "min_biomass": 155.8135223388672,
        "max_biomass": 250.52169799804688,
        "timestamp": "20260413_032501",
        "grid_id": "528_504"
      }
    },
    {
      "type": "Feature",
      "geometry": {
        "type": "Polygon",
        "coordinates": [
          [
            [
              121.66942726651796,
              45.34304879749227
            ],
            [
              121.67858691188255,
              45.34267313530104
            ],
            [
              121.67805378402927,
              45.336213762728455
            ],
            [
              121.66889517314483,
              45.336589340789246
            ],
            [
              121.66942726651796,
              45.34304879749227
            ]
          ]
        ]
      },
      "properties": {
        "biomass": 209.9487762451172,
        "min_biomass": 154.84278869628906,
        "max_biomass": 247.79037475585938,
        "timestamp": "20260413_032501",
        "grid_id": "528_528"
      }
    },
    {
      "type": "Feature",
      "geometry": {
        "type": "Polygon",
        "coordinates": [
          [
            [
              121.47652324276537,
              45.344307328502424
            ],
            [
              121.48568556583749,
              45.3439471304729
            ],
            [
              121.48517435086951,
              45.33748601352577
            ],
            [
              121.47601306346941,
              45.337846130866275
            ],
            [
              121.47652324276537,
              45.344307328502424
            ]
          ]
        ]
      },
      "properties": {
        "biomass": 187.9103240966797,
        "min_biomass": 160.66375732421875,
        "max_biomass": 203.91136169433594,
        "timestamp": "20260413_032501",
        "grid_id": "552_24"
      }
    },
    {
      "type": "Feature",
      "geometry": {
        "type": "Polygon",
        "coordinates": [
          [
            [
              121.48568556583749,
              45.3439471304729
            ],
            [
              121.49484771561728,
              45.343586199689476
            ],
            [
              121.49433546504918,
              45.337125163594486
            ],
            [
              121.48517435086951,
              45.33748601352577
            ],
            [
              121.48568556583749,
              45.3439471304729
            ]
          ]
        ]
      },
      "properties": {
        "biomass": 197.52235412597656,
        "min_biomass": 148.58145141601562,
        "max_biomass": 228.27503967285156,
        "timestamp": "20260413_032501",
        "grid_id": "552_48"
      }
    },
    {
      "type": "Feature",
      "geometry": {
        "type": "Polygon",
        "coordinates": [
          [
            [
              121.49484771561728,
              45.343586199689476
            ],
            [
              121.50400969175662,
              45.34322453618883
            ],
            [
              121.5034964056604,
              45.336763581109096
            ],
            [
              121.49433546504918,
              45.337125163594486
            ],
            [
              121.49484771561728,
              45.343586199689476
            ]
          ]
        ]
      },
      "properties": {
        "biomass": 187.77183532714844,
        "min_biomass": 126.11225891113281,
        "max_biomass": 251.0736083984375,
        "timestamp": "20260413_032501",
        "grid_id": "552_72"
      }
    },
    {
      "type": "Feature",
      "geometry": {
        "type": "Polygon",
        "coordinates": [
          [
            [
              121.50400969175662,
              45.34322453618883
            ],
            [
              121.51317149390746,
              45.34286214000773
            ],
            [
              121.51265717235528,
              45.33640126610634
            ],
            [
              121.5034964056604,
              45.336763581109096
            ],
            [
              121.50400969175662,
              45.34322453618883
            ]
          ]
        ]
      },
      "properties": {
        "biomass": 112.57047271728516,
        "min_biomass": 96.08155822753906,
        "max_biomass": 153.6385040283203,
        "timestamp": "20260413_032501",
        "grid_id": "552_96"
      }
    },
    {
      "type": "Feature",
      "geometry": {
        "type": "Polygon",
        "coordinates": [
          [
            [
              121.51317149390746,
              45.34286214000773
            ],
            [
              121.52233312172173,
              45.342499011182994
            ],
            [
              121.52181776478585,
              45.336038218623024
            ],
            [
              121.51265717235528,
              45.33640126610634
            ],
            [
              121.51317149390746,
              45.34286214000773
            ]
          ]
        ]
      },
      "properties": {
        "biomass": 118.95186614990234,
        "min_biomass": 96.1053695678711,
        "max_biomass": 134.52687072753906,
        "timestamp": "20260413_032501",
        "grid_id": "552_120"
      }
    },
    {
      "type": "Feature",
      "geometry": {
        "type": "Polygon",
        "coordinates": [
          [
            [
              121.52233312172173,
              45.342499011182994
            ],
            [
              121.53149457485145,
              45.34213514975153
            ],
            [
              121.53097818260434,
              45.33567443869605
            ],
            [
              121.52181776478585,
              45.336038218623024
            ],
            [
              121.52233312172173,
              45.342499011182994
            ]
          ]
        ]
      },
      "properties": {
        "biomass": 111.7685775756836,
        "min_biomass": 96.07662963867188,
        "max_biomass": 130.517333984375,
        "timestamp": "20260413_032501",
        "grid_id": "552_144"
      }
    },
    {
      "type": "Feature",
      "geometry": {
        "type": "Polygon",
        "coordinates": [
          [
            [
              121.53149457485145,
              45.34213514975153
            ],
            [
              121.54065585294865,
              45.34177055575031
            ],
            [
              121.54013842546291,
              45.335309926362385
            ],
            [
              121.53097818260434,
              45.33567443869605
            ],
            [
              121.53149457485145,
              45.34213514975153
            ]
          ]
        ]
      },
      "properties": {
        "biomass": 109.42467498779297,
        "min_biomass": 96.2374267578125,
        "max_biomass": 132.02537536621094,
        "timestamp": "20260413_032501",
        "grid_id": "552_168"
      }
    },
    {
      "type": "Feature",
      "geometry": {
        "type": "Polygon",
        "coordinates": [
          [
            [
              121.54065585294865,
              45.34177055575031
            ],
            [
              121.54981695566545,
              45.34140522921638
            ],
            [
              121.54929849301375,
              45.33494468165904
            ],
            [
              121.54013842546291,
              45.335309926362385
            ],
            [
              121.54065585294865,
              45.34177055575031
            ]
          ]
        ]
      },
      "properties": {
        "biomass": 136.9247283935547,
        "min_biomass": 96.9836196899414,
        "max_biomass": 220.74217224121094,
        "timestamp": "20260413_032501",
        "grid_id": "552_192"
      }
    },
    {
      "type": "Feature",
      "geometry": {
        "type": "Polygon",
        "coordinates": [
          [
            [
              121.54981695566545,
              45.34140522921638
            ],
            [
              121.55897788265395,
              45.341039170186875
            ],
            [
              121.5584583849092,
              45.33457870462314
            ],
            [
              121.54929849301375,
              45.33494468165904
            ],
            [
              121.54981695566545,
              45.34140522921638
            ]
          ]
        ]
      },
      "properties": {
        "biomass": 217.76995849609375,
        "min_biomass": 179.04025268554688,
        "max_biomass": 261.86126708984375,
        "timestamp": "20260413_032501",
        "grid_id": "552_216"
      }
    },
    {
      "type": "Feature",
      "geometry": {
        "type": "Polygon",
        "coordinates": [
          [
            [
              121.55897788265395,
              45.341039170186875
            ],
            [
              121.56813863356635,
              45.34067237869897
            ],
            [
              121.56761810080157,
              45.334211995291845
            ],
            [
              121.5584583849092,
              45.33457870462314
            ],
            [
              121.55897788265395,
              45.341039170186875
            ]
          ]
        ]
      },
      "properties": {
        "biomass": 191.29690551757812,
        "min_biomass": 146.7402801513672,
        "max_biomass": 238.53147888183594,
        "timestamp": "20260413_032501",
        "grid_id": "552_240"
      }
    },
    {
      "type": "Feature",
      "geometry": {
        "type": "Polygon",
        "coordinates": [
          [
            [
              121.56813863356635,
              45.34067237869897
            ],
            [
              121.57729920805487,
              45.34030485478995
            ],
            [
              121.57677764034315,
              45.33384455370243
            ],
            [
              121.56761810080157,
              45.334211995291845
            ],
            [
              121.56813863356635,
              45.34067237869897
            ]
          ]
        ]
      },
      "properties": {
        "biomass": 139.09202575683594,
        "min_biomass": 96.93035888671875,
        "max_biomass": 193.2975616455078,
        "timestamp": "20260413_032501",
        "grid_id": "552_264"
      }
    },
    {
      "type": "Feature",
      "geometry": {
        "type": "Polygon",
        "coordinates": [
          [
            [
              121.57729920805487,
              45.34030485478995
            ],
            [
              121.58645960577176,
              45.339936598497154
            ],
            [
              121.58593700318642,
              45.333476379892204
            ],
            [
              121.57677764034315,
              45.33384455370243
            ],
            [
              121.57729920805487,
              45.34030485478995
            ]
          ]
        ]
      },
      "properties": {
        "biomass": 136.61354064941406,
        "min_biomass": 96.37867736816406,
        "max_biomass": 193.4654998779297,
        "timestamp": "20260413_032501",
        "grid_id": "552_288"
      }
    },
    {
      "type": "Feature",
      "geometry": {
        "type": "Polygon",
        "coordinates": [
          [
            [
              121.58645960577176,
              45.339936598497154
            ],
            [
              121.59561982636933,
              45.339567609857994
            ],
            [
              121.59509618898379,
              45.333107473898586
            ],
            [
              121.58593700318642,
              45.333476379892204
            ],
            [
              121.58645960577176,
              45.339936598497154
            ]
          ]
        ]
      },
      "properties": {
        "biomass": 189.28656005859375,
        "min_biomass": 103.4987564086914,
        "max_biomass": 242.2574462890625,
        "timestamp": "20260413_032501",
        "grid_id": "552_312"
      }
    },
    {
      "type": "Feature",
      "geometry": {
        "type": "Polygon",
        "coordinates": [
          [
            [
              121.59561982636933,
              45.339567609857994
            ],
            [
              121.60477986949992,
              45.33919788890994
            ],
            [
              121.60425519738777,
              45.33273783575903
            ],
            [
              121.59509618898379,
              45.333107473898586
            ],
            [
              121.59561982636933,
              45.339567609857994
            ]
          ]
        ]
      },
      "properties": {
        "biomass": 204.54617309570312,
        "min_biomass": 164.77011108398438,
        "max_biomass": 244.14707946777344,
        "timestamp": "20260413_032501",
        "grid_id": "552_336"
      }
    },
    {
      "type": "Feature",
      "geometry": {
        "type": "Polygon",
        "coordinates": [
          [
            [
              121.60477986949992,
              45.33919788890994
            ],
            [
              121.61393973481592,
              45.33882743569057
            ],
            [
              121.61341402805087,
              45.33236746551108
            ],
            [
              121.60425519738777,
              45.33273783575903
            ],
            [
              121.60477986949992,
              45.33919788890994
            ]
          ]
        ]
      },
      "properties": {
        "biomass": 218.80850219726562,
        "min_biomass": 178.94337463378906,
        "max_biomass": 237.3807373046875,
        "timestamp": "20260413_032501",
        "grid_id": "552_360"
      }
    },
    {
      "type": "Feature",
      "geometry": {
        "type": "Polygon",
        "coordinates": [
          [
            [
              121.61393973481592,
              45.33882743569057
            ],
            [
              121.62309942196977,
              45.33845625023752
            ],
            [
              121.62257268062568,
              45.33199636319238
            ],
            [
              121.61341402805087,
              45.33236746551108
            ],
            [
              121.61393973481592,
              45.33882743569057
            ]
          ]
        ]
      },
      "properties": {
        "biomass": 206.27281188964844,
        "min_biomass": 156.35321044921875,
        "max_biomass": 255.25660705566406,
        "timestamp": "20260413_032501",
        "grid_id": "552_384"
      }
    },
    {
      "type": "Feature",
      "geometry": {
        "type": "Polygon",
        "coordinates": [
          [
            [
              121.62309942196977,
              45.33845625023752
            ],
            [
              121.63225893061393,
              45.33808433258849
            ],
            [
              121.6317311547648,
              45.33162452884059
            ],
            [
              121.62257268062568,
              45.33199636319238
            ],
            [
              121.62309942196977,
              45.33845625023752
            ]
          ]
        ]
      },
      "properties": {
        "biomass": 199.04931640625,
        "min_biomass": 155.6114959716797,
        "max_biomass": 252.39614868164062,
        "timestamp": "20260413_032501",
        "grid_id": "552_408"
      }
    },
    {
      "type": "Feature",
      "geometry": {
        "type": "Polygon",
        "coordinates": [
          [
            [
              121.63225893061393,
              45.33808433258849
            ],
            [
              121.64141826040094,
              45.337711682781254
            ],
            [
              121.6408894501209,
              45.331251962493496
            ],
            [
              121.6317311547648,
              45.33162452884059
            ],
            [
              121.63225893061393,
              45.33808433258849
            ]
          ]
        ]
      },
      "properties": {
        "biomass": 208.3391876220703,
        "min_biomass": 157.8224639892578,
        "max_biomass": 260.3736572265625,
        "timestamp": "20260413_032501",
        "grid_id": "552_432"
      }
    },
    {
      "type": "Feature",
      "geometry": {
        "type": "Polygon",
        "coordinates": [
          [
            [
              121.64141826040094,
              45.337711682781254
            ],
            [
              121.65057741098335,
              45.337338300853666
            ],
            [
              121.65004756634669,
              45.33087866418893
            ],
            [
              121.6408894501209,
              45.331251962493496
            ],
            [
              121.64141826040094,
              45.337711682781254
            ]
          ]
        ]
      },
      "properties": {
        "biomass": 208.6320343017578,
        "min_biomass": 148.865478515625,
        "max_biomass": 253.24252319335938,
        "timestamp": "20260413_032501",
        "grid_id": "552_456"
      }
    },
    {
      "type": "Feature",
      "geometry": {
        "type": "Polygon",
        "coordinates": [
          [
            [
              121.65057741098335,
              45.337338300853666
            ],
            [
              121.65973638201376,
              45.33696418684367
            ],
            [
              121.65920550309492,
              45.33050463396479
            ],
            [
              121.65004756634669,
              45.33087866418893
            ],
            [
              121.65057741098335,
              45.337338300853666
            ]
          ]
        ]
      },
      "properties": {
        "biomass": 208.0847930908203,
        "min_biomass": 149.7897186279297,
        "max_biomass": 255.07862854003906,
        "timestamp": "20260413_032501",
        "grid_id": "552_480"
      }
    },
    {
      "type": "Feature",
      "geometry": {
        "type": "Polygon",
        "coordinates": [
          [
            [
              121.65973638201376,
              45.33696418684367
            ],
            [
              121.66889517314483,
              45.336589340789246
            ],
            [
              121.6683632600184,
              45.330129871859086
            ],
            [
              121.65920550309492,
              45.33050463396479
            ],
            [
              121.65973638201376,
              45.33696418684367
            ]
          ]
        ]
      },
      "properties": {
        "biomass": 222.517822265625,
        "min_biomass": 165.15733337402344,
        "max_biomass": 257.82171630859375,
        "timestamp": "20260413_032501",
        "grid_id": "552_504"
      }
    },
    {
      "type": "Feature",
      "geometry": {
        "type": "Polygon",
        "coordinates": [
          [
            [
              121.66889517314483,
              45.336589340789246
            ],
            [
              121.67805378402927,
              45.336213762728455
            ],
            [
              121.6775208367699,
              45.32975437790985
            ],
            [
              121.6683632600184,
              45.330129871859086
            ],
            [
              121.66889517314483,
              45.336589340789246
            ]
          ]
        ]
      },
      "properties": {
        "biomass": 224.85508728027344,
        "min_biomass": 181.7963409423828,
        "max_biomass": 256.79400634765625,
        "timestamp": "20260413_032501",
        "grid_id": "552_528"
      }
    },
    {
      "type": "Feature",
      "geometry": {
        "type": "Polygon",
        "coordinates": [
          [
            [
              121.67805378402927,
              45.336213762728455
            ],
            [
              121.6872122143198,
              45.335837452699465
            ],
            [
              121.68667823300235,
              45.329378152155215
            ],
            [
              121.6775208367699,
              45.32975437790985
            ],
            [
              121.67805378402927,
              45.336213762728455
            ]
          ]
        ]
      },
      "properties": {
        "biomass": 218.67373657226562,
        "min_biomass": 196.55902099609375,
        "max_biomass": 239.3129119873047,
        "timestamp": "20260413_032501",
        "grid_id": "552_552"
      }
    },
    {
      "type": "Feature",
      "geometry": {
        "type": "Polygon",
        "coordinates": [
          [
            [
              121.48517435086951,
              45.33748601352577
            ],
            [
              121.49433546504918,
              45.337125163594486
            ],
            [
              121.4938233880495,
              45.33066411562681
            ],
            [
              121.484663309122,
              45.33102488472412
            ],
            [
              121.48517435086951,
              45.33748601352577
            ]
          ]
        ]
      },
      "properties": {
        "biomass": 217.5812530517578,
        "min_biomass": 198.61306762695312,
        "max_biomass": 238.98971557617188,
        "timestamp": "20260413_032501",
        "grid_id": "576_48"
      }
    },
    {
      "type": "Feature",
      "geometry": {
        "type": "Polygon",
        "coordinates": [
          [
            [
              121.49433546504918,
              45.337125163594486
            ],
            [
              121.5034964056604,
              45.336763581109096
            ],
            [
              121.50298329348055,
              45.330302614138446
            ],
            [
              121.4938233880495,
              45.33066411562681
            ],
            [
              121.49433546504918,
              45.337125163594486
            ]
          ]
        ]
      },
      "properties": {
        "biomass": 186.21583557128906,
        "min_biomass": 101.58345031738281,
        "max_biomass": 259.4471435546875,
        "timestamp": "20260413_032501",
        "grid_id": "576_72"
      }
    },
    {
      "type": "Feature",
      "geometry": {
        "type": "Polygon",
        "coordinates": [
          [
            [
              121.5034964056604,
              45.336763581109096
            ],
            [
              121.51265717235528,
              45.33640126610634
            ],
            [
              121.51214302506735,
              45.329940380295795
            ],
            [
              121.50298329348055,
              45.330302614138446
            ],
            [
              121.5034964056604,
              45.336763581109096
            ]
          ]
        ]
      },
      "properties": {
        "biomass": 110.02814483642578,
        "min_biomass": 96.09607696533203,
        "max_biomass": 150.26048278808594,
        "timestamp": "20260413_032501",
        "grid_id": "576_96"
      }
    },
    {
      "type": "Feature",
      "geometry": {
        "type": "Polygon",
        "coordinates": [
          [
            [
              121.51265717235528,
              45.33640126610634
            ],
            [
              121.52181776478585,
              45.336038218623024
            ],
            [
              121.52130258246214,
              45.32957741413562
            ],
            [
              121.51214302506735,
              45.329940380295795
            ],
            [
              121.51265717235528,
              45.33640126610634
            ]
          ]
        ]
      },
      "properties": {
        "biomass": 111.17681121826172,
        "min_biomass": 96.15540313720703,
        "max_biomass": 130.9059600830078,
        "timestamp": "20260413_032501",
        "grid_id": "576_120"
      }
    },
    {
      "type": "Feature",
      "geometry": {
        "type": "Polygon",
        "coordinates": [
          [
            [
              121.52181776478585,
              45.336038218623024
            ],
            [
              121.53097818260434,
              45.33567443869605
            ],
            [
              121.53046196531719,
              45.32921371569482
            ],
            [
              121.52130258246214,
              45.32957741413562
            ],
            [
              121.52181776478585,
              45.336038218623024
            ]
          ]
        ]
      },
      "properties": {
        "biomass": 110.44470977783203,
        "min_biomass": 96.14698028564453,
        "max_biomass": 124.33256530761719,
        "timestamp": "20260413_032501",
        "grid_id": "576_144"
      }
    },
    {
      "type": "Feature",
      "geometry": {
        "type": "Polygon",
        "coordinates": [
          [
            [
              121.53097818260434,
              45.33567443869605
            ],
            [
              121.54013842546291,
              45.335309926362385
            ],
            [
              121.53962117328486,
              45.32884928501033
            ],
            [
              121.53046196531719,
              45.32921371569482
            ],
            [
              121.53097818260434,
              45.33567443869605
            ]
          ]
        ]
      },
      "properties": {
        "biomass": 106.66425323486328,
        "min_biomass": 96.06906127929688,
        "max_biomass": 128.02432250976562,
        "timestamp": "20260413_032501",
        "grid_id": "576_168"
      }
    },
    {
      "type": "Feature",
      "geometry": {
        "type": "Polygon",
        "coordinates": [
          [
            [
              121.54013842546291,
              45.335309926362385
            ],
            [
              121.54929849301375,
              45.33494468165904
            ],
            [
              121.54878020601751,
              45.32848412211917
            ],
            [
              121.53962117328486,
              45.32884928501033
            ],
            [
              121.54013842546291,
              45.335309926362385
            ]
          ]
        ]
      },
      "properties": {
        "biomass": 128.04183959960938,
        "min_biomass": 96.28630828857422,
        "max_biomass": 218.5619659423828,
        "timestamp": "20260413_032501",
        "grid_id": "576_192"
      }
    },
    {
      "type": "Feature",
      "geometry": {
        "type": "Polygon",
        "coordinates": [
          [
            [
              121.54929849301375,
              45.33494468165904
            ],
            [
              121.5584583849092,
              45.33457870462314
            ],
            [
              121.55793906316757,
              45.32811822705843
            ],
            [
              121.54878020601751,
              45.32848412211917
            ],
            [
              121.54929849301375,
              45.33494468165904
            ]
          ]
        ]
      },
      "properties": {
        "biomass": 200.14122009277344,
        "min_biomass": 134.6359100341797,
        "max_biomass": 253.09243774414062,
        "timestamp": "20260413_032501",
        "grid_id": "576_216"
      }
    },
    {
      "type": "Feature",
      "geometry": {
        "type": "Polygon",
        "coordinates": [
          [
            [
              121.5584583849092,
              45.33457870462314
            ],
            [
              121.56761810080157,
              45.334211995291845
            ],
            [
              121.5670977443875,
              45.32775159986529
            ],
            [
              121.55793906316757,
              45.32811822705843
            ],
            [
              121.5584583849092,
              45.33457870462314
            ]
          ]
        ]
      },
      "properties": {
        "biomass": 213.04209899902344,
        "min_biomass": 165.7850341796875,
        "max_biomass": 255.55238342285156,
        "timestamp": "20260413_032501",
        "grid_id": "576_240"
      }
    },
    {
      "type": "Feature",
      "geometry": {
        "type": "Polygon",
        "coordinates": [
          [
            [
              121.56761810080157,
              45.334211995291845
            ],
            [
              121.57677764034315,
              45.33384455370243
            ],
            [
              121.57625624932979,
              45.32738424057696
            ],
            [
              121.5670977443875,
              45.32775159986529
            ],
            [
              121.56761810080157,
              45.334211995291845
            ]
          ]
        ]
      },
      "properties": {
        "biomass": 137.07769775390625,
        "min_biomass": 97.07856750488281,
        "max_biomass": 196.44137573242188,
        "timestamp": "20260413_032501",
        "grid_id": "576_264"
      }
    },
    {
      "type": "Feature",
      "geometry": {
        "type": "Polygon",
        "coordinates": [
          [
            [
              121.57677764034315,
              45.33384455370243
            ],
            [
              121.58593700318642,
              45.333476379892204
            ],
            [
              121.58541457764697,
              45.32701614923078
            ],
            [
              121.57625624932979,
              45.32738424057696
            ],
            [
              121.57677764034315,
              45.33384455370243
            ]
          ]
        ]
      },
      "properties": {
        "biomass": 116.69290161132812,
        "min_biomass": 96.09432220458984,
        "max_biomass": 154.012451171875,
        "timestamp": "20260413_032501",
        "grid_id": "576_288"
      }
    },
    {
      "type": "Feature",
      "geometry": {
        "type": "Polygon",
        "coordinates": [
          [
            [
              121.58593700318642,
              45.333476379892204
            ],
            [
              121.59509618898379,
              45.333107473898586
            ],
            [
              121.5945727289917,
              45.32664732586412
            ],
            [
              121.58541457764697,
              45.32701614923078
            ],
            [
              121.58593700318642,
              45.333476379892204
            ]
          ]
        ]
      },
      "properties": {
        "biomass": 173.3565216064453,
        "min_biomass": 106.77717590332031,
        "max_biomass": 245.49502563476562,
        "timestamp": "20260413_032501",
        "grid_id": "576_312"
      }
    },
    {
      "type": "Feature",
      "geometry": {
        "type": "Polygon",
        "coordinates": [
          [
            [
              121.59509618898379,
              45.333107473898586
            ],
            [
              121.60425519738777,
              45.33273783575903
            ],
            [
              121.60373070301651,
              45.326277770514444
            ],
            [
              121.5945727289917,
              45.32664732586412
            ],
            [
              121.59509618898379,
              45.333107473898586
            ]
          ]
        ]
      },
      "properties": {
        "biomass": 221.7015380859375,
        "min_biomass": 176.16787719726562,
        "max_biomass": 254.97433471679688,
        "timestamp": "20260413_032501",
        "grid_id": "576_336"
      }
    },
    {
      "type": "Feature",
      "geometry": {
        "type": "Polygon",
        "coordinates": [
          [
            [
              121.60425519738777,
              45.33273783575903
            ],
            [
              121.61341402805087,
              45.33236746551108
            ],
            [
              121.61288849937412,
              45.32590748321928
            ],
            [
              121.60373070301651,
              45.326277770514444
            ],
            [
              121.60425519738777,
              45.33273783575903
            ]
          ]
        ]
      },
      "properties": {
        "biomass": 220.6024627685547,
        "min_biomass": 175.3983154296875,
        "max_biomass": 252.4503936767578,
        "timestamp": "20260413_032501",
        "grid_id": "576_360"
      }
    },
    {
      "type": "Feature",
      "geometry": {
        "type": "Polygon",
        "coordinates": [
          [
            [
              121.61341402805087,
              45.33236746551108
            ],
            [
              121.62257268062568,
              45.33199636319238
            ],
            [
              121.62204611771728,
              45.32553646401624
            ],
            [
              121.61288849937412,
              45.32590748321928
            ],
            [
              121.61341402805087,
              45.33236746551108
            ]
          ]
        ]
      },
      "properties": {
        "biomass": 203.97975158691406,
        "min_biomass": 177.12127685546875,
        "max_biomass": 257.8173522949219,
        "timestamp": "20260413_032501",
        "grid_id": "576_384"
      }
    },
    {
      "type": "Feature",
      "geometry": {
        "type": "Polygon",
        "coordinates": [
          [
            [
              121.62257268062568,
              45.33199636319238
            ],
            [
              121.6317311547648,
              45.33162452884059
            ],
            [
              121.6312035576987,
              45.325164712942986
            ],
            [
              121.62204611771728,
              45.32553646401624
            ],
            [
              121.62257268062568,
              45.33199636319238
            ]
          ]
        ]
      },
      "properties": {
        "biomass": 175.8138885498047,
        "min_biomass": 123.60806274414062,
        "max_biomass": 229.44410705566406,
        "timestamp": "20260413_032501",
        "grid_id": "576_408"
      }
    },
    {
      "type": "Feature",
      "geometry": {
        "type": "Polygon",
        "coordinates": [
          [
            [
              121.6317311547648,
              45.33162452884059
            ],
            [
              121.6408894501209,
              45.331251962493496
            ],
            [
              121.64036081897119,
              45.324792230037275
            ],
            [
              121.6312035576987,
              45.325164712942986
            ],
            [
              121.6317311547648,
              45.33162452884059
            ]
          ]
        ]
      },
      "properties": {
        "biomass": 171.33163452148438,
        "min_biomass": 116.63968658447266,
        "max_biomass": 236.4727783203125,
        "timestamp": "20260413_032501",
        "grid_id": "576_432"
      }
    },
    {
      "type": "Feature",
      "geometry": {
        "type": "Polygon",
        "coordinates": [
          [
            [
              121.6408894501209,
              45.331251962493496
            ],
            [
              121.65004756634669,
              45.33087866418893
            ],
            [
              121.64951790118764,
              45.324419015336915
            ],
            [
              121.64036081897119,
              45.324792230037275
            ],
            [
              121.6408894501209,
              45.331251962493496
            ]
          ]
        ]
      },
      "properties": {
        "biomass": 190.19100952148438,
        "min_biomass": 148.4459686279297,
        "max_biomass": 249.2152557373047,
        "timestamp": "20260413_032501",
        "grid_id": "576_456"
      }
    },
    {
      "type": "Feature",
      "geometry": {
        "type": "Polygon",
        "coordinates": [
          [
            [
              121.65004756634669,
              45.33087866418893
            ],
            [
              121.65920550309492,
              45.33050463396479
            ],
            [
              121.65867480400088,
              45.32404506887983
            ],
            [
              121.64951790118764,
              45.324419015336915
            ],
            [
              121.65004756634669,
              45.33087866418893
            ]
          ]
        ]
      },
      "properties": {
        "biomass": 216.94529724121094,
        "min_biomass": 182.8505859375,
        "max_biomass": 242.46507263183594,
        "timestamp": "20260413_032501",
        "grid_id": "576_480"
      }
    },
    {
      "type": "Feature",
      "geometry": {
        "type": "Polygon",
        "coordinates": [
          [
            [
              121.65920550309492,
              45.33050463396479
            ],
            [
              121.6683632600184,
              45.330129871859086
            ],
            [
              121.66783152706388,
              45.323670390703974
            ],
            [
              121.65867480400088,
              45.32404506887983
            ],
            [
              121.65920550309492,
              45.33050463396479
            ]
          ]
        ]
      },
      "properties": {
        "biomass": 207.7946014404297,
        "min_biomass": 180.5141143798828,
        "max_biomass": 261.4798583984375,
        "timestamp": "20260413_032501",
        "grid_id": "576_504"
      }
    },
    {
      "type": "Feature",
      "geometry": {
        "type": "Polygon",
        "coordinates": [
          [
            [
              121.6683632600184,
              45.330129871859086
            ],
            [
              121.6775208367699,
              45.32975437790985
            ],
            [
              121.6769880700296,
              45.32329498084739
            ],
            [
              121.66783152706388,
              45.323670390703974
            ],
            [
              121.6683632600184,
              45.330129871859086
            ]
          ]
        ]
      },
      "properties": {
        "biomass": 225.04995727539062,
        "min_biomass": 186.39627075195312,
        "max_biomass": 259.42742919921875,
        "timestamp": "20260413_032501",
        "grid_id": "576_528"
      }
    },
    {
      "type": "Feature",
      "geometry": {
        "type": "Polygon",
        "coordinates": [
          [
            [
              121.6775208367699,
              45.32975437790985
            ],
            [
              121.68667823300235,
              45.329378152155215
            ],
            [
              121.68614443255107,
              45.32291883934818
            ],
            [
              121.6769880700296,
              45.32329498084739
            ],
            [
              121.6775208367699,
              45.32975437790985
            ]
          ]
        ]
      },
      "properties": {
        "biomass": 214.67294311523438,
        "min_biomass": 197.1657257080078,
        "max_biomass": 222.69696044921875,
        "timestamp": "20260413_032501",
        "grid_id": "576_552"
      }
    },
    {
      "type": "Feature",
      "geometry": {
        "type": "Polygon",
        "coordinates": [
          [
            [
              121.4938233880495,
              45.33066411562681
            ],
            [
              121.50298329348055,
              45.330302614138446
            ],
            [
              121.50247035514498,
              45.32384163527891
            ],
            [
              121.49331148454633,
              45.32420305578843
            ],
            [
              121.4938233880495,
              45.33066411562681
            ]
          ]
        ]
      },
      "properties": {
        "biomass": 111.5163345336914,
        "min_biomass": 96.09423065185547,
        "max_biomass": 185.1675567626953,
        "timestamp": "20260413_032501",
        "grid_id": "600_72"
      }
    },
    {
      "type": "Feature",
      "geometry": {
        "type": "Polygon",
        "coordinates": [
          [
            [
              121.50298329348055,
              45.330302614138446
            ],
            [
              121.51214302506735,
              45.329940380295795
            ],
            [
              121.51162905197144,
              45.32347948257809
            ],
            [
              121.50247035514498,
              45.32384163527891
            ],
            [
              121.50298329348055,
              45.330302614138446
            ]
          ]
        ]
      },
      "properties": {
        "biomass": 111.13941955566406,
        "min_biomass": 96.14041900634766,
        "max_biomass": 122.10295867919922,
        "timestamp": "20260413_032501",
        "grid_id": "600_96"
      }
    },
    {
      "type": "Feature",
      "geometry": {
        "type": "Polygon",
        "coordinates": [
          [
            [
              121.51214302506735,
              45.329940380295795
            ],
            [
              121.52130258246214,
              45.32957741413562
            ],
            [
              121.52078757467812,
              45.32311659772279
            ],
            [
              121.51162905197144,
              45.32347948257809
            ],
            [
              121.51214302506735,
              45.329940380295795
            ]
          ]
        ]
      },
      "properties": {
        "biomass": 113.0704574584961,
        "min_biomass": 96.10153198242188,
        "max_biomass": 128.8356170654297,
        "timestamp": "20260413_032501",
        "grid_id": "600_120"
      }
    },
    {
      "type": "Feature",
      "geometry": {
        "type": "Polygon",
        "coordinates": [
          [
            [
              121.52130258246214,
              45.32957741413562
            ],
            [
              121.53046196531719,
              45.32921371569482
            ],
            [
              121.5299459229174,
              45.32275298074984
            ],
            [
              121.52078757467812,
              45.32311659772279
            ],
            [
              121.52130258246214,
              45.32957741413562
            ]
          ]
        ]
      },
      "properties": {
        "biomass": 105.70587158203125,
        "min_biomass": 96.09819030761719,
        "max_biomass": 122.34590911865234,
        "timestamp": "20260413_032501",
        "grid_id": "600_144"
      }
    },
    {
      "type": "Feature",
      "geometry": {
        "type": "Polygon",
        "coordinates": [
          [
            [
              121.53046196531719,
              45.32921371569482
            ],
            [
              121.53962117328486,
              45.32884928501033
            ],
            [
              121.53910409634182,
              45.32238863169618
            ],
            [
              121.5299459229174,
              45.32275298074984
            ],
            [
              121.53046196531719,
              45.32921371569482
            ]
          ]
        ]
      },
      "properties": {
        "biomass": 106.32648468017578,
        "min_biomass": 96.09883117675781,
        "max_biomass": 133.6475372314453,
        "timestamp": "20260413_032501",
        "grid_id": "600_168"
      }
    },
    {
      "type": "Feature",
      "geometry": {
        "type": "Polygon",
        "coordinates": [
          [
            [
              121.53962117328486,
              45.32884928501033
            ],
            [
              121.54878020601751,
              45.32848412211917
            ],
            [
              121.54826209460386,
              45.32202355059882
            ],
            [
              121.53910409634182,
              45.32238863169618
            ],
            [
              121.53962117328486,
              45.32884928501033
            ]
          ]
        ]
      },
      "properties": {
        "biomass": 115.780517578125,
        "min_biomass": 96.07010650634766,
        "max_biomass": 140.78282165527344,
        "timestamp": "20260413_032501",
        "grid_id": "600_192"
      }
    },
    {
      "type": "Feature",
      "geometry": {
        "type": "Polygon",
        "coordinates": [
          [
            [
              121.54878020601751,
              45.32848412211917
            ],
            [
              121.55793906316757,
              45.32811822705843
            ],
            [
              121.55741991735609,
              45.321657737494824
            ],
            [
              121.54826209460386,
              45.32202355059882
            ],
            [
              121.54878020601751,
              45.32848412211917
            ]
          ]
        ]
      },
      "properties": {
        "biomass": 152.87371826171875,
        "min_biomass": 99.46759796142578,
        "max_biomass": 222.21485900878906,
        "timestamp": "20260413_032501",
        "grid_id": "600_216"
      }
    },
    {
      "type": "Feature",
      "geometry": {
        "type": "Polygon",
        "coordinates": [
          [
            [
              121.55793906316757,
              45.32811822705843
            ],
            [
              121.5670977443875,
              45.32775159986529
            ],
            [
              121.56657756425109,
              45.321291192421356
            ],
            [
              121.55741991735609,
              45.321657737494824
            ],
            [
              121.55793906316757,
              45.32811822705843
            ]
          ]
        ]
      },
      "properties": {
        "biomass": 189.18382263183594,
        "min_biomass": 118.98289489746094,
        "max_biomass": 258.9607849121094,
        "timestamp": "20260413_032501",
        "grid_id": "600_240"
      }
    },
    {
      "type": "Feature",
      "geometry": {
        "type": "Polygon",
        "coordinates": [
          [
            [
              121.5670977443875,
              45.32775159986529
            ],
            [
              121.57625624932979,
              45.32738424057696
            ],
            [
              121.5757350349415,
              45.32092391541564
            ],
            [
              121.56657756425109,
              45.321291192421356
            ],
            [
              121.5670977443875,
              45.32775159986529
            ]
          ]
        ]
      },
      "properties": {
        "biomass": 127.28961944580078,
        "min_biomass": 96.07325744628906,
        "max_biomass": 197.15823364257812,
        "timestamp": "20260413_032501",
        "grid_id": "600_264"
      }
    },
    {
      "type": "Feature",
      "geometry": {
        "type": "Polygon",
        "coordinates": [
          [
            [
              121.57625624932979,
              45.32738424057696
            ],
            [
              121.58541457764697,
              45.32701614923078
            ],
            [
              121.58489232908006,
              45.32055590651497
            ],
            [
              121.5757350349415,
              45.32092391541564
            ],
            [
              121.57625624932979,
              45.32738424057696
            ]
          ]
        ]
      },
      "properties": {
        "biomass": 115.66021728515625,
        "min_biomass": 96.1004409790039,
        "max_biomass": 154.18743896484375,
        "timestamp": "20260413_032501",
        "grid_id": "600_288"
      }
    },
    {
      "type": "Feature",
      "geometry": {
        "type": "Polygon",
        "coordinates": [
          [
            [
              121.58541457764697,
              45.32701614923078
            ],
            [
              121.5945727289917,
              45.32664732586412
            ],
            [
              121.59404944631943,
              45.32018716575671
            ],
            [
              121.58489232908006,
              45.32055590651497
            ],
            [
              121.58541457764697,
              45.32701614923078
            ]
          ]
        ]
      },
      "properties": {
        "biomass": 181.34323120117188,
        "min_biomass": 122.76077270507812,
        "max_biomass": 243.54412841796875,
        "timestamp": "20260413_032501",
        "grid_id": "600_312"
      }
    },
    {
      "type": "Feature",
      "geometry": {
        "type": "Polygon",
        "coordinates": [
          [
            [
              121.5945727289917,
              45.32664732586412
            ],
            [
              121.60373070301651,
              45.326277770514444
            ],
            [
              121.60320638631244,
              45.31981769317832
            ],
            [
              121.59404944631943,
              45.32018716575671
            ],
            [
              121.5945727289917,
              45.32664732586412
            ]
          ]
        ]
      },
      "properties": {
        "biomass": 216.8550567626953,
        "min_biomass": 168.639404296875,
        "max_biomass": 248.18106079101562,
        "timestamp": "20260413_032501",
        "grid_id": "600_336"
      }
    },
    {
      "type": "Feature",
      "geometry": {
        "type": "Polygon",
        "coordinates": [
          [
            [
              121.60373070301651,
              45.326277770514444
            ],
            [
              121.61288849937412,
              45.32590748321928
            ],
            [
              121.61236314871186,
              45.319447488817296
            ],
            [
              121.60320638631244,
              45.31981769317832
            ],
            [
              121.60373070301651,
              45.326277770514444
            ]
          ]
        ]
      },
      "properties": {
        "biomass": 224.8175506591797,
        "min_biomass": 182.17567443847656,
        "max_biomass": 258.886474609375,
        "timestamp": "20260413_032501",
        "grid_id": "600_360"
      }
    },
    {
      "type": "Feature",
      "geometry": {
        "type": "Polygon",
        "coordinates": [
          [
            [
              121.61288849937412,
              45.32590748321928
            ],
            [
              121.62204611771728,
              45.32553646401624
            ],
            [
              121.62151973317059,
              45.31907655271123
            ],
            [
              121.61236314871186,
              45.319447488817296
            ],
            [
              121.61288849937412,
              45.32590748321928
            ]
          ]
        ]
      },
      "properties": {
        "biomass": 196.9456329345703,
        "min_biomass": 139.98434448242188,
        "max_biomass": 241.3990020751953,
        "timestamp": "20260413_032501",
        "grid_id": "600_384"
      }
    },
    {
      "type": "Feature",
      "geometry": {
        "type": "Polygon",
        "coordinates": [
          [
            [
              121.62204611771728,
              45.32553646401624
            ],
            [
              121.6312035576987,
              45.325164712942986
            ],
            [
              121.63067613934152,
              45.31870488489779
            ],
            [
              121.62151973317059,
              45.31907655271123
            ],
            [
              121.62204611771728,
              45.32553646401624
            ]
          ]
        ]
      },
      "properties": {
        "biomass": 154.73150634765625,
        "min_biomass": 110.48847198486328,
        "max_biomass": 226.3448944091797,
        "timestamp": "20260413_032501",
        "grid_id": "600_408"
      }
    },
    {
      "type": "Feature",
      "geometry": {
        "type": "Polygon",
        "coordinates": [
          [
            [
              121.6312035576987,
              45.325164712942986
            ],
            [
              121.64036081897119,
              45.324792230037275
            ],
            [
              121.63983236687758,
              45.318332485414714
            ],
            [
              121.63067613934152,
              45.31870488489779
            ],
            [
              121.6312035576987,
              45.325164712942986
            ]
          ]
        ]
      },
      "properties": {
        "biomass": 200.98135375976562,
        "min_biomass": 130.20223999023438,
        "max_biomass": 249.83367919921875,
        "timestamp": "20260413_032501",
        "grid_id": "600_432"
      }
    },
    {
      "type": "Feature",
      "geometry": {
        "type": "Polygon",
        "coordinates": [
          [
            [
              121.64036081897119,
              45.324792230037275
            ],
            [
              121.64951790118764,
              45.324419015336915
            ],
            [
              121.64898841543175,
              45.31795935429981
            ],
            [
              121.63983236687758,
              45.318332485414714
            ],
            [
              121.64036081897119,
              45.324792230037275
            ]
          ]
        ]
      },
      "properties": {
        "biomass": 216.47254943847656,
        "min_biomass": 176.9285888671875,
        "max_biomass": 254.12295532226562,
        "timestamp": "20260413_032501",
        "grid_id": "600_456"
      }
    },
    {
      "type": "Feature",
      "geometry": {
        "type": "Polygon",
        "coordinates": [
          [
            [
              121.64951790118764,
              45.324419015336915
            ],
            [
              121.65867480400088,
              45.32404506887983
            ],
            [
              121.65814428465708,
              45.31758549159095
            ],
            [
              121.64898841543175,
              45.31795935429981
            ],
            [
              121.64951790118764,
              45.324419015336915
            ]
          ]
        ]
      },
      "properties": {
        "biomass": 225.87673950195312,
        "min_biomass": 183.03192138671875,
        "max_biomass": 258.50469970703125,
        "timestamp": "20260413_032501",
        "grid_id": "600_480"
      }
    },
    {
      "type": "Feature",
      "geometry": {
        "type": "Polygon",
        "coordinates": [
          [
            [
              121.65867480400088,
              45.32404506887983
            ],
            [
              121.66783152706388,
              45.323670390703974
            ],
            [
              121.66729997420664,
              45.317210897326085
            ],
            [
              121.65814428465708,
              45.31758549159095
            ],
            [
              121.65867480400088,
              45.32404506887983
            ]
          ]
        ]
      },
      "properties": {
        "biomass": 221.80911254882812,
        "min_biomass": 187.94886779785156,
        "max_biomass": 258.7885437011719,
        "timestamp": "20260413_032501",
        "grid_id": "600_504"
      }
    },
    {
      "type": "Feature",
      "geometry": {
        "type": "Polygon",
        "coordinates": [
          [
            [
              121.66783152706388,
              45.323670390703974
            ],
            [
              121.6769880700296,
              45.32329498084739
            ],
            [
              121.67645548373355,
              45.31683557154325
            ],
            [
              121.66729997420664,
              45.317210897326085
            ],
            [
              121.66783152706388,
              45.323670390703974
            ]
          ]
        ]
      },
      "properties": {
        "biomass": 218.683349609375,
        "min_biomass": 174.019775390625,
        "max_biomass": 247.1324462890625,
        "timestamp": "20260413_032501",
        "grid_id": "600_528"
      }
    },
    {
      "type": "Feature",
      "geometry": {
        "type": "Polygon",
        "coordinates": [
          [
            [
              121.6769880700296,
              45.32329498084739
            ],
            [
              121.68614443255107,
              45.32291883934818
            ],
            [
              121.68561081289099,
              45.31645951428055
            ],
            [
              121.67645548373355,
              45.31683557154325
            ],
            [
              121.6769880700296,
              45.32329498084739
            ]
          ]
        ]
      },
      "properties": {
        "biomass": 212.29400634765625,
        "min_biomass": 194.32435607910156,
        "max_biomass": 233.03012084960938,
        "timestamp": "20260413_032501",
        "grid_id": "600_552"
      }
    },
    {
      "type": "Feature",
      "geometry": {
        "type": "Polygon",
        "coordinates": [
          [
            [
              121.49331148454633,
              45.32420305578843
            ],
            [
              121.50247035514498,
              45.32384163527891
            ],
            [
              121.50195759058158,
              45.317380644532484
            ],
            [
              121.49279975446767,
              45.31774198408139
            ],
            [
              121.49331148454633,
              45.32420305578843
            ]
          ]
        ]
      },
      "properties": {
        "biomass": 109.25101470947266,
        "min_biomass": 96.132568359375,
        "max_biomass": 196.20326232910156,
        "timestamp": "20260413_032501",
        "grid_id": "624_72"
      }
    },
    {
      "type": "Feature",
      "geometry": {
        "type": "Polygon",
        "coordinates": [
          [
            [
              121.50247035514498,
              45.32384163527891
            ],
            [
              121.51162905197144,
              45.32347948257809
            ],
            [
              121.51111525299534,
              45.3170185729553
            ],
            [
              121.50195759058158,
              45.317380644532484
            ],
            [
              121.50247035514498,
              45.32384163527891
            ]
          ]
        ]
      },
      "properties": {
        "biomass": 108.61485290527344,
        "min_biomass": 96.2377700805664,
        "max_biomass": 130.32931518554688,
        "timestamp": "20260413_032501",
        "grid_id": "624_96"
      }
    },
    {
      "type": "Feature",
      "geometry": {
        "type": "Polygon",
        "coordinates": [
          [
            [
              121.51162905197144,
              45.32347948257809
            ],
            [
              121.52078757467812,
              45.32311659772279
            ],
            [
              121.52027274136148,
              45.31665576938658
            ],
            [
              121.51111525299534,
              45.3170185729553
            ],
            [
              121.51162905197144,
              45.32347948257809
            ]
          ]
        ]
      },
      "properties": {
        "biomass": 111.55899047851562,
        "min_biomass": 96.11970520019531,
        "max_biomass": 134.16156005859375,
        "timestamp": "20260413_032501",
        "grid_id": "624_120"
      }
    },
    {
      "type": "Feature",
      "geometry": {
        "type": "Polygon",
        "coordinates": [
          [
            [
              121.52078757467812,
              45.32311659772279
            ],
            [
              121.5299459229174,
              45.32275298074984
            ],
            [
              121.52943005533255,
              45.31629223386317
            ],
            [
              121.52027274136148,
              45.31665576938658
            ],
            [
              121.52078757467812,
              45.32311659772279
            ]
          ]
        ]
      },
      "properties": {
        "biomass": 111.5438461303711,
        "min_biomass": 96.40164947509766,
        "max_biomass": 134.0431671142578,
        "timestamp": "20260413_032501",
        "grid_id": "624_144"
      }
    },
    {
      "type": "Feature",
      "geometry": {
        "type": "Polygon",
        "coordinates": [
          [
            [
              121.5299459229174,
              45.32275298074984
            ],
            [
              121.53910409634182,
              45.32238863169618
            ],
            [
              121.53858719456117,
              45.315927966422
            ],
            [
              121.52943005533255,
              45.31629223386317
            ],
            [
              121.5299459229174,
              45.32275298074984
            ]
          ]
        ]
      },
      "properties": {
        "biomass": 109.59988403320312,
        "min_biomass": 96.31302642822266,
        "max_biomass": 131.39193725585938,
        "timestamp": "20260413_032501",
        "grid_id": "624_168"
      }
    },
    {
      "type": "Feature",
      "geometry": {
        "type": "Polygon",
        "coordinates": [
          [
            [
              121.53910409634182,
              45.32238863169618
            ],
            [
              121.54826209460386,
              45.32202355059882
            ],
            [
              121.54774415870004,
              45.31556296710005
            ],
            [
              121.53858719456117,
              45.315927966422
            ],
            [
              121.53910409634182,
              45.32238863169618
            ]
          ]
        ]
      },
      "properties": {
        "biomass": 107.22665405273438,
        "min_biomass": 96.29722595214844,
        "max_biomass": 126.39558410644531,
        "timestamp": "20260413_032501",
        "grid_id": "624_192"
      }
    },
    {
      "type": "Feature",
      "geometry": {
        "type": "Polygon",
        "coordinates": [
          [
            [
              121.54826209460386,
              45.32202355059882
            ],
            [
              121.55741991735609,
              45.321657737494824
            ],
            [
              121.5569009474018,
              45.31519723593439
            ],
            [
              121.54774415870004,
              45.31556296710005
            ],
            [
              121.54826209460386,
              45.32202355059882
            ]
          ]
        ]
      },
      "properties": {
        "biomass": 109.49853515625,
        "min_biomass": 96.08181762695312,
        "max_biomass": 135.0902099609375,
        "timestamp": "20260413_032501",
        "grid_id": "624_216"
      }
    },
    {
      "type": "Feature",
      "geometry": {
        "type": "Polygon",
        "coordinates": [
          [
            [
              121.55741991735609,
              45.321657737494824
            ],
            [
              121.56657756425109,
              45.321291192421356
            ],
            [
              121.56605756031924,
              45.314830772962154
            ],
            [
              121.5569009474018,
              45.31519723593439
            ],
            [
              121.55741991735609,
              45.321657737494824
            ]
          ]
        ]
      },
      "properties": {
        "biomass": 116.89757537841797,
        "min_biomass": 96.1199951171875,
        "max_biomass": 173.71200561523438,
        "timestamp": "20260413_032501",
        "grid_id": "624_240"
      }
    },
    {
      "type": "Feature",
      "geometry": {
        "type": "Polygon",
        "coordinates": [
          [
            [
              121.56657756425109,
              45.321291192421356
            ],
            [
              121.5757350349415,
              45.32092391541564
            ],
            [
              121.57521399710511,
              45.31446357822056
            ],
            [
              121.56605756031924,
              45.314830772962154
            ],
            [
              121.56657756425109,
              45.321291192421356
            ]
          ]
        ]
      },
      "properties": {
        "biomass": 108.1817398071289,
        "min_biomass": 96.09938049316406,
        "max_biomass": 126.74444580078125,
        "timestamp": "20260413_032501",
        "grid_id": "624_264"
      }
    },
    {
      "type": "Feature",
      "geometry": {
        "type": "Polygon",
        "coordinates": [
          [
            [
              121.5757350349415,
              45.32092391541564
            ],
            [
              121.58489232908006,
              45.32055590651497
            ],
            [
              121.58437025741229,
              45.31409565174687
            ],
            [
              121.57521399710511,
              45.31446357822056
            ],
            [
              121.5757350349415,
              45.32092391541564
            ]
          ]
        ]
      },
      "properties": {
        "biomass": 122.13652801513672,
        "min_biomass": 96.28026580810547,
        "max_biomass": 201.1959228515625,
        "timestamp": "20260413_032501",
        "grid_id": "624_288"
      }
    },
    {
      "type": "Feature",
      "geometry": {
        "type": "Polygon",
        "coordinates": [
          [
            [
              121.58489232908006,
              45.32055590651497
            ],
            [
              121.59404944631943,
              45.32018716575671
            ],
            [
              121.5935263408936,
              45.31372699357845
            ],
            [
              121.58437025741229,
              45.31409565174687
            ],
            [
              121.58489232908006,
              45.32055590651497
            ]
          ]
        ]
      },
      "properties": {
        "biomass": 188.6132049560547,
        "min_biomass": 114.02664947509766,
        "max_biomass": 243.6052703857422,
        "timestamp": "20260413_032501",
        "grid_id": "624_312"
      }
    },
    {
      "type": "Feature",
      "geometry": {
        "type": "Polygon",
        "coordinates": [
          [
            [
              121.59404944631943,
              45.32018716575671
            ],
            [
              121.60320638631244,
              45.31981769317832
            ],
            [
              121.60268224720195,
              45.31335760375273
            ],
            [
              121.5935263408936,
              45.31372699357845
            ],
            [
              121.59404944631943,
              45.32018716575671
            ]
          ]
        ]
      },
      "properties": {
        "biomass": 194.09918212890625,
        "min_biomass": 140.25457763671875,
        "max_biomass": 246.7195587158203,
        "timestamp": "20260413_032501",
        "grid_id": "624_336"
      }
    },
    {
      "type": "Feature",
      "geometry": {
        "type": "Polygon",
        "coordinates": [
          [
            [
              121.60320638631244,
              45.31981769317832
            ],
            [
              121.61236314871186,
              45.319447488817296
            ],
            [
              121.61183797599033,
              45.31298748230723
            ],
            [
              121.60268224720195,
              45.31335760375273
            ],
            [
              121.60320638631244,
              45.31981769317832
            ]
          ]
        ]
      },
      "properties": {
        "biomass": 225.2929229736328,
        "min_biomass": 180.44857788085938,
        "max_biomass": 255.849365234375,
        "timestamp": "20260413_032501",
        "grid_id": "624_360"
      }
    },
    {
      "type": "Feature",
      "geometry": {
        "type": "Polygon",
        "coordinates": [
          [
            [
              121.61236314871186,
              45.319447488817296
            ],
            [
              121.62151973317059,
              45.31907655271123
            ],
            [
              121.62099352691176,
              45.31261662927949
            ],
            [
              121.61183797599033,
              45.31298748230723
            ],
            [
              121.61236314871186,
              45.319447488817296
            ]
          ]
        ]
      },
      "properties": {
        "biomass": 173.9425506591797,
        "min_biomass": 105.32384490966797,
        "max_biomass": 230.33221435546875,
        "timestamp": "20260413_032501",
        "grid_id": "624_384"
      }
    },
    {
      "type": "Feature",
      "geometry": {
        "type": "Polygon",
        "coordinates": [
          [
            [
              121.62151973317059,
              45.31907655271123
            ],
            [
              121.63067613934152,
              45.31870488489779
            ],
            [
              121.63014889961921,
              45.312245044707154
            ],
            [
              121.62099352691176,
              45.31261662927949
            ],
            [
              121.62151973317059,
              45.31907655271123
            ]
          ]
        ]
      },
      "properties": {
        "biomass": 152.50929260253906,
        "min_biomass": 110.61405944824219,
        "max_biomass": 217.22633361816406,
        "timestamp": "20260413_032501",
        "grid_id": "624_408"
      }
    },
    {
      "type": "Feature",
      "geometry": {
        "type": "Polygon",
        "coordinates": [
          [
            [
              121.63067613934152,
              45.31870488489779
            ],
            [
              121.63983236687758,
              45.318332485414714
            ],
            [
              121.63930409376584,
              45.31187272862798
            ],
            [
              121.63014889961921,
              45.312245044707154
            ],
            [
              121.63067613934152,
              45.31870488489779
            ]
          ]
        ]
      },
      "properties": {
        "biomass": 210.65591430664062,
        "min_biomass": 159.56011962890625,
        "max_biomass": 261.0080871582031,
        "timestamp": "20260413_032501",
        "grid_id": "624_432"
      }
    },
    {
      "type": "Feature",
      "geometry": {
        "type": "Polygon",
        "coordinates": [
          [
            [
              121.63983236687758,
              45.318332485414714
            ],
            [
              121.64898841543175,
              45.31795935429981
            ],
            [
              121.64845910900473,
              45.31149968107974
            ],
            [
              121.63930409376584,
              45.31187272862798
            ],
            [
              121.63983236687758,
              45.318332485414714
            ]
          ]
        ]
      },
      "properties": {
        "biomass": 220.8301239013672,
        "min_biomass": 159.13180541992188,
        "max_biomass": 258.6166076660156,
        "timestamp": "20260413_032501",
        "grid_id": "624_456"
      }
    },
    {
      "type": "Feature",
      "geometry": {
        "type": "Polygon",
        "coordinates": [
          [
            [
              121.64898841543175,
              45.31795935429981
            ],
            [
              121.65814428465708,
              45.31758549159095
            ],
            [
              121.65761394498907,
              45.31112590210029
            ],
            [
              121.64845910900473,
              45.31149968107974
            ],
            [
              121.64898841543175,
              45.31795935429981
            ]
          ]
        ]
      },
      "properties": {
        "biomass": 206.8925018310547,
        "min_biomass": 151.8826446533203,
        "max_biomass": 260.77056884765625,
        "timestamp": "20260413_032501",
        "grid_id": "624_480"
      }
    },
    {
      "type": "Feature",
      "geometry": {
        "type": "Polygon",
        "coordinates": [
          [
            [
              121.65814428465708,
              45.31758549159095
            ],
            [
              121.66729997420664,
              45.317210897326085
            ],
            [
              121.66676860137208,
              45.31075139172759
            ],
            [
              121.65761394498907,
              45.31112590210029
            ],
            [
              121.65814428465708,
              45.31758549159095
            ]
          ]
        ]
      },
      "properties": {
        "biomass": 216.16888427734375,
        "min_biomass": 157.36936950683594,
        "max_biomass": 260.32501220703125,
        "timestamp": "20260413_032501",
        "grid_id": "624_504"
      }
    },
    {
      "type": "Feature",
      "geometry": {
        "type": "Polygon",
        "coordinates": [
          [
            [
              121.66729997420664,
              45.317210897326085
            ],
            [
              121.67645548373355,
              45.31683557154325
            ],
            [
              121.67592307780703,
              45.31037614999963
            ],
            [
              121.66676860137208,
              45.31075139172759
            ],
            [
              121.66729997420664,
              45.317210897326085
            ]
          ]
        ]
      },
      "properties": {
        "biomass": 232.14866638183594,
        "min_biomass": 176.2787628173828,
        "max_biomass": 259.941650390625,
        "timestamp": "20260413_032501",
        "grid_id": "624_528"
      }
    },
    {
      "type": "Feature",
      "geometry": {
        "type": "Polygon",
        "coordinates": [
          [
            [
              121.49279975446767,
              45.31774198408139
            ],
            [
              121.50195759058158,
              45.317380644532484
            ],
            [
              121.50144499971837,
              45.310919641901215
            ],
            [
              121.49228819774166,
              45.31128090050766
            ],
            [
              121.49279975446767,
              45.31774198408139
            ]
          ]
        ]
      },
      "properties": {
        "biomass": 136.1400909423828,
        "min_biomass": 96.49527740478516,
        "max_biomass": 200.53219604492188,
        "timestamp": "20260413_032501",
        "grid_id": "648_72"
      }
    },
    {
      "type": "Feature",
      "geometry": {
        "type": "Polygon",
        "coordinates": [
          [
            [
              121.50195759058158,
              45.317380644532484
            ],
            [
              121.51111525299534,
              45.3170185729553
            ],
            [
              121.5106016280669,
              45.3105576514294
            ],
            [
              121.50144499971837,
              45.310919641901215
            ],
            [
              121.50195759058158,
              45.317380644532484
            ]
          ]
        ]
      },
      "properties": {
        "biomass": 166.59912109375,
        "min_biomass": 96.0696029663086,
        "max_biomass": 228.32936096191406,
        "timestamp": "20260413_032501",
        "grid_id": "648_96"
      }
    },
    {
      "type": "Feature",
      "geometry": {
        "type": "Polygon",
        "coordinates": [
          [
            [
              121.51111525299534,
              45.3170185729553
            ],
            [
              121.52027274136148,
              45.31665576938658
            ],
            [
              121.5197580824399,
              45.310194929129004
            ],
            [
              121.5106016280669,
              45.3105576514294
            ],
            [
              121.51111525299534,
              45.3170185729553
            ]
          ]
        ]
      },
      "properties": {
        "biomass": 169.3441619873047,
        "min_biomass": 99.45774841308594,
        "max_biomass": 243.4421844482422,
        "timestamp": "20260413_032501",
        "grid_id": "648_120"
      }
    },
    {
      "type": "Feature",
      "geometry": {
        "type": "Polygon",
        "coordinates": [
          [
            [
              121.52027274136148,
              45.31665576938658
            ],
            [
              121.52943005533255,
              45.31629223386317
            ],
            [
              121.52891436249014,
              45.30983147503684
            ],
            [
              121.5197580824399,
              45.310194929129004
            ],
            [
              121.52027274136148,
              45.31665576938658
            ]
          ]
        ]
      },
      "properties": {
        "biomass": 140.52459716796875,
        "min_biomass": 97.41033935546875,
        "max_biomass": 196.9353790283203,
        "timestamp": "20260413_032501",
        "grid_id": "648_144"
      }
    },
    {
      "type": "Feature",
      "geometry": {
        "type": "Polygon",
        "coordinates": [
          [
            [
              121.52943005533255,
              45.31629223386317
            ],
            [
              121.53858719456117,
              45.315927966422
            ],
            [
              121.53807046787033,
              45.30946728918982
            ],
            [
              121.52891436249014,
              45.30983147503684
            ],
            [
              121.52943005533255,
              45.31629223386317
            ]
          ]
        ]
      },
      "properties": {
        "biomass": 114.04597473144531,
        "min_biomass": 96.10307312011719,
        "max_biomass": 147.7400665283203,
        "timestamp": "20260413_032501",
        "grid_id": "648_168"
      }
    },
    {
      "type": "Feature",
      "geometry": {
        "type": "Polygon",
        "coordinates": [
          [
            [
              121.53858719456117,
              45.315927966422
            ],
            [
              121.54774415870004,
              45.31556296710005
            ],
            [
              121.5472263982333,
              45.309102371624924
            ],
            [
              121.53807046787033,
              45.30946728918982
            ],
            [
              121.53858719456117,
              45.315927966422
            ]
          ]
        ]
      },
      "properties": {
        "biomass": 110.27294921875,
        "min_biomass": 96.13542175292969,
        "max_biomass": 136.6005096435547,
        "timestamp": "20260413_032501",
        "grid_id": "648_192"
      }
    },
    {
      "type": "Feature",
      "geometry": {
        "type": "Polygon",
        "coordinates": [
          [
            [
              121.54774415870004,
              45.31556296710005
            ],
            [
              121.5569009474018,
              45.31519723593439
            ],
            [
              121.5563821532319,
              45.30873672237919
            ],
            [
              121.5472263982333,
              45.309102371624924
            ],
            [
              121.54774415870004,
              45.31556296710005
            ]
          ]
        ]
      },
      "properties": {
        "biomass": 127.41911315917969,
        "min_biomass": 96.15734100341797,
        "max_biomass": 196.60638427734375,
        "timestamp": "20260413_032501",
        "grid_id": "648_216"
      }
    },
    {
      "type": "Feature",
      "geometry": {
        "type": "Polygon",
        "coordinates": [
          [
            [
              121.5569009474018,
              45.31519723593439
            ],
            [
              121.56605756031924,
              45.314830772962154
            ],
            [
              121.56553773251895,
              45.308370341489734
            ],
            [
              121.5563821532319,
              45.30873672237919
            ],
            [
              121.5569009474018,
              45.31519723593439
            ]
          ]
        ]
      },
      "properties": {
        "biomass": 162.6797332763672,
        "min_biomass": 97.34550476074219,
        "max_biomass": 222.40164184570312,
        "timestamp": "20260413_032501",
        "grid_id": "648_240"
      }
    },
    {
      "type": "Feature",
      "geometry": {
        "type": "Polygon",
        "coordinates": [
          [
            [
              121.56605756031924,
              45.314830772962154
            ],
            [
              121.57521399710511,
              45.31446357822056
            ],
            [
              121.57469313574748,
              45.30800322899376
            ],
            [
              121.56553773251895,
              45.308370341489734
            ],
            [
              121.56605756031924,
              45.314830772962154
            ]
          ]
        ]
      },
      "properties": {
        "biomass": 153.2282257080078,
        "min_biomass": 96.276611328125,
        "max_biomass": 211.41561889648438,
        "timestamp": "20260413_032501",
        "grid_id": "648_264"
      }
    },
    {
      "type": "Feature",
      "geometry": {
        "type": "Polygon",
        "coordinates": [
          [
            [
              121.57521399710511,
              45.31446357822056
            ],
            [
              121.58437025741229,
              45.31409565174687
            ],
            [
              121.58384836257038,
              45.30763538492857
            ],
            [
              121.57469313574748,
              45.30800322899376
            ],
            [
              121.57521399710511,
              45.31446357822056
            ]
          ]
        ]
      },
      "properties": {
        "biomass": 111.53739929199219,
        "min_biomass": 96.0865478515625,
        "max_biomass": 148.4263916015625,
        "timestamp": "20260413_032501",
        "grid_id": "648_288"
      }
    },
    {
      "type": "Feature",
      "geometry": {
        "type": "Polygon",
        "coordinates": [
          [
            [
              121.58437025741229,
              45.31409565174687
            ],
            [
              121.5935263408936,
              45.31372699357845
            ],
            [
              121.59300341264067,
              45.30726680933144
            ],
            [
              121.58384836257038,
              45.30763538492857
            ],
            [
              121.58437025741229,
              45.31409565174687
            ]
          ]
        ]
      },
      "properties": {
        "biomass": 132.1562042236328,
        "min_biomass": 96.21165466308594,
        "max_biomass": 213.23178100585938,
        "timestamp": "20260413_032501",
        "grid_id": "648_312"
      }
    },
    {
      "type": "Feature",
      "geometry": {
        "type": "Polygon",
        "coordinates": [
          [
            [
              121.5935263408936,
              45.31372699357845
            ],
            [
              121.60268224720195,
              45.31335760375273
            ],
            [
              121.60215828561145,
              45.30689750223981
            ],
            [
              121.59300341264067,
              45.30726680933144
            ],
            [
              121.5935263408936,
              45.31372699357845
            ]
          ]
        ]
      },
      "properties": {
        "biomass": 166.09344482421875,
        "min_biomass": 111.69991302490234,
        "max_biomass": 229.28269958496094,
        "timestamp": "20260413_032501",
        "grid_id": "648_336"
      }
    },
    {
      "type": "Feature",
      "geometry": {
        "type": "Polygon",
        "coordinates": [
          [
            [
              121.60268224720195,
              45.31335760375273
            ],
            [
              121.61183797599033,
              45.31298748230723
            ],
            [
              121.6113129811358,
              45.306527463691175
            ],
            [
              121.60215828561145,
              45.30689750223981
            ],
            [
              121.60268224720195,
              45.31335760375273
            ]
          ]
        ]
      },
      "properties": {
        "biomass": 206.09051513671875,
        "min_biomass": 113.22908020019531,
        "max_biomass": 254.43499755859375,
        "timestamp": "20260413_032501",
        "grid_id": "648_360"
      }
    },
    {
      "type": "Feature",
      "geometry": {
        "type": "Polygon",
        "coordinates": [
          [
            [
              121.61183797599033,
              45.31298748230723
            ],
            [
              121.62099352691176,
              45.31261662927949
            ],
            [
              121.62046749886686,
              45.3061566937231
            ],
            [
              121.6113129811358,
              45.306527463691175
            ],
            [
              121.61183797599033,
              45.31298748230723
            ]
          ]
        ]
      },
      "properties": {
        "biomass": 175.46063232421875,
        "min_biomass": 110.37055969238281,
        "max_biomass": 234.4077606201172,
        "timestamp": "20260413_032501",
        "grid_id": "648_384"
      }
    },
    {
      "type": "Feature",
      "geometry": {
        "type": "Polygon",
        "coordinates": [
          [
            [
              121.62099352691176,
              45.31261662927949
            ],
            [
              121.63014889961921,
              45.312245044707154
            ],
            [
              121.62962183845777,
              45.30578519237321
            ],
            [
              121.62046749886686,
              45.3061566937231
            ],
            [
              121.62099352691176,
              45.31261662927949
            ]
          ]
        ]
      },
      "properties": {
        "biomass": 131.876708984375,
        "min_biomass": 104.57511138916016,
        "max_biomass": 219.26123046875,
        "timestamp": "20260413_032501",
        "grid_id": "648_408"
      }
    },
    {
      "type": "Feature",
      "geometry": {
        "type": "Polygon",
        "coordinates": [
          [
            [
              121.63014889961921,
              45.312245044707154
            ],
            [
              121.63930409376584,
              45.31187272862798
            ],
            [
              121.63877599956183,
              45.30541295967919
            ],
            [
              121.62962183845777,
              45.30578519237321
            ],
            [
              121.63014889961921,
              45.312245044707154
            ]
          ]
        ]
      },
      "properties": {
        "biomass": 190.21145629882812,
        "min_biomass": 109.0365219116211,
        "max_biomass": 258.78118896484375,
        "timestamp": "20260413_032501",
        "grid_id": "648_432"
      }
    },
    {
      "type": "Feature",
      "geometry": {
        "type": "Polygon",
        "coordinates": [
          [
            [
              121.63930409376584,
              45.31187272862798
            ],
            [
              121.64845910900473,
              45.31149968107974
            ],
            [
              121.64792998183226,
              45.30503999567885
            ],
            [
              121.63877599956183,
              45.30541295967919
            ],
            [
              121.63930409376584,
              45.31187272862798
            ]
          ]
        ]
      },
      "properties": {
        "biomass": 162.89678955078125,
        "min_biomass": 104.37922668457031,
        "max_biomass": 226.0934600830078,
        "timestamp": "20260413_032501",
        "grid_id": "648_456"
      }
    },
    {
      "type": "Feature",
      "geometry": {
        "type": "Polygon",
        "coordinates": [
          [
            [
              121.64845910900473,
              45.31149968107974
            ],
            [
              121.65761394498907,
              45.31112590210029
            ],
            [
              121.6570837849224,
              45.30466630041002
            ],
            [
              121.64792998183226,
              45.30503999567885
            ],
            [
              121.64845910900473,
              45.31149968107974
            ]
          ]
        ]
      },
      "properties": {
        "biomass": 156.2728271484375,
        "min_biomass": 109.83101654052734,
        "max_biomass": 215.41502380371094,
        "timestamp": "20260413_032501",
        "grid_id": "648_480"
      }
    },
    {
      "type": "Feature",
      "geometry": {
        "type": "Polygon",
        "coordinates": [
          [
            [
              121.65761394498907,
              45.31112590210029
            ],
            [
              121.66676860137208,
              45.31075139172759
            ],
            [
              121.6662374084856,
              45.30429187391062
            ],
            [
              121.6570837849224,
              45.30466630041002
            ],
            [
              121.65761394498907,
              45.31112590210029
            ]
          ]
        ]
      },
      "properties": {
        "biomass": 183.0417022705078,
        "min_biomass": 123.47338104248047,
        "max_biomass": 227.93431091308594,
        "timestamp": "20260413_032501",
        "grid_id": "648_504"
      }
    },
    {
      "type": "Feature",
      "geometry": {
        "type": "Polygon",
        "coordinates": [
          [
            [
              121.66676860137208,
              45.31075139172759
            ],
            [
              121.67592307780703,
              45.31037614999963
            ],
            [
              121.67539085217525,
              45.30391671621867
            ],
            [
              121.6662374084856,
              45.30429187391062
            ],
            [
              121.66676860137208,
              45.31075139172759
            ]
          ]
        ]
      },
      "properties": {
        "biomass": 221.73590087890625,
        "min_biomass": 177.9646759033203,
        "max_biomass": 261.1789855957031,
        "timestamp": "20260413_032501",
        "grid_id": "648_528"
      }
    },
    {
      "type": "Feature",
      "geometry": {
        "type": "Polygon",
        "coordinates": [
          [
            [
              121.50144499971837,
              45.310919641901215
            ],
            [
              121.5106016280669,
              45.3105576514294
            ],
            [
              121.51008817711394,
              45.30409671800243
            ],
            [
              121.50093258248334,
              45.30445862738707
            ],
            [
              121.50144499971837,
              45.310919641901215
            ]
          ]
        ]
      },
      "properties": {
        "biomass": 200.62437438964844,
        "min_biomass": 148.73684692382812,
        "max_biomass": 238.96762084960938,
        "timestamp": "20260413_032501",
        "grid_id": "672_96"
      }
    },
    {
      "type": "Feature",
      "geometry": {
        "type": "Polygon",
        "coordinates": [
          [
            [
              121.5106016280669,
              45.3105576514294
            ],
            [
              121.5197580824399,
              45.310194929129004
            ],
            [
              121.51924359784114,
              45.303734076952104
            ],
            [
              121.51008817711394,
              45.30409671800243
            ],
            [
              121.5106016280669,
              45.3105576514294
            ]
          ]
        ]
      },
      "properties": {
        "biomass": 156.92918395996094,
        "min_biomass": 98.65565490722656,
        "max_biomass": 232.83851623535156,
        "timestamp": "20260413_032501",
        "grid_id": "672_120"
      }
    },
    {
      "type": "Feature",
      "geometry": {
        "type": "Polygon",
        "coordinates": [
          [
            [
              121.5197580824399,
              45.310194929129004
            ],
            [
              121.52891436249014,
              45.30983147503684
            ],
            [
              121.52839884431775,
              45.30337070427289
            ],
            [
              121.51924359784114,
              45.303734076952104
            ],
            [
              121.5197580824399,
              45.310194929129004
            ]
          ]
        ]
      },
      "properties": {
        "biomass": 120.17583465576172,
        "min_biomass": 96.28148651123047,
        "max_biomass": 194.9129180908203,
        "timestamp": "20260413_032501",
        "grid_id": "672_144"
      }
    },
    {
      "type": "Feature",
      "geometry": {
        "type": "Polygon",
        "coordinates": [
          [
            [
              121.52891436249014,
              45.30983147503684
            ],
            [
              121.53807046787033,
              45.30946728918982
            ],
            [
              121.5375539161967,
              45.30300660000171
            ],
            [
              121.52839884431775,
              45.30337070427289
            ],
            [
              121.52891436249014,
              45.30983147503684
            ]
          ]
        ]
      },
      "properties": {
        "biomass": 109.58558654785156,
        "min_biomass": 96.79508972167969,
        "max_biomass": 121.8029556274414,
        "timestamp": "20260413_032501",
        "grid_id": "672_168"
      }
    },
    {
      "type": "Feature",
      "geometry": {
        "type": "Polygon",
        "coordinates": [
          [
            [
              121.53807046787033,
              45.30946728918982
            ],
            [
              121.5472263982333,
              45.309102371624924
            ],
            [
              121.54670881313095,
              45.30264176417548
            ],
            [
              121.5375539161967,
              45.30300660000171
            ],
            [
              121.53807046787033,
              45.30946728918982
            ]
          ]
        ]
      },
      "properties": {
        "biomass": 127.97654724121094,
        "min_biomass": 96.3681411743164,
        "max_biomass": 189.447998046875,
        "timestamp": "20260413_032501",
        "grid_id": "672_192"
      }
    },
    {
      "type": "Feature",
      "geometry": {
        "type": "Polygon",
        "coordinates": [
          [
            [
              121.5472263982333,
              45.309102371624924
            ],
            [
              121.5563821532319,
              45.30873672237919
            ],
            [
              121.55586353477345,
              45.30227619683128
            ],
            [
              121.54670881313095,
              45.30264176417548
            ],
            [
              121.5472263982333,
              45.309102371624924
            ]
          ]
        ]
      },
      "properties": {
        "biomass": 157.1776580810547,
        "min_biomass": 98.38967895507812,
        "max_biomass": 218.93450927734375,
        "timestamp": "20260413_032501",
        "grid_id": "672_216"
      }
    },
    {
      "type": "Feature",
      "geometry": {
        "type": "Polygon",
        "coordinates": [
          [
            [
              121.5563821532319,
              45.30873672237919
            ],
            [
              121.56553773251895,
              45.308370341489734
            ],
            [
              121.56501808077725,
              45.30190989800618
            ],
            [
              121.55586353477345,
              45.30227619683128
            ],
            [
              121.5563821532319,
              45.30873672237919
            ]
          ]
        ]
      },
      "properties": {
        "biomass": 207.2764129638672,
        "min_biomass": 150.4524383544922,
        "max_biomass": 252.84832763671875,
        "timestamp": "20260413_032501",
        "grid_id": "672_240"
      }
    },
    {
      "type": "Feature",
      "geometry": {
        "type": "Polygon",
        "coordinates": [
          [
            [
              121.56553773251895,
              45.308370341489734
            ],
            [
              121.57469313574748,
              45.30800322899376
            ],
            [
              121.57417245079542,
              45.30154286773738
            ],
            [
              121.56501808077725,
              45.30190989800618
            ],
            [
              121.56553773251895,
              45.308370341489734
            ]
          ]
        ]
      },
      "properties": {
        "biomass": 210.5924072265625,
        "min_biomass": 161.6803741455078,
        "max_biomass": 258.12945556640625,
        "timestamp": "20260413_032501",
        "grid_id": "672_264"
      }
    },
    {
      "type": "Feature",
      "geometry": {
        "type": "Polygon",
        "coordinates": [
          [
            [
              121.57469313574748,
              45.30800322899376
            ],
            [
              121.58384836257038,
              45.30763538492857
            ],
            [
              121.58332664448105,
              45.30117510606214
            ],
            [
              121.57417245079542,
              45.30154286773738
            ],
            [
              121.57469313574748,
              45.30800322899376
            ]
          ]
        ]
      },
      "properties": {
        "biomass": 151.5408477783203,
        "min_biomass": 97.78524017333984,
        "max_biomass": 210.8689727783203,
        "timestamp": "20260413_032501",
        "grid_id": "672_288"
      }
    },
    {
      "type": "Feature",
      "geometry": {
        "type": "Polygon",
        "coordinates": [
          [
            [
              121.58384836257038,
              45.30763538492857
            ],
            [
              121.59300341264067,
              45.30726680933144
            ],
            [
              121.59248066148731,
              45.30080661301775
            ],
            [
              121.58332664448105,
              45.30117510606214
            ],
            [
              121.58384836257038,
              45.30763538492857
            ]
          ]
        ]
      },
      "properties": {
        "biomass": 114.05319213867188,
        "min_biomass": 96.33090209960938,
        "max_biomass": 125.09320831298828,
        "timestamp": "20260413_032501",
        "grid_id": "672_312"
      }
    },
    {
      "type": "Feature",
      "geometry": {
        "type": "Polygon",
        "coordinates": [
          [
            [
              121.59300341264067,
              45.30726680933144
            ],
            [
              121.60215828561145,
              45.30689750223981
            ],
            [
              121.60163450146742,
              45.300437388641654
            ],
            [
              121.59248066148731,
              45.30080661301775
            ],
            [
              121.59300341264067,
              45.30726680933144
            ]
          ]
        ]
      },
      "properties": {
        "biomass": 140.5498809814453,
        "min_biomass": 97.99149322509766,
        "max_biomass": 235.52853393554688,
        "timestamp": "20260413_032501",
        "grid_id": "672_336"
      }
    },
    {
      "type": "Feature",
      "geometry": {
        "type": "Polygon",
        "coordinates": [
          [
            [
              121.60215828561145,
              45.30689750223981
            ],
            [
              121.6113129811358,
              45.306527463691175
            ],
            [
              121.61078816407453,
              45.300067432971304
            ],
            [
              121.60163450146742,
              45.300437388641654
            ],
            [
              121.60215828561145,
              45.30689750223981
            ]
          ]
        ]
      },
      "properties": {
        "biomass": 160.90573120117188,
        "min_biomass": 103.27186584472656,
        "max_biomass": 230.68954467773438,
        "timestamp": "20260413_032501",
        "grid_id": "672_360"
      }
    },
    {
      "type": "Feature",
      "geometry": {
        "type": "Polygon",
        "coordinates": [
          [
            [
              121.6113129811358,
              45.306527463691175
            ],
            [
              121.62046749886686,
              45.3061566937231
            ],
            [
              121.61994164896204,
              45.29969674604423
            ],
            [
              121.61078816407453,
              45.300067432971304
            ],
            [
              121.6113129811358,
              45.306527463691175
            ]
          ]
        ]
      },
      "properties": {
        "biomass": 160.161865234375,
        "min_biomass": 107.85086059570312,
        "max_biomass": 224.84490966796875,
        "timestamp": "20260413_032501",
        "grid_id": "672_384"
      }
    },
    {
      "type": "Feature",
      "geometry": {
        "type": "Polygon",
        "coordinates": [
          [
            [
              121.62046749886686,
              45.3061566937231
            ],
            [
              121.62962183845777,
              45.30578519237321
            ],
            [
              121.62909495578322,
              45.29932532789807
            ],
            [
              121.61994164896204,
              45.29969674604423
            ],
            [
              121.62046749886686,
              45.3061566937231
            ]
          ]
        ]
      },
      "properties": {
        "biomass": 116.86356353759766,
        "min_biomass": 96.1495590209961,
        "max_biomass": 153.22140502929688,
        "timestamp": "20260413_032501",
        "grid_id": "672_408"
      }
    },
    {
      "type": "Feature",
      "geometry": {
        "type": "Polygon",
        "coordinates": [
          [
            [
              121.62962183845777,
              45.30578519237321
            ],
            [
              121.63877599956183,
              45.30541295967919
            ],
            [
              121.63824808419143,
              45.29895317857049
            ],
            [
              121.62909495578322,
              45.29932532789807
            ],
            [
              121.62962183845777,
              45.30578519237321
            ]
          ]
        ]
      },
      "properties": {
        "biomass": 134.05316162109375,
        "min_biomass": 98.17237854003906,
        "max_biomass": 244.36166381835938,
        "timestamp": "20260413_032501",
        "grid_id": "672_432"
      }
    },
    {
      "type": "Feature",
      "geometry": {
        "type": "Polygon",
        "coordinates": [
          [
            [
              121.63877599956183,
              45.30541295967919
            ],
            [
              121.64792998183226,
              45.30503999567885
            ],
            [
              121.6474010338401,
              45.2985802980993
            ],
            [
              121.63824808419143,
              45.29895317857049
            ],
            [
              121.63877599956183,
              45.30541295967919
            ]
          ]
        ]
      },
      "properties": {
        "biomass": 173.52935791015625,
        "min_biomass": 106.15116119384766,
        "max_biomass": 246.36395263671875,
        "timestamp": "20260413_032501",
        "grid_id": "672_456"
      }
    },
    {
      "type": "Feature",
      "geometry": {
        "type": "Polygon",
        "coordinates": [
          [
            [
              121.64792998183226,
              45.30503999567885
            ],
            [
              121.6570837849224,
              45.30466630041002
            ],
            [
              121.65655380438268,
              45.29820668652229
            ],
            [
              121.6474010338401,
              45.2985802980993
            ],
            [
              121.64792998183226,
              45.30503999567885
            ]
          ]
        ]
      },
      "properties": {
        "biomass": 197.8213653564453,
        "min_biomass": 148.80616760253906,
        "max_biomass": 257.04248046875,
        "timestamp": "20260413_032501",
        "grid_id": "672_480"
      }
    },
    {
      "type": "Feature",
      "geometry": {
        "type": "Polygon",
        "coordinates": [
          [
            [
              121.6570837849224,
              45.30466630041002
            ],
            [
              121.6662374084856,
              45.30429187391062
            ],
            [
              121.66570639547267,
              45.297832343877396
            ],
            [
              121.65655380438268,
              45.29820668652229
            ],
            [
              121.6570837849224,
              45.30466630041002
            ]
          ]
        ]
      },
      "properties": {
        "biomass": 191.08392333984375,
        "min_biomass": 155.07635498046875,
        "max_biomass": 247.1125946044922,
        "timestamp": "20260413_032501",
        "grid_id": "672_504"
      }
    },
    {
      "type": "Feature",
      "geometry": {
        "type": "Polygon",
        "coordinates": [
          [
            [
              121.6662374084856,
              45.30429187391062
            ],
            [
              121.67539085217525,
              45.30391671621867
            ],
            [
              121.67485880676361,
              45.29745727020258
            ],
            [
              121.66570639547267,
              45.297832343877396
            ],
            [
              121.6662374084856,
              45.30429187391062
            ]
          ]
        ]
      },
      "properties": {
        "biomass": 197.580810546875,
        "min_biomass": 161.21957397460938,
        "max_biomass": 250.24244689941406,
        "timestamp": "20260413_032501",
        "grid_id": "672_528"
      }
    },
    {
      "type": "Feature",
      "geometry": {
        "type": "Polygon",
        "coordinates": [
          [
            [
              121.4917768142965,
              45.30481980506928
            ],
            [
              121.50093258248334,
              45.30445862738707
            ],
            [
              121.50042033880455,
              45.2979976009921
            ],
            [
              121.49126560406032,
              45.29835869776822
            ],
            [
              121.4917768142965,
              45.30481980506928
            ]
          ]
        ]
      },
      "properties": {
        "biomass": 120.13284301757812,
        "min_biomass": 96.64262390136719,
        "max_biomass": 186.25625610351562,
        "timestamp": "20260413_032501",
        "grid_id": "696_72"
      }
    },
    {
      "type": "Feature",
      "geometry": {
        "type": "Polygon",
        "coordinates": [
          [
            [
              121.50093258248334,
              45.30445862738707
            ],
            [
              121.51008817711394,
              45.30409671800243
            ],
            [
              121.50957490006442,
              45.29763577267641
            ],
            [
              121.50042033880455,
              45.2979976009921
            ],
            [
              121.50093258248334,
              45.30445862738707
            ]
          ]
        ]
      },
      "properties": {
        "biomass": 161.01513671875,
        "min_biomass": 100.42051696777344,
        "max_biomass": 232.41224670410156,
        "timestamp": "20260413_032501",
        "grid_id": "696_96"
      }
    },
    {
      "type": "Feature",
      "geometry": {
        "type": "Polygon",
        "coordinates": [
          [
            [
              121.51008817711394,
              45.30409671800243
            ],
            [
              121.51924359784114,
              45.303734076952104
            ],
            [
              121.51872928749292,
              45.2972732128579
            ],
            [
              121.50957490006442,
              45.29763577267641
            ],
            [
              121.51008817711394,
              45.30409671800243
            ]
          ]
        ]
      },
      "properties": {
        "biomass": 117.91485595703125,
        "min_biomass": 96.07051086425781,
        "max_biomass": 155.93270874023438,
        "timestamp": "20260413_032501",
        "grid_id": "696_120"
      }
    },
    {
      "type": "Feature",
      "geometry": {
        "type": "Polygon",
        "coordinates": [
          [
            [
              121.51924359784114,
              45.303734076952104
            ],
            [
              121.52839884431775,
              45.30337070427289
            ],
            [
              121.52788350074304,
              45.296909921573366
            ],
            [
              121.51872928749292,
              45.2972732128579
            ],
            [
              121.51924359784114,
              45.303734076952104
            ]
          ]
        ]
      },
      "properties": {
        "biomass": 108.94324493408203,
        "min_biomass": 96.17378234863281,
        "max_biomass": 124.91751861572266,
        "timestamp": "20260413_032501",
        "grid_id": "696_144"
      }
    },
    {
      "type": "Feature",
      "geometry": {
        "type": "Polygon",
        "coordinates": [
          [
            [
              121.52839884431775,
              45.30337070427289
            ],
            [
              121.5375539161967,
              45.30300660000171
            ],
            [
              121.5370375394678,
              45.29654589885969
            ],
            [
              121.52788350074304,
              45.296909921573366
            ],
            [
              121.52839884431775,
              45.30337070427289
            ]
          ]
        ]
      },
      "properties": {
        "biomass": 120.51041412353516,
        "min_biomass": 96.18579864501953,
        "max_biomass": 179.1813201904297,
        "timestamp": "20260413_032501",
        "grid_id": "696_168"
      }
    },
    {
      "type": "Feature",
      "geometry": {
        "type": "Polygon",
        "coordinates": [
          [
            [
              121.5375539161967,
              45.30300660000171
            ],
            [
              121.54670881313095,
              45.30264176417548
            ],
            [
              121.54619140332036,
              45.2961811447538
            ],
            [
              121.5370375394678,
              45.29654589885969
            ],
            [
              121.5375539161967,
              45.30300660000171
            ]
          ]
        ]
      },
      "properties": {
        "biomass": 122.8334732055664,
        "min_biomass": 96.21586608886719,
        "max_biomass": 190.1268310546875,
        "timestamp": "20260413_032501",
        "grid_id": "696_192"
      }
    },
    {
      "type": "Feature",
      "geometry": {
        "type": "Polygon",
        "coordinates": [
          [
            [
              121.54670881313095,
              45.30264176417548
            ],
            [
              121.55586353477345,
              45.30227619683128
            ],
            [
              121.55534509195377,
              45.29581565929273
            ],
            [
              121.54619140332036,
              45.2961811447538
            ],
            [
              121.54670881313095,
              45.30264176417548
            ]
          ]
        ]
      },
      "properties": {
        "biomass": 127.38845825195312,
        "min_biomass": 96.13304138183594,
        "max_biomass": 224.16217041015625,
        "timestamp": "20260413_032501",
        "grid_id": "696_216"
      }
    },
    {
      "type": "Feature",
      "geometry": {
        "type": "Polygon",
        "coordinates": [
          [
            [
              121.55586353477345,
              45.30227619683128
            ],
            [
              121.56501808077725,
              45.30190989800618
            ],
            [
              121.56449860502121,
              45.295449442513565
            ],
            [
              121.55534509195377,
              45.29581565929273
            ],
            [
              121.55586353477345,
              45.30227619683128
            ]
          ]
        ]
      },
      "properties": {
        "biomass": 177.66175842285156,
        "min_biomass": 112.25948333740234,
        "max_biomass": 243.47470092773438,
        "timestamp": "20260413_032501",
        "grid_id": "696_240"
      }
    },
    {
      "type": "Feature",
      "geometry": {
        "type": "Polygon",
        "coordinates": [
          [
            [
              121.56501808077725,
              45.30190989800618
            ],
            [
              121.57417245079542,
              45.30154286773738
            ],
            [
              121.57365194217591,
              45.295082494453474
            ],
            [
              121.56449860502121,
              45.295449442513565
            ],
            [
              121.56501808077725,
              45.30190989800618
            ]
          ]
        ]
      },
      "properties": {
        "biomass": 190.83787536621094,
        "min_biomass": 112.66178894042969,
        "max_biomass": 245.2227325439453,
        "timestamp": "20260413_032501",
        "grid_id": "696_264"
      }
    },
    {
      "type": "Feature",
      "geometry": {
        "type": "Polygon",
        "coordinates": [
          [
            [
              121.57417245079542,
              45.30154286773738
            ],
            [
              121.58332664448105,
              45.30117510606214
            ],
            [
              121.58280510307114,
              45.29471481514969
            ],
            [
              121.57365194217591,
              45.295082494453474
            ],
            [
              121.57417245079542,
              45.30154286773738
            ]
          ]
        ]
      },
      "properties": {
        "biomass": 187.50643920898438,
        "min_biomass": 116.61143493652344,
        "max_biomass": 264.6594543457031,
        "timestamp": "20260413_032501",
        "grid_id": "696_288"
      }
    },
    {
      "type": "Feature",
      "geometry": {
        "type": "Polygon",
        "coordinates": [
          [
            [
              121.58332664448105,
              45.30117510606214
            ],
            [
              121.59248066148731,
              45.30080661301775
            ],
            [
              121.59195808736014,
              45.29434640463952
            ],
            [
              121.58280510307114,
              45.29471481514969
            ],
            [
              121.58332664448105,
              45.30117510606214
            ]
          ]
        ]
      },
      "properties": {
        "biomass": 152.2042236328125,
        "min_biomass": 96.62625122070312,
        "max_biomass": 231.7888946533203,
        "timestamp": "20260413_032501",
        "grid_id": "696_312"
      }
    },
    {
      "type": "Feature",
      "geometry": {
        "type": "Polygon",
        "coordinates": [
          [
            [
              121.59248066148731,
              45.30080661301775
            ],
            [
              121.60163450146742,
              45.300437388641654
            ],
            [
              121.60111089469629,
              45.29397726296037
            ],
            [
              121.59195808736014,
              45.29434640463952
            ],
            [
              121.59248066148731,
              45.30080661301775
            ]
          ]
        ]
      },
      "properties": {
        "biomass": 112.05744171142578,
        "min_biomass": 96.07119750976562,
        "max_biomass": 155.9608917236328,
        "timestamp": "20260413_032501",
        "grid_id": "696_336"
      }
    },
    {
      "type": "Feature",
      "geometry": {
        "type": "Polygon",
        "coordinates": [
          [
            [
              121.60163450146742,
              45.300437388641654
            ],
            [
              121.61078816407453,
              45.300067432971304
            ],
            [
              121.61026352473296,
              45.29360739014967
            ],
            [
              121.60111089469629,
              45.29397726296037
            ],
            [
              121.60163450146742,
              45.300437388641654
            ]
          ]
        ]
      },
      "properties": {
        "biomass": 118.60205841064453,
        "min_biomass": 96.34099578857422,
        "max_biomass": 195.8573455810547,
        "timestamp": "20260413_032501",
        "grid_id": "696_360"
      }
    },
    {
      "type": "Feature",
      "geometry": {
        "type": "Polygon",
        "coordinates": [
          [
            [
              121.61078816407453,
              45.300067432971304
            ],
            [
              121.61994164896204,
              45.29969674604423
            ],
            [
              121.6194159771236,
              45.293236786244975
            ],
            [
              121.61026352473296,
              45.29360739014967
            ],
            [
              121.61078816407453,
              45.300067432971304
            ]
          ]
        ]
      },
      "properties": {
        "biomass": 131.71331787109375,
        "min_biomass": 100.85431671142578,
        "max_biomass": 217.9071807861328,
        "timestamp": "20260413_032501",
        "grid_id": "696_384"
      }
    },
    {
      "type": "Feature",
      "geometry": {
        "type": "Polygon",
        "coordinates": [
          [
            [
              121.61994164896204,
              45.29969674604423
            ],
            [
              121.62909495578322,
              45.29932532789807
            ],
            [
              121.62856825152163,
              45.29286545128387
            ],
            [
              121.6194159771236,
              45.293236786244975
            ],
            [
              121.61994164896204,
              45.29969674604423
            ]
          ]
        ]
      },
      "properties": {
        "biomass": 117.90071868896484,
        "min_biomass": 99.03463745117188,
        "max_biomass": 131.9156494140625,
        "timestamp": "20260413_032501",
        "grid_id": "696_408"
      }
    },
    {
      "type": "Feature",
      "geometry": {
        "type": "Polygon",
        "coordinates": [
          [
            [
              121.62909495578322,
              45.29932532789807
            ],
            [
              121.63824808419143,
              45.29895317857049
            ],
            [
              121.6377203475806,
              45.29249338530404
            ],
            [
              121.62856825152163,
              45.29286545128387
            ],
            [
              121.62909495578322,
              45.29932532789807
            ]
          ]
        ]
      },
      "properties": {
        "biomass": 151.52972412109375,
        "min_biomass": 98.3581771850586,
        "max_biomass": 248.21070861816406,
        "timestamp": "20260413_032501",
        "grid_id": "696_432"
      }
    },
    {
      "type": "Feature",
      "geometry": {
        "type": "Polygon",
        "coordinates": [
          [
            [
              121.63824808419143,
              45.29895317857049
            ],
            [
              121.6474010338401,
              45.2985802980993
            ],
            [
              121.64687226495404,
              45.29212058834324
            ],
            [
              121.6377203475806,
              45.29249338530404
            ],
            [
              121.63824808419143,
              45.29895317857049
            ]
          ]
        ]
      },
      "properties": {
        "biomass": 210.75265502929688,
        "min_biomass": 146.1124267578125,
        "max_biomass": 262.864501953125,
        "timestamp": "20260413_032501",
        "grid_id": "696_456"
      }
    },
    {
      "type": "Feature",
      "geometry": {
        "type": "Polygon",
        "coordinates": [
          [
            [
              121.6474010338401,
              45.2985802980993
            ],
            [
              121.65655380438268,
              45.29820668652229
            ],
            [
              121.65602400329556,
              45.291747060439256
            ],
            [
              121.64687226495404,
              45.29212058834324
            ],
            [
              121.6474010338401,
              45.2985802980993
            ]
          ]
        ]
      },
      "properties": {
        "biomass": 213.1435089111328,
        "min_biomass": 151.95492553710938,
        "max_biomass": 262.4907531738281,
        "timestamp": "20260413_032501",
        "grid_id": "696_480"
      }
    },
    {
      "type": "Feature",
      "geometry": {
        "type": "Polygon",
        "coordinates": [
          [
            [
              121.65655380438268,
              45.29820668652229
            ],
            [
              121.66570639547267,
              45.297832343877396
            ],
            [
              121.66517556225878,
              45.291372801630025
            ],
            [
              121.65602400329556,
              45.291747060439256
            ],
            [
              121.65655380438268,
              45.29820668652229
            ]
          ]
        ]
      },
      "properties": {
        "biomass": 216.28445434570312,
        "min_biomass": 182.06996154785156,
        "max_biomass": 262.7994079589844,
        "timestamp": "20260413_032501",
        "grid_id": "696_504"
      }
    },
    {
      "type": "Feature",
      "geometry": {
        "type": "Polygon",
        "coordinates": [
          [
            [
              121.66570639547267,
              45.297832343877396
            ],
            [
              121.67485880676361,
              45.29745727020258
            ],
            [
              121.67432694149741,
              45.290997811953495
            ],
            [
              121.66517556225878,
              45.291372801630025
            ],
            [
              121.66570639547267,
              45.297832343877396
            ]
          ]
        ]
      },
      "properties": {
        "biomass": 208.1790771484375,
        "min_biomass": 151.00071716308594,
        "max_biomass": 258.0057067871094,
        "timestamp": "20260413_032501",
        "grid_id": "696_528"
      }
    },
    {
      "type": "Feature",
      "geometry": {
        "type": "Polygon",
        "coordinates": [
          [
            [
              121.49126560406032,
              45.29835869776822
            ],
            [
              121.50042033880455,
              45.2979976009921
            ],
            [
              121.49990826861007,
              45.2915365627183
            ],
            [
              121.49075456696143,
              45.291897578606516
            ],
            [
              121.49126560406032,
              45.29835869776822
            ]
          ]
        ]
      },
      "properties": {
        "biomass": 111.20841217041016,
        "min_biomass": 96.24578857421875,
        "max_biomass": 186.0751190185547,
        "timestamp": "20260413_032501",
        "grid_id": "720_72"
      }
    },
    {
      "type": "Feature",
      "geometry": {
        "type": "Polygon",
        "coordinates": [
          [
            [
              121.50042033880455,
              45.2979976009921
            ],
            [
              121.50957490006442,
              45.29763577267641
            ],
            [
              121.50906179684627,
              45.29117481545337
            ],
            [
              121.49990826861007,
              45.2915365627183
            ],
            [
              121.50042033880455,
              45.2979976009921
            ]
          ]
        ]
      },
      "properties": {
        "biomass": 107.78727722167969,
        "min_biomass": 96.12791442871094,
        "max_biomass": 141.29676818847656,
        "timestamp": "20260413_032501",
        "grid_id": "720_96"
      }
    },
    {
      "type": "Feature",
      "geometry": {
        "type": "Polygon",
        "coordinates": [
          [
            [
              121.50957490006442,
              45.29763577267641
            ],
            [
              121.51872928749292,
              45.2972732128579
            ],
            [
              121.51821515132308,
              45.29081233684844
            ],
            [
              121.50906179684627,
              45.29117481545337
            ],
            [
              121.50957490006442,
              45.29763577267641
            ]
          ]
        ]
      },
      "properties": {
        "biomass": 113.65741729736328,
        "min_biomass": 96.0858154296875,
        "max_biomass": 145.77590942382812,
        "timestamp": "20260413_032501",
        "grid_id": "720_120"
      }
    },
    {
      "type": "Feature",
      "geometry": {
        "type": "Polygon",
        "coordinates": [
          [
            [
              121.51872928749292,
              45.2972732128579
            ],
            [
              121.52788350074304,
              45.296909921573366
            ],
            [
              121.52736833169367,
              45.29044912694031
            ],
            [
              121.51821515132308,
              45.29081233684844
            ],
            [
              121.51872928749292,
              45.2972732128579
            ]
          ]
        ]
      },
      "properties": {
        "biomass": 110.22412872314453,
        "min_biomass": 96.32661437988281,
        "max_biomass": 118.79251098632812,
        "timestamp": "20260413_032501",
        "grid_id": "720_144"
      }
    },
    {
      "type": "Feature",
      "geometry": {
        "type": "Polygon",
        "coordinates": [
          [
            [
              121.52788350074304,
              45.296909921573366
            ],
            [
              121.5370375394678,
              45.29654589885969
            ],
            [
              121.53652133761118,
              45.290085185765825
            ],
            [
              121.52736833169367,
              45.29044912694031
            ],
            [
              121.52788350074304,
              45.296909921573366
            ]
          ]
        ]
      },
      "properties": {
        "biomass": 108.97099304199219,
        "min_biomass": 96.21482849121094,
        "max_biomass": 133.33822631835938,
        "timestamp": "20260413_032501",
        "grid_id": "720_168"
      }
    },
    {
      "type": "Feature",
      "geometry": {
        "type": "Polygon",
        "coordinates": [
          [
            [
              121.5370375394678,
              45.29654589885969
            ],
            [
              121.54619140332036,
              45.2961811447538
            ],
            [
              121.54567416872888,
              45.28972051336192
            ],
            [
              121.53652133761118,
              45.290085185765825
            ],
            [
              121.5370375394678,
              45.29654589885969
            ]
          ]
        ]
      },
      "properties": {
        "biomass": 127.64735412597656,
        "min_biomass": 97.35063934326172,
        "max_biomass": 197.60812377929688,
        "timestamp": "20260413_032501",
        "grid_id": "720_192"
      }
    },
    {
      "type": "Feature",
      "geometry": {
        "type": "Polygon",
        "coordinates": [
          [
            [
              121.54619140332036,
              45.2961811447538
            ],
            [
              121.55534509195377,
              45.29581565929273
            ],
            [
              121.55482682470002,
              45.28935510976559
            ],
            [
              121.54567416872888,
              45.28972051336192
            ],
            [
              121.54619140332036,
              45.2961811447538
            ]
          ]
        ]
      },
      "properties": {
        "biomass": 156.37774658203125,
        "min_biomass": 102.1143569946289,
        "max_biomass": 194.04080200195312,
        "timestamp": "20260413_032501",
        "grid_id": "720_216"
      }
    },
    {
      "type": "Feature",
      "geometry": {
        "type": "Polygon",
        "coordinates": [
          [
            [
              121.55534509195377,
              45.29581565929273
            ],
            [
              121.56449860502121,
              45.295449442513565
            ],
            [
              121.56397930517791,
              45.28898897501392
            ],
            [
              121.55482682470002,
              45.28935510976559
            ],
            [
              121.55534509195377,
              45.29581565929273
            ]
          ]
        ]
      },
      "properties": {
        "biomass": 137.92657470703125,
        "min_biomass": 96.33087158203125,
        "max_biomass": 203.63427734375,
        "timestamp": "20260413_032501",
        "grid_id": "720_240"
      }
    },
    {
      "type": "Feature",
      "geometry": {
        "type": "Polygon",
        "coordinates": [
          [
            [
              121.56449860502121,
              45.295449442513565
            ],
            [
              121.57365194217591,
              45.295082494453474
            ],
            [
              121.5731316098159,
              45.28862210914409
            ],
            [
              121.56397930517791,
              45.28898897501392
            ],
            [
              121.56449860502121,
              45.295449442513565
            ]
          ]
        ]
      },
      "properties": {
        "biomass": 147.66705322265625,
        "min_biomass": 96.4779281616211,
        "max_biomass": 215.10848999023438,
        "timestamp": "20260413_032501",
        "grid_id": "720_264"
      }
    },
    {
      "type": "Feature",
      "geometry": {
        "type": "Polygon",
        "coordinates": [
          [
            [
              121.57365194217591,
              45.295082494453474
            ],
            [
              121.58280510307114,
              45.29471481514969
            ],
            [
              121.58228373826739,
              45.288254512193284
            ],
            [
              121.5731316098159,
              45.28862210914409
            ],
            [
              121.57365194217591,
              45.295082494453474
            ]
          ]
        ]
      },
      "properties": {
        "biomass": 203.37908935546875,
        "min_biomass": 142.8026580810547,
        "max_biomass": 267.0738525390625,
        "timestamp": "20260413_032501",
        "grid_id": "720_288"
      }
    },
    {
      "type": "Feature",
      "geometry": {
        "type": "Polygon",
        "coordinates": [
          [
            [
              121.58280510307114,
              45.29471481514969
            ],
            [
              121.59195808736014,
              45.29434640463952
            ],
            [
              121.59143569018583,
              45.28788618419881
            ],
            [
              121.58228373826739,
              45.288254512193284
            ],
            [
              121.58280510307114,
              45.29471481514969
            ]
          ]
        ]
      },
      "properties": {
        "biomass": 192.7685546875,
        "min_biomass": 143.7830047607422,
        "max_biomass": 232.0570526123047,
        "timestamp": "20260413_032501",
        "grid_id": "720_312"
      }
    },
    {
      "type": "Feature",
      "geometry": {
        "type": "Polygon",
        "coordinates": [
          [
            [
              121.59195808736014,
              45.29434640463952
            ],
            [
              121.60111089469629,
              45.29397726296037
            ],
            [
              121.60058746522466,
              45.28751712519804
            ],
            [
              121.59143569018583,
              45.28788618419881
            ],
            [
              121.59195808736014,
              45.29434640463952
            ]
          ]
        ]
      },
      "properties": {
        "biomass": 155.31239318847656,
        "min_biomass": 101.27801513671875,
        "max_biomass": 218.83984375,
        "timestamp": "20260413_032501",
        "grid_id": "720_336"
      }
    },
    {
      "type": "Feature",
      "geometry": {
        "type": "Polygon",
        "coordinates": [
          [
            [
              121.60111089469629,
              45.29397726296037
            ],
            [
              121.61026352473296,
              45.29360739014967
            ],
            [
              121.60973906303745,
              45.28714733522842
            ],
            [
              121.60058746522466,
              45.28751712519804
            ],
            [
              121.60111089469629,
              45.29397726296037
            ]
          ]
        ]
      },
      "properties": {
        "biomass": 117.22492218017578,
        "min_biomass": 96.39154815673828,
        "max_biomass": 172.94580078125,
        "timestamp": "20260413_032501",
        "grid_id": "720_360"
      }
    },
    {
      "type": "Feature",
      "geometry": {
        "type": "Polygon",
        "coordinates": [
          [
            [
              121.61026352473296,
              45.29360739014967
            ],
            [
              121.6194159771236,
              45.293236786244975
            ],
            [
              121.61889048327774,
              45.286776814327474
            ],
            [
              121.60973906303745,
              45.28714733522842
            ],
            [
              121.61026352473296,
              45.29360739014967
            ]
          ]
        ]
      },
      "properties": {
        "biomass": 118.10953521728516,
        "min_biomass": 97.58080291748047,
        "max_biomass": 138.59814453125,
        "timestamp": "20260413_032501",
        "grid_id": "720_384"
      }
    },
    {
      "type": "Feature",
      "geometry": {
        "type": "Polygon",
        "coordinates": [
          [
            [
              121.6194159771236,
              45.293236786244975
            ],
            [
              121.62856825152163,
              45.29286545128387
            ],
            [
              121.62804172559913,
              45.286405562532764
            ],
            [
              121.61889048327774,
              45.286776814327474
            ],
            [
              121.6194159771236,
              45.293236786244975
            ]
          ]
        ]
      },
      "properties": {
        "biomass": 118.84925842285156,
        "min_biomass": 97.39330291748047,
        "max_biomass": 146.979736328125,
        "timestamp": "20260413_032501",
        "grid_id": "720_408"
      }
    },
    {
      "type": "Feature",
      "geometry": {
        "type": "Polygon",
        "coordinates": [
          [
            [
              121.62856825152163,
              45.29286545128387
            ],
            [
              121.6377203475806,
              45.29249338530404
            ],
            [
              121.63719278965527,
              45.286033579881966
            ],
            [
              121.62804172559913,
              45.286405562532764
            ],
            [
              121.62856825152163,
              45.29286545128387
            ]
          ]
        ]
      },
      "properties": {
        "biomass": 135.61526489257812,
        "min_biomass": 107.88655090332031,
        "max_biomass": 161.39340209960938,
        "timestamp": "20260413_032501",
        "grid_id": "720_432"
      }
    },
    {
      "type": "Feature",
      "geometry": {
        "type": "Polygon",
        "coordinates": [
          [
            [
              121.6377203475806,
              45.29249338530404
            ],
            [
              121.64687226495404,
              45.29212058834324
            ],
            [
              121.64634367509989,
              45.28566086641279
            ],
            [
              121.63719278965527,
              45.286033579881966
            ],
            [
              121.6377203475806,
              45.29249338530404
            ]
          ]
        ]
      },
      "properties": {
        "biomass": 144.52578735351562,
        "min_biomass": 115.87223815917969,
        "max_biomass": 214.23028564453125,
        "timestamp": "20260413_032501",
        "grid_id": "720_456"
      }
    },
    {
      "type": "Feature",
      "geometry": {
        "type": "Polygon",
        "coordinates": [
          [
            [
              121.64687226495404,
              45.29212058834324
            ],
            [
              121.65602400329556,
              45.291747060439256
            ],
            [
              121.6554943815867,
              45.285287422163094
            ],
            [
              121.64634367509989,
              45.28566086641279
            ],
            [
              121.64687226495404,
              45.29212058834324
            ]
          ]
        ]
      },
      "properties": {
        "biomass": 155.7205047607422,
        "min_biomass": 113.94357299804688,
        "max_biomass": 203.35433959960938,
        "timestamp": "20260413_032501",
        "grid_id": "720_480"
      }
    },
    {
      "type": "Feature",
      "geometry": {
        "type": "Polygon",
        "coordinates": [
          [
            [
              121.65602400329556,
              45.291747060439256
            ],
            [
              121.66517556225878,
              45.291372801630025
            ],
            [
              121.66464490876952,
              45.284913247170714
            ],
            [
              121.6554943815867,
              45.285287422163094
            ],
            [
              121.65602400329556,
              45.291747060439256
            ]
          ]
        ]
      },
      "properties": {
        "biomass": 198.28614807128906,
        "min_biomass": 154.47653198242188,
        "max_biomass": 243.85845947265625,
        "timestamp": "20260413_032501",
        "grid_id": "720_504"
      }
    },
    {
      "type": "Feature",
      "geometry": {
        "type": "Polygon",
        "coordinates": [
          [
            [
              121.66517556225878,
              45.291372801630025
            ],
            [
              121.67432694149741,
              45.290997811953495
            ],
            [
              121.6737952563021,
              45.284538341473606
            ],
            [
              121.66464490876952,
              45.284913247170714
            ],
            [
              121.66517556225878,
              45.291372801630025
            ]
          ]
        ]
      },
      "properties": {
        "biomass": 217.5209503173828,
        "min_biomass": 177.6631317138672,
        "max_biomass": 248.74560546875,
        "timestamp": "20260413_032501",
        "grid_id": "720_528"
      }
    },
    {
      "type": "Feature",
      "geometry": {
        "type": "Polygon",
        "coordinates": [
          [
            [
              121.49075456696143,
              45.291897578606516
            ],
            [
              121.49990826861007,
              45.2915365627183
            ],
            [
              121.49939637182811,
              45.2850755125677
            ],
            [
              121.49024370292805,
              45.28543644758616
            ],
            [
              121.49075456696143,
              45.291897578606516
            ]
          ]
        ]
      },
      "properties": {
        "biomass": 112.15706634521484,
        "min_biomass": 96.15242004394531,
        "max_biomass": 181.0714874267578,
        "timestamp": "20260413_032501",
        "grid_id": "744_72"
      }
    },
    {
      "type": "Feature",
      "geometry": {
        "type": "Polygon",
        "coordinates": [
          [
            [
              121.49990826861007,
              45.2915365627183
            ],
            [
              121.50906179684627,
              45.29117481545337
            ],
            [
              121.50854886738752,
              45.28471384633533
            ],
            [
              121.49939637182811,
              45.2850755125677
            ],
            [
              121.49990826861007,
              45.2915365627183
            ]
          ]
        ]
      },
      "properties": {
        "biomass": 104.68635559082031,
        "min_biomass": 96.10989379882812,
        "max_biomass": 126.43978881835938,
        "timestamp": "20260413_032501",
        "grid_id": "744_96"
      }
    },
    {
      "type": "Feature",
      "geometry": {
        "type": "Polygon",
        "coordinates": [
          [
            [
              121.50906179684627,
              45.29117481545337
            ],
            [
              121.51821515132308,
              45.29081233684844
            ],
            [
              121.51770118925951,
              45.284351448925754
            ],
            [
              121.50854886738752,
              45.28471384633533
            ],
            [
              121.50906179684627,
              45.29117481545337
            ]
          ]
        ]
      },
      "properties": {
        "biomass": 111.71574401855469,
        "min_biomass": 96.07228088378906,
        "max_biomass": 126.42383575439453,
        "timestamp": "20260413_032501",
        "grid_id": "744_120"
      }
    },
    {
      "type": "Feature",
      "geometry": {
        "type": "Polygon",
        "coordinates": [
          [
            [
              121.51821515132308,
              45.29081233684844
            ],
            [
              121.52736833169367,
              45.29044912694031
            ],
            [
              121.52685333709735,
              45.28398832037575
            ],
            [
              121.51770118925951,
              45.284351448925754
            ],
            [
              121.51821515132308,
              45.29081233684844
            ]
          ]
        ]
      },
      "properties": {
        "biomass": 110.46366882324219,
        "min_biomass": 96.1185302734375,
        "max_biomass": 119.81315612792969,
        "timestamp": "20260413_032501",
        "grid_id": "744_144"
      }
    },
    {
      "type": "Feature",
      "geometry": {
        "type": "Polygon",
        "coordinates": [
          [
            [
              121.52736833169367,
              45.29044912694031
            ],
            [
              121.53652133761118,
              45.290085185765825
            ],
            [
              121.53600531055437,
              45.28362446072216
            ],
            [
              121.52685333709735,
              45.28398832037575
            ],
            [
              121.52736833169367,
              45.29044912694031
            ]
          ]
        ]
      },
      "properties": {
        "biomass": 110.44550323486328,
        "min_biomass": 96.0946273803711,
        "max_biomass": 125.69457244873047,
        "timestamp": "20260413_032501",
        "grid_id": "744_168"
      }
    },
    {
      "type": "Feature",
      "geometry": {
        "type": "Polygon",
        "coordinates": [
          [
            [
              121.53652133761118,
              45.290085185765825
            ],
            [
              121.54567416872888,
              45.28972051336192
            ],
            [
              121.54515710928399,
              45.2832598700019
            ],
            [
              121.53600531055437,
              45.28362446072216
            ],
            [
              121.53652133761118,
              45.290085185765825
            ]
          ]
        ]
      },
      "properties": {
        "biomass": 121.69873046875,
        "min_biomass": 96.18780517578125,
        "max_biomass": 188.54791259765625,
        "timestamp": "20260413_032501",
        "grid_id": "744_192"
      }
    },
    {
      "type": "Feature",
      "geometry": {
        "type": "Polygon",
        "coordinates": [
          [
            [
              121.54567416872888,
              45.28972051336192
            ],
            [
              121.55482682470002,
              45.28935510976559
            ],
            [
              121.55430873293955,
              45.28289454825195
            ],
            [
              121.54515710928399,
              45.2832598700019
            ],
            [
              121.54567416872888,
              45.28972051336192
            ]
          ]
        ]
      },
      "properties": {
        "biomass": 161.16012573242188,
        "min_biomass": 99.2105712890625,
        "max_biomass": 234.5909423828125,
        "timestamp": "20260413_032501",
        "grid_id": "744_216"
      }
    },
    {
      "type": "Feature",
      "geometry": {
        "type": "Polygon",
        "coordinates": [
          [
            [
              121.55482682470002,
              45.28935510976559
            ],
            [
              121.56397930517791,
              45.28898897501392
            ],
            [
              121.5634601811745,
              45.282528495509396
            ],
            [
              121.55430873293955,
              45.28289454825195
            ],
            [
              121.55482682470002,
              45.28935510976559
            ]
          ]
        ]
      },
      "properties": {
        "biomass": 172.91989135742188,
        "min_biomass": 107.24586486816406,
        "max_biomass": 220.9344940185547,
        "timestamp": "20260413_032501",
        "grid_id": "744_240"
      }
    },
    {
      "type": "Feature",
      "geometry": {
        "type": "Polygon",
        "coordinates": [
          [
            [
              121.56397930517791,
              45.28898897501392
            ],
            [
              121.5731316098159,
              45.28862210914409
            ],
            [
              121.5726114536424,
              45.28216171181135
            ],
            [
              121.5634601811745,
              45.282528495509396
            ],
            [
              121.56397930517791,
              45.28898897501392
            ]
          ]
        ]
      },
      "properties": {
        "biomass": 194.01953125,
        "min_biomass": 129.5867156982422,
        "max_biomass": 247.1188201904297,
        "timestamp": "20260413_032501",
        "grid_id": "744_264"
      }
    },
    {
      "type": "Feature",
      "geometry": {
        "type": "Polygon",
        "coordinates": [
          [
            [
              121.5731316098159,
              45.28862210914409
            ],
            [
              121.58228373826739,
              45.288254512193284
            ],
            [
              121.58176254999675,
              45.281794197195055
            ],
            [
              121.5726114536424,
              45.28216171181135
            ],
            [
              121.5731316098159,
              45.28862210914409
            ]
          ]
        ]
      },
      "properties": {
        "biomass": 203.62274169921875,
        "min_biomass": 156.12774658203125,
        "max_biomass": 255.53355407714844,
        "timestamp": "20260413_032501",
        "grid_id": "744_288"
      }
    },
    {
      "type": "Feature",
      "geometry": {
        "type": "Polygon",
        "coordinates": [
          [
            [
              121.58228373826739,
              45.288254512193284
            ],
            [
              121.59143569018583,
              45.28788618419881
            ],
            [
              121.59091346989109,
              45.281425951697756
            ],
            [
              121.58176254999675,
              45.281794197195055
            ],
            [
              121.58228373826739,
              45.288254512193284
            ]
          ]
        ]
      },
      "properties": {
        "biomass": 185.23883056640625,
        "min_biomass": 125.37511444091797,
        "max_biomass": 235.4787139892578,
        "timestamp": "20260413_032501",
        "grid_id": "744_312"
      }
    },
    {
      "type": "Feature",
      "geometry": {
        "type": "Polygon",
        "coordinates": [
          [
            [
              121.59143569018583,
              45.28788618419881
            ],
            [
              121.60058746522466,
              45.28751712519804
            ],
            [
              121.60006421297912,
              45.28105697535682
            ],
            [
              121.59091346989109,
              45.281425951697756
            ],
            [
              121.59143569018583,
              45.28788618419881
            ]
          ]
        ]
      },
      "properties": {
        "biomass": 186.5323944091797,
        "min_biomass": 155.05458068847656,
        "max_biomass": 232.49803161621094,
        "timestamp": "20260413_032501",
        "grid_id": "744_336"
      }
    },
    {
      "type": "Feature",
      "geometry": {
        "type": "Polygon",
        "coordinates": [
          [
            [
              121.60058746522466,
              45.28751712519804
            ],
            [
              121.60973906303745,
              45.28714733522842
            ],
            [
              121.60921477891442,
              45.28068726820967
            ],
            [
              121.60006421297912,
              45.28105697535682
            ],
            [
              121.60058746522466,
              45.28751712519804
            ]
          ]
        ]
      },
      "properties": {
        "biomass": 164.2733917236328,
        "min_biomass": 106.7525634765625,
        "max_biomass": 248.2584228515625,
        "timestamp": "20260413_032501",
        "grid_id": "744_360"
      }
    },
    {
      "type": "Feature",
      "geometry": {
        "type": "Polygon",
        "coordinates": [
          [
            [
              121.60973906303745,
              45.28714733522842
            ],
            [
              121.61889048327774,
              45.286776814327474
            ],
            [
              121.61836516735075,
              45.28031683029383
            ],
            [
              121.60921477891442,
              45.28068726820967
            ],
            [
              121.60973906303745,
              45.28714733522842
            ]
          ]
        ]
      },
      "properties": {
        "biomass": 116.950439453125,
        "min_biomass": 97.81110382080078,
        "max_biomass": 146.69284057617188,
        "timestamp": "20260413_032501",
        "grid_id": "744_384"
      }
    },
    {
      "type": "Feature",
      "geometry": {
        "type": "Polygon",
        "coordinates": [
          [
            [
              121.61889048327774,
              45.286776814327474
            ],
            [
              121.62804172559913,
              45.286405562532764
            ],
            [
              121.62751537794186,
              45.27994566164685
            ],
            [
              121.61836516735075,
              45.28031683029383
            ],
            [
              121.61889048327774,
              45.286776814327474
            ]
          ]
        ]
      },
      "properties": {
        "biomass": 113.29061126708984,
        "min_biomass": 98.6589126586914,
        "max_biomass": 137.86912536621094,
        "timestamp": "20260413_032501",
        "grid_id": "744_408"
      }
    },
    {
      "type": "Feature",
      "geometry": {
        "type": "Polygon",
        "coordinates": [
          [
            [
              121.62804172559913,
              45.286405562532764
            ],
            [
              121.63719278965527,
              45.286033579881966
            ],
            [
              121.63666541034151,
              45.279573762306384
            ],
            [
              121.62751537794186,
              45.27994566164685
            ],
            [
              121.62804172559913,
              45.286405562532764
            ]
          ]
        ]
      },
      "properties": {
        "biomass": 117.89137268066406,
        "min_biomass": 98.44782257080078,
        "max_biomass": 165.99322509765625,
        "timestamp": "20260413_032501",
        "grid_id": "744_432"
      }
    },
    {
      "type": "Feature",
      "geometry": {
        "type": "Polygon",
        "coordinates": [
          [
            [
              121.63719278965527,
              45.286033579881966
            ],
            [
              121.64634367509989,
              45.28566086641279
            ],
            [
              121.64581526420358,
              45.279201132310135
            ],
            [
              121.63666541034151,
              45.279573762306384
            ],
            [
              121.63719278965527,
              45.286033579881966
            ]
          ]
        ]
      },
      "properties": {
        "biomass": 128.8265838623047,
        "min_biomass": 105.88153076171875,
        "max_biomass": 178.4579620361328,
        "timestamp": "20260413_032501",
        "grid_id": "744_456"
      }
    },
    {
      "type": "Feature",
      "geometry": {
        "type": "Polygon",
        "coordinates": [
          [
            [
              121.64634367509989,
              45.28566086641279
            ],
            [
              121.6554943815867,
              45.285287422163094
            ],
            [
              121.6549649391819,
              45.27882777169594
            ],
            [
              121.64581526420358,
              45.279201132310135
            ],
            [
              121.64634367509989,
              45.28566086641279
            ]
          ]
        ]
      },
      "properties": {
        "biomass": 148.38485717773438,
        "min_biomass": 111.88131713867188,
        "max_biomass": 214.4111785888672,
        "timestamp": "20260413_032501",
        "grid_id": "744_480"
      }
    },
    {
      "type": "Feature",
      "geometry": {
        "type": "Polygon",
        "coordinates": [
          [
            [
              121.6554943815867,
              45.285287422163094
            ],
            [
              121.66464490876952,
              45.284913247170714
            ],
            [
              121.66411443493044,
              45.2784536805016
            ],
            [
              121.6549649391819,
              45.27882777169594
            ],
            [
              121.6554943815867,
              45.285287422163094
            ]
          ]
        ]
      },
      "properties": {
        "biomass": 196.2126922607422,
        "min_biomass": 131.75770568847656,
        "max_biomass": 259.70941162109375,
        "timestamp": "20260413_032501",
        "grid_id": "744_504"
      }
    },
    {
      "type": "Feature",
      "geometry": {
        "type": "Polygon",
        "coordinates": [
          [
            [
              121.66464490876952,
              45.284913247170714
            ],
            [
              121.6737952563021,
              45.284538341473606
            ],
            [
              121.67326375110312,
              45.27807885876511
            ],
            [
              121.66411443493044,
              45.2784536805016
            ],
            [
              121.66464490876952,
              45.284913247170714
            ]
          ]
        ]
      },
      "properties": {
        "biomass": 218.45074462890625,
        "min_biomass": 158.4603271484375,
        "max_biomass": 255.28721618652344,
        "timestamp": "20260413_032501",
        "grid_id": "744_528"
      }
    },
    {
      "type": "Feature",
      "geometry": {
        "type": "Polygon",
        "coordinates": [
          [
            [
              121.6737952563021,
              45.284538341473606
            ],
            [
              121.68294542383836,
              45.28416270510982
            ],
            [
              121.68241288735398,
              45.27770330652443
            ],
            [
              121.67326375110312,
              45.27807885876511
            ],
            [
              121.6737952563021,
              45.284538341473606
            ]
          ]
        ]
      },
      "properties": {
        "biomass": 215.50390625,
        "min_biomass": 152.75637817382812,
        "max_biomass": 260.15289306640625,
        "timestamp": "20260413_032501",
        "grid_id": "744_552"
      }
    },
    {
      "type": "Feature",
      "geometry": {
        "type": "Polygon",
        "coordinates": [
          [
            [
              121.68294542383836,
              45.28416270510982
            ],
            [
              121.69209541103221,
              45.28378633811742
            ],
            [
              121.69156184333708,
              45.277327023817676
            ],
            [
              121.68241288735398,
              45.27770330652443
            ],
            [
              121.68294542383836,
              45.28416270510982
            ]
          ]
        ]
      },
      "properties": {
        "biomass": 208.05093383789062,
        "min_biomass": 152.30502319335938,
        "max_biomass": 255.2964630126953,
        "timestamp": "20260413_032501",
        "grid_id": "744_576"
      }
    },
    {
      "type": "Feature",
      "geometry": {
        "type": "Polygon",
        "coordinates": [
          [
            [
              121.49024370292805,
              45.28543644758616
            ],
            [
              121.49939637182811,
              45.2850755125677
            ],
            [
              121.49888464838679,
              45.278614450542285
            ],
            [
              121.48973301188855,
              45.27897530470914
            ],
            [
              121.49024370292805,
              45.28543644758616
            ]
          ]
        ]
      },
      "properties": {
        "biomass": 171.77471923828125,
        "min_biomass": 171.77471923828125,
        "max_biomass": 171.77471923828125,
        "timestamp": "20260413_032501",
        "grid_id": "768_72"
      }
    },
    {
      "type": "Feature",
      "geometry": {
        "type": "Polygon",
        "coordinates": [
          [
            [
              121.49939637182811,
              45.2850755125677
            ],
            [
              121.50854886738752,
              45.28471384633533
            ],
            [
              121.50803611161616,
              45.27825286532428
            ],
            [
              121.49888464838679,
              45.278614450542285
            ],
            [
              121.49939637182811,
              45.2850755125677
            ]
          ]
        ]
      },
      "properties": {
        "biomass": 113.68965148925781,
        "min_biomass": 96.07228088378906,
        "max_biomass": 174.0511932373047,
        "timestamp": "20260413_032501",
        "grid_id": "768_96"
      }
    },
    {
      "type": "Feature",
      "geometry": {
        "type": "Polygon",
        "coordinates": [
          [
            [
              121.50854886738752,
              45.28471384633533
            ],
            [
              121.51770118925951,
              45.284351448925754
            ],
            [
              121.51718740123005,
              45.27789054909185
            ],
            [
              121.50803611161616,
              45.27825286532428
            ],
            [
              121.50854886738752,
              45.28471384633533
            ]
          ]
        ]
      },
      "properties": {
        "biomass": 110.77235412597656,
        "min_biomass": 96.07228088378906,
        "max_biomass": 128.1418914794922,
        "timestamp": "20260413_032501",
        "grid_id": "768_120"
      }
    },
    {
      "type": "Feature",
      "geometry": {
        "type": "Polygon",
        "coordinates": [
          [
            [
              121.51770118925951,
              45.284351448925754
            ],
            [
              121.52685333709735,
              45.28398832037575
            ],
            [
              121.52633851688186,
              45.277527501881714
            ],
            [
              121.51718740123005,
              45.27789054909185
            ],
            [
              121.51770118925951,
              45.284351448925754
            ]
          ]
        ]
      },
      "properties": {
        "biomass": 104.98080444335938,
        "min_biomass": 96.07228088378906,
        "max_biomass": 118.59339141845703,
        "timestamp": "20260413_032501",
        "grid_id": "768_144"
      }
    },
    {
      "type": "Feature",
      "geometry": {
        "type": "Polygon",
        "coordinates": [
          [
            [
              121.52685333709735,
              45.28398832037575
            ],
            [
              121.53600531055437,
              45.28362446072216
            ],
            [
              121.53548945822503,
              45.27716372373072
            ],
            [
              121.52633851688186,
              45.277527501881714
            ],
            [
              121.52685333709735,
              45.28398832037575
            ]
          ]
        ]
      },
      "properties": {
        "biomass": 109.34162902832031,
        "min_biomass": 96.06983184814453,
        "max_biomass": 126.19527435302734,
        "timestamp": "20260413_032501",
        "grid_id": "768_168"
      }
    },
    {
      "type": "Feature",
      "geometry": {
        "type": "Polygon",
        "coordinates": [
          [
            [
              121.53600531055437,
              45.28362446072216
            ],
            [
              121.54515710928399,
              45.2832598700019
            ],
            [
              121.54464022491312,
              45.27679921467577
            ],
            [
              121.53548945822503,
              45.27716372373072
            ],
            [
              121.53600531055437,
              45.28362446072216
            ]
          ]
        ]
      },
      "properties": {
        "biomass": 106.02096557617188,
        "min_biomass": 96.08242797851562,
        "max_biomass": 120.65689086914062,
        "timestamp": "20260413_032501",
        "grid_id": "768_192"
      }
    },
    {
      "type": "Feature",
      "geometry": {
        "type": "Polygon",
        "coordinates": [
          [
            [
              121.54515710928399,
              45.2832598700019
            ],
            [
              121.55430873293955,
              45.28289454825195
            ],
            [
              121.55379081659964,
              45.27643397475385
            ],
            [
              121.54464022491312,
              45.27679921467577
            ],
            [
              121.54515710928399,
              45.2832598700019
            ]
          ]
        ]
      },
      "properties": {
        "biomass": 113.62381744384766,
        "min_biomass": 96.17279815673828,
        "max_biomass": 159.7696990966797,
        "timestamp": "20260413_032501",
        "grid_id": "768_216"
      }
    },
    {
      "type": "Feature",
      "geometry": {
        "type": "Polygon",
        "coordinates": [
          [
            [
              121.55430873293955,
              45.28289454825195
            ],
            [
              121.5634601811745,
              45.282528495509396
            ],
            [
              121.56294123293823,
              45.276068004001985
            ],
            [
              121.55379081659964,
              45.27643397475385
            ],
            [
              121.55430873293955,
              45.28289454825195
            ]
          ]
        ]
      },
      "properties": {
        "biomass": 113.40349578857422,
        "min_biomass": 96.4979476928711,
        "max_biomass": 144.15463256835938,
        "timestamp": "20260413_032501",
        "grid_id": "768_240"
      }
    },
    {
      "type": "Feature",
      "geometry": {
        "type": "Polygon",
        "coordinates": [
          [
            [
              121.5634601811745,
              45.282528495509396
            ],
            [
              121.5726114536424,
              45.28216171181135
            ],
            [
              121.57209147358247,
              45.275701302457314
            ],
            [
              121.56294123293823,
              45.276068004001985
            ],
            [
              121.5634601811745,
              45.282528495509396
            ]
          ]
        ]
      },
      "properties": {
        "biomass": 143.55532836914062,
        "min_biomass": 98.33866119384766,
        "max_biomass": 203.58013916015625,
        "timestamp": "20260413_032501",
        "grid_id": "768_264"
      }
    },
    {
      "type": "Feature",
      "geometry": {
        "type": "Polygon",
        "coordinates": [
          [
            [
              121.5726114536424,
              45.28216171181135
            ],
            [
              121.58176254999675,
              45.281794197195055
            ],
            [
              121.58124153818608,
              45.275333870157034
            ],
            [
              121.57209147358247,
              45.275701302457314
            ],
            [
              121.5726114536424,
              45.28216171181135
            ]
          ]
        ]
      },
      "properties": {
        "biomass": 134.08750915527344,
        "min_biomass": 96.18740844726562,
        "max_biomass": 199.57723999023438,
        "timestamp": "20260413_032501",
        "grid_id": "768_288"
      }
    },
    {
      "type": "Feature",
      "geometry": {
        "type": "Polygon",
        "coordinates": [
          [
            [
              121.58176254999675,
              45.281794197195055
            ],
            [
              121.59091346989109,
              45.281425951697756
            ],
            [
              121.59039142640273,
              45.2749657071384
            ],
            [
              121.58124153818608,
              45.275333870157034
            ],
            [
              121.58176254999675,
              45.281794197195055
            ]
          ]
        ]
      },
      "properties": {
        "biomass": 127.24021911621094,
        "min_biomass": 97.5901870727539,
        "max_biomass": 195.75796508789062,
        "timestamp": "20260413_032501",
        "grid_id": "768_312"
      }
    },
    {
      "type": "Feature",
      "geometry": {
        "type": "Polygon",
        "coordinates": [
          [
            [
              121.59091346989109,
              45.281425951697756
            ],
            [
              121.60006421297912,
              45.28105697535682
            ],
            [
              121.59954113788623,
              45.27459681343875
            ],
            [
              121.59039142640273,
              45.2749657071384
            ],
            [
              121.59091346989109,
              45.281425951697756
            ]
          ]
        ]
      },
      "properties": {
        "biomass": 160.92636108398438,
        "min_biomass": 119.86884307861328,
        "max_biomass": 212.35244750976562,
        "timestamp": "20260413_032501",
        "grid_id": "768_336"
      }
    },
    {
      "type": "Feature",
      "geometry": {
        "type": "Polygon",
        "coordinates": [
          [
            [
              121.60006421297912,
              45.28105697535682
            ],
            [
              121.60921477891442,
              45.28068726820967
            ],
            [
              121.60869067229038,
              45.274227189095505
            ],
            [
              121.59954113788623,
              45.27459681343875
            ],
            [
              121.60006421297912,
              45.28105697535682
            ]
          ]
        ]
      },
      "properties": {
        "biomass": 125.43489074707031,
        "min_biomass": 104.23119354248047,
        "max_biomass": 177.3837890625,
        "timestamp": "20260413_032501",
        "grid_id": "768_360"
      }
    },
    {
      "type": "Feature",
      "geometry": {
        "type": "Polygon",
        "coordinates": [
          [
            [
              121.60921477891442,
              45.28068726820967
            ],
            [
              121.61836516735075,
              45.28031683029383
            ],
            [
              121.61784002926902,
              45.273856834146166
            ],
            [
              121.60869067229038,
              45.274227189095505
            ],
            [
              121.60921477891442,
              45.28068726820967
            ]
          ]
        ]
      },
      "properties": {
        "biomass": 114.36601257324219,
        "min_biomass": 96.75163269042969,
        "max_biomass": 141.65573120117188,
        "timestamp": "20260413_032501",
        "grid_id": "768_384"
      }
    },
    {
      "type": "Feature",
      "geometry": {
        "type": "Polygon",
        "coordinates": [
          [
            [
              121.61836516735075,
              45.28031683029383
            ],
            [
              121.62751537794186,
              45.27994566164685
            ],
            [
              121.62698920847605,
              45.27348574862826
            ],
            [
              121.61784002926902,
              45.273856834146166
            ],
            [
              121.61836516735075,
              45.28031683029383
            ]
          ]
        ]
      },
      "properties": {
        "biomass": 129.58880615234375,
        "min_biomass": 97.52473449707031,
        "max_biomass": 176.3759002685547,
        "timestamp": "20260413_032501",
        "grid_id": "768_408"
      }
    },
    {
      "type": "Feature",
      "geometry": {
        "type": "Polygon",
        "coordinates": [
          [
            [
              121.62751537794186,
              45.27994566164685
            ],
            [
              121.63666541034151,
              45.279573762306384
            ],
            [
              121.63613820956536,
              45.27311393257944
            ],
            [
              121.62698920847605,
              45.27348574862826
            ],
            [
              121.62751537794186,
              45.27994566164685
            ]
          ]
        ]
      },
      "properties": {
        "biomass": 123.8985595703125,
        "min_biomass": 98.86427307128906,
        "max_biomass": 146.87425231933594,
        "timestamp": "20260413_032501",
        "grid_id": "768_432"
      }
    },
    {
      "type": "Feature",
      "geometry": {
        "type": "Polygon",
        "coordinates": [
          [
            [
              121.63666541034151,
              45.279573762306384
            ],
            [
              121.64581526420358,
              45.279201132310135
            ],
            [
              121.64528703219098,
              45.2727413860374
            ],
            [
              121.63613820956536,
              45.27311393257944
            ],
            [
              121.63666541034151,
              45.279573762306384
            ]
          ]
        ]
      },
      "properties": {
        "biomass": 145.51541137695312,
        "min_biomass": 96.48751831054688,
        "max_biomass": 190.4501495361328,
        "timestamp": "20260413_032501",
        "grid_id": "768_456"
      }
    },
    {
      "type": "Feature",
      "geometry": {
        "type": "Polygon",
        "coordinates": [
          [
            [
              121.64581526420358,
              45.279201132310135
            ],
            [
              121.6549649391819,
              45.27882777169594
            ],
            [
              121.65443567600691,
              45.27236810903993
            ],
            [
              121.64528703219098,
              45.2727413860374
            ],
            [
              121.64581526420358,
              45.279201132310135
            ]
          ]
        ]
      },
      "properties": {
        "biomass": 172.75054931640625,
        "min_biomass": 123.47962951660156,
        "max_biomass": 220.8971405029297,
        "timestamp": "20260413_032501",
        "grid_id": "768_480"
      }
    },
    {
      "type": "Feature",
      "geometry": {
        "type": "Polygon",
        "coordinates": [
          [
            [
              121.6549649391819,
              45.27882777169594
            ],
            [
              121.66411443493044,
              45.2784536805016
            ],
            [
              121.66358414066723,
              45.27199410162486
            ],
            [
              121.65443567600691,
              45.27236810903993
            ],
            [
              121.6549649391819,
              45.27882777169594
            ]
          ]
        ]
      },
      "properties": {
        "biomass": 128.78858947753906,
        "min_biomass": 100.32278442382812,
        "max_biomass": 208.89483642578125,
        "timestamp": "20260413_032501",
        "grid_id": "768_504"
      }
    },
    {
      "type": "Feature",
      "geometry": {
        "type": "Polygon",
        "coordinates": [
          [
            [
              121.66411443493044,
              45.2784536805016
            ],
            [
              121.67326375110312,
              45.27807885876511
            ],
            [
              121.672732425826,
              45.27161936383013
            ],
            [
              121.66358414066723,
              45.27199410162486
            ],
            [
              121.66411443493044,
              45.2784536805016
            ]
          ]
        ]
      },
      "properties": {
        "biomass": 154.16168212890625,
        "min_biomass": 97.45442199707031,
        "max_biomass": 247.0570068359375,
        "timestamp": "20260413_032501",
        "grid_id": "768_528"
      }
    },
    {
      "type": "Feature",
      "geometry": {
        "type": "Polygon",
        "coordinates": [
          [
            [
              121.67326375110312,
              45.27807885876511
            ],
            [
              121.68241288735398,
              45.27770330652443
            ],
            [
              121.68188053113741,
              45.271243895693715
            ],
            [
              121.672732425826,
              45.27161936383013
            ],
            [
              121.67326375110312,
              45.27807885876511
            ]
          ]
        ]
      },
      "properties": {
        "biomass": 164.17779541015625,
        "min_biomass": 105.7188720703125,
        "max_biomass": 252.09239196777344,
        "timestamp": "20260413_032501",
        "grid_id": "768_552"
      }
    },
    {
      "type": "Feature",
      "geometry": {
        "type": "Polygon",
        "coordinates": [
          [
            [
              121.68241288735398,
              45.27770330652443
            ],
            [
              121.69156184333708,
              45.277327023817676
            ],
            [
              121.69102845625564,
              45.270867697253706
            ],
            [
              121.68188053113741,
              45.271243895693715
            ],
            [
              121.68241288735398,
              45.27770330652443
            ]
          ]
        ]
      },
      "properties": {
        "biomass": 170.60862731933594,
        "min_biomass": 110.91749572753906,
        "max_biomass": 221.17967224121094,
        "timestamp": "20260413_032501",
        "grid_id": "768_576"
      }
    },
    {
      "type": "Feature",
      "geometry": {
        "type": "Polygon",
        "coordinates": [
          [
            [
              121.69156184333708,
              45.277327023817676
            ],
            [
              121.70071061870648,
              45.276950010683
            ],
            [
              121.70017620083493,
              45.27049076854822
            ],
            [
              121.69102845625564,
              45.270867697253706
            ],
            [
              121.69156184333708,
              45.277327023817676
            ]
          ]
        ]
      },
      "properties": {
        "biomass": 143.36953735351562,
        "min_biomass": 118.15341186523438,
        "max_biomass": 216.14698791503906,
        "timestamp": "20260413_032501",
        "grid_id": "768_600"
      }
    },
    {
      "type": "Feature",
      "geometry": {
        "type": "Polygon",
        "coordinates": [
          [
            [
              121.49888464838679,
              45.278614450542285
            ],
            [
              121.50803611161616,
              45.27825286532428
            ],
            [
              121.50752352946034,
              45.27179187242228
            ],
            [
              121.49837309821439,
              45.27215337664409
            ],
            [
              121.49888464838679,
              45.278614450542285
            ]
          ]
        ]
      },
      "properties": {
        "biomass": 119.9139633178711,
        "min_biomass": 96.1806411743164,
        "max_biomass": 178.97975158691406,
        "timestamp": "20260413_032501",
        "grid_id": "792_96"
      }
    },
    {
      "type": "Feature",
      "geometry": {
        "type": "Polygon",
        "coordinates": [
          [
            [
              121.50803611161616,
              45.27825286532428
            ],
            [
              121.51718740123005,
              45.27789054909185
            ],
            [
              121.51667378716267,
              45.27142963734875
            ],
            [
              121.50752352946034,
              45.27179187242228
            ],
            [
              121.50803611161616,
              45.27825286532428
            ]
          ]
        ]
      },
      "properties": {
        "biomass": 113.59687805175781,
        "min_biomass": 96.08937072753906,
        "max_biomass": 166.17144775390625,
        "timestamp": "20260413_032501",
        "grid_id": "792_120"
      }
    },
    {
      "type": "Feature",
      "geometry": {
        "type": "Polygon",
        "coordinates": [
          [
            [
              121.51718740123005,
              45.27789054909185
            ],
            [
              121.52633851688186,
              45.277527501881714
            ],
            [
              121.52582387097497,
              45.271066671460254
            ],
            [
              121.51667378716267,
              45.27142963734875
            ],
            [
              121.51718740123005,
              45.27789054909185
            ]
          ]
        ]
      },
      "properties": {
        "biomass": 111.87611389160156,
        "min_biomass": 96.11467742919922,
        "max_biomass": 166.4179229736328,
        "timestamp": "20260413_032501",
        "grid_id": "792_144"
      }
    },
    {
      "type": "Feature",
      "geometry": {
        "type": "Polygon",
        "coordinates": [
          [
            [
              121.52633851688186,
              45.277527501881714
            ],
            [
              121.53548945822503,
              45.27716372373072
            ],
            [
              121.5349737805508,
              45.27070297479357
            ],
            [
              121.52582387097497,
              45.271066671460254
            ],
            [
              121.52633851688186,
              45.277527501881714
            ]
          ]
        ]
      },
      "properties": {
        "biomass": 113.68431854248047,
        "min_biomass": 96.1012954711914,
        "max_biomass": 182.7793426513672,
        "timestamp": "20260413_032501",
        "grid_id": "792_168"
      }
    },
    {
      "type": "Feature",
      "geometry": {
        "type": "Polygon",
        "coordinates": [
          [
            [
              121.53548945822503,
              45.27716372373072
            ],
            [
              121.54464022491312,
              45.27679921467577
            ],
            [
              121.5441235155438,
              45.27033854738561
            ],
            [
              121.5349737805508,
              45.27070297479357
            ],
            [
              121.53548945822503,
              45.27716372373072
            ]
          ]
        ]
      },
      "properties": {
        "biomass": 107.9476547241211,
        "min_biomass": 96.07134246826172,
        "max_biomass": 179.40777587890625,
        "timestamp": "20260413_032501",
        "grid_id": "792_192"
      }
    },
    {
      "type": "Feature",
      "geometry": {
        "type": "Polygon",
        "coordinates": [
          [
            [
              121.54464022491312,
              45.27679921467577
            ],
            [
              121.55379081659964,
              45.27643397475385
            ],
            [
              121.55327307560772,
              45.269973389273346
            ],
            [
              121.5441235155438,
              45.27033854738561
            ],
            [
              121.54464022491312,
              45.27679921467577
            ]
          ]
        ]
      },
      "properties": {
        "biomass": 106.6525650024414,
        "min_biomass": 96.10357666015625,
        "max_biomass": 125.56654357910156,
        "timestamp": "20260413_032501",
        "grid_id": "792_216"
      }
    },
    {
      "type": "Feature",
      "geometry": {
        "type": "Polygon",
        "coordinates": [
          [
            [
              121.55379081659964,
              45.27643397475385
            ],
            [
              121.56294123293823,
              45.276068004001985
            ],
            [
              121.56242246039626,
              45.26960750049379
            ],
            [
              121.55327307560772,
              45.269973389273346
            ],
            [
              121.55379081659964,
              45.27643397475385
            ]
          ]
        ]
      },
      "properties": {
        "biomass": 111.77935791015625,
        "min_biomass": 96.07427978515625,
        "max_biomass": 134.78814697265625,
        "timestamp": "20260413_032501",
        "grid_id": "792_240"
      }
    },
    {
      "type": "Feature",
      "geometry": {
        "type": "Polygon",
        "coordinates": [
          [
            [
              121.56294123293823,
              45.276068004001985
            ],
            [
              121.57209147358247,
              45.275701302457314
            ],
            [
              121.5715716695632,
              45.26924088108406
            ],
            [
              121.56242246039626,
              45.26960750049379
            ],
            [
              121.56294123293823,
              45.276068004001985
            ]
          ]
        ]
      },
      "properties": {
        "biomass": 109.40074920654297,
        "min_biomass": 96.08865356445312,
        "max_biomass": 130.93885803222656,
        "timestamp": "20260413_032501",
        "grid_id": "792_264"
      }
    },
    {
      "type": "Feature",
      "geometry": {
        "type": "Polygon",
        "coordinates": [
          [
            [
              121.57209147358247,
              45.275701302457314
            ],
            [
              121.58124153818608,
              45.275333870157034
            ],
            [
              121.58072070276232,
              45.26887353108133
            ],
            [
              121.5715716695632,
              45.26924088108406
            ],
            [
              121.57209147358247,
              45.275701302457314
            ]
          ]
        ]
      },
      "properties": {
        "biomass": 107.56011962890625,
        "min_biomass": 96.11534881591797,
        "max_biomass": 123.27725982666016,
        "timestamp": "20260413_032501",
        "grid_id": "792_288"
      }
    },
    {
      "type": "Feature",
      "geometry": {
        "type": "Polygon",
        "coordinates": [
          [
            [
              121.58124153818608,
              45.275333870157034
            ],
            [
              121.59039142640273,
              45.2749657071384
            ],
            [
              121.58986955964757,
              45.26850545052286
            ],
            [
              121.58072070276232,
              45.26887353108133
            ],
            [
              121.58124153818608,
              45.275333870157034
            ]
          ]
        ]
      },
      "properties": {
        "biomass": 111.98707580566406,
        "min_biomass": 96.34085845947266,
        "max_biomass": 142.55661010742188,
        "timestamp": "20260413_032501",
        "grid_id": "792_312"
      }
    },
    {
      "type": "Feature",
      "geometry": {
        "type": "Polygon",
        "coordinates": [
          [
            [
              121.59039142640273,
              45.2749657071384
            ],
            [
              121.59954113788623,
              45.27459681343875
            ],
            [
              121.59901823987276,
              45.26813663944597
            ],
            [
              121.58986955964757,
              45.26850545052286
            ],
            [
              121.59039142640273,
              45.2749657071384
            ]
          ]
        ]
      },
      "properties": {
        "biomass": 146.18551635742188,
        "min_biomass": 98.29747772216797,
        "max_biomass": 223.68121337890625,
        "timestamp": "20260413_032501",
        "grid_id": "792_336"
      }
    },
    {
      "type": "Feature",
      "geometry": {
        "type": "Polygon",
        "coordinates": [
          [
            [
              121.59954113788623,
              45.27459681343875
            ],
            [
              121.60869067229038,
              45.274227189095505
            ],
            [
              121.60816674309189,
              45.26776709788807
            ],
            [
              121.59901823987276,
              45.26813663944597
            ],
            [
              121.59954113788623,
              45.27459681343875
            ]
          ]
        ]
      },
      "properties": {
        "biomass": 146.0607452392578,
        "min_biomass": 102.8781967163086,
        "max_biomass": 219.71426391601562,
        "timestamp": "20260413_032501",
        "grid_id": "792_360"
      }
    },
    {
      "type": "Feature",
      "geometry": {
        "type": "Polygon",
        "coordinates": [
          [
            [
              121.60869067229038,
              45.274227189095505
            ],
            [
              121.61784002926902,
              45.273856834146166
            ],
            [
              121.61731506895892,
              45.26739682588661
            ],
            [
              121.60816674309189,
              45.26776709788807
            ],
            [
              121.60869067229038,
              45.274227189095505
            ]
          ]
        ]
      },
      "properties": {
        "biomass": 115.8647232055664,
        "min_biomass": 96.5129623413086,
        "max_biomass": 150.83993530273438,
        "timestamp": "20260413_032501",
        "grid_id": "792_384"
      }
    },
    {
      "type": "Feature",
      "geometry": {
        "type": "Polygon",
        "coordinates": [
          [
            [
              121.61784002926902,
              45.273856834146166
            ],
            [
              121.62698920847605,
              45.27348574862826
            ],
            [
              121.62646321712792,
              45.267025823479145
            ],
            [
              121.61731506895892,
              45.26739682588661
            ],
            [
              121.61784002926902,
              45.273856834146166
            ]
          ]
        ]
      },
      "properties": {
        "biomass": 124.09110260009766,
        "min_biomass": 97.79129028320312,
        "max_biomass": 170.6942596435547,
        "timestamp": "20260413_032501",
        "grid_id": "792_408"
      }
    },
    {
      "type": "Feature",
      "geometry": {
        "type": "Polygon",
        "coordinates": [
          [
            [
              121.62698920847605,
              45.27348574862826
            ],
            [
              121.63613820956536,
              45.27311393257944
            ],
            [
              121.63561118725293,
              45.266654090703284
            ],
            [
              121.62646321712792,
              45.267025823479145
            ],
            [
              121.62698920847605,
              45.27348574862826
            ]
          ]
        ]
      },
      "properties": {
        "biomass": 115.9478988647461,
        "min_biomass": 96.33277130126953,
        "max_biomass": 151.8766632080078,
        "timestamp": "20260413_032501",
        "grid_id": "792_432"
      }
    },
    {
      "type": "Feature",
      "geometry": {
        "type": "Polygon",
        "coordinates": [
          [
            [
              121.63613820956536,
              45.27311393257944
            ],
            [
              121.64528703219098,
              45.2727413860374
            ],
            [
              121.6447589789881,
              45.26628162759673
            ],
            [
              121.63561118725293,
              45.266654090703284
            ],
            [
              121.63613820956536,
              45.27311393257944
            ]
          ]
        ]
      },
      "properties": {
        "biomass": 113.01751708984375,
        "min_biomass": 96.18125915527344,
        "max_biomass": 173.77151489257812,
        "timestamp": "20260413_032501",
        "grid_id": "792_456"
      }
    },
    {
      "type": "Feature",
      "geometry": {
        "type": "Polygon",
        "coordinates": [
          [
            [
              121.64528703219098,
              45.2727413860374
            ],
            [
              121.65443567600691,
              45.27236810903993
            ],
            [
              121.65390659198755,
              45.26590843419725
            ],
            [
              121.6447589789881,
              45.26628162759673
            ],
            [
              121.64528703219098,
              45.2727413860374
            ]
          ]
        ]
      },
      "properties": {
        "biomass": 135.53370666503906,
        "min_biomass": 96.85305786132812,
        "max_biomass": 210.33030700683594,
        "timestamp": "20260413_032501",
        "grid_id": "792_480"
      }
    },
    {
      "type": "Feature",
      "geometry": {
        "type": "Polygon",
        "coordinates": [
          [
            [
              121.65443567600691,
              45.27236810903993
            ],
            [
              121.66358414066723,
              45.27199410162486
            ],
            [
              121.66305402590552,
              45.26553451054264
            ],
            [
              121.65390659198755,
              45.26590843419725
            ],
            [
              121.65443567600691,
              45.27236810903993
            ]
          ]
        ]
      },
      "properties": {
        "biomass": 142.15367126464844,
        "min_biomass": 103.59058380126953,
        "max_biomass": 217.652587890625,
        "timestamp": "20260413_032501",
        "grid_id": "792_504"
      }
    },
    {
      "type": "Feature",
      "geometry": {
        "type": "Polygon",
        "coordinates": [
          [
            [
              121.66358414066723,
              45.27199410162486
            ],
            [
              121.672732425826,
              45.27161936383013
            ],
            [
              121.67220128039621,
              45.26515985667086
            ],
            [
              121.66305402590552,
              45.26553451054264
            ],
            [
              121.66358414066723,
              45.27199410162486
            ]
          ]
        ]
      },
      "properties": {
        "biomass": 110.6532211303711,
        "min_biomass": 96.14566040039062,
        "max_biomass": 139.1959686279297,
        "timestamp": "20260413_032501",
        "grid_id": "792_528"
      }
    },
    {
      "type": "Feature",
      "geometry": {
        "type": "Polygon",
        "coordinates": [
          [
            [
              121.672732425826,
              45.27161936383013
            ],
            [
              121.68188053113741,
              45.271243895693715
            ],
            [
              121.681348355114,
              45.26478447261985
            ],
            [
              121.67220128039621,
              45.26515985667086
            ],
            [
              121.672732425826,
              45.27161936383013
            ]
          ]
        ]
      },
      "properties": {
        "biomass": 112.46399688720703,
        "min_biomass": 96.10397338867188,
        "max_biomass": 144.35958862304688,
        "timestamp": "20260413_032501",
        "grid_id": "792_552"
      }
    },
    {
      "type": "Feature",
      "geometry": {
        "type": "Polygon",
        "coordinates": [
          [
            [
              121.68188053113741,
              45.271243895693715
            ],
            [
              121.69102845625564,
              45.270867697253706
            ],
            [
              121.69049524971315,
              45.26440835842768
            ],
            [
              121.681348355114,
              45.26478447261985
            ],
            [
              121.68188053113741,
              45.271243895693715
            ]
          ]
        ]
      },
      "properties": {
        "biomass": 122.89372253417969,
        "min_biomass": 96.66902923583984,
        "max_biomass": 176.1857452392578,
        "timestamp": "20260413_032501",
        "grid_id": "792_576"
      }
    },
    {
      "type": "Feature",
      "geometry": {
        "type": "Polygon",
        "coordinates": [
          [
            [
              121.69102845625564,
              45.270867697253706
            ],
            [
              121.70017620083493,
              45.27049076854822
            ],
            [
              121.69964196384804,
              45.26403151413247
            ],
            [
              121.69049524971315,
              45.26440835842768
            ],
            [
              121.69102845625564,
              45.270867697253706
            ]
          ]
        ]
      },
      "properties": {
        "biomass": 119.24910736083984,
        "min_biomass": 97.23870086669922,
        "max_biomass": 180.4329833984375,
        "timestamp": "20260413_032501",
        "grid_id": "792_600"
      }
    },
    {
      "type": "Feature",
      "geometry": {
        "type": "Polygon",
        "coordinates": [
          [
            [
              121.5349737805508,
              45.27070297479357
            ],
            [
              121.5441235155438,
              45.27033854738561
            ],
            [
              121.54360698110365,
              45.26387786813348
            ],
            [
              121.53445827745936,
              45.26424221391275
            ],
            [
              121.5349737805508,
              45.27070297479357
            ]
          ]
        ]
      },
      "properties": {
        "biomass": 142.0969696044922,
        "min_biomass": 99.53710174560547,
        "max_biomass": 183.15611267089844,
        "timestamp": "20260413_032501",
        "grid_id": "816_192"
      }
    },
    {
      "type": "Feature",
      "geometry": {
        "type": "Polygon",
        "coordinates": [
          [
            [
              121.5441235155438,
              45.27033854738561
            ],
            [
              121.55327307560772,
              45.269973389273346
            ],
            [
              121.55275550989118,
              45.26351279181251
            ],
            [
              121.54360698110365,
              45.26387786813348
            ],
            [
              121.5441235155438,
              45.27033854738561
            ]
          ]
        ]
      },
      "properties": {
        "biomass": 116.1779556274414,
        "min_biomass": 96.15420532226562,
        "max_biomass": 176.19090270996094,
        "timestamp": "20260413_032501",
        "grid_id": "816_216"
      }
    },
    {
      "type": "Feature",
      "geometry": {
        "type": "Polygon",
        "coordinates": [
          [
            [
              121.55327307560772,
              45.269973389273346
            ],
            [
              121.56242246039626,
              45.26960750049379
            ],
            [
              121.5619038634759,
              45.263146984986875
            ],
            [
              121.55275550989118,
              45.26351279181251
            ],
            [
              121.55327307560772,
              45.269973389273346
            ]
          ]
        ]
      },
      "properties": {
        "biomass": 114.29027557373047,
        "min_biomass": 96.21051025390625,
        "max_biomass": 179.3507843017578,
        "timestamp": "20260413_032501",
        "grid_id": "816_240"
      }
    },
    {
      "type": "Feature",
      "geometry": {
        "type": "Polygon",
        "coordinates": [
          [
            [
              121.56242246039626,
              45.26960750049379
            ],
            [
              121.5715716695632,
              45.26924088108406
            ],
            [
              121.57105204151169,
              45.262780447693665
            ],
            [
              121.5619038634759,
              45.263146984986875
            ],
            [
              121.56242246039626,
              45.26960750049379
            ]
          ]
        ]
      },
      "properties": {
        "biomass": 111.2672348022461,
        "min_biomass": 96.14215850830078,
        "max_biomass": 172.8430938720703,
        "timestamp": "20260413_032501",
        "grid_id": "816_264"
      }
    },
    {
      "type": "Feature",
      "geometry": {
        "type": "Polygon",
        "coordinates": [
          [
            [
              121.5715716695632,
              45.26924088108406
            ],
            [
              121.58072070276232,
              45.26887353108133
            ],
            [
              121.58020004365252,
              45.26241317997003
            ],
            [
              121.57105204151169,
              45.262780447693665
            ],
            [
              121.5715716695632,
              45.26924088108406
            ]
          ]
        ]
      },
      "properties": {
        "biomass": 111.70535278320312,
        "min_biomass": 96.17693328857422,
        "max_biomass": 187.77517700195312,
        "timestamp": "20260413_032501",
        "grid_id": "816_288"
      }
    },
    {
      "type": "Feature",
      "geometry": {
        "type": "Polygon",
        "coordinates": [
          [
            [
              121.58072070276232,
              45.26887353108133
            ],
            [
              121.58986955964757,
              45.26850545052286
            ],
            [
              121.58934786955238,
              45.26204518185324
            ],
            [
              121.58020004365252,
              45.26241317997003
            ],
            [
              121.58072070276232,
              45.26887353108133
            ]
          ]
        ]
      },
      "properties": {
        "biomass": 110.39337158203125,
        "min_biomass": 96.24342346191406,
        "max_biomass": 170.59255981445312,
        "timestamp": "20260413_032501",
        "grid_id": "816_312"
      }
    },
    {
      "type": "Feature",
      "geometry": {
        "type": "Polygon",
        "coordinates": [
          [
            [
              121.58986955964757,
              45.26850545052286
            ],
            [
              121.59901823987276,
              45.26813663944597
            ],
            [
              121.59849551886533,
              45.26167645338058
            ],
            [
              121.58934786955238,
              45.26204518185324
            ],
            [
              121.58986955964757,
              45.26850545052286
            ]
          ]
        ]
      },
      "properties": {
        "biomass": 119.03938293457031,
        "min_biomass": 96.133544921875,
        "max_biomass": 172.3756561279297,
        "timestamp": "20260413_032501",
        "grid_id": "816_336"
      }
    },
    {
      "type": "Feature",
      "geometry": {
        "type": "Polygon",
        "coordinates": [
          [
            [
              121.59901823987276,
              45.26813663944597
            ],
            [
              121.60816674309189,
              45.26776709788807
            ],
            [
              121.60764299124547,
              45.26130699458944
            ],
            [
              121.59849551886533,
              45.26167645338058
            ],
            [
              121.59901823987276,
              45.26813663944597
            ]
          ]
        ]
      },
      "properties": {
        "biomass": 113.7961654663086,
        "min_biomass": 96.1999740600586,
        "max_biomass": 173.42091369628906,
        "timestamp": "20260413_032501",
        "grid_id": "816_360"
      }
    },
    {
      "type": "Feature",
      "geometry": {
        "type": "Polygon",
        "coordinates": [
          [
            [
              121.60816674309189,
              45.26776709788807
            ],
            [
              121.61731506895892,
              45.26739682588661
            ],
            [
              121.61679028634688,
              45.26093680551727
            ],
            [
              121.60764299124547,
              45.26130699458944
            ],
            [
              121.60816674309189,
              45.26776709788807
            ]
          ]
        ]
      },
      "properties": {
        "biomass": 111.31636810302734,
        "min_biomass": 96.20287322998047,
        "max_biomass": 178.35365295410156,
        "timestamp": "20260413_032501",
        "grid_id": "816_384"
      }
    },
    {
      "type": "Feature",
      "geometry": {
        "type": "Polygon",
        "coordinates": [
          [
            [
              121.61731506895892,
              45.26739682588661
            ],
            [
              121.62646321712792,
              45.267025823479145
            ],
            [
              121.62593740382377,
              45.260565886201604
            ],
            [
              121.61679028634688,
              45.26093680551727
            ],
            [
              121.61731506895892,
              45.26739682588661
            ]
          ]
        ]
      },
      "properties": {
        "biomass": 114.24198150634766,
        "min_biomass": 96.0758056640625,
        "max_biomass": 170.85794067382812,
        "timestamp": "20260413_032501",
        "grid_id": "816_408"
      }
    },
    {
      "type": "Feature",
      "geometry": {
        "type": "Polygon",
        "coordinates": [
          [
            [
              121.62646321712792,
              45.267025823479145
            ],
            [
              121.63561118725293,
              45.266654090703284
            ],
            [
              121.63508434333036,
              45.26019423668005
            ],
            [
              121.62593740382377,
              45.260565886201604
            ],
            [
              121.62646321712792,
              45.267025823479145
            ]
          ]
        ]
      },
      "properties": {
        "biomass": 153.4619598388672,
        "min_biomass": 106.95989990234375,
        "max_biomass": 208.13671875,
        "timestamp": "20260413_032501",
        "grid_id": "816_432"
      }
    },
    {
      "type": "Feature",
      "geometry": {
        "type": "Polygon",
        "coordinates": [
          [
            [
              121.63561118725293,
              45.266654090703284
            ],
            [
              121.6447589789881,
              45.26628162759673
            ],
            [
              121.6442311045209,
              45.25982185699027
            ],
            [
              121.63508434333036,
              45.26019423668005
            ],
            [
              121.63561118725293,
              45.266654090703284
            ]
          ]
        ]
      },
      "properties": {
        "biomass": 149.24009704589844,
        "min_biomass": 99.01044464111328,
        "max_biomass": 196.5654296875,
        "timestamp": "20260413_032501",
        "grid_id": "816_456"
      }
    },
    {
      "type": "Feature",
      "geometry": {
        "type": "Polygon",
        "coordinates": [
          [
            [
              121.6447589789881,
              45.26628162759673
            ],
            [
              121.65390659198755,
              45.26590843419725
            ],
            [
              121.6533776870497,
              45.25944874717003
            ],
            [
              121.6442311045209,
              45.25982185699027
            ],
            [
              121.6447589789881,
              45.26628162759673
            ]
          ]
        ]
      },
      "properties": {
        "biomass": 113.8952407836914,
        "min_biomass": 96.55593872070312,
        "max_biomass": 137.1772003173828,
        "timestamp": "20260413_032501",
        "grid_id": "816_480"
      }
    },
    {
      "type": "Feature",
      "geometry": {
        "type": "Polygon",
        "coordinates": [
          [
            [
              121.65390659198755,
              45.26590843419725
            ],
            [
              121.66305402590552,
              45.26553451054264
            ],
            [
              121.66252409057107,
              45.25907490725712
            ],
            [
              121.6533776870497,
              45.25944874717003
            ],
            [
              121.65390659198755,
              45.26590843419725
            ]
          ]
        ]
      },
      "properties": {
        "biomass": 117.52185821533203,
        "min_biomass": 96.50907135009766,
        "max_biomass": 138.89022827148438,
        "timestamp": "20260413_032501",
        "grid_id": "816_504"
      }
    },
    {
      "type": "Feature",
      "geometry": {
        "type": "Polygon",
        "coordinates": [
          [
            [
              121.66305402590552,
              45.26553451054264
            ],
            [
              121.67220128039621,
              45.26515985667086
            ],
            [
              121.67167031473943,
              45.25870033728947
            ],
            [
              121.66252409057107,
              45.25907490725712
            ],
            [
              121.66305402590552,
              45.26553451054264
            ]
          ]
        ]
      },
      "properties": {
        "biomass": 112.30821228027344,
        "min_biomass": 96.09989166259766,
        "max_biomass": 135.0184783935547,
        "timestamp": "20260413_032501",
        "grid_id": "816_528"
      }
    },
    {
      "type": "Feature",
      "geometry": {
        "type": "Polygon",
        "coordinates": [
          [
            [
              121.67220128039621,
              45.26515985667086
            ],
            [
              121.681348355114,
              45.26478447261985
            ],
            [
              121.6808163592092,
              45.258325037305
            ],
            [
              121.67167031473943,
              45.25870033728947
            ],
            [
              121.67220128039621,
              45.26515985667086
            ]
          ]
        ]
      },
      "properties": {
        "biomass": 106.9421157836914,
        "min_biomass": 96.12230682373047,
        "max_biomass": 178.54490661621094,
        "timestamp": "20260413_032501",
        "grid_id": "816_552"
      }
    },
    {
      "type": "Feature",
      "geometry": {
        "type": "Polygon",
        "coordinates": [
          [
            [
              121.681348355114,
              45.26478447261985
            ],
            [
              121.69049524971315,
              45.26440835842768
            ],
            [
              121.6899622236349,
              45.2579490073418
            ],
            [
              121.6808163592092,
              45.258325037305
            ],
            [
              121.681348355114,
              45.26478447261985
            ]
          ]
        ]
      },
      "properties": {
        "biomass": 112.93283081054688,
        "min_biomass": 96.10563659667969,
        "max_biomass": 185.44650268554688,
        "timestamp": "20260413_032501",
        "grid_id": "816_576"
      }
    },
    {
      "type": "Feature",
      "geometry": {
        "type": "Polygon",
        "coordinates": [
          [
            [
              121.69049524971315,
              45.26440835842768
            ],
            [
              121.69964196384804,
              45.26403151413247
            ],
            [
              121.69910790767096,
              45.25757224743794
            ],
            [
              121.6899622236349,
              45.2579490073418
            ],
            [
              121.69049524971315,
              45.26440835842768
            ]
          ]
        ]
      },
      "properties": {
        "biomass": 117.24881744384766,
        "min_biomass": 96.55862426757812,
        "max_biomass": 182.76319885253906,
        "timestamp": "20260413_032501",
        "grid_id": "816_600"
      }
    },
    {
      "type": "Feature",
      "geometry": {
        "type": "Polygon",
        "coordinates": [
          [
            [
              121.5619038634759,
              45.263146984986875
            ],
            [
              121.57105204151169,
              45.262780447693665
            ],
            [
              121.57053258935517,
              45.25632000228819
            ],
            [
              121.56138544210448,
              45.256686457483305
            ],
            [
              121.5619038634759,
              45.263146984986875
            ]
          ]
        ]
      },
      "properties": {
        "biomass": 156.58956909179688,
        "min_biomass": 146.64984130859375,
        "max_biomass": 171.62240600585938,
        "timestamp": "20260413_032501",
        "grid_id": "840_264"
      }
    },
    {
      "type": "Feature",
      "geometry": {
        "type": "Polygon",
        "coordinates": [
          [
            [
              121.57105204151169,
              45.262780447693665
            ],
            [
              121.58020004365252,
              45.26241317997003
            ],
            [
              121.57967956078369,
              45.25595281682522
            ],
            [
              121.57053258935517,
              45.25632000228819
            ],
            [
              121.57105204151169,
              45.262780447693665
            ]
          ]
        ]
      },
      "properties": {
        "biomass": 150.46798706054688,
        "min_biomass": 150.46798706054688,
        "max_biomass": 150.46798706054688,
        "timestamp": "20260413_032501",
        "grid_id": "840_288"
      }
    },
    {
      "type": "Feature",
      "geometry": {
        "type": "Polygon",
        "coordinates": [
          [
            [
              121.61679028634688,
              45.26093680551727
            ],
            [
              121.62593740382377,
              45.260565886201604
            ],
            [
              121.62541176848997,
              45.25410593679778
            ],
            [
              121.61626568135937,
              45.25447677304026
            ],
            [
              121.61679028634688,
              45.26093680551727
            ]
          ]
        ]
      },
      "properties": {
        "biomass": 109.5897445678711,
        "min_biomass": 96.12940979003906,
        "max_biomass": 168.43678283691406,
        "timestamp": "20260413_032501",
        "grid_id": "840_408"
      }
    },
    {
      "type": "Feature",
      "geometry": {
        "type": "Polygon",
        "coordinates": [
          [
            [
              121.62593740382377,
              45.260565886201604
            ],
            [
              121.63508434333036,
              45.26019423668005
            ],
            [
              121.63455767772386,
              45.25373437051185
            ],
            [
              121.62541176848997,
              45.25410593679778
            ],
            [
              121.62593740382377,
              45.260565886201604
            ]
          ]
        ]
      },
      "properties": {
        "biomass": 123.87107849121094,
        "min_biomass": 96.20342254638672,
        "max_biomass": 192.96212768554688,
        "timestamp": "20260413_032501",
        "grid_id": "840_432"
      }
    },
    {
      "type": "Feature",
      "geometry": {
        "type": "Polygon",
        "coordinates": [
          [
            [
              121.63508434333036,
              45.26019423668005
            ],
            [
              121.6442311045209,
              45.25982185699027
            ],
            [
              121.64370340871545,
              45.25336207422016
            ],
            [
              121.63455767772386,
              45.25373437051185
            ],
            [
              121.63508434333036,
              45.26019423668005
            ]
          ]
        ]
      },
      "properties": {
        "biomass": 122.030029296875,
        "min_biomass": 100.88220977783203,
        "max_biomass": 164.14825439453125,
        "timestamp": "20260413_032501",
        "grid_id": "840_456"
      }
    },
    {
      "type": "Feature",
      "geometry": {
        "type": "Polygon",
        "coordinates": [
          [
            [
              121.6442311045209,
              45.25982185699027
            ],
            [
              121.6533776870497,
              45.25944874717003
            ],
            [
              121.65284896111923,
              45.252989047960426
            ],
            [
              121.64370340871545,
              45.25336207422016
            ],
            [
              121.6442311045209,
              45.25982185699027
            ]
          ]
        ]
      },
      "properties": {
        "biomass": 110.49417114257812,
        "min_biomass": 96.62274169921875,
        "max_biomass": 165.20974731445312,
        "timestamp": "20260413_032501",
        "grid_id": "840_480"
      }
    },
    {
      "type": "Feature",
      "geometry": {
        "type": "Polygon",
        "coordinates": [
          [
            [
              121.6533776870497,
              45.25944874717003
            ],
            [
              121.66252409057107,
              45.25907490725712
            ],
            [
              121.66199433458964,
              45.252615291770454
            ],
            [
              121.65284896111923,
              45.252989047960426
            ],
            [
              121.6533776870497,
              45.25944874717003
            ]
          ]
        ]
      },
      "properties": {
        "biomass": 114.1899185180664,
        "min_biomass": 96.07266235351562,
        "max_biomass": 190.26377868652344,
        "timestamp": "20260413_032501",
        "grid_id": "840_504"
      }
    },
    {
      "type": "Feature",
      "geometry": {
        "type": "Polygon",
        "coordinates": [
          [
            [
              121.66252409057107,
              45.25907490725712
            ],
            [
              121.67167031473943,
              45.25870033728947
            ],
            [
              121.67113952878123,
              45.25224080568812
            ],
            [
              121.66199433458964,
              45.252615291770454
            ],
            [
              121.66252409057107,
              45.25907490725712
            ]
          ]
        ]
      },
      "properties": {
        "biomass": 121.6148452758789,
        "min_biomass": 96.21643829345703,
        "max_biomass": 184.88267517089844,
        "timestamp": "20260413_032501",
        "grid_id": "840_528"
      }
    },
    {
      "type": "Feature",
      "geometry": {
        "type": "Polygon",
        "coordinates": [
          [
            [
              121.67167031473943,
              45.25870033728947
            ],
            [
              121.6808163592092,
              45.258325037305
            ],
            [
              121.68028454334855,
              45.251865589751375
            ],
            [
              121.67113952878123,
              45.25224080568812
            ],
            [
              121.67167031473943,
              45.25870033728947
            ]
          ]
        ]
      },
      "properties": {
        "biomass": 150.4550323486328,
        "min_biomass": 148.07249450683594,
        "max_biomass": 156.11427307128906,
        "timestamp": "20260413_032501",
        "grid_id": "840_552"
      }
    },
    {
      "type": "Feature",
      "geometry": {
        "type": "Polygon",
        "coordinates": [
          [
            [
              121.61626568135937,
              45.25447677304026
            ],
            [
              121.62541176848997,
              45.25410593679778
            ],
            [
              121.62488631105283,
              45.2476459752698
            ],
            [
              121.6157412539229,
              45.24801672845773
            ],
            [
              121.61626568135937,
              45.25447677304026
            ]
          ]
        ]
      },
      "properties": {
        "biomass": 117.99148559570312,
        "min_biomass": 96.54130554199219,
        "max_biomass": 166.22560119628906,
        "timestamp": "20260413_032501",
        "grid_id": "864_408"
      }
    },
    {
      "type": "Feature",
      "geometry": {
        "type": "Polygon",
        "coordinates": [
          [
            [
              121.62541176848997,
              45.25410593679778
            ],
            [
              121.63455767772386,
              45.25373437051185
            ],
            [
              121.63403119035964,
              45.247274492200866
            ],
            [
              121.62488631105283,
              45.2476459752698
            ],
            [
              121.62541176848997,
              45.25410593679778
            ]
          ]
        ]
      },
      "properties": {
        "biomass": 116.94100952148438,
        "min_biomass": 96.97462463378906,
        "max_biomass": 155.18789672851562,
        "timestamp": "20260413_032501",
        "grid_id": "864_432"
      }
    },
    {
      "type": "Feature",
      "geometry": {
        "type": "Polygon",
        "coordinates": [
          [
            [
              121.63455767772386,
              45.25373437051185
            ],
            [
              121.64370340871545,
              45.25336207422016
            ],
            [
              121.64317589149788,
              45.246902279288555
            ],
            [
              121.63403119035964,
              45.247274492200866
            ],
            [
              121.63455767772386,
              45.25373437051185
            ]
          ]
        ]
      },
      "properties": {
        "biomass": 108.66104125976562,
        "min_biomass": 96.15029907226562,
        "max_biomass": 181.8170623779297,
        "timestamp": "20260413_032501",
        "grid_id": "864_456"
      }
    },
    {
      "type": "Feature",
      "geometry": {
        "type": "Polygon",
        "coordinates": [
          [
            [
              121.64370340871545,
              45.25336207422016
            ],
            [
              121.65284896111923,
              45.252989047960426
            ],
            [
              121.65232041412214,
              45.246529336570596
            ],
            [
              121.64317589149788,
              45.246902279288555
            ],
            [
              121.64370340871545,
              45.25336207422016
            ]
          ]
        ]
      },
      "properties": {
        "biomass": 117.23698425292969,
        "min_biomass": 96.25514221191406,
        "max_biomass": 188.24598693847656,
        "timestamp": "20260413_032501",
        "grid_id": "864_480"
      }
    },
    {
      "type": "Feature",
      "geometry": {
        "type": "Polygon",
        "coordinates": [
          [
            [
              121.6157412539229,
              45.24801672845773
            ],
            [
              121.62488631105283,
              45.2476459752698
            ],
            [
              121.6246017625264,
              45.24414682438062
            ],
            [
              121.61545726316923,
              45.24451753258843
            ],
            [
              121.6157412539229,
              45.24801672845773
            ]
          ]
        ]
      },
      "properties": {
        "biomass": 115.22455596923828,
        "min_biomass": 96.1672134399414,
        "max_biomass": 173.60708618164062,
        "timestamp": "20260413_032501",
        "grid_id": "888_408"
      }
    },
    {
      "type": "Feature",
      "geometry": {
        "type": "Polygon",
        "coordinates": [
          [
            [
              121.62488631105283,
              45.2476459752698
            ],
            [
              121.63403119035964,
              45.247274492200866
            ],
            [
              121.63374608410027,
              45.24377538637976
            ],
            [
              121.6246017625264,
              45.24414682438062
            ],
            [
              121.62488631105283,
              45.2476459752698
            ]
          ]
        ]
      },
      "properties": {
        "biomass": 110.75999450683594,
        "min_biomass": 96.06942749023438,
        "max_biomass": 183.83700561523438,
        "timestamp": "20260413_032501",
        "grid_id": "888_432"
      }
    },
    {
      "type": "Feature",
      "geometry": {
        "type": "Polygon",
        "coordinates": [
          [
            [
              121.63403119035964,
              45.247274492200866
            ],
            [
              121.64317589149788,
              45.246902279288555
            ],
            [
              121.64289022754552,
              45.24340321862349
            ],
            [
              121.63374608410027,
              45.24377538637976
            ],
            [
              121.63403119035964,
              45.247274492200866
            ]
          ]
        ]
      },
      "properties": {
        "biomass": 132.19821166992188,
        "min_biomass": 96.92523956298828,
        "max_biomass": 182.68861389160156,
        "timestamp": "20260413_032501",
        "grid_id": "888_456"
      }
    }
  ],
  "properties": {
    "timestamp": "20260413_032501",
    "valid_grids": 598,
    "invalid_grids": 428,
    "threshold": 96.06904767060908
  }
}