{"type": "FeatureCollection", "features": [{"type": "Feature", "geometry": {"type": "Polygon", "coordinates": [[[127.64903892186783, 45.48646926524145], [127.6536305082133, 45.48628188596129], [127.6533640101684, 45.48305216757885], [127.64877268445466, 45.48323952587414], [127.64903892186783, 45.48646926524145]]]}, "properties": {"biomass": 262.27886962890625}}, {"type": "Feature", "geometry": {"type": "Polygon", "coordinates": [[[127.6536305082133, 45.48628188596129], [127.65822204932749, 45.48609432271202], [127.65795529066028, 45.48286462533494], [127.6533640101684, 45.48305216757885], [127.6536305082133, 45.48628188596129]]]}, "properties": {"biomass": 329.4500732421875}}, {"type": "Feature", "geometry": {"type": "Polygon", "coordinates": [[[127.64418131356284, 45.483426700216015], [127.64877268445466, 45.48323952587414], [127.64850649221951, 45.48000978345442], [127.64391538192498, 45.48019693683425], [127.64418131356284, 45.483426700216015]]]}, "properties": {"biomass": 202.2411651611328}}, {"type": "Feature", "geometry": {"type": "Polygon", "coordinates": [[[127.64877268445466, 45.48323952587414], [127.6533640101684, 45.48305216757885], [127.65309755734539, 45.479822446141654], [127.64850649221951, 45.48000978345442], [127.64877268445466, 45.48323952587414]]]}, "properties": {"biomass": 250.8046875}}, {"type": "Feature", "geometry": {"type": "Polygon", "coordinates": [[[127.6533640101684, 45.48305216757885], [127.65795529066028, 45.48286462533494], [127.65768857725881, 45.4796349249007], [127.65309755734539, 45.479822446141654], [127.6533640101684, 45.48305216757885]]]}, "properties": {"biomass": 276.0965881347656}}, {"type": "Feature", "geometry": {"type": "Polygon", "coordinates": [[[127.64391538192498, 45.48019693683425], [127.64850649221951, 45.48000978345442], [127.64824034515304, 45.47678003798258], [127.64364949541198, 45.476967170402716], [127.64391538192498, 45.48019693683425]]]}, "properties": {"biomass": 151.74737548828125}}, {"type": "Feature", "geometry": {"type": "Polygon", "coordinates": [[[127.64850649221951, 45.48000978345442], [127.65309755734539, 45.479822446141654], [127.65283114973487, 45.47659272164996], [127.64824034515304, 45.47678003798258], [127.64850649221951, 45.48000978345442]]]}, "properties": {"biomass": 227.51910400390625}}, {"type": "Feature", "geometry": {"type": "Polygon", "coordinates": [[[127.65309755734539, 45.479822446141654], [127.65768857725881, 45.4796349249007], [127.6574219091136, 45.476405221409614], [127.65283114973487, 45.47659272164996], [127.65309755734539, 45.479822446141654]]]}, "properties": {"biomass": 239.394775390625}}, {"type": "Feature", "geometry": {"type": "Polygon", "coordinates": [[[127.63905860055546, 45.4771541189056], [127.64364949541198, 45.476967170402716], [127.64338365401437, 45.473737400921706], [127.63879301967691, 45.473924328487726], [127.63905860055546, 45.4771541189056]]]}, "properties": {"biomass": 176.034912109375}}, {"type": "Feature", "geometry": {"type": "Polygon", "coordinates": [[[127.64364949541198, 45.476967170402716], [127.64824034515304, 45.47678003798258], [127.6479742432458, 45.47355028945888], [127.64338365401437, 45.473737400921706], [127.64364949541198, 45.476967170402716]]]}, "properties": {"biomass": 175.57408142089844}}, {"type": "Feature", "geometry": {"type": "Polygon", "coordinates": [[[127.64824034515304, 45.47678003798258], [127.65283114973487, 45.47659272164996], [127.65256478732736, 45.47336299410403], [127.6479742432458, 45.47355028945888], [127.64824034515304, 45.47678003798258]]]}, "properties": {"biomass": 177.84043884277344}}, {"type": "Feature", "geometry": {"type": "Polygon", "coordinates": [[[127.65283114973487, 45.47659272164996], [127.6574219091136, 45.476405221409614], [127.65715528621529, 45.47317551486192], [127.65256478732736, 45.47336299410403], [127.65283114973487, 45.47659272164996]]]}, "properties": {"biomass": 215.3752899169922}}, {"type": "Feature", "geometry": {"type": "Polygon", "coordinates": [[[127.63879301967691, 45.473924328487726], [127.64338365401437, 45.473737400921706], [127.64311785772286, 45.47050762839148], [127.63852748386061, 45.47069453502301], [127.63879301967691, 45.473924328487726]]]}, "properties": {"biomass": 180.89093017578125}}, {"type": "Feature", "geometry": {"type": "Polygon", "coordinates": [[[127.64338365401437, 45.473737400921706], [127.6479742432458, 45.47355028945888], [127.64770818648843, 45.47032053788359], [127.64311785772286, 45.47050762839148], [127.64338365401437, 45.473737400921706]]]}, "properties": {"biomass": 185.49072265625}}, {"type": "Feature", "geometry": {"type": "Polygon", "coordinates": [[[127.6479742432458, 45.47355028945888], [127.65256478732736, 45.47336299410403], [127.65229847011354, 45.47013326350414], [127.64770818648843, 45.47032053788359], [127.6479742432458, 45.47355028945888]]]}, "properties": {"biomass": 193.09036254882812}}, {"type": "Feature", "geometry": {"type": "Polygon", "coordinates": [[[127.65256478732736, 45.47336299410403], [127.65715528621529, 45.47317551486192], [127.65688870855442, 45.46994580525788], [127.65229847011354, 45.47013326350414], [127.65256478732736, 45.47336299410403]]]}, "properties": {"biomass": 215.21665954589844}}, {"type": "Feature", "geometry": {"type": "Polygon", "coordinates": [[[127.65715528621529, 45.47317551486192], [127.66174573986572, 45.472987851737315], [127.66147890176721, 45.4697581631496], [127.65688870855442, 45.46994580525788], [127.65715528621529, 45.47317551486192]]]}, "properties": {"biomass": 190.37828063964844}}, {"type": "Feature", "geometry": {"type": "Polygon", "coordinates": [[[127.63852748386061, 45.47069453502301], [127.64311785772286, 45.47050762839148], [127.64285210652798, 45.46727785281228], [127.63826199309715, 45.467464738511694], [127.63852748386061, 45.47069453502301]]]}, "properties": {"biomass": 158.66624450683594}}, {"type": "Feature", "geometry": {"type": "Polygon", "coordinates": [[[127.64311785772286, 45.47050762839148], [127.64770818648843, 45.47032053788359], [127.64744217487151, 45.46709078325699], [127.64285210652798, 45.46727785281228], [127.64311785772286, 45.47050762839148]]]}, "properties": {"biomass": 180.30923461914062}}, {"type": "Feature", "geometry": {"type": "Polygon", "coordinates": [[[127.64770818648843, 45.47032053788359], [127.65229847011354, 45.47013326350414], [127.652032198084, 45.46690352985057], [127.64744217487151, 45.46709078325699], [127.64770818648843, 45.47032053788359]]]}, "properties": {"biomass": 174.35525512695312}}, {"type": "Feature", "geometry": {"type": "Polygon", "coordinates": [[[127.65229847011354, 45.47013326350414], [127.65688870855442, 45.46994580525788], [127.65662217612159, 45.466716092597814], [127.652032198084, 45.46690352985057], [127.65229847011354, 45.47013326350414]]]}, "properties": {"biomass": 198.4886016845703}}, {"type": "Feature", "geometry": {"type": "Polygon", "coordinates": [[[127.65688870855442, 45.46994580525788], [127.66147890176721, 45.4697581631496], [127.66121210894057, 45.466528471503466], [127.65662217612159, 45.466716092597814], [127.65688870855442, 45.46994580525788]]]}, "properties": {"biomass": 204.30593872070312}}, {"type": "Feature", "geometry": {"type": "Polygon", "coordinates": [[[127.66147890176721, 45.4697581631496], [127.6660690497082, 45.46957033718408], [127.66580199649711, 45.46634066657233], [127.66121210894057, 45.466528471503466], [127.66147890176721, 45.4697581631496]]]}, "properties": {"biomass": 215.30584716796875}}, {"type": "Feature", "geometry": {"type": "Polygon", "coordinates": [[[127.62449138271889, 45.468024292427], [127.62908163114882, 45.46783795832381], [127.62881670623224, 45.46460811696802], [127.62422671821801, 45.464794430202815], [127.62449138271889, 45.468024292427]]]}, "properties": {"biomass": 215.18760681152344}}, {"type": "Feature", "geometry": {"type": "Polygon", "coordinates": [[[127.62908163114882, 45.46783795832381], [127.63367183462283, 45.467651440350465], [127.63340664929989, 45.46442161988352], [127.62881670623224, 45.46460811696802], [127.62908163114882, 45.46783795832381]]]}, "properties": {"biomass": 197.22760009765625}}, {"type": "Feature", "geometry": {"type": "Polygon", "coordinates": [[[127.63367183462283, 45.467651440350465], [127.63826199309715, 45.467464738511694], [127.63799654737721, 45.464234938954064], [127.63340664929989, 45.46442161988352], [127.63367183462283, 45.467651440350465]]]}, "properties": {"biomass": 179.59930419921875}}, {"type": "Feature", "geometry": {"type": "Polygon", "coordinates": [[[127.63826199309715, 45.467464738511694], [127.64285210652798, 45.46727785281228], [127.6425864004204, 45.464048074184426], [127.63799654737721, 45.464234938954064], [127.63826199309715, 45.467464738511694]]]}, "properties": {"biomass": 183.36972045898438}}, {"type": "Feature", "geometry": {"type": "Polygon", "coordinates": [[[127.64285210652798, 45.46727785281228], [127.64744217487151, 45.46709078325699], [127.6471762083857, 45.463861025579334], [127.6425864004204, 45.464048074184426], [127.64285210652798, 45.46727785281228]]]}, "properties": {"biomass": 172.99688720703125}}, {"type": "Feature", "geometry": {"type": "Polygon", "coordinates": [[[127.64744217487151, 45.46709078325699], [127.652032198084, 45.46690352985057], [127.65176597122927, 45.463673793143585], [127.6471762083857, 45.463861025579334], [127.64744217487151, 45.46709078325699]]]}, "properties": {"biomass": 155.58084106445312}}, {"type": "Feature", "geometry": {"type": "Polygon", "coordinates": [[[127.652032198084, 45.46690352985057], [127.65662217612159, 45.466716092597814], [127.65635568890742, 45.46348637688194], [127.65176597122927, 45.463673793143585], [127.652032198084, 45.46690352985057]]]}, "properties": {"biomass": 172.88949584960938}}, {"type": "Feature", "geometry": {"type": "Polygon", "coordinates": [[[127.65662217612159, 45.466716092597814], [127.66121210894057, 45.466528471503466], [127.66094536137632, 45.463298776799164], [127.65635568890742, 45.46348637688194], [127.65662217612159, 45.466716092597814]]]}, "properties": {"biomass": 207.2512664794922}}, {"type": "Feature", "geometry": {"type": "Polygon", "coordinates": [[[127.66121210894057, 45.466528471503466], [127.66580199649711, 45.46634066657233], [127.66553498859219, 45.463110992900056], [127.66094536137632, 45.463298776799164], [127.66121210894057, 45.466528471503466]]]}, "properties": {"biomass": 225.95127868652344}}, {"type": "Feature", "geometry": {"type": "Polygon", "coordinates": [[[127.62422671821801, 45.464794430202815], [127.62881670623224, 45.46460811696802], [127.62855182626222, 45.4613782725709], [127.62396209861994, 45.461564564939636], [127.62422671821801, 45.464794430202815]]]}, "properties": {"biomass": 208.52767944335938}}, {"type": "Feature", "geometry": {"type": "Polygon", "coordinates": [[[127.62881670623224, 45.46460811696802], [127.63340664929989, 45.46442161988352], [127.6331415089673, 45.46119179637289], [127.62855182626222, 45.4613782725709], [127.62881670623224, 45.46460811696802]]]}, "properties": {"biomass": 181.35479736328125}}, {"type": "Feature", "geometry": {"type": "Polygon", "coordinates": [[[127.63340664929989, 45.46442161988352], [127.63799654737721, 45.464234938954064], [127.6377311466914, 45.461005136350394], [127.6331415089673, 45.46119179637289], [127.63340664929989, 45.46442161988352]]]}, "properties": {"biomass": 184.11785888671875}}, {"type": "Feature", "geometry": {"type": "Polygon", "coordinates": [[[127.63799654737721, 45.464234938954064], [127.6425864004204, 45.464048074184426], [127.64232073939074, 45.460818292508144], [127.6377311466914, 45.461005136350394], [127.63799654737721, 45.464234938954064]]]}, "properties": {"biomass": 190.1239013671875}}, {"type": "Feature", "geometry": {"type": "Polygon", "coordinates": [[[127.6425864004204, 45.464048074184426], [127.6471762083857, 45.463861025579334], [127.64691028702154, 45.46063126485091], [127.64232073939074, 45.460818292508144], [127.6425864004204, 45.464048074184426]]]}, "properties": {"biomass": 186.3909454345703}}, {"type": "Feature", "geometry": {"type": "Polygon", "coordinates": [[[127.6471762083857, 45.463861025579334], [127.65176597122927, 45.463673793143585], [127.65149978954005, 45.46044405338347], [127.64691028702154, 45.46063126485091], [127.6471762083857, 45.463861025579334]]]}, "properties": {"biomass": 139.32615661621094}}, {"type": "Feature", "geometry": {"type": "Polygon", "coordinates": [[[127.65176597122927, 45.463673793143585], [127.65635568890742, 45.46348637688194], [127.65608924690247, 45.460256658110566], [127.65149978954005, 45.46044405338347], [127.65176597122927, 45.463673793143585]]]}, "properties": {"biomass": 168.64300537109375}}, {"type": "Feature", "geometry": {"type": "Polygon", "coordinates": [[[127.65635568890742, 45.46348637688194], [127.66094536137632, 45.463298776799164], [127.66067865906508, 45.46006907903699], [127.65608924690247, 45.460256658110566], [127.65635568890742, 45.46348637688194]]]}, "properties": {"biomass": 197.40975952148438}}, {"type": "Feature", "geometry": {"type": "Polygon", "coordinates": [[[127.66094536137632, 45.463298776799164], [127.66553498859219, 45.463110992900056], [127.66526802598408, 45.45988131616751], [127.66067865906508, 45.46006907903699], [127.66094536137632, 45.463298776799164]]]}, "properties": {"biomass": 212.14801025390625}}, {"type": "Feature", "geometry": {"type": "Polygon", "coordinates": [[[127.66553498859219, 45.463110992900056], [127.67012457051132, 45.462923025189376], [127.66985734761573, 45.45969336950693], [127.66526802598408, 45.45988131616751], [127.66553498859219, 45.463110992900056]]]}, "properties": {"biomass": 184.05905151367188}}, {"type": "Feature", "geometry": {"type": "Polygon", "coordinates": [[[127.62396209861994, 45.461564564939636], [127.62855182626222, 45.4613782725709], [127.6282869912294, 45.458148425132705], [127.62369752391525, 45.45833469663776], [127.62396209861994, 45.461564564939636]]]}, "properties": {"biomass": 183.84320068359375}}, {"type": "Feature", "geometry": {"type": "Polygon", "coordinates": [[[127.62855182626222, 45.4613782725709], [127.6331415089673, 45.46119179637289], [127.63287641361569, 45.45796196981884], [127.6282869912294, 45.458148425132705], [127.62855182626222, 45.4613782725709]]]}, "properties": {"biomass": 158.65643310546875}}, {"type": "Feature", "geometry": {"type": "Polygon", "coordinates": [[[127.6331415089673, 45.46119179637289], [127.6377311466914, 45.461005136350394], [127.63746579103034, 45.45777533070093], [127.63287641361569, 45.45796196981884], [127.6331415089673, 45.46119179637289]]]}, "properties": {"biomass": 164.21063232421875}}, {"type": "Feature", "geometry": {"type": "Polygon", "coordinates": [[[127.6377311466914, 45.461005136350394], [127.64232073939074, 45.460818292508144], [127.6420551234296, 45.45758850778372], [127.63746579103034, 45.45777533070093], [127.6377311466914, 45.461005136350394]]]}, "properties": {"biomass": 174.80291748046875}}, {"type": "Feature", "geometry": {"type": "Polygon", "coordinates": [[[127.64232073939074, 45.460818292508144], [127.64691028702154, 45.46063126485091], [127.6466444107697, 45.45740150107198], [127.6420551234296, 45.45758850778372], [127.64232073939074, 45.460818292508144]]]}, "properties": {"biomass": 188.49929809570312}}, {"type": "Feature", "geometry": {"type": "Polygon", "coordinates": [[[127.64691028702154, 45.46063126485091], [127.65149978954005, 45.46044405338347], [127.65123365300687, 45.457214310570464], [127.6466444107697, 45.45740150107198], [127.64691028702154, 45.46063126485091]]]}, "properties": {"biomass": 167.90890502929688}}, {"type": "Feature", "geometry": {"type": "Polygon", "coordinates": [[[127.65149978954005, 45.46044405338347], [127.65608924690247, 45.460256658110566], [127.65582285009738, 45.457026936283945], [127.65123365300687, 45.457214310570464], [127.65149978954005, 45.46044405338347]]]}, "properties": {"biomass": 174.01649475097656}}, {"type": "Feature", "geometry": {"type": "Polygon", "coordinates": [[[127.65608924690247, 45.460256658110566], [127.66067865906508, 45.46006907903699], [127.66041200199744, 45.45683937821719], [127.65582285009738, 45.457026936283945], [127.65608924690247, 45.460256658110566]]]}, "properties": {"biomass": 186.35104370117188}}, {"type": "Feature", "geometry": {"type": "Polygon", "coordinates": [[[127.66067865906508, 45.46006907903699], [127.66526802598408, 45.45988131616751], [127.66500110866332, 45.456651636374986], [127.66041200199744, 45.45683937821719], [127.66067865906508, 45.46006907903699]]]}, "properties": {"biomass": 207.75363159179688}}, {"type": "Feature", "geometry": {"type": "Polygon", "coordinates": [[[127.66526802598408, 45.45988131616751], [127.66985734761573, 45.45969336950693], [127.66959017005126, 45.4564637107621], [127.66500110866332, 45.456651636374986], [127.66526802598408, 45.45988131616751]]]}, "properties": {"biomass": 195.62161254882812}}, {"type": "Feature", "geometry": {"type": "Polygon", "coordinates": [[[127.68821418039371, 45.45893974504925], [127.69280327493232, 45.458750879505004], [127.69253479629089, 45.45552132630536], [127.68794596194877, 45.455710170699696], [127.68821418039371, 45.45893974504925]]]}, "properties": {"biomass": 268.04376220703125}}, {"type": "Feature", "geometry": {"type": "Polygon", "coordinates": [[[127.69280327493232, 45.458750879505004], [127.6973923239211, 45.458561830198434], [127.69712358509261, 45.45533229816914], [127.69253479629089, 45.45552132630536], [127.69280327493232, 45.458750879505004]]]}, "properties": {"biomass": 255.02291870117188}}, {"type": "Feature", "geometry": {"type": "Polygon", "coordinates": [[[127.6973923239211, 45.458561830198434], [127.70198132731625, 45.458372597134364], [127.70171232831024, 45.45514308629585], [127.69712358509261, 45.45533229816914], [127.6973923239211, 45.458561830198434]]]}, "properties": {"biomass": 205.08169555664062}}, {"type": "Feature", "geometry": {"type": "Polygon", "coordinates": [[[127.62369752391525, 45.45833469663776], [127.6282869912294, 45.458148425132705], [127.62802220112445, 45.45491857465371], [127.62343299409467, 45.45510482529745], [127.62369752391525, 45.45833469663776]]]}, "properties": {"biomass": 162.15675354003906}}, {"type": "Feature", "geometry": {"type": "Polygon", "coordinates": [[[127.6282869912294, 45.458148425132705], [127.63287641361569, 45.45796196981884], [127.6326113632357, 45.45473214022164], [127.62802220112445, 45.45491857465371], [127.6282869912294, 45.458148425132705]]]}, "properties": {"biomass": 152.46023559570312}}, {"type": "Feature", "geometry": {"type": "Polygon", "coordinates": [[[127.63287641361569, 45.45796196981884], [127.63746579103034, 45.45777533070093], [127.63720048038466, 45.45454552200595], [127.6326113632357, 45.45473214022164], [127.63287641361569, 45.45796196981884]]]}, "properties": {"biomass": 149.39849853515625}}, {"type": "Feature", "geometry": {"type": "Polygon", "coordinates": [[[127.63746579103034, 45.45777533070093], [127.6420551234296, 45.45758850778372], [127.64178955252761, 45.45435872001143], [127.63720048038466, 45.45454552200595], [127.63746579103034, 45.45777533070093]]]}, "properties": {"biomass": 161.57208251953125}}, {"type": "Feature", "geometry": {"type": "Polygon", "coordinates": [[[127.6420551234296, 45.45758850778372], [127.6466444107697, 45.45740150107198], [127.64637857962077, 45.4541717342428], [127.64178955252761, 45.45435872001143], [127.6420551234296, 45.45758850778372]]]}, "properties": {"biomass": 201.724853515625}}, {"type": "Feature", "geometry": {"type": "Polygon", "coordinates": [[[127.6466444107697, 45.45740150107198], [127.65123365300687, 45.457214310570464], [127.65096756162036, 45.45398456470485], [127.64637857962077, 45.4541717342428], [127.6466444107697, 45.45740150107198]]]}, "properties": {"biomass": 191.7920684814453}}, {"type": "Feature", "geometry": {"type": "Polygon", "coordinates": [[[127.65123365300687, 45.457214310570464], [127.65582285009738, 45.457026936283945], [127.6555564984827, 45.45379721140234], [127.65096756162036, 45.45398456470485], [127.65123365300687, 45.457214310570464]]]}, "properties": {"biomass": 153.457275390625}}, {"type": "Feature", "geometry": {"type": "Polygon", "coordinates": [[[127.65582285009738, 45.457026936283945], [127.66041200199744, 45.45683937821719], [127.66014539016398, 45.45360967434004], [127.6555564984827, 45.45379721140234], [127.65582285009738, 45.457026936283945]]]}, "properties": {"biomass": 195.23947143554688}}, {"type": "Feature", "geometry": {"type": "Polygon", "coordinates": [[[127.66041200199744, 45.45683937821719], [127.66500110866332, 45.456651636374986], [127.66473423662049, 45.45342195352272], [127.66014539016398, 45.45360967434004], [127.66041200199744, 45.45683937821719]]]}, "properties": {"biomass": 187.71595764160156}}, {"type": "Feature", "geometry": {"type": "Polygon", "coordinates": [[[127.66500110866332, 45.456651636374986], [127.66959017005126, 45.4564637107621], [127.66932303780847, 45.453234048955196], [127.66473423662049, 45.45342195352272], [127.66500110866332, 45.456651636374986]]]}, "properties": {"biomass": 179.75489807128906}}, {"type": "Feature", "geometry": {"type": "Polygon", "coordinates": [[[127.67876815681835, 45.45608730824348], [127.68335708211, 45.45589883134734], [127.68308916932389, 45.45266923279906], [127.67850050420391, 45.45285768858857], [127.67876815681835, 45.45608730824348]]]}, "properties": {"biomass": 251.1288299560547}}, {"type": "Feature", "geometry": {"type": "Polygon", "coordinates": [[[127.68335708211, 45.45589883134734], [127.68794596194877, 45.455710170699696], [127.68767778900045, 45.452480593278516], [127.68308916932389, 45.45266923279906], [127.68335708211, 45.45589883134734]]]}, "properties": {"biomass": 260.17901611328125}}, {"type": "Feature", "geometry": {"type": "Polygon", "coordinates": [[[127.68794596194877, 45.455710170699696], [127.69253479629089, 45.45552132630536], [127.6922663631898, 45.45229177003169], [127.68767778900045, 45.452480593278516], [127.68794596194877, 45.455710170699696]]]}, "properties": {"biomass": 227.85284423828125}}, {"type": "Feature", "geometry": {"type": "Polygon", "coordinates": [[[127.69253479629089, 45.45552132630536], [127.69712358509261, 45.45533229816914], [127.69685489184825, 45.45210276306343], [127.6922663631898, 45.45229177003169], [127.69253479629089, 45.45552132630536]]]}, "properties": {"biomass": 231.68980407714844}}, {"type": "Feature", "geometry": {"type": "Polygon", "coordinates": [[[127.69712358509261, 45.45533229816914], [127.70171232831024, 45.45514308629585], [127.70144337493208, 45.451913572378544], [127.69685489184825, 45.45210276306343], [127.69712358509261, 45.45533229816914]]]}, "properties": {"biomass": 214.81985473632812}}, {"type": "Feature", "geometry": {"type": "Polygon", "coordinates": [[[127.70171232831024, 45.45514308629585], [127.70630102590005, 45.45495369069031], [127.70603181239755, 45.45172419798184], [127.70144337493208, 45.451913572378544], [127.70171232831024, 45.45514308629585]]]}, "properties": {"biomass": 226.60760498046875}}, {"type": "Feature", "geometry": {"type": "Polygon", "coordinates": [[[127.62802220112445, 45.45491857465371], [127.6326113632357, 45.45473214022164], [127.632346357818, 45.451502307581556], [127.62775745593802, 45.45168872113421], [127.62802220112445, 45.45491857465371]]]}, "properties": {"biomass": 175.84234619140625}}, {"type": "Feature", "geometry": {"type": "Polygon", "coordinates": [[[127.6326113632357, 45.45473214022164], [127.63720048038466, 45.45454552200595], [127.63693521474504, 45.45131571026574], [127.632346357818, 45.451502307581556], [127.6326113632357, 45.45473214022164]]]}, "properties": {"biomass": 138.9769744873047}}, {"type": "Feature", "geometry": {"type": "Polygon", "coordinates": [[[127.63720048038466, 45.45454552200595], [127.64178955252761, 45.45435872001143], [127.64152402667544, 45.451128929191526], [127.63693521474504, 45.45131571026574], [127.63720048038466, 45.45454552200595]]]}, "properties": {"biomass": 135.7885284423828}}, {"type": "Feature", "geometry": {"type": "Polygon", "coordinates": [[[127.64178955252761, 45.45435872001143], [127.64637857962077, 45.4541717342428], [127.64611279356538, 45.45094196436366], [127.64152402667544, 45.451128929191526], [127.64178955252761, 45.45435872001143]]]}, "properties": {"biomass": 186.4765625}}, {"type": "Feature", "geometry": {"type": "Polygon", "coordinates": [[[127.64637857962077, 45.4541717342428], [127.65096756162036, 45.45398456470485], [127.65070151537117, 45.450754815786915], [127.64611279356538, 45.45094196436366], [127.64637857962077, 45.4541717342428]]]}, "properties": {"biomass": 170.8866424560547}}, {"type": "Feature", "geometry": {"type": "Polygon", "coordinates": [[[127.65096756162036, 45.45398456470485], [127.6555564984827, 45.45379721140234], [127.65529019204907, 45.45056748346604], [127.65070151537117, 45.450754815786915], [127.65096756162036, 45.45398456470485]]]}, "properties": {"biomass": 161.5891571044922}}, {"type": "Feature", "geometry": {"type": "Polygon", "coordinates": [[[127.6555564984827, 45.45379721140234], [127.66014539016398, 45.45360967434004], [127.6598788235553, 45.45037996740582], [127.65529019204907, 45.45056748346604], [127.6555564984827, 45.45379721140234]]]}, "properties": {"biomass": 213.24996948242188}}, {"type": "Feature", "geometry": {"type": "Polygon", "coordinates": [[[127.66014539016398, 45.45360967434004], [127.66473423662049, 45.45342195352272], [127.66446740984618, 45.45019226761104], [127.6598788235553, 45.45037996740582], [127.66014539016398, 45.45360967434004]]]}, "properties": {"biomass": 171.3478546142578}}, {"type": "Feature", "geometry": {"type": "Polygon", "coordinates": [[[127.66473423662049, 45.45342195352272], [127.66932303780847, 45.453234048955196], [127.66905595087792, 45.45000438408647], [127.66446740984618, 45.45019226761104], [127.66473423662049, 45.45342195352272]]]}, "properties": {"biomass": 152.56304931640625}}, {"type": "Feature", "geometry": {"type": "Polygon", "coordinates": [[[127.66932303780847, 45.453234048955196], [127.67391179368418, 45.45304596064221], [127.67364444660686, 45.44981631683688], [127.66905595087792, 45.45000438408647], [127.66932303780847, 45.453234048955196]]]}, "properties": {"biomass": 188.81549072265625}}, {"type": "Feature", "geometry": {"type": "Polygon", "coordinates": [[[127.67850050420391, 45.45285768858857], [127.68308916932389, 45.45266923279906], [127.68282130198125, 45.449439631181846], [127.6782328969892, 45.44962806586707], [127.67850050420391, 45.45285768858857]]]}, "properties": {"biomass": 202.7699432373047}}, {"type": "Feature", "geometry": {"type": "Polygon", "coordinates": [[[127.68308916932389, 45.45266923279906], [127.68767778900045, 45.452480593278516], [127.68740966153932, 45.449251012785986], [127.68282130198125, 45.449439631181846], [127.68308916932389, 45.45266923279906]]]}, "properties": {"biomass": 218.39634704589844}}, {"type": "Feature", "geometry": {"type": "Polygon", "coordinates": [[[127.68767778900045, 45.452480593278516], [127.6922663631898, 45.45229177003169], [127.69199797561963, 45.44906221068432], [127.68740966153932, 45.449251012785986], [127.68767778900045, 45.452480593278516]]]}, "properties": {"biomass": 183.8975372314453}}, {"type": "Feature", "geometry": {"type": "Polygon", "coordinates": [[[127.6922663631898, 45.45229177003169], [127.69685489184825, 45.45210276306343], [127.69658624417852, 45.44887322488164], [127.69199797561963, 45.44906221068432], [127.6922663631898, 45.45229177003169]]]}, "properties": {"biomass": 223.69175720214844}}, {"type": "Feature", "geometry": {"type": "Polygon", "coordinates": [[[127.69685489184825, 45.45210276306343], [127.70144337493208, 45.451913572378544], [127.70117446717225, 45.44868405538275], [127.69658624417852, 45.44887322488164], [127.69685489184825, 45.45210276306343]]]}, "properties": {"biomass": 224.5003662109375}}, {"type": "Feature", "geometry": {"type": "Polygon", "coordinates": [[[127.70144337493208, 45.451913572378544], [127.70603181239755, 45.45172419798184], [127.70576264455713, 45.44849470219248], [127.70117446717225, 45.44868405538275], [127.70144337493208, 45.451913572378544]]]}, "properties": {"biomass": 224.7144775390625}}, {"type": "Feature", "geometry": {"type": "Polygon", "coordinates": [[[127.70603181239755, 45.45172419798184], [127.71062020420095, 45.45153463987815], [127.71035077628942, 45.448305165315645], [127.70576264455713, 45.44849470219248], [127.70603181239755, 45.45172419798184]]]}, "properties": {"biomass": 218.27578735351562}}, {"type": "Feature", "geometry": {"type": "Polygon", "coordinates": [[[127.71062020420095, 45.45153463987815], [127.71520855029858, 45.45134489807228], [127.71493886232543, 45.448115444757065], [127.71035077628942, 45.448305165315645], [127.71062020420095, 45.45153463987815]]]}, "properties": {"biomass": 211.60134887695312}}, {"type": "Feature", "geometry": {"type": "Polygon", "coordinates": [[[127.71520855029858, 45.45134489807228], [127.71979685064673, 45.45115497256908], [127.71952690262147, 45.4479255405216], [127.71493886232543, 45.448115444757065], [127.71520855029858, 45.45134489807228]]]}, "properties": {"biomass": 209.0530548095703}}, {"type": "Feature", "geometry": {"type": "Polygon", "coordinates": [[[127.62316850914885, 45.451874950918956], [127.62775745593802, 45.45168872113421], [127.62749275566074, 45.44845886457443], [127.62290406906845, 45.448645073502554], [127.62316850914885, 45.451874950918956]]]}, "properties": {"biomass": 163.01205444335938}}, {"type": "Feature", "geometry": {"type": "Polygon", "coordinates": [[[127.62775745593802, 45.45168872113421], [127.632346357818, 45.451502307581556], [127.63208139735322, 45.44827247189884], [127.62749275566074, 45.44845886457443], [127.62775745593802, 45.45168872113421]]]}, "properties": {"biomass": 172.20716857910156}}, {"type": "Feature", "geometry": {"type": "Polygon", "coordinates": [[[127.632346357818, 45.451502307581556], [127.63693521474504, 45.45131571026574], [127.63666999410209, 45.44808589548054], [127.63208139735322, 45.44827247189884], [127.632346357818, 45.451502307581556]]]}, "properties": {"biomass": 158.98123168945312}}, {"type": "Feature", "geometry": {"type": "Polygon", "coordinates": [[[127.63693521474504, 45.45131571026574], [127.64152402667544, 45.451128929191526], [127.64125854586365, 45.44789913532428], [127.63666999410209, 45.44808589548054], [127.63693521474504, 45.45131571026574]]]}, "properties": {"biomass": 121.63507843017578}}, {"type": "Feature", "geometry": {"type": "Polygon", "coordinates": [[[127.64152402667544, 45.451128929191526], [127.64611279356538, 45.45094196436366], [127.64584705259418, 45.44771219143482], [127.64125854586365, 45.44789913532428], [127.64152402667544, 45.451128929191526]]]}, "properties": {"biomass": 139.585693359375}}, {"type": "Feature", "geometry": {"type": "Polygon", "coordinates": [[[127.64611279356538, 45.45094196436366], [127.65070151537117, 45.450754815786915], [127.65043551424988, 45.447525063816904], [127.64584705259418, 45.44771219143482], [127.64611279356538, 45.45094196436366]]]}, "properties": {"biomass": 167.37179565429688}}, {"type": "Feature", "geometry": {"type": "Polygon", "coordinates": [[[127.65070151537117, 45.450754815786915], [127.65529019204907, 45.45056748346604], [127.65502393078708, 45.447337752475306], [127.65043551424988, 45.447525063816904], [127.65070151537117, 45.450754815786915]]]}, "properties": {"biomass": 150.6537322998047}}, {"type": "Feature", "geometry": {"type": "Polygon", "coordinates": [[[127.65529019204907, 45.45056748346604], [127.6598788235553, 45.45037996740582], [127.659612302162, 45.44715025741481], [127.65502393078708, 45.447337752475306], [127.65529019204907, 45.45056748346604]]]}, "properties": {"biomass": 177.60787963867188}}, {"type": "Feature", "geometry": {"type": "Polygon", "coordinates": [[[127.6598788235553, 45.45037996740582], [127.66446740984618, 45.45019226761104], [127.66420062833096, 45.44696257864016], [127.659612302162, 45.44715025741481], [127.6598788235553, 45.45037996740582]]]}, "properties": {"biomass": 155.10299682617188}}, {"type": "Feature", "geometry": {"type": "Polygon", "coordinates": [[[127.66446740984618, 45.45019226761104], [127.66905595087792, 45.45000438408647], [127.66878890925022, 45.44677471615618], [127.66420062833096, 45.44696257864016], [127.66446740984618, 45.45019226761104]]]}, "properties": {"biomass": 145.99671936035156}}, {"type": "Feature", "geometry": {"type": "Polygon", "coordinates": [[[127.66905595087792, 45.45000438408647], [127.67364444660686, 45.44981631683688], [127.67337714487607, 45.446586669967616], [127.66878890925022, 45.44677471615618], [127.66905595087792, 45.45000438408647]]]}, "properties": {"biomass": 156.43283081054688}}, {"type": "Feature", "geometry": {"type": "Polygon", "coordinates": [[[127.67364444660686, 45.44981631683688], [127.6782328969892, 45.44962806586707], [127.67796533516476, 45.44639844007926], [127.67337714487607, 45.446586669967616], [127.67364444660686, 45.44981631683688]]]}, "properties": {"biomass": 158.91400146484375}}, {"type": "Feature", "geometry": {"type": "Polygon", "coordinates": [[[127.6782328969892, 45.44962806586707], [127.68282130198125, 45.449439631181846], [127.68255348007261, 45.446210026495926], [127.67796533516476, 45.44639844007926], [127.6782328969892, 45.44962806586707]]]}, "properties": {"biomass": 185.47862243652344}}, {"type": "Feature", "geometry": {"type": "Polygon", "coordinates": [[[127.68282130198125, 45.449439631181846], [127.68740966153932, 45.449251012785986], [127.6871415795559, 45.446021429222405], [127.68255348007261, 45.446210026495926], [127.68282130198125, 45.449439631181846]]]}, "properties": {"biomass": 176.48268127441406}}, {"type": "Feature", "geometry": {"type": "Polygon", "coordinates": [[[127.68740966153932, 45.449251012785986], [127.69199797561963, 45.44906221068432], [127.6917296335709, 45.44583264826348], [127.6871415795559, 45.446021429222405], [127.68740966153932, 45.449251012785986]]]}, "properties": {"biomass": 160.89712524414062}}, {"type": "Feature", "geometry": {"type": "Polygon", "coordinates": [[[127.69199797561963, 45.44906221068432], [127.69658624417852, 45.44887322488164], [127.69631764207395, 45.445643683623985], [127.6917296335709, 45.44583264826348], [127.69199797561963, 45.44906221068432]]]}, "properties": {"biomass": 183.28036499023438}}, {"type": "Feature", "geometry": {"type": "Polygon", "coordinates": [[[127.69658624417852, 45.44887322488164], [127.70117446717225, 45.44868405538275], [127.7009056050213, 45.44545453530871], [127.69631764207395, 45.445643683623985], [127.69658624417852, 45.44887322488164]]]}, "properties": {"biomass": 204.82891845703125}}, {"type": "Feature", "geometry": {"type": "Polygon", "coordinates": [[[127.70117446717225, 45.44868405538275], [127.70576264455713, 45.44849470219248], [127.70549352236927, 45.445265203322485], [127.7009056050213, 45.44545453530871], [127.70117446717225, 45.44868405538275]]]}, "properties": {"biomass": 205.63494873046875}}, {"type": "Feature", "geometry": {"type": "Polygon", "coordinates": [[[127.70576264455713, 45.44849470219248], [127.71035077628942, 45.448305165315645], [127.71008139407414, 45.44507568767012], [127.70549352236927, 45.445265203322485], [127.70576264455713, 45.44849470219248]]]}, "properties": {"biomass": 203.26612854003906}}, {"type": "Feature", "geometry": {"type": "Polygon", "coordinates": [[[127.71035077628942, 45.448305165315645], [127.71493886232543, 45.448115444757065], [127.71466922009226, 45.444885988356454], [127.71008139407414, 45.44507568767012], [127.71035077628942, 45.448305165315645]]]}, "properties": {"biomass": 215.4182891845703}}, {"type": "Feature", "geometry": {"type": "Polygon", "coordinates": [[[127.62290406906845, 45.448645073502554], [127.62749275566074, 45.44845886457443], [127.62722810028333, 45.445229004974664], [127.62263967384415, 45.44541519304852], [127.62290406906845, 45.448645073502554]]]}, "properties": {"biomass": 167.2298126220703}}, {"type": "Feature", "geometry": {"type": "Polygon", "coordinates": [[[127.62749275566074, 45.44845886457443], [127.63208139735322, 45.44827247189884], [127.63181648183203, 45.44504263317379], [127.62722810028333, 45.445229004974664], [127.62749275566074, 45.44845886457443]]]}, "properties": {"biomass": 172.58384704589844}}, {"type": "Feature", "geometry": {"type": "Polygon", "coordinates": [[[127.63208139735322, 45.44827247189884], [127.63666999410209, 45.44808589548054], [127.63640481844647, 45.44485607765065], [127.63181648183203, 45.44504263317379], [127.63208139735322, 45.44827247189884]]]}, "properties": {"biomass": 163.08135986328125}}, {"type": "Feature", "geometry": {"type": "Polygon", "coordinates": [[[127.63666999410209, 45.44808589548054], [127.64125854586365, 45.44789913532428], [127.64099311008295, 45.44466933840998], [127.63640481844647, 45.44485607765065], [127.63666999410209, 45.44808589548054]]]}, "properties": {"biomass": 146.53944396972656}}, {"type": "Feature", "geometry": {"type": "Polygon", "coordinates": [[[127.64125854586365, 45.44789913532428], [127.64584705259418, 45.44771219143482], [127.64558135669773, 45.444482415456534], [127.64099311008295, 45.44466933840998], [127.64125854586365, 45.44789913532428]]]}, "properties": {"biomass": 123.56842803955078}}, {"type": "Feature", "geometry": {"type": "Polygon", "coordinates": [[[127.64584705259418, 45.44771219143482], [127.65043551424988, 45.447525063816904], [127.6501695582471, 45.4442953087951], [127.64558135669773, 45.444482415456534], [127.64584705259418, 45.44771219143482]]]}, "properties": {"biomass": 139.62681579589844}}, {"type": "Feature", "geometry": {"type": "Polygon", "coordinates": [[[127.65043551424988, 45.447525063816904], [127.65502393078708, 45.447337752475306], [127.65475771468734, 45.44410801843042], [127.6501695582471, 45.4442953087951], [127.65043551424988, 45.447525063816904]]]}, "properties": {"biomass": 138.06446838378906}}, {"type": "Feature", "geometry": {"type": "Polygon", "coordinates": [[[127.65502393078708, 45.447337752475306], [127.659612302162, 45.44715025741481], [127.65934582597468, 45.44392054436726], [127.65475771468734, 45.44410801843042], [127.65502393078708, 45.447337752475306]]]}, "properties": {"biomass": 144.66598510742188}}, {"type": "Feature", "geometry": {"type": "Polygon", "coordinates": [[[127.659612302162, 45.44715025741481], [127.66420062833096, 45.44696257864016], [127.66393389206547, 45.4437328866104], [127.65934582597468, 45.44392054436726], [127.659612302162, 45.44715025741481]]]}, "properties": {"biomass": 148.42962646484375}}, {"type": "Feature", "geometry": {"type": "Polygon", "coordinates": [[[127.66420062833096, 45.44696257864016], [127.66878890925022, 45.44677471615618], [127.66852191291596, 45.44354504516462], [127.66393389206547, 45.4437328866104], [127.66420062833096, 45.44696257864016]]]}, "properties": {"biomass": 163.33799743652344}}, {"type": "Feature", "geometry": {"type": "Polygon", "coordinates": [[[127.66878890925022, 45.44677471615618], [127.67337714487607, 45.446586669967616], [127.67310988848243, 45.44335702003469], [127.66852191291596, 45.44354504516462], [127.66878890925022, 45.44677471615618]]]}, "properties": {"biomass": 161.94007873535156}}, {"type": "Feature", "geometry": {"type": "Polygon", "coordinates": [[[127.67337714487607, 45.446586669967616], [127.67796533516476, 45.44639844007926], [127.67769781872121, 45.44316881122543], [127.67310988848243, 45.44335702003469], [127.67337714487607, 45.446586669967616]]]}, "properties": {"biomass": 159.30572509765625}}, {"type": "Feature", "geometry": {"type": "Polygon", "coordinates": [[[127.67796533516476, 45.44639844007926], [127.68255348007261, 45.446210026495926], [127.68228570358853, 45.442980418741605], [127.67769781872121, 45.44316881122543], [127.67796533516476, 45.44639844007926]]]}, "properties": {"biomass": 158.88514709472656}}, {"type": "Feature", "geometry": {"type": "Polygon", "coordinates": [[[127.68255348007261, 45.446210026495926], [127.6871415795559, 45.446021429222405], [127.68687354304078, 45.442791842588015], [127.68228570358853, 45.442980418741605], [127.68255348007261, 45.446210026495926]]]}, "properties": {"biomass": 152.32066345214844}}, {"type": "Feature", "geometry": {"type": "Polygon", "coordinates": [[[127.6871415795559, 45.446021429222405], [127.6917296335709, 45.44583264826348], [127.6914613370342, 45.44260308276946], [127.68687354304078, 45.442791842588015], [127.6871415795559, 45.446021429222405]]]}, "properties": {"biomass": 151.58636474609375}}, {"type": "Feature", "geometry": {"type": "Polygon", "coordinates": [[[127.6917296335709, 45.44583264826348], [127.69631764207395, 45.445643683623985], [127.69604908552506, 45.44241413929076], [127.6914613370342, 45.44260308276946], [127.6917296335709, 45.44583264826348]]]}, "properties": {"biomass": 167.7167205810547}}, {"type": "Feature", "geometry": {"type": "Polygon", "coordinates": [[[127.69631764207395, 45.445643683623985], [127.7009056050213, 45.44545453530871], [127.70063678846972, 45.44222501215672], [127.69604908552506, 45.44241413929076], [127.69631764207395, 45.445643683623985]]]}, "properties": {"biomass": 158.78855895996094}}, {"type": "Feature", "geometry": {"type": "Polygon", "coordinates": [[[127.7009056050213, 45.44545453530871], [127.70549352236927, 45.445265203322485], [127.7052244458245, 45.442035701372134], [127.70063678846972, 45.44222501215672], [127.7009056050213, 45.44545453530871]]]}, "properties": {"biomass": 208.40826416015625}}, {"type": "Feature", "geometry": {"type": "Polygon", "coordinates": [[[127.70549352236927, 45.445265203322485], [127.71008139407414, 45.44507568767012], [127.70981205754566, 45.441846206941854], [127.7052244458245, 45.442035701372134], [127.70549352236927, 45.445265203322485]]]}, "properties": {"biomass": 206.65257263183594}}, {"type": "Feature", "geometry": {"type": "Polygon", "coordinates": [[[127.71008139407414, 45.44507568767012], [127.71466922009226, 45.444885988356454], [127.71439962358956, 45.441656528870695], [127.70981205754566, 45.441846206941854], [127.71008139407414, 45.44507568767012]]]}, "properties": {"biomass": 224.548095703125}}, {"type": "Feature", "geometry": {"type": "Polygon", "coordinates": [[[127.61805120255818, 45.4456011973906], [127.62263967384415, 45.44541519304852], [127.62237532346661, 45.442185309557104], [127.61778711229934, 45.442371293067715], [127.61805120255818, 45.4456011973906]]]}, "properties": {"biomass": 169.60531616210938}}, {"type": "Feature", "geometry": {"type": "Polygon", "coordinates": [[[127.62263967384415, 45.44541519304852], [127.62722810028333, 45.445229004974664], [127.62696348979641, 45.44199914233517], [127.62237532346661, 45.442185309557104], [127.62263967384415, 45.44541519304852]]]}, "properties": {"biomass": 144.8731231689453}}, {"type": "Feature", "geometry": {"type": "Polygon", "coordinates": [[[127.62722810028333, 45.445229004974664], [127.63181648183203, 45.44504263317379], [127.63155161124506, 45.44181279140666], [127.62696348979641, 45.44199914233517], [127.62722810028333, 45.445229004974664]]]}, "properties": {"biomass": 153.68560791015625}}, {"type": "Feature", "geometry": {"type": "Polygon", "coordinates": [[[127.63181648183203, 45.44504263317379], [127.63640481844647, 45.44485607765065], [127.63613968776882, 45.44162625677631], [127.63155161124506, 45.44181279140666], [127.63181648183203, 45.44504263317379]]]}, "properties": {"biomass": 152.6348876953125}}, {"type": "Feature", "geometry": {"type": "Polygon", "coordinates": [[[127.63640481844647, 45.44485607765065], [127.64099311008295, 45.44466933840998], [127.64072771932393, 45.441439538448876], [127.63613968776882, 45.44162625677631], [127.63640481844647, 45.44485607765065]]]}, "properties": {"biomass": 192.08531188964844}}, {"type": "Feature", "geometry": {"type": "Polygon", "coordinates": [[[127.64099311008295, 45.44466933840998], [127.64558135669773, 45.444482415456534], [127.64531570586674, 45.441252636429105], [127.64072771932393, 45.441439538448876], [127.64099311008295, 45.44466933840998]]]}, "properties": {"biomass": 144.59532165527344}}, {"type": "Feature", "geometry": {"type": "Polygon", "coordinates": [[[127.64558135669773, 45.444482415456534], [127.6501695582471, 45.4442953087951], [127.64990364735348, 45.44106555072177], [127.64531570586674, 45.441252636429105], [127.64558135669773, 45.444482415456534]]]}, "properties": {"biomass": 120.123291015625}}, {"type": "Feature", "geometry": {"type": "Polygon", "coordinates": [[[127.6501695582471, 45.4442953087951], [127.65475771468734, 45.44410801843042], [127.65449154374045, 45.440878281331635], [127.64990364735348, 45.44106555072177], [127.6501695582471, 45.4442953087951]]]}, "properties": {"biomass": 124.20597076416016}}, {"type": "Feature", "geometry": {"type": "Polygon", "coordinates": [[[127.65475771468734, 45.44410801843042], [127.65934582597468, 45.44392054436726], [127.65907939498395, 45.44069082826344], [127.65449154374045, 45.440878281331635], [127.65475771468734, 45.44410801843042]]]}, "properties": {"biomass": 140.14662170410156}}, {"type": "Feature", "geometry": {"type": "Polygon", "coordinates": [[[127.65934582597468, 45.44392054436726], [127.66393389206547, 45.4437328866104], [127.66366720104025, 45.44050319152199], [127.65907939498395, 45.44069082826344], [127.65934582597468, 45.44392054436726]]]}, "properties": {"biomass": 170.4589080810547}}, {"type": "Feature", "geometry": {"type": "Polygon", "coordinates": [[[127.66393389206547, 45.4437328866104], [127.66852191291596, 45.44354504516462], [127.66825496186567, 45.44031537111205], [127.66366720104025, 45.44050319152199], [127.66393389206547, 45.4437328866104]]]}, "properties": {"biomass": 146.9983673095703}}, {"type": "Feature", "geometry": {"type": "Polygon", "coordinates": [[[127.66852191291596, 45.44354504516462], [127.67310988848243, 45.44335702003469], [127.67284267741651, 45.44012736703841], [127.66825496186567, 45.44031537111205], [127.66852191291596, 45.44354504516462]]]}, "properties": {"biomass": 181.07630920410156}}, {"type": "Feature", "geometry": {"type": "Polygon", "coordinates": [[[127.67310988848243, 45.44335702003469], [127.67769781872121, 45.44316881122543], [127.67743034764904, 45.439939179305846], [127.67284267741651, 45.44012736703841], [127.67310988848243, 45.44335702003469]]]}, "properties": {"biomass": 166.73443603515625}}, {"type": "Feature", "geometry": {"type": "Polygon", "coordinates": [[[127.67769781872121, 45.44316881122543], [127.68228570358853, 45.442980418741605], [127.68201797251959, 45.43975080791913], [127.67743034764904, 45.439939179305846], [127.67769781872121, 45.44316881122543]]]}, "properties": {"biomass": 162.15164184570312}}, {"type": "Feature", "geometry": {"type": "Polygon", "coordinates": [[[127.68228570358853, 45.442980418741605], [127.68687354304078, 45.442791842588015], [127.68660555198446, 45.439562252883114], [127.68201797251959, 45.43975080791913], [127.68228570358853, 45.442980418741605]]]}, "properties": {"biomass": 175.24896240234375}}, {"type": "Feature", "geometry": {"type": "Polygon", "coordinates": [[[127.68687354304078, 45.442791842588015], [127.6914613370342, 45.44260308276946], [127.69119308599997, 45.43937351420254], [127.68660555198446, 45.439562252883114], [127.68687354304078, 45.442791842588015]]]}, "properties": {"biomass": 183.06350708007812}}, {"type": "Feature", "geometry": {"type": "Polygon", "coordinates": [[[127.6914613370342, 45.44260308276946], [127.69604908552506, 45.44241413929076], [127.6957805745224, 45.43918459188225], [127.69119308599997, 45.43937351420254], [127.6914613370342, 45.44260308276946]]]}, "properties": {"biomass": 195.43003845214844}}, {"type": "Feature", "geometry": {"type": "Polygon", "coordinates": [[[127.69604908552506, 45.44241413929076], [127.70063678846972, 45.44222501215672], [127.70036801750807, 45.43899548592704], [127.6957805745224, 45.43918459188225], [127.69604908552506, 45.44241413929076]]]}, "properties": {"biomass": 178.8851776123047}}, {"type": "Feature", "geometry": {"type": "Polygon", "coordinates": [[[127.70063678846972, 45.44222501215672], [127.7052244458245, 45.442035701372134], [127.70495541491333, 45.43880619634172], [127.70036801750807, 45.43899548592704], [127.70063678846972, 45.44222501215672]]]}, "properties": {"biomass": 188.66690063476562}}, {"type": "Feature", "geometry": {"type": "Polygon", "coordinates": [[[127.7052244458245, 45.442035701372134], [127.70981205754566, 45.441846206941854], [127.70954276669448, 45.438616723131126], [127.70495541491333, 45.43880619634172], [127.7052244458245, 45.442035701372134]]]}, "properties": {"biomass": 202.26223754882812}}, {"type": "Feature", "geometry": {"type": "Polygon", "coordinates": [[[127.70981205754566, 45.441846206941854], [127.71439962358956, 45.441656528870695], [127.71413007280782, 45.438427066300065], [127.70954276669448, 45.438616723131126], [127.70981205754566, 45.441846206941854]]]}, "properties": {"biomass": 202.7067108154297}}, {"type": "Feature", "geometry": {"type": "Polygon", "coordinates": [[[127.61319885633837, 45.44255709286226], [127.61778711229934, 45.442371293067715], [127.61752306683422, 45.43914138571006], [127.61293507095752, 45.43932716469592], [127.61319885633837, 45.44255709286226]]]}, "properties": {"biomass": 191.2485809326172}}, {"type": "Feature", "geometry": {"type": "Polygon", "coordinates": [[[127.61778711229934, 45.442371293067715], [127.62237532346661, 45.442185309557104], [127.6221110179265, 45.43895542302857], [127.61752306683422, 45.43914138571006], [127.61778711229934, 45.442371293067715]]]}, "properties": {"biomass": 184.2423858642578}}, {"type": "Feature", "geometry": {"type": "Polygon", "coordinates": [[[127.62237532346661, 45.442185309557104], [127.62696348979641, 45.44199914233517], [127.62669892419069, 45.43876927665621], [127.6221110179265, 45.43895542302857], [127.62237532346661, 45.442185309557104]]]}, "properties": {"biomass": 161.8442840576172}}, {"type": "Feature", "geometry": {"type": "Polygon", "coordinates": [[[127.62696348979641, 45.44199914233517], [127.63155161124506, 45.44181279140666], [127.631286785583, 45.4385829465977], [127.62669892419069, 45.43876927665621], [127.62696348979641, 45.44199914233517]]]}, "properties": {"biomass": 149.18467712402344}}, {"type": "Feature", "geometry": {"type": "Polygon", "coordinates": [[[127.63155161124506, 45.44181279140666], [127.63613968776882, 45.44162625677631], [127.63587460205979, 45.4383964328578], [127.631286785583, 45.4385829465977], [127.63155161124506, 45.44181279140666]]]}, "properties": {"biomass": 176.8013458251953}}, {"type": "Feature", "geometry": {"type": "Polygon", "coordinates": [[[127.63613968776882, 45.44162625677631], [127.64072771932393, 45.441439538448876], [127.64046237357726, 45.43820973544124], [127.63587460205979, 45.4383964328578], [127.63613968776882, 45.44162625677631]]]}, "properties": {"biomass": 215.33558654785156}}, {"type": "Feature", "geometry": {"type": "Polygon", "coordinates": [[[127.64072771932393, 45.441439538448876], [127.64531570586674, 45.441252636429105], [127.6450501000918, 45.43802285435278], [127.64046237357726, 45.43820973544124], [127.64072771932393, 45.441439538448876]]]}, "properties": {"biomass": 186.33868408203125}}, {"type": "Feature", "geometry": {"type": "Polygon", "coordinates": [[[127.64531570586674, 45.441252636429105], [127.64990364735348, 45.44106555072177], [127.64963778155962, 45.437835789597194], [127.6450501000918, 45.43802285435278], [127.64531570586674, 45.441252636429105]]]}, "properties": {"biomass": 150.01478576660156}}, {"type": "Feature", "geometry": {"type": "Polygon", "coordinates": [[[127.64990364735348, 45.44106555072177], [127.65449154374045, 45.440878281331635], [127.65422541793706, 45.437648541179215], [127.64963778155962, 45.437835789597194], [127.64990364735348, 45.44106555072177]]]}, "properties": {"biomass": 125.77806091308594}}, {"type": "Feature", "geometry": {"type": "Polygon", "coordinates": [[[127.65449154374045, 45.440878281331635], [127.65907939498395, 45.44069082826344], [127.65881300918039, 45.43746110910364], [127.65422541793706, 45.437648541179215], [127.65449154374045, 45.440878281331635]]]}, "properties": {"biomass": 135.53515625}}, {"type": "Feature", "geometry": {"type": "Polygon", "coordinates": [[[127.65907939498395, 45.44069082826344], [127.66366720104025, 45.44050319152199], [127.66340055524593, 45.43727349337522], [127.65881300918039, 45.43746110910364], [127.65907939498395, 45.44069082826344]]]}, "properties": {"biomass": 174.42388916015625}}, {"type": "Feature", "geometry": {"type": "Polygon", "coordinates": [[[127.66366720104025, 45.44050319152199], [127.66825496186567, 45.44031537111205], [127.66798805609001, 45.43708569399875], [127.66340055524593, 45.43727349337522], [127.66366720104025, 45.44050319152199]]]}, "properties": {"biomass": 172.0396270751953}}, {"type": "Feature", "geometry": {"type": "Polygon", "coordinates": [[[127.66825496186567, 45.44031537111205], [127.67284267741651, 45.44012736703841], [127.67257551166888, 45.436897710979004], [127.66798805609001, 45.43708569399875], [127.66825496186567, 45.44031537111205]]]}, "properties": {"biomass": 137.89935302734375}}, {"type": "Feature", "geometry": {"type": "Polygon", "coordinates": [[[127.67284267741651, 45.44012736703841], [127.67743034764904, 45.439939179305846], [127.67716292193889, 45.43670954432075], [127.67257551166888, 45.436897710979004], [127.67284267741651, 45.44012736703841]]]}, "properties": {"biomass": 159.6742401123047}}, {"type": "Feature", "geometry": {"type": "Polygon", "coordinates": [[[127.67743034764904, 45.439939179305846], [127.68201797251959, 45.43975080791913], [127.68175028685633, 45.43652119402881], [127.67716292193889, 45.43670954432075], [127.67743034764904, 45.439939179305846]]]}, "properties": {"biomass": 161.84298706054688}}, {"type": "Feature", "geometry": {"type": "Polygon", "coordinates": [[[127.68201797251959, 45.43975080791913], [127.68660555198446, 45.439562252883114], [127.68633760637752, 45.43633266010795], [127.68175028685633, 45.43652119402881], [127.68201797251959, 45.43975080791913]]]}, "properties": {"biomass": 171.99270629882812}}, {"type": "Feature", "geometry": {"type": "Polygon", "coordinates": [[[127.68660555198446, 45.439562252883114], [127.69119308599997, 45.43937351420254], [127.6909248804588, 45.436143942562985], [127.68633760637752, 45.43633266010795], [127.68660555198446, 45.439562252883114]]]}, "properties": {"biomass": 170.22227478027344}}, {"type": "Feature", "geometry": {"type": "Polygon", "coordinates": [[[127.69119308599997, 45.43937351420254], [127.6957805745224, 45.43918459188225], [127.69551210905647, 45.43595504139872], [127.6909248804588, 45.436143942562985], [127.69119308599997, 45.43937351420254]]]}, "properties": {"biomass": 167.88821411132812}}, {"type": "Feature", "geometry": {"type": "Polygon", "coordinates": [[[127.6957805745224, 45.43918459188225], [127.70036801750807, 45.43899548592704], [127.70009929212685, 45.43576595661995], [127.69551210905647, 45.43595504139872], [127.6957805745224, 45.43918459188225]]]}, "properties": {"biomass": 174.01614379882812}}, {"type": "Feature", "geometry": {"type": "Polygon", "coordinates": [[[127.70036801750807, 45.43899548592704], [127.70495541491333, 45.43880619634172], [127.70468642962628, 45.435576688231514], [127.70009929212685, 45.43576595661995], [127.70036801750807, 45.43899548592704]]]}, "properties": {"biomass": 182.8188018798828}}, {"type": "Feature", "geometry": {"type": "Polygon", "coordinates": [[[127.70495541491333, 45.43880619634172], [127.70954276669448, 45.438616723131126], [127.70927352151107, 45.4353872362382], [127.70468642962628, 45.435576688231514], [127.70495541491333, 45.43880619634172]]]}, "properties": {"biomass": 203.3365936279297}}, {"type": "Feature", "geometry": {"type": "Polygon", "coordinates": [[[127.70954276669448, 45.438616723131126], [127.71413007280782, 45.438427066300065], [127.71386056773756, 45.435197600644855], [127.70927352151107, 45.4353872362382], [127.70954276669448, 45.438616723131126]]]}, "properties": {"biomass": 198.88836669921875}}, {"type": "Feature", "geometry": {"type": "Polygon", "coordinates": [[[127.71413007280782, 45.438427066300065], [127.71871733320972, 45.43823722585337], [127.71844756826208, 45.435007781456285], [127.71386056773756, 45.435197600644855], [127.71413007280782, 45.438427066300065]]]}, "properties": {"biomass": 215.07408142089844}}, {"type": "Feature", "geometry": {"type": "Polygon", "coordinates": [[[127.61293507095752, 45.43932716469592], [127.61752306683422, 45.43914138571006], [127.61725906615351, 45.43591147531791], [127.61267133031735, 45.436097233497435], [127.61293507095752, 45.43932716469592]]]}, "properties": {"biomass": 168.48284912109375}}, {"type": "Feature", "geometry": {"type": "Polygon", "coordinates": [[[127.61752306683422, 45.43914138571006], [127.6221110179265, 45.43895542302857], [127.62184675721454, 45.43572553346321], [127.61725906615351, 45.43591147531791], [127.61752306683422, 45.43914138571006]]]}, "properties": {"biomass": 169.50767517089844}}, {"type": "Feature", "geometry": {"type": "Polygon", "coordinates": [[[127.6221110179265, 45.43895542302857], [127.62669892419069, 45.43876927665621], [127.6264344034568, 45.435539407938066], [127.62184675721454, 45.43572553346321], [127.6221110179265, 45.43895542302857]]]}, "properties": {"biomass": 146.68270874023438}}, {"type": "Feature", "geometry": {"type": "Polygon", "coordinates": [[[127.62669892419069, 45.43876927665621], [127.631286785583, 45.4385829465977], [127.6310220048365, 45.43535309874721], [127.6264344034568, 45.435539407938066], [127.62669892419069, 45.43876927665621]]]}, "properties": {"biomass": 145.73789978027344}}, {"type": "Feature", "geometry": {"type": "Polygon", "coordinates": [[[127.631286785583, 45.4385829465977], [127.63587460205979, 45.4383964328578], [127.63560956131, 45.435166605895375], [127.6310220048365, 45.43535309874721], [127.631286785583, 45.4385829465977]]]}, "properties": {"biomass": 161.56671142578125}}, {"type": "Feature", "geometry": {"type": "Polygon", "coordinates": [[[127.63587460205979, 45.4383964328578], [127.64046237357726, 45.43820973544124], [127.64019707283357, 45.43497992938734], [127.63560956131, 45.435166605895375], [127.63587460205979, 45.4383964328578]]]}, "properties": {"biomass": 210.66921997070312}}, {"type": "Feature", "geometry": {"type": "Polygon", "coordinates": [[[127.64046237357726, 45.43820973544124], [127.6450501000918, 45.43802285435278], [127.64478453936354, 45.43479306922783], [127.64019707283357, 45.43497992938734], [127.64046237357726, 45.43820973544124]]]}, "properties": {"biomass": 148.16928100585938}}, {"type": "Feature", "geometry": {"type": "Polygon", "coordinates": [[[127.6450501000918, 45.43802285435278], [127.64963778155962, 45.437835789597194], [127.64937196085613, 45.434606025421616], [127.64478453936354, 45.43479306922783], [127.6450501000918, 45.43802285435278]]]}, "properties": {"biomass": 120.68429565429688}}, {"type": "Feature", "geometry": {"type": "Polygon", "coordinates": [[[127.64963778155962, 45.437835789597194], [127.65422541793706, 45.437648541179215], [127.65395933726775, 45.43441879797346], [127.64937196085613, 45.434606025421616], [127.64963778155962, 45.437835789597194]]]}, "properties": {"biomass": 120.66609954833984}}, {"type": "Feature", "geometry": {"type": "Polygon", "coordinates": [[[127.65422541793706, 45.437648541179215], [127.65881300918039, 45.43746110910364], [127.65854666855464, 45.43423138688813], [127.65395933726775, 45.43441879797346], [127.65422541793706, 45.437648541179215]]]}, "properties": {"biomass": 146.69923400878906}}, {"type": "Feature", "geometry": {"type": "Polygon", "coordinates": [[[127.65881300918039, 45.43746110910364], [127.66340055524593, 45.43727349337522], [127.6631339546731, 45.43404379217037], [127.65854666855464, 45.43423138688813], [127.65881300918039, 45.43746110910364]]]}, "properties": {"biomass": 148.7680206298828}}, {"type": "Feature", "geometry": {"type": "Polygon", "coordinates": [[[127.66340055524593, 45.43727349337522], [127.66798805609001, 45.43708569399875], [127.6677211955795, 45.433856013825], [127.6631339546731, 45.43404379217037], [127.66340055524593, 45.43727349337522]]]}, "properties": {"biomass": 142.52740478515625}}, {"type": "Feature", "geometry": {"type": "Polygon", "coordinates": [[[127.66798805609001, 45.43708569399875], [127.67257551166888, 45.436897710979004], [127.67230839123012, 45.43366805185677], [127.6677211955795, 45.433856013825], [127.66798805609001, 45.43708569399875]]]}, "properties": {"biomass": 132.8521270751953}}, {"type": "Feature", "geometry": {"type": "Polygon", "coordinates": [[[127.67257551166888, 45.436897710979004], [127.67716292193889, 45.43670954432075], [127.67689554158127, 45.43347990627047], [127.67230839123012, 45.43366805185677], [127.67257551166888, 45.436897710979004]]]}, "properties": {"biomass": 167.33404541015625}}, {"type": "Feature", "geometry": {"type": "Polygon", "coordinates": [[[127.67716292193889, 45.43670954432075], [127.68175028685633, 45.43652119402881], [127.68148264658932, 45.43329157707089], [127.67689554158127, 45.43347990627047], [127.67716292193889, 45.43670954432075]]]}, "properties": {"biomass": 152.37525939941406}}, {"type": "Feature", "geometry": {"type": "Polygon", "coordinates": [[[127.68175028685633, 45.43652119402881], [127.68633760637752, 45.43633266010795], [127.68606970621052, 45.43310306426284], [127.68148264658932, 45.43329157707089], [127.68175028685633, 45.43652119402881]]]}, "properties": {"biomass": 180.2244873046875}}, {"type": "Feature", "geometry": {"type": "Polygon", "coordinates": [[[127.68633760637752, 45.43633266010795], [127.6909248804588, 45.436143942562985], [127.69065672040125, 45.43291436785108], [127.68606970621052, 45.43310306426284], [127.68633760637752, 45.43633266010795]]]}, "properties": {"biomass": 170.6807403564453}}, {"type": "Feature", "geometry": {"type": "Polygon", "coordinates": [[[127.6909248804588, 45.436143942562985], [127.69551210905647, 45.43595504139872], [127.69524368911782, 45.43272548784046], [127.69065672040125, 45.43291436785108], [127.6909248804588, 45.436143942562985]]]}, "properties": {"biomass": 143.2635955810547}}, {"type": "Feature", "geometry": {"type": "Polygon", "coordinates": [[[127.69551210905647, 45.43595504139872], [127.70009929212685, 45.43576595661995], [127.69983061231657, 45.43253642423576], [127.69524368911782, 45.43272548784046], [127.69551210905647, 45.43595504139872]]]}, "properties": {"biomass": 146.98587036132812}}, {"type": "Feature", "geometry": {"type": "Polygon", "coordinates": [[[127.70009929212685, 45.43576595661995], [127.70468642962628, 45.435576688231514], [127.70441748995384, 45.43234717704179], [127.69983061231657, 45.43253642423576], [127.70009929212685, 45.43576595661995]]]}, "properties": {"biomass": 153.75489807128906}}, {"type": "Feature", "geometry": {"type": "Polygon", "coordinates": [[[127.70468642962628, 45.435576688231514], [127.70927352151107, 45.4353872362382], [127.70900432198594, 45.43215774626338], [127.70441748995384, 45.43234717704179], [127.70468642962628, 45.435576688231514]]]}, "properties": {"biomass": 174.07701110839844}}, {"type": "Feature", "geometry": {"type": "Polygon", "coordinates": [[[127.70927352151107, 45.4353872362382], [127.71386056773756, 45.435197600644855], [127.71359110836926, 45.43196813190534], [127.70900432198594, 45.43215774626338], [127.70927352151107, 45.4353872362382]]]}, "properties": {"biomass": 182.74603271484375}}, {"type": "Feature", "geometry": {"type": "Polygon", "coordinates": [[[127.71386056773756, 45.435197600644855], [127.71844756826208, 45.435007781456285], [127.71817784906008, 45.4317783339725], [127.71359110836926, 45.43196813190534], [127.71386056773756, 45.435197600644855]]]}, "properties": {"biomass": 216.8491973876953}}, {"type": "Feature", "geometry": {"type": "Polygon", "coordinates": [[[127.61267133031735, 45.436097233497435], [127.61725906615351, 45.43591147531791], [127.61699511024787, 45.43268156189154], [127.61240763440858, 45.432867299267066], [127.61267133031735, 45.436097233497435]]]}, "properties": {"biomass": 163.0614013671875}}, {"type": "Feature", "geometry": {"type": "Polygon", "coordinates": [[[127.61725906615351, 45.43591147531791], [127.62184675721454, 45.43572553346321], [127.6215825413214, 45.432495640861276], [127.61699511024787, 45.43268156189154], [127.61725906615351, 45.43591147531791]]]}, "properties": {"biomass": 158.94677734375}}, {"type": "Feature", "geometry": {"type": "Polygon", "coordinates": [[[127.62184675721454, 45.43572553346321], [127.6264344034568, 45.435539407938066], [127.62616992758541, 45.43230953618099], [127.6215825413214, 45.432495640861276], [127.62184675721454, 45.43572553346321]]]}, "properties": {"biomass": 156.47048950195312}}, {"type": "Feature", "geometry": {"type": "Polygon", "coordinates": [[[127.6264344034568, 45.435539407938066], [127.6310220048365, 45.43535309874721], [127.63075726899622, 45.43212324785542], [127.62616992758541, 45.43230953618099], [127.6264344034568, 45.435539407938066]]]}, "properties": {"biomass": 165.94447326660156}}, {"type": "Feature", "geometry": {"type": "Polygon", "coordinates": [[[127.6310220048365, 45.43535309874721], [127.63560956131, 45.435166605895375], [127.63534456551017, 45.431936775889326], [127.63075726899622, 45.43212324785542], [127.6310220048365, 45.43535309874721]]]}, "properties": {"biomass": 137.600341796875}}, {"type": "Feature", "geometry": {"type": "Polygon", "coordinates": [[[127.63560956131, 45.435166605895375], [127.64019707283357, 45.43497992938734], [127.63993181708351, 45.43175012028744], [127.63534456551017, 45.431936775889326], [127.63560956131, 45.435166605895375]]]}, "properties": {"biomass": 167.94210815429688}}, {"type": "Feature", "geometry": {"type": "Polygon", "coordinates": [[[127.64019707283357, 45.43497992938734], [127.64478453936354, 45.43479306922783], [127.6445190236726, 45.43156328105452], [127.63993181708351, 45.43175012028744], [127.64019707283357, 45.43497992938734]]]}, "properties": {"biomass": 175.31268310546875}}, {"type": "Feature", "geometry": {"type": "Polygon", "coordinates": [[[127.64478453936354, 45.43479306922783], [127.64937196085613, 45.434606025421616], [127.6491061852337, 45.43137625819532], [127.6445190236726, 45.43156328105452], [127.64478453936354, 45.43479306922783]]]}, "properties": {"biomass": 131.16629028320312}}, {"type": "Feature", "geometry": {"type": "Polygon", "coordinates": [[[127.64937196085613, 45.434606025421616], [127.65395933726775, 45.43441879797346], [127.65369330172317, 45.43118905171461], [127.6491061852337, 45.43137625819532], [127.64937196085613, 45.434606025421616]]]}, "properties": {"biomass": 137.5769500732422}}, {"type": "Feature", "geometry": {"type": "Polygon", "coordinates": [[[127.65395933726775, 45.43441879797346], [127.65854666855464, 45.43423138688813], [127.65828037309727, 45.43100166161715], [127.65369330172317, 45.43118905171461], [127.65395933726775, 45.43441879797346]]]}, "properties": {"biomass": 157.43878173828125}}, {"type": "Feature", "geometry": {"type": "Polygon", "coordinates": [[[127.65854666855464, 45.43423138688813], [127.6631339546731, 45.43404379217037], [127.66286739931236, 45.430814087907706], [127.65828037309727, 45.43100166161715], [127.65854666855464, 45.43423138688813]]]}, "properties": {"biomass": 175.74496459960938}}, {"type": "Feature", "geometry": {"type": "Polygon", "coordinates": [[[127.6631339546731, 45.43404379217037], [127.6677211955795, 45.433856013825], [127.66745438032478, 45.43062633059104], [127.66286739931236, 45.430814087907706], [127.6631339546731, 45.43404379217037]]]}, "properties": {"biomass": 162.11325073242188}}, {"type": "Feature", "geometry": {"type": "Polygon", "coordinates": [[[127.6677211955795, 45.433856013825], [127.67230839123012, 45.43366805185677], [127.67204131609083, 45.430438389671956], [127.66745438032478, 45.43062633059104], [127.6677211955795, 45.433856013825]]]}, "properties": {"biomass": 173.26087951660156}}, {"type": "Feature", "geometry": {"type": "Polygon", "coordinates": [[[127.67230839123012, 45.43366805185677], [127.67689554158127, 45.43347990627047], [127.67662820656682, 45.43025026515523], [127.67204131609083, 45.430438389671956], [127.67230839123012, 45.43366805185677]]]}, "properties": {"biomass": 163.06243896484375}}, {"type": "Feature", "geometry": {"type": "Polygon", "coordinates": [[[127.67689554158127, 45.43347990627047], [127.68148264658932, 45.43329157707089], [127.68121505170909, 45.430061957045645], [127.67662820656682, 45.43025026515523], [127.67689554158127, 45.43347990627047]]]}, "properties": {"biomass": 138.53297424316406}}, {"type": "Feature", "geometry": {"type": "Polygon", "coordinates": [[[127.68148264658932, 45.43329157707089], [127.68606970621052, 45.43310306426284], [127.68580185147398, 45.429873465348], [127.68121505170909, 45.430061957045645], [127.68148264658932, 45.43329157707089]]]}, "properties": {"biomass": 194.25221252441406}}, {"type": "Feature", "geometry": {"type": "Polygon", "coordinates": [[[127.68606970621052, 45.43310306426284], [127.69065672040125, 45.43291436785108], [127.69038860581786, 45.42968479006709], [127.68580185147398, 45.429873465348], [127.68606970621052, 45.43310306426284]]]}, "properties": {"biomass": 159.97317504882812}}, {"type": "Feature", "geometry": {"type": "Polygon", "coordinates": [[[127.69065672040125, 45.43291436785108], [127.69524368911782, 45.43272548784046], [127.694975314697, 45.42949593120772], [127.69038860581786, 45.42968479006709], [127.69065672040125, 45.43291436785108]]]}, "properties": {"biomass": 144.31455993652344}}, {"type": "Feature", "geometry": {"type": "Polygon", "coordinates": [[[127.69524368911782, 45.43272548784046], [127.69983061231657, 45.43253642423576], [127.69956197806778, 45.42930688877468], [127.694975314697, 45.42949593120772], [127.69524368911782, 45.43272548784046]]]}, "properties": {"biomass": 186.1798553466797}}, {"type": "Feature", "geometry": {"type": "Polygon", "coordinates": [[[127.69983061231657, 45.43253642423576], [127.70441748995384, 45.43234717704179], [127.70414859588655, 45.42911766277281], [127.69956197806778, 45.42930688877468], [127.69983061231657, 45.43253642423576]]]}, "properties": {"biomass": 166.35250854492188}}, {"type": "Feature", "geometry": {"type": "Polygon", "coordinates": [[[127.70441748995384, 45.43234717704179], [127.70900432198594, 45.43215774626338], [127.70873516810965, 45.4289282532069], [127.70414859588655, 45.42911766277281], [127.70441748995384, 45.43234717704179]]]}, "properties": {"biomass": 181.02471923828125}}, {"type": "Feature", "geometry": {"type": "Polygon", "coordinates": [[[127.70900432198594, 45.43215774626338], [127.71359110836926, 45.43196813190534], [127.71332169469339, 45.42873866008179], [127.70873516810965, 45.4289282532069], [127.70900432198594, 45.43215774626338]]]}, "properties": {"biomass": 179.2764434814453}}, {"type": "Feature", "geometry": {"type": "Polygon", "coordinates": [[[127.71359110836926, 45.43196813190534], [127.71817784906008, 45.4317783339725], [127.71790817559419, 45.4285488834023], [127.71332169469339, 45.42873866008179], [127.71359110836926, 45.43196813190534]]]}, "properties": {"biomass": 180.76268005371094}}, {"type": "Feature", "geometry": {"type": "Polygon", "coordinates": [[[127.61240763440858, 45.432867299267066], [127.61699511024787, 45.43268156189154], [127.61673119910805, 45.429451645431215], [127.6121439832219, 45.429637362005096], [127.61240763440858, 45.432867299267066]]]}, "properties": {"biomass": 172.55335998535156}}, {"type": "Feature", "geometry": {"type": "Polygon", "coordinates": [[[127.61699511024787, 45.43268156189154], [127.6215825413214, 45.432495640861276], [127.62131837023773, 45.429265745223034], [127.61673119910805, 45.429451645431215], [127.61699511024787, 45.43268156189154]]]}, "properties": {"biomass": 139.03042602539062}}, {"type": "Feature", "geometry": {"type": "Polygon", "coordinates": [[[127.6215825413214, 45.432495640861276], [127.62616992758541, 45.43230953618099], [127.62590549656721, 45.42907966138526], [127.62131837023773, 45.429265745223034], [127.6215825413214, 45.432495640861276]]]}, "properties": {"biomass": 145.08151245117188}}, {"type": "Feature", "geometry": {"type": "Polygon", "coordinates": [[[127.62616992758541, 45.43230953618099], [127.63075726899622, 45.43212324785542], [127.63049257805285, 45.42889339392263], [127.62590549656721, 45.42907966138526], [127.62616992758541, 45.43230953618099]]]}, "properties": {"biomass": 164.381103515625}}, {"type": "Feature", "geometry": {"type": "Polygon", "coordinates": [[[127.63075726899622, 45.43212324785542], [127.63534456551017, 45.431936775889326], [127.6350796146509, 45.42870694283991], [127.63049257805285, 45.42889339392263], [127.63075726899622, 45.43212324785542]]]}, "properties": {"biomass": 146.428955078125}}, {"type": "Feature", "geometry": {"type": "Polygon", "coordinates": [[[127.63534456551017, 45.431936775889326], [127.63993181708351, 45.43175012028744], [127.63966660631775, 45.42852030814183], [127.6350796146509, 45.42870694283991], [127.63534456551017, 45.431936775889326]]]}, "properties": {"biomass": 135.65939331054688}}, {"type": "Feature", "geometry": {"type": "Polygon", "coordinates": [[[127.63993181708351, 45.43175012028744], [127.6445190236726, 45.43156328105452], [127.64425355300963, 45.42833348983314], [127.63966660631775, 45.42852030814183], [127.63993181708351, 45.43175012028744]]]}, "properties": {"biomass": 168.1822052001953}}, {"type": "Feature", "geometry": {"type": "Polygon", "coordinates": [[[127.6445190236726, 45.43156328105452], [127.6491061852337, 45.43137625819532], [127.6488404546829, 45.42814648791859], [127.64425355300963, 45.42833348983314], [127.6445190236726, 45.43156328105452]]]}, "properties": {"biomass": 133.7283172607422}}, {"type": "Feature", "geometry": {"type": "Polygon", "coordinates": [[[127.6491061852337, 45.43137625819532], [127.65369330172317, 45.43118905171461], [127.6534273112939, 45.42795930240296], [127.6488404546829, 45.42814648791859], [127.6491061852337, 45.43137625819532]]]}, "properties": {"biomass": 154.15426635742188}}, {"type": "Feature", "geometry": {"type": "Polygon", "coordinates": [[[127.65369330172317, 45.43118905171461], [127.65828037309727, 45.43100166161715], [127.65801412279893, 45.427771933291005], [127.6534273112939, 45.42795930240296], [127.65369330172317, 45.43118905171461]]]}, "properties": {"biomass": 151.88172912597656}}, {"type": "Feature", "geometry": {"type": "Polygon", "coordinates": [[[127.65828037309727, 45.43100166161715], [127.66286739931236, 45.430814087907706], [127.66260088915433, 45.42758438058749], [127.65801412279893, 45.427771933291005], [127.65828037309727, 45.43100166161715]]]}, "properties": {"biomass": 194.04539489746094}}, {"type": "Feature", "geometry": {"type": "Polygon", "coordinates": [[[127.66286739931236, 45.430814087907706], [127.66745438032478, 45.43062633059104], [127.66718761031643, 45.427396644297175], [127.66260088915433, 45.42758438058749], [127.66286739931236, 45.430814087907706]]]}, "properties": {"biomass": 184.40579223632812}}, {"type": "Feature", "geometry": {"type": "Polygon", "coordinates": [[[127.66745438032478, 45.43062633059104], [127.67204131609083, 45.430438389671956], [127.67177428624156, 45.427208724424865], [127.66718761031643, 45.427396644297175], [127.66745438032478, 45.43062633059104]]]}, "properties": {"biomass": 157.5421600341797}}, {"type": "Feature", "geometry": {"type": "Polygon", "coordinates": [[[127.67204131609083, 45.430438389671956], [127.67662820656682, 45.43025026515523], [127.67636091688605, 45.42702062097534], [127.67177428624156, 45.427208724424865], [127.67204131609083, 45.430438389671956]]]}, "properties": {"biomass": 137.1758270263672}}, {"type": "Feature", "geometry": {"type": "Polygon", "coordinates": [[[127.67662820656682, 45.43025026515523], [127.68121505170909, 45.430061957045645], [127.68094750220628, 45.42683233395337], [127.67636091688605, 45.42702062097534], [127.67662820656682, 45.43025026515523]]]}, "properties": {"biomass": 129.20587158203125}}, {"type": "Feature", "geometry": {"type": "Polygon", "coordinates": [[[127.68121505170909, 45.430061957045645], [127.68580185147398, 45.429873465348], [127.68553404215852, 45.42664386336376], [127.68094750220628, 45.42683233395337], [127.68121505170909, 45.430061957045645]]]}, "properties": {"biomass": 133.9053497314453}}, {"type": "Feature", "geometry": {"type": "Polygon", "coordinates": [[[127.68580185147398, 45.429873465348], [127.69038860581786, 45.42968479006709], [127.69012053669917, 45.42645520921129], [127.68553404215852, 45.42664386336376], [127.68580185147398, 45.429873465348]]]}, "properties": {"biomass": 134.87046813964844}}, {"type": "Feature", "geometry": {"type": "Polygon", "coordinates": [[[127.69038860581786, 45.42968479006709], [127.694975314697, 45.42949593120772], [127.69470698578456, 45.426266371500795], [127.69012053669917, 45.42645520921129], [127.69038860581786, 45.42968479006709]]]}, "properties": {"biomass": 145.2698516845703}}, {"type": "Feature", "geometry": {"type": "Polygon", "coordinates": [[[127.694975314697, 45.42949593120772], [127.69956197806778, 45.42930688877468], [127.69929338937104, 45.426077350237044], [127.69470698578456, 45.426266371500795], [127.694975314697, 45.42949593120772]]]}, "properties": {"biomass": 199.03717041015625}}, {"type": "Feature", "geometry": {"type": "Polygon", "coordinates": [[[127.69956197806778, 45.42930688877468], [127.70414859588655, 45.42911766277281], [127.70387974741494, 45.42588814542487], [127.69929338937104, 45.426077350237044], [127.69956197806778, 45.42930688877468]]]}, "properties": {"biomass": 182.80227661132812}}, {"type": "Feature", "geometry": {"type": "Polygon", "coordinates": [[[127.70414859588655, 45.42911766277281], [127.70873516810965, 45.4289282532069], [127.70846605987265, 45.425698757069085], [127.70387974741494, 45.42588814542487], [127.70414859588655, 45.42911766277281]]]}, "properties": {"biomass": 182.51991271972656}}, {"type": "Feature", "geometry": {"type": "Polygon", "coordinates": [[[127.70873516810965, 45.4289282532069], [127.71332169469339, 45.42873866008179], [127.71305232670052, 45.425509185174505], [127.70846605987265, 45.425698757069085], [127.70873516810965, 45.4289282532069]]]}, "properties": {"biomass": 151.722900390625}}, {"type": "Feature", "geometry": {"type": "Polygon", "coordinates": [[[127.71332169469339, 45.42873866008179], [127.71790817559419, 45.4285488834023], [127.71763854785492, 45.42531942974594], [127.71305232670052, 45.425509185174505], [127.71332169469339, 45.42873866008179]]]}, "properties": {"biomass": 174.509521484375}}, {"type": "Feature", "geometry": {"type": "Polygon", "coordinates": [[[127.61673119910805, 45.429451645431215], [127.62131837023773, 45.429265745223034], [127.62105424395423, 45.42603584654874], [127.6164673327247, 45.42622172593719], [127.61673119910805, 45.429451645431215]]]}, "properties": {"biomass": 194.15252685546875}}, {"type": "Feature", "geometry": {"type": "Polygon", "coordinates": [[[127.62131837023773, 45.429265745223034], [127.62590549656721, 45.42907966138526], [127.62564111039289, 45.42584978355113], [127.62105424395423, 45.42603584654874], [127.62131837023773, 45.429265745223034]]]}, "properties": {"biomass": 162.75387573242188}}, {"type": "Feature", "geometry": {"type": "Polygon", "coordinates": [[[127.62590549656721, 45.42907966138526], [127.63049257805285, 45.42889339392263], [127.63022793199703, 45.4256635369491], [127.62564111039289, 45.42584978355113], [127.62590549656721, 45.42907966138526]]]}, "properties": {"biomass": 142.60751342773438}}, {"type": "Feature", "geometry": {"type": "Polygon", "coordinates": [[[127.63049257805285, 45.42889339392263], [127.6350796146509, 45.42870694283991], [127.6348147087229, 45.425477106747394], [127.63022793199703, 45.4256635369491], [127.63049257805285, 45.42889339392263]]]}, "properties": {"biomass": 151.15122985839844}}, {"type": "Feature", "geometry": {"type": "Polygon", "coordinates": [[[127.6350796146509, 45.42870694283991], [127.63966660631775, 45.42852030814183], [127.63940144052687, 45.42529049295075], [127.6348147087229, 45.425477106747394], [127.6350796146509, 45.42870694283991]]]}, "properties": {"biomass": 122.41179656982422}}, {"type": "Feature", "geometry": {"type": "Polygon", "coordinates": [[[127.63966660631775, 45.42852030814183], [127.64425355300963, 45.42833348983314], [127.64398812736525, 45.425103695563934], [127.63940144052687, 45.42529049295075], [127.63966660631775, 45.42852030814183]]]}, "properties": {"biomass": 124.71522521972656}}, {"type": "Feature", "geometry": {"type": "Polygon", "coordinates": [[[127.64425355300963, 45.42833348983314], [127.6488404546829, 45.42814648791859], [127.64857476919438, 45.42491671459169], [127.64398812736525, 45.425103695563934], [127.64425355300963, 45.42833348983314]]]}, "properties": {"biomass": 111.23715209960938}}, {"type": "Feature", "geometry": {"type": "Polygon", "coordinates": [[[127.6488404546829, 45.42814648791859], [127.6534273112939, 45.42795930240296], [127.6531613659706, 45.42472955003878], [127.64857476919438, 45.42491671459169], [127.6488404546829, 45.42814648791859]]]}, "properties": {"biomass": 157.4908447265625}}, {"type": "Feature", "geometry": {"type": "Polygon", "coordinates": [[[127.6534273112939, 45.42795930240296], [127.65801412279893, 45.427771933291005], [127.65774791765023, 45.42454220190995], [127.6531613659706, 45.42472955003878], [127.6534273112939, 45.42795930240296]]]}, "properties": {"biomass": 187.39874267578125}}, {"type": "Feature", "geometry": {"type": "Polygon", "coordinates": [[[127.65801412279893, 45.427771933291005], [127.66260088915433, 45.42758438058749], [127.6623344241896, 45.42435467020999], [127.65774791765023, 45.42454220190995], [127.65801412279893, 45.427771933291005]]]}, "properties": {"biomass": 203.83013916015625}}, {"type": "Feature", "geometry": {"type": "Polygon", "coordinates": [[[127.66260088915433, 45.42758438058749], [127.66718761031643, 45.427396644297175], [127.66692088554505, 45.42416695494367], [127.6623344241896, 45.42435467020999], [127.66260088915433, 45.42758438058749]]]}, "properties": {"biomass": 183.22398376464844}}, {"type": "Feature", "geometry": {"type": "Polygon", "coordinates": [[[127.66718761031643, 45.427396644297175], [127.67177428624156, 45.427208724424865], [127.67150730167295, 45.42397905611577], [127.66692088554505, 45.42416695494367], [127.66718761031643, 45.427396644297175]]]}, "properties": {"biomass": 131.2014923095703}}, {"type": "Feature", "geometry": {"type": "Polygon", "coordinates": [[[127.67177428624156, 45.427208724424865], [127.67636091688605, 45.42702062097534], [127.6760936725296, 45.42379097373105], [127.67150730167295, 45.42397905611577], [127.67177428624156, 45.427208724424865]]]}, "properties": {"biomass": 124.95040893554688}}, {"type": "Feature", "geometry": {"type": "Polygon", "coordinates": [[[127.67636091688605, 45.42702062097534], [127.68094750220628, 45.42683233395337], [127.6806799980714, 45.423602707794316], [127.6760936725296, 45.42379097373105], [127.67636091688605, 45.42702062097534]]]}, "properties": {"biomass": 128.7295684814453}}, {"type": "Feature", "geometry": {"type": "Polygon", "coordinates": [[[127.68094750220628, 45.42683233395337], [127.68553404215852, 45.42664386336376], [127.68526627825464, 45.42341425831036], [127.6806799980714, 45.423602707794316], [127.68094750220628, 45.42683233395337]]]}, "properties": {"biomass": 164.81578063964844}}, {"type": "Feature", "geometry": {"type": "Polygon", "coordinates": [[[127.68553404215852, 45.42664386336376], [127.69012053669917, 45.42645520921129], [127.68985251303573, 45.42322562528397], [127.68526627825464, 45.42341425831036], [127.68553404215852, 45.42664386336376]]]}, "properties": {"biomass": 194.52081298828125}}, {"type": "Feature", "geometry": {"type": "Polygon", "coordinates": [[[127.69012053669917, 45.42645520921129], [127.69470698578456, 45.426266371500795], [127.69443870237102, 45.42303680871995], [127.68985251303573, 45.42322562528397], [127.69012053669917, 45.42645520921129]]]}, "properties": {"biomass": 160.78634643554688}}, {"type": "Feature", "geometry": {"type": "Polygon", "coordinates": [[[127.69470698578456, 45.426266371500795], [127.69929338937104, 45.426077350237044], [127.69902484621683, 45.4228478086231], [127.69443870237102, 45.42303680871995], [127.69470698578456, 45.426266371500795]]]}, "properties": {"biomass": 195.29348754882812}}, {"type": "Feature", "geometry": {"type": "Polygon", "coordinates": [[[127.69929338937104, 45.426077350237044], [127.70387974741494, 45.42588814542487], [127.70361094452954, 45.42265862499824], [127.69902484621683, 45.4228478086231], [127.69929338937104, 45.426077350237044]]]}, "properties": {"biomass": 184.83392333984375}}, {"type": "Feature", "geometry": {"type": "Polygon", "coordinates": [[[127.70387974741494, 45.42588814542487], [127.70846605987265, 45.425698757069085], [127.70819699726553, 45.422469257850175], [127.70361094452954, 45.42265862499824], [127.70387974741494, 45.42588814542487]]]}, "properties": {"biomass": 159.39300537109375}}, {"type": "Feature", "geometry": {"type": "Polygon", "coordinates": [[[127.70846605987265, 45.425698757069085], [127.71305232670052, 45.425509185174505], [127.71278300438115, 45.422279707183726], [127.70819699726553, 45.422469257850175], [127.70846605987265, 45.425698757069085]]]}, "properties": {"biomass": 132.90892028808594}}, {"type": "Feature", "geometry": {"type": "Polygon", "coordinates": [[[127.71305232670052, 45.425509185174505], [127.71763854785492, 45.42531942974594], [127.71736896583278, 45.42208997300372], [127.71278300438115, 45.422279707183726], [127.71305232670052, 45.425509185174505]]]}, "properties": {"biomass": 164.04757690429688}}, {"type": "Feature", "geometry": {"type": "Polygon", "coordinates": [[[127.71763854785492, 45.42531942974594], [127.72184254375297, 45.4251453260444], [127.7215727236783, 45.421915888797926], [127.71736896583278, 45.42208997300372], [127.71763854785492, 45.42531942974594]]]}, "properties": {"biomass": 176.3362274169922}}, {"type": "Feature", "geometry": {"type": "Polygon", "coordinates": [[[127.62105424395423, 45.42603584654874], [127.62564111039289, 45.42584978355113], [127.62537676905315, 45.422619902678875], [127.62079016246163, 45.422805944838665], [127.62105424395423, 45.42603584654874]]]}, "properties": {"biomass": 179.13406372070312}}, {"type": "Feature", "geometry": {"type": "Polygon", "coordinates": [[[127.62564111039289, 45.42584978355113], [127.63022793199703, 45.4256635369491], [127.62996333081942, 45.42243367693507], [127.62537676905315, 45.422619902678875], [127.62564111039289, 45.42584978355113]]]}, "properties": {"biomass": 155.78289794921875}}, {"type": "Feature", "geometry": {"type": "Polygon", "coordinates": [[[127.63022793199703, 45.4256635369491], [127.6348147087229, 45.425477106747394], [127.6345498477168, 45.42224726761204], [127.62996333081942, 45.42243367693507], [127.63022793199703, 45.4256635369491]]]}, "properties": {"biomass": 135.83714294433594}}, {"type": "Feature", "geometry": {"type": "Polygon", "coordinates": [[[127.6348147087229, 45.425477106747394], [127.63940144052687, 45.42529049295075], [127.63913631970159, 45.42206067471449], [127.6345498477168, 45.42224726761204], [127.6348147087229, 45.425477106747394]]]}, "properties": {"biomass": 121.56244659423828}}, {"type": "Feature", "geometry": {"type": "Polygon", "coordinates": [[[127.63940144052687, 45.42529049295075], [127.64398812736525, 45.425103695563934], [127.64372274673015, 45.421873898247185], [127.63913631970159, 45.42206067471449], [127.63940144052687, 45.42529049295075]]]}, "properties": {"biomass": 105.212158203125}}, {"type": "Feature", "geometry": {"type": "Polygon", "coordinates": [[[127.64398812736525, 45.425103695563934], [127.64857476919438, 45.42491671459169], [127.64830912875881, 45.42168693821487], [127.64372274673015, 45.421873898247185], [127.64398812736525, 45.425103695563934]]]}, "properties": {"biomass": 142.45469665527344}}, {"type": "Feature", "geometry": {"type": "Polygon", "coordinates": [[[127.64857476919438, 45.42491671459169], [127.6531613659706, 45.42472955003878], [127.65289546574391, 45.4214997946223], [127.64830912875881, 45.42168693821487], [127.64857476919438, 45.42491671459169]]]}, "properties": {"biomass": 164.3045196533203}}, {"type": "Feature", "geometry": {"type": "Polygon", "coordinates": [[[127.6531613659706, 45.42472955003878], [127.65774791765023, 45.42454220190995], [127.65748175764178, 45.42131246747425], [127.65289546574391, 45.4214997946223], [127.6531613659706, 45.42472955003878]]]}, "properties": {"biomass": 193.73822021484375}}, {"type": "Feature", "geometry": {"type": "Polygon", "coordinates": [[[127.65774791765023, 45.42454220190995], [127.6623344241896, 45.42435467020999], [127.66206800440877, 45.42112495677549], [127.65748175764178, 45.42131246747425], [127.65774791765023, 45.42454220190995]]]}, "properties": {"biomass": 219.58103942871094}}, {"type": "Feature", "geometry": {"type": "Polygon", "coordinates": [[[127.6623344241896, 45.42435467020999], [127.66692088554505, 45.42416695494367], [127.66665420600124, 45.42093726253078], [127.66206800440877, 45.42112495677549], [127.6623344241896, 45.42435467020999]]]}, "properties": {"biomass": 180.93743896484375}}, {"type": "Feature", "geometry": {"type": "Polygon", "coordinates": [[[127.66692088554505, 45.42416695494367], [127.67150730167295, 45.42397905611577], [127.67124036237554, 45.4207493847449], [127.66665420600124, 45.42093726253078], [127.66692088554505, 45.42416695494367]]]}, "properties": {"biomass": 105.73323059082031}}, {"type": "Feature", "geometry": {"type": "Polygon", "coordinates": [[[127.67150730167295, 45.42397905611577], [127.6760936725296, 45.42379097373105], [127.67582647348802, 45.42056132342263], [127.67124036237554, 45.4207493847449], [127.67150730167295, 45.42397905611577]]]}, "properties": {"biomass": 146.64402770996094}}, {"type": "Feature", "geometry": {"type": "Polygon", "coordinates": [[[127.6760936725296, 45.42379097373105], [127.6806799980714, 45.423602707794316], [127.68041253929503, 45.42037307856876], [127.67582647348802, 45.42056132342263], [127.6760936725296, 45.42379097373105]]]}, "properties": {"biomass": 140.7049102783203}}, {"type": "Feature", "geometry": {"type": "Polygon", "coordinates": [[[127.6806799980714, 45.423602707794316], [127.68526627825464, 45.42341425831036], [127.68499855975296, 45.42018465018808], [127.68041253929503, 45.42037307856876], [127.6806799980714, 45.423602707794316]]]}, "properties": {"biomass": 146.91909790039062}}, {"type": "Feature", "geometry": {"type": "Polygon", "coordinates": [[[127.68526627825464, 45.42341425831036], [127.68985251303573, 45.42322562528397], [127.68958453481814, 45.41999603828538], [127.68499855975296, 45.42018465018808], [127.68526627825464, 45.42341425831036]]]}, "properties": {"biomass": 200.2880096435547}}, {"type": "Feature", "geometry": {"type": "Polygon", "coordinates": [[[127.68985251303573, 45.42322562528397], [127.69443870237102, 45.42303680871995], [127.69417046444693, 45.41980724286546], [127.68958453481814, 45.41999603828538], [127.68985251303573, 45.42322562528397]]]}, "properties": {"biomass": 209.697265625}}, {"type": "Feature", "geometry": {"type": "Polygon", "coordinates": [[[127.69443870237102, 45.42303680871995], [127.69902484621683, 45.4228478086231], [127.69875634859571, 45.419618263933124], [127.69417046444693, 45.41980724286546], [127.69443870237102, 45.42303680871995]]]}, "properties": {"biomass": 181.31546020507812}}, {"type": "Feature", "geometry": {"type": "Polygon", "coordinates": [[[127.69902484621683, 45.4228478086231], [127.70361094452954, 45.42265862499824], [127.70334218722085, 45.419429101493186], [127.69875634859571, 45.419618263933124], [127.69902484621683, 45.4228478086231]]]}, "properties": {"biomass": 184.92161560058594}}, {"type": "Feature", "geometry": {"type": "Polygon", "coordinates": [[[127.70361094452954, 45.42265862499824], [127.70819699726553, 45.422469257850175], [127.70792798027875, 45.41923975555046], [127.70334218722085, 45.419429101493186], [127.70361094452954, 45.42265862499824]]]}, "properties": {"biomass": 127.21520233154297}}, {"type": "Feature", "geometry": {"type": "Polygon", "coordinates": [[[127.70819699726553, 45.422469257850175], [127.71278300438115, 45.422279707183726], [127.71251372772575, 45.41905022610975], [127.70792798027875, 45.41923975555046], [127.70819699726553, 45.422469257850175]]]}, "properties": {"biomass": 129.38076782226562}}, {"type": "Feature", "geometry": {"type": "Polygon", "coordinates": [[[127.71278300438115, 45.422279707183726], [127.71736896583278, 45.42208997300372], [127.71709942951823, 45.418860513175886], [127.71251372772575, 45.41905022610975], [127.71278300438115, 45.422279707183726]]]}, "properties": {"biomass": 150.32415771484375}}, {"type": "Feature", "geometry": {"type": "Polygon", "coordinates": [[[127.71736896583278, 45.42208997300372], [127.7215727236783, 45.421915888797926], [127.72130294935123, 45.41868644846367], [127.71709942951823, 45.418860513175886], [127.71736896583278, 45.42208997300372]]]}, "properties": {"biomass": 185.88003540039062}}, {"type": "Feature", "geometry": {"type": "Polygon", "coordinates": [[[127.61620351108854, 45.422991803409744], [127.62079016246163, 45.422805944838665], [127.62052612575057, 45.4195760400931], [127.61593973419029, 45.41976187784913], [127.61620351108854, 45.422991803409744]]]}, "properties": {"biomass": 191.9351043701172}}, {"type": "Feature", "geometry": {"type": "Polygon", "coordinates": [[[127.62079016246163, 45.422805944838665], [127.62537676905315, 45.422619902678875], [127.62511247253863, 45.41939001876876], [127.62052612575057, 45.4195760400931], [127.62079016246163, 45.422805944838665]]]}, "properties": {"biomass": 168.19189453125}}, {"type": "Feature", "geometry": {"type": "Polygon", "coordinates": [[[127.62537676905315, 45.422619902678875], [127.62996333081942, 45.42243367693507], [127.62969877451074, 45.41920381388086], [127.62511247253863, 45.41939001876876], [127.62537676905315, 45.422619902678875]]]}, "properties": {"biomass": 144.43032836914062}}, {"type": "Feature", "geometry": {"type": "Polygon", "coordinates": [[[127.62996333081942, 45.42243367693507], [127.6345498477168, 45.42224726761204], [127.63428503162328, 45.41901742543412], [127.62969877451074, 45.41920381388086], [127.62996333081942, 45.42243367693507]]]}, "properties": {"biomass": 129.219482421875}}, {"type": "Feature", "geometry": {"type": "Polygon", "coordinates": [[[127.6345498477168, 45.42224726761204], [127.63913631970159, 45.42206067471449], [127.63887124383255, 45.41883085343331], [127.63428503162328, 45.41901742543412], [127.6345498477168, 45.42224726761204]]]}, "properties": {"biomass": 106.00144958496094}}, {"type": "Feature", "geometry": {"type": "Polygon", "coordinates": [[[127.63913631970159, 45.42206067471449], [127.64372274673015, 45.421873898247185], [127.64345741109494, 45.418644097883146], [127.63887124383255, 45.41883085343331], [127.63913631970159, 45.42206067471449]]]}, "properties": {"biomass": 118.04388427734375}}, {"type": "Feature", "geometry": {"type": "Polygon", "coordinates": [[[127.64372274673015, 45.421873898247185], [127.64830912875881, 45.42168693821487], [127.64804353336677, 45.41845715878841], [127.64345741109494, 45.418644097883146], [127.64372274673015, 45.421873898247185]]]}, "properties": {"biomass": 170.86639404296875}}, {"type": "Feature", "geometry": {"type": "Polygon", "coordinates": [[[127.64830912875881, 45.42168693821487], [127.65289546574391, 45.4214997946223], [127.65262961060442, 45.41827003615384], [127.64804353336677, 45.41845715878841], [127.64830912875881, 45.42168693821487]]]}, "properties": {"biomass": 180.74923706054688}}, {"type": "Feature", "geometry": {"type": "Polygon", "coordinates": [[[127.65289546574391, 45.4214997946223], [127.65748175764178, 45.42131246747425], [127.6572156427642, 45.4180827299842], [127.65262961060442, 45.41827003615384], [127.65289546574391, 45.4214997946223]]]}, "properties": {"biomass": 169.1123046875}}, {"type": "Feature", "geometry": {"type": "Polygon", "coordinates": [[[127.65748175764178, 45.42131246747425], [127.66206800440877, 45.42112495677549], [127.66180162980247, 45.41789524028426], [127.6572156427642, 45.4180827299842], [127.65748175764178, 45.42131246747425]]]}, "properties": {"biomass": 181.90472412109375}}, {"type": "Feature", "geometry": {"type": "Polygon", "coordinates": [[[127.66206800440877, 45.42112495677549], [127.66665420600124, 45.42093726253078], [127.66638757167561, 45.417707567058784], [127.66180162980247, 45.41789524028426], [127.66206800440877, 45.42112495677549]]]}, "properties": {"biomass": 137.72694396972656}}, {"type": "Feature", "geometry": {"type": "Polygon", "coordinates": [[[127.66665420600124, 45.42093726253078], [127.67124036237554, 45.4207493847449], [127.67097346833997, 45.41751971031256], [127.66638757167561, 45.417707567058784], [127.66665420600124, 45.42093726253078]]]}, "properties": {"biomass": 111.03025817871094}}, {"type": "Feature", "geometry": {"type": "Polygon", "coordinates": [[[127.67124036237554, 45.4207493847449], [127.67582647348802, 45.42056132342263], [127.6755593197519, 45.41733167005037], [127.67097346833997, 45.41751971031256], [127.67124036237554, 45.4207493847449]]]}, "properties": {"biomass": 181.93614196777344}}, {"type": "Feature", "geometry": {"type": "Polygon", "coordinates": [[[127.67582647348802, 45.42056132342263], [127.68041253929503, 45.42037307856876], [127.6801451258678, 45.41714344627699], [127.6755593197519, 45.41733167005037], [127.67582647348802, 45.42056132342263]]]}, "properties": {"biomass": 180.59193420410156}}, {"type": "Feature", "geometry": {"type": "Polygon", "coordinates": [[[127.68041253929503, 45.42037307856876], [127.68499855975296, 45.42018465018808], [127.68473088664399, 45.41695503899721], [127.6801451258678, 45.41714344627699], [127.68041253929503, 45.42037307856876]]]}, "properties": {"biomass": 166.19287109375}}, {"type": "Feature", "geometry": {"type": "Polygon", "coordinates": [[[127.68499855975296, 45.42018465018808], [127.68958453481814, 45.41999603828538], [127.68931660203691, 45.4167664482158], [127.68473088664399, 45.41695503899721], [127.68499855975296, 45.42018465018808]]]}, "properties": {"biomass": 152.438720703125}}, {"type": "Feature", "geometry": {"type": "Polygon", "coordinates": [[[127.68958453481814, 45.41999603828538], [127.69417046444693, 45.41980724286546], [127.69390227200284, 45.4165776739376], [127.68931660203691, 45.4167664482158], [127.68958453481814, 45.41999603828538]]]}, "properties": {"biomass": 183.52090454101562}}, {"type": "Feature", "geometry": {"type": "Polygon", "coordinates": [[[127.69417046444693, 45.41980724286546], [127.69875634859571, 45.419618263933124], [127.69848789649824, 45.4163887161674], [127.69390227200284, 45.4165776739376], [127.69417046444693, 45.41980724286546]]]}, "properties": {"biomass": 192.20242309570312}}, {"type": "Feature", "geometry": {"type": "Polygon", "coordinates": [[[127.69875634859571, 45.419618263933124], [127.70334218722085, 45.419429101493186], [127.70307347547944, 45.416199574909996], [127.69848789649824, 45.4163887161674], [127.69875634859571, 45.419618263933124]]]}, "properties": {"biomass": 172.63343811035156}}, {"type": "Feature", "geometry": {"type": "Polygon", "coordinates": [[[127.70334218722085, 45.419429101493186], [127.70792798027875, 45.41923975555046], [127.70765900890288, 45.4160102501702], [127.70307347547944, 45.416199574909996], [127.70334218722085, 45.419429101493186]]]}, "properties": {"biomass": 146.4595489501953}}, {"type": "Feature", "geometry": {"type": "Polygon", "coordinates": [[[127.70792798027875, 45.41923975555046], [127.71251372772575, 45.41905022610975], [127.71224449672486, 45.41582074195286], [127.70765900890288, 45.4160102501702], [127.70792798027875, 45.41923975555046]]]}, "properties": {"biomass": 132.6499481201172}}, {"type": "Feature", "geometry": {"type": "Polygon", "coordinates": [[[127.71251372772575, 45.41905022610975], [127.71709942951823, 45.418860513175886], [127.71682993890185, 45.41563105026275], [127.71224449672486, 45.41582074195286], [127.71251372772575, 45.41905022610975]]]}, "properties": {"biomass": 140.72299194335938}}, {"type": "Feature", "geometry": {"type": "Polygon", "coordinates": [[[127.71709942951823, 45.418860513175886], [127.72130294935123, 45.41868644846367], [127.72103322076228, 45.4154570050419], [127.71682993890185, 45.41563105026275], [127.71709942951823, 45.418860513175886]]]}, "properties": {"biomass": 211.82872009277344}}, {"type": "Feature", "geometry": {"type": "Polygon", "coordinates": [[[127.61593973419029, 45.41976187784913], [127.62052612575057, 45.4195760400931], [127.62026213381178, 45.41634613231228], [127.61567600202059, 45.41653194925561], [127.61593973419029, 45.41976187784913]]]}, "properties": {"biomass": 164.864501953125}}, {"type": "Feature", "geometry": {"type": "Polygon", "coordinates": [[[127.62052612575057, 45.4195760400931], [127.62511247253863, 45.41939001876876], [127.62484822084002, 45.41616013182105], [127.62026213381178, 45.41634613231228], [127.62052612575057, 45.4195760400931]]]}, "properties": {"biomass": 148.3892364501953}}, {"type": "Feature", "geometry": {"type": "Polygon", "coordinates": [[[127.62511247253863, 45.41939001876876], [127.62969877451074, 45.41920381388086], [127.62943426306164, 45.41597394778669], [127.62484822084002, 45.41616013182105], [127.62511247253863, 45.41939001876876]]]}, "properties": {"biomass": 140.99070739746094}}, {"type": "Feature", "geometry": {"type": "Polygon", "coordinates": [[[127.62969877451074, 45.41920381388086], [127.63428503162328, 45.41901742543412], [127.63402026043299, 45.415787580213916], [127.62943426306164, 45.41597394778669], [127.62969877451074, 45.41920381388086]]]}, "properties": {"biomass": 119.09394836425781}}, {"type": "Feature", "geometry": {"type": "Polygon", "coordinates": [[[127.63428503162328, 45.41901742543412], [127.63887124383255, 45.41883085343331], [127.63860621291043, 45.41560102910747], [127.63402026043299, 45.415787580213916], [127.63428503162328, 45.41901742543412]]]}, "properties": {"biomass": 92.15625762939453}}, {"type": "Feature", "geometry": {"type": "Polygon", "coordinates": [[[127.63887124383255, 45.41883085343331], [127.64345741109494, 45.418644097883146], [127.64319212045031, 45.415414294472114], [127.63860621291043, 45.41560102910747], [127.63887124383255, 45.41883085343331]]]}, "properties": {"biomass": 134.63978576660156}}, {"type": "Feature", "geometry": {"type": "Polygon", "coordinates": [[[127.64345741109494, 45.418644097883146], [127.64804353336677, 45.41845715878841], [127.64777798300896, 45.41522737631258], [127.64319212045031, 45.415414294472114], [127.64345741109494, 45.418644097883146]]]}, "properties": {"biomass": 197.20176696777344}}, {"type": "Feature", "geometry": {"type": "Polygon", "coordinates": [[[127.64804353336677, 45.41845715878841], [127.65262961060442, 45.41827003615384], [127.65236380054279, 45.41504027463363], [127.64777798300896, 45.41522737631258], [127.64804353336677, 45.41845715878841]]]}, "properties": {"biomass": 199.40492248535156}}, {"type": "Feature", "geometry": {"type": "Polygon", "coordinates": [[[127.65262961060442, 45.41827003615384], [127.6572156427642, 45.4180827299842], [127.65694957300812, 45.414852989440035], [127.65236380054279, 45.41504027463363], [127.65262961060442, 45.41827003615384]]]}, "properties": {"biomass": 190.12689208984375}}, {"type": "Feature", "geometry": {"type": "Polygon", "coordinates": [[[127.6572156427642, 45.4180827299842], [127.66180162980247, 45.41789524028426], [127.66153530036132, 45.41466552073656], [127.65694957300812, 45.414852989440035], [127.6572156427642, 45.4180827299842]]]}, "properties": {"biomass": 157.34164428710938}}, {"type": "Feature", "geometry": {"type": "Polygon", "coordinates": [[[127.66180162980247, 45.41789524028426], [127.66638757167561, 45.417707567058784], [127.66612098255875, 45.41447786852797], [127.66153530036132, 45.41466552073656], [127.66180162980247, 45.41789524028426]]]}, "properties": {"biomass": 128.81385803222656}}, {"type": "Feature", "geometry": {"type": "Polygon", "coordinates": [[[127.66638757167561, 45.417707567058784], [127.67097346833997, 45.41751971031256], [127.6707066195568, 45.414290032819025], [127.66612098255875, 45.41447786852797], [127.66638757167561, 45.417707567058784]]]}, "properties": {"biomass": 148.06146240234375}}, {"type": "Feature", "geometry": {"type": "Polygon", "coordinates": [[[127.67097346833997, 45.41751971031256], [127.6755593197519, 45.41733167005037], [127.67529221131184, 45.41410201361453], [127.6707066195568, 45.414290032819025], [127.67097346833997, 45.41751971031256]]]}, "properties": {"biomass": 188.9154510498047}}, {"type": "Feature", "geometry": {"type": "Polygon", "coordinates": [[[127.6755593197519, 45.41733167005037], [127.6801451258678, 45.41714344627699], [127.67987775778022, 45.413913810919254], [127.67529221131184, 45.41410201361453], [127.6755593197519, 45.41733167005037]]]}, "properties": {"biomass": 195.28343200683594}}, {"type": "Feature", "geometry": {"type": "Polygon", "coordinates": [[[127.6801451258678, 45.41714344627699], [127.68473088664399, 45.41695503899721], [127.68446325891836, 45.41372542473798], [127.67987775778022, 45.413913810919254], [127.6801451258678, 45.41714344627699]]]}, "properties": {"biomass": 158.44435119628906}}, {"type": "Feature", "geometry": {"type": "Polygon", "coordinates": [[[127.68473088664399, 45.41695503899721], [127.68931660203691, 45.4167664482158], [127.6890487146826, 45.41353685507551], [127.68446325891836, 45.41372542473798], [127.68473088664399, 45.41695503899721]]]}, "properties": {"biomass": 123.89827728271484}}, {"type": "Feature", "geometry": {"type": "Polygon", "coordinates": [[[127.68931660203691, 45.4167664482158], [127.69390227200284, 45.4165776739376], [127.69363412502932, 45.413348101936656], [127.6890487146826, 45.41353685507551], [127.68931660203691, 45.4167664482158]]]}, "properties": {"biomass": 119.24256896972656}}, {"type": "Feature", "geometry": {"type": "Polygon", "coordinates": [[[127.61567600202059, 45.41653194925561], [127.62026213381178, 45.41634613231228], [127.61999818663595, 45.41311622149648], [127.61541231457022, 45.413302017629476], [127.61567600202059, 45.41653194925561]]]}, "properties": {"biomass": 151.68858337402344}}, {"type": "Feature", "geometry": {"type": "Polygon", "coordinates": [[[127.62026213381178, 45.41634613231228], [127.62484822084002, 45.41616013182105], [127.62458401394804, 45.41293024183603], [127.61999818663595, 45.41311622149648], [127.62026213381178, 45.41634613231228]]]}, "properties": {"biomass": 140.16259765625}}, {"type": "Feature", "geometry": {"type": "Polygon", "coordinates": [[[127.62484822084002, 45.41616013182105], [127.62943426306164, 45.41597394778669], [127.62916979646282, 45.41274407865284], [127.62458401394804, 45.41293024183603], [127.62484822084002, 45.41616013182105]]]}, "properties": {"biomass": 119.82688903808594}}, {"type": "Feature", "geometry": {"type": "Polygon", "coordinates": [[[127.62943426306164, 45.41597394778669], [127.63402026043299, 45.415787580213916], [127.63375553413664, 45.41255773195167], [127.62916979646282, 45.41274407865284], [127.62943426306164, 45.41597394778669]]]}, "properties": {"biomass": 108.06202697753906}}, {"type": "Feature", "geometry": {"type": "Polygon", "coordinates": [[[127.63402026043299, 45.415787580213916], [127.63860621291043, 45.41560102910747], [127.63834122692586, 45.41237120173725], [127.63375553413664, 45.41255773195167], [127.63402026043299, 45.415787580213916]]]}, "properties": {"biomass": 99.17777252197266}}, {"type": "Feature", "geometry": {"type": "Polygon", "coordinates": [[[127.63860621291043, 45.41560102910747], [127.64319212045031, 45.415414294472114], [127.64292687478688, 45.41218448801433], [127.63834122692586, 45.41237120173725], [127.63860621291043, 45.41560102910747]]]}, "properties": {"biomass": 120.58853149414062}}, {"type": "Feature", "geometry": {"type": "Polygon", "coordinates": [[[127.64319212045031, 45.415414294472114], [127.64777798300896, 45.41522737631258], [127.64751247767599, 45.41199759078764], [127.64292687478688, 45.41218448801433], [127.64319212045031, 45.415414294472114]]]}, "properties": {"biomass": 154.66619873046875}}, {"type": "Feature", "geometry": {"type": "Polygon", "coordinates": [[[127.64777798300896, 45.41522737631258], [127.65236380054279, 45.41504027463363], [127.65209803554964, 45.41181051006198], [127.64751247767599, 45.41199759078764], [127.64777798300896, 45.41522737631258]]]}, "properties": {"biomass": 178.95068359375}}, {"type": "Feature", "geometry": {"type": "Polygon", "coordinates": [[[127.65236380054279, 45.41504027463363], [127.65694957300812, 45.414852989440035], [127.65668354836416, 45.41162324584206], [127.65209803554964, 45.41181051006198], [127.65236380054279, 45.41504027463363]]]}, "properties": {"biomass": 161.91384887695312}}, {"type": "Feature", "geometry": {"type": "Polygon", "coordinates": [[[127.65694957300812, 45.414852989440035], [127.66153530036132, 45.41466552073656], [127.6612690160759, 45.41143579813268], [127.65668354836416, 45.41162324584206], [127.65694957300812, 45.414852989440035]]]}, "properties": {"biomass": 135.32928466796875}}, {"type": "Feature", "geometry": {"type": "Polygon", "coordinates": [[[127.66153530036132, 45.41466552073656], [127.66612098255875, 45.41447786852797], [127.66585443864128, 45.41124816693858], [127.6612690160759, 45.41143579813268], [127.66153530036132, 45.41466552073656]]]}, "properties": {"biomass": 125.83168029785156}}, {"type": "Feature", "geometry": {"type": "Polygon", "coordinates": [[[127.66612098255875, 45.41447786852797], [127.6707066195568, 45.414290032819025], [127.67043981601667, 45.411060352264556], [127.66585443864128, 45.41124816693858], [127.66612098255875, 45.41447786852797]]]}, "properties": {"biomass": 169.91717529296875}}, {"type": "Feature", "geometry": {"type": "Polygon", "coordinates": [[[127.6707066195568, 45.414290032819025], [127.67529221131184, 45.41410201361453], [127.67502514815843, 45.41087235411539], [127.67043981601667, 45.411060352264556], [127.6707066195568, 45.414290032819025]]]}, "properties": {"biomass": 189.3986053466797}}, {"type": "Feature", "geometry": {"type": "Polygon", "coordinates": [[[127.67529221131184, 45.41410201361453], [127.67987775778022, 45.413913810919254], [127.67961043502294, 45.41068417249585], [127.67502514815843, 45.41087235411539], [127.67529221131184, 45.41410201361453]]]}, "properties": {"biomass": 179.72872924804688}}, {"type": "Feature", "geometry": {"type": "Polygon", "coordinates": [[[127.67987775778022, 45.413913810919254], [127.68446325891836, 45.41372542473798], [127.68419567656659, 45.41049580741071], [127.67961043502294, 45.41068417249585], [127.67987775778022, 45.413913810919254]]]}, "properties": {"biomass": 160.69851684570312}}, {"type": "Feature", "geometry": {"type": "Polygon", "coordinates": [[[127.68446325891836, 45.41372542473798], [127.6890487146826, 45.41353685507551], [127.68878087274581, 45.410307258864805], [127.68419567656659, 45.41049580741071], [127.68446325891836, 45.41372542473798]]]}, "properties": {"biomass": 121.7278823852539}}, {"type": "Feature", "geometry": {"type": "Polygon", "coordinates": [[[127.60624043635238, 45.41367305929417], [127.61082639779448, 45.413487630230264], [127.6105630147452, 45.41025767478419], [127.60597731300348, 45.410443083080914], [127.60624043635238, 45.41367305929417]]]}, "properties": {"biomass": 148.05560302734375}}, {"type": "Feature", "geometry": {"type": "Polygon", "coordinates": [[[127.61082639779448, 45.413487630230264], [127.61541231457022, 45.413302017629476], [127.61514867182986, 45.41007208297096], [127.6105630147452, 45.41025767478419], [127.61082639779448, 45.413487630230264]]]}, "properties": {"biomass": 146.63975524902344}}, {"type": "Feature", "geometry": {"type": "Polygon", "coordinates": [[[127.61541231457022, 45.413302017629476], [127.61999818663595, 45.41311622149648], [127.61973428421379, 45.409886307645976], [127.61514867182986, 45.41007208297096], [127.61541231457022, 45.413302017629476]]]}, "properties": {"biomass": 132.8406219482422}}, {"type": "Feature", "geometry": {"type": "Polygon", "coordinates": [[[127.61999818663595, 45.41311622149648], [127.62458401394804, 45.41293024183603], [127.62431985185336, 45.40970034881395], [127.61973428421379, 45.409886307645976], [127.61999818663595, 45.41311622149648]]]}, "properties": {"biomass": 126.293701171875}}, {"type": "Feature", "geometry": {"type": "Polygon", "coordinates": [[[127.62458401394804, 45.41293024183603], [127.62916979646282, 45.41274407865284], [127.62890537470493, 45.4095142064796], [127.62431985185336, 45.40970034881395], [127.62458401394804, 45.41293024183603]]]}, "properties": {"biomass": 105.65608978271484}}, {"type": "Feature", "geometry": {"type": "Polygon", "coordinates": [[[127.62916979646282, 45.41274407865284], [127.63375553413664, 45.41255773195167], [127.63349085272486, 45.40932788064768], [127.62890537470493, 45.4095142064796], [127.62916979646282, 45.41274407865284]]]}, "properties": {"biomass": 104.16301727294922}}, {"type": "Feature", "geometry": {"type": "Polygon", "coordinates": [[[127.63375553413664, 45.41255773195167], [127.63834122692586, 45.41237120173725], [127.63807628586953, 45.409141371322924], [127.63349085272486, 45.40932788064768], [127.63375553413664, 45.41255773195167]]]}, "properties": {"biomass": 103.88314056396484}}, {"type": "Feature", "geometry": {"type": "Polygon", "coordinates": [[[127.63834122692586, 45.41237120173725], [127.64292687478688, 45.41218448801433], [127.6426616740953, 45.408954678510085], [127.63807628586953, 45.409141371322924], [127.63834122692586, 45.41237120173725]]]}, "properties": {"biomass": 106.62181091308594}}, {"type": "Feature", "geometry": {"type": "Polygon", "coordinates": [[[127.64292687478688, 45.41218448801433], [127.64751247767599, 45.41199759078764], [127.64724701735852, 45.408767802213895], [127.6426616740953, 45.408954678510085], [127.64292687478688, 45.41218448801433]]]}, "properties": {"biomass": 125.21273040771484}}, {"type": "Feature", "geometry": {"type": "Polygon", "coordinates": [[[127.64751247767599, 45.41199759078764], [127.65209803554964, 45.41181051006198], [127.65183231561562, 45.408580742439135], [127.64724701735852, 45.408767802213895], [127.64751247767599, 45.41199759078764]]]}, "properties": {"biomass": 151.13034057617188}}, {"type": "Feature", "geometry": {"type": "Polygon", "coordinates": [[[127.65209803554964, 45.41181051006198], [127.65668354836416, 45.41162324584206], [127.65641756882295, 45.40839349919053], [127.65183231561562, 45.408580742439135], [127.65209803554964, 45.41181051006198]]]}, "properties": {"biomass": 129.9596710205078}}, {"type": "Feature", "geometry": {"type": "Polygon", "coordinates": [[[127.65668354836416, 45.41162324584206], [127.6612690160759, 45.41143579813268], [127.66100277693688, 45.40820607247287], [127.65641756882295, 45.40839349919053], [127.65668354836416, 45.41162324584206]]]}, "properties": {"biomass": 112.21085357666016}}, {"type": "Feature", "geometry": {"type": "Polygon", "coordinates": [[[127.6612690160759, 45.41143579813268], [127.66585443864128, 45.41124816693858], [127.66558793991383, 45.40801846229091], [127.66100277693688, 45.40820607247287], [127.6612690160759, 45.41143579813268]]]}, "properties": {"biomass": 116.60745239257812}}, {"type": "Feature", "geometry": {"type": "Polygon", "coordinates": [[[127.66585443864128, 45.41124816693858], [127.67043981601667, 45.411060352264556], [127.67017305771014, 45.40783066864943], [127.66558793991383, 45.40801846229091], [127.66585443864128, 45.41124816693858]]]}, "properties": {"biomass": 160.2772674560547}}, {"type": "Feature", "geometry": {"type": "Polygon", "coordinates": [[[127.67043981601667, 45.411060352264556], [127.67502514815843, 45.41087235411539], [127.67475813028221, 45.40764269155322], [127.67017305771014, 45.40783066864943], [127.67043981601667, 45.411060352264556]]]}, "properties": {"biomass": 182.12091064453125}}, {"type": "Feature", "geometry": {"type": "Polygon", "coordinates": [[[127.67502514815843, 45.41087235411539], [127.67961043502294, 45.41068417249585], [127.67934315758647, 45.40745453100703], [127.67475813028221, 45.40764269155322], [127.67502514815843, 45.41087235411539]]]}, "properties": {"biomass": 192.5977325439453}}, {"type": "Feature", "geometry": {"type": "Polygon", "coordinates": [[[127.67961043502294, 45.41068417249585], [127.68419567656659, 45.41049580741071], [127.68392813957931, 45.40726618701568], [127.67934315758647, 45.40745453100703], [127.67961043502294, 45.41068417249585]]]}, "properties": {"biomass": 187.87286376953125}}, {"type": "Feature", "geometry": {"type": "Polygon", "coordinates": [[[127.68419567656659, 45.41049580741071], [127.68878087274581, 45.410307258864805], [127.68851307621708, 45.407077659583926], [127.68392813957931, 45.40726618701568], [127.68419567656659, 45.41049580741071]]]}, "properties": {"biomass": 153.9456024169922}}, {"type": "Feature", "geometry": {"type": "Polygon", "coordinates": [[[127.50966733796196, 45.41429425668816], [127.51425396741607, 45.414112703320484], [127.51399608374915, 45.410882313072406], [127.50940971414448, 45.41106384610424], [127.50966733796196, 45.41429425668816]]]}, "properties": {"biomass": 169.8412628173828}}, {"type": "Feature", "geometry": {"type": "Polygon", "coordinates": [[[127.53260004739595, 45.413384653750065], [127.53718645771332, 45.41320218235568], [127.53692727493566, 45.409971894093374], [127.53234112442223, 45.410154345049726], [127.53260004739595, 45.413384653750065]]]}, "properties": {"biomass": 131.04949951171875}}, {"type": "Feature", "geometry": {"type": "Polygon", "coordinates": [[[127.53718645771332, 45.41320218235568], [127.54177282407224, 45.41301952736989], [127.54151338149984, 45.40978925956603], [127.53692727493566, 45.409971894093374], [127.53718645771332, 45.41320218235568]]]}, "properties": {"biomass": 162.47702026367188}}, {"type": "Feature", "geometry": {"type": "Polygon", "coordinates": [[[127.54177282407224, 45.41301952736989], [127.54635914642908, 45.41283668879733], [127.546099444071, 45.40960644147235], [127.54151338149984, 45.40978925956603], [127.54177282407224, 45.41301952736989]]]}, "properties": {"biomass": 163.95237731933594}}, {"type": "Feature", "geometry": {"type": "Polygon", "coordinates": [[[127.60597731300348, 45.410443083080914], [127.6105630147452, 45.41025767478419], [127.61029967635301, 45.40702771630833], [127.605714234268, 45.40721310384025], [127.60597731300348, 45.410443083080914]]]}, "properties": {"biomass": 130.08834838867188}}, {"type": "Feature", "geometry": {"type": "Polygon", "coordinates": [[[127.6105630147452, 45.41025767478419], [127.61514867182986, 45.41007208297096], [127.61488507379022, 45.40684214528036], [127.61029967635301, 45.40702771630833], [127.6105630147452, 45.41025767478419]]]}, "properties": {"biomass": 131.03271484375}}, {"type": "Feature", "geometry": {"type": "Polygon", "coordinates": [[[127.61514867182986, 45.41007208297096], [127.61973428421379, 45.409886307645976], [127.61947042653598, 45.406656390761015], [127.61488507379022, 45.40684214528036], [127.61514867182986, 45.41007208297096]]]}, "properties": {"biomass": 130.09886169433594}}, {"type": "Feature", "geometry": {"type": "Polygon", "coordinates": [[[127.61973428421379, 45.409886307645976], [127.62431985185336, 45.40970034881395], [127.62405573454669, 45.40647045275505], [127.61947042653598, 45.406656390761015], [127.61973428421379, 45.409886307645976]]]}, "properties": {"biomass": 117.93047332763672}}, {"type": "Feature", "geometry": {"type": "Polygon", "coordinates": [[[127.62431985185336, 45.40970034881395], [127.62890537470493, 45.4095142064796], [127.62864099777867, 45.40628433126721], [127.62405573454669, 45.40647045275505], [127.62431985185336, 45.40970034881395]]]}, "properties": {"biomass": 109.33978271484375}}, {"type": "Feature", "geometry": {"type": "Polygon", "coordinates": [[[127.62890537470493, 45.4095142064796], [127.63349085272486, 45.40932788064768], [127.63322621618836, 45.40609802630219], [127.62864099777867, 45.40628433126721], [127.62890537470493, 45.4095142064796]]]}, "properties": {"biomass": 91.8663101196289}}, {"type": "Feature", "geometry": {"type": "Polygon", "coordinates": [[[127.63349085272486, 45.40932788064768], [127.63807628586953, 45.409141371322924], [127.6378113897321, 45.40591153786474], [127.63322621618836, 45.40609802630219], [127.63349085272486, 45.40932788064768]]]}, "properties": {"biomass": 97.34719848632812}}, {"type": "Feature", "geometry": {"type": "Polygon", "coordinates": [[[127.63807628586953, 45.409141371322924], [127.6426616740953, 45.408954678510085], [127.64239651836625, 45.40572486595962], [127.6378113897321, 45.40591153786474], [127.63807628586953, 45.409141371322924]]]}, "properties": {"biomass": 96.27348327636719}}, {"type": "Feature", "geometry": {"type": "Polygon", "coordinates": [[[127.6426616740953, 45.408954678510085], [127.64724701735852, 45.408767802213895], [127.64698160204722, 45.40553801059157], [127.64239651836625, 45.40572486595962], [127.6426616740953, 45.408954678510085]]]}, "properties": {"biomass": 112.16827392578125}}, {"type": "Feature", "geometry": {"type": "Polygon", "coordinates": [[[127.64724701735852, 45.408767802213895], [127.65183231561562, 45.408580742439135], [127.65156664073137, 45.405350971765344], [127.64698160204722, 45.40553801059157], [127.64724701735852, 45.408767802213895]]]}, "properties": {"biomass": 116.74083709716797}}, {"type": "Feature", "geometry": {"type": "Polygon", "coordinates": [[[127.65183231561562, 45.408580742439135], [127.65641756882295, 45.40839349919053], [127.65615163437514, 45.40516374948571], [127.65156664073137, 45.405350971765344], [127.65183231561562, 45.408580742439135]]]}, "properties": {"biomass": 108.25418853759766}}, {"type": "Feature", "geometry": {"type": "Polygon", "coordinates": [[[127.65641756882295, 45.40839349919053], [127.66100277693688, 45.40820607247287], [127.66073658293487, 45.40497634375741], [127.65615163437514, 45.40516374948571], [127.65641756882295, 45.40839349919053]]]}, "properties": {"biomass": 133.3235321044922}}, {"type": "Feature", "geometry": {"type": "Polygon", "coordinates": [[[127.66100277693688, 45.40820607247287], [127.66558793991383, 45.40801846229091], [127.66532148636698, 45.40478875458522], [127.66073658293487, 45.40497634375741], [127.66100277693688, 45.40820607247287]]]}, "properties": {"biomass": 145.3382110595703}}, {"type": "Feature", "geometry": {"type": "Polygon", "coordinates": [[[127.66558793991383, 45.40801846229091], [127.67017305771014, 45.40783066864943], [127.66990634462783, 45.40460098197392], [127.66532148636698, 45.40478875458522], [127.66558793991383, 45.40801846229091]]]}, "properties": {"biomass": 149.18275451660156}}, {"type": "Feature", "geometry": {"type": "Polygon", "coordinates": [[[127.67017305771014, 45.40783066864943], [127.67475813028221, 45.40764269155322], [127.67449115767388, 45.404413025928285], [127.66990634462783, 45.40460098197392], [127.67017305771014, 45.40783066864943]]]}, "properties": {"biomass": 170.977783203125}}, {"type": "Feature", "geometry": {"type": "Polygon", "coordinates": [[[127.67475813028221, 45.40764269155322], [127.67934315758647, 45.40745453100703], [127.67907592546148, 45.40422488645307], [127.67449115767388, 45.404413025928285], [127.67475813028221, 45.40764269155322]]]}, "properties": {"biomass": 177.41632080078125}}, {"type": "Feature", "geometry": {"type": "Polygon", "coordinates": [[[127.67934315758647, 45.40745453100703], [127.68392813957931, 45.40726618701568], [127.68366064794704, 45.404036563553106], [127.67907592546148, 45.40422488645307], [127.67934315758647, 45.40745453100703]]]}, "properties": {"biomass": 183.37713623046875}}, {"type": "Feature", "geometry": {"type": "Polygon", "coordinates": [[[127.68392813957931, 45.40726618701568], [127.68851307621708, 45.407077659583926], [127.688245325087, 45.403848057233155], [127.68366064794704, 45.404036563553106], [127.68392813957931, 45.40726618701568]]]}, "properties": {"biomass": 170.65805053710938}}, {"type": "Feature", "geometry": {"type": "Polygon", "coordinates": [[[127.68851307621708, 45.407077659583926], [127.69309796745621, 45.40688894871659], [127.69282995683773, 45.403659367498], [127.688245325087, 45.403848057233155], [127.68851307621708, 45.407077659583926]]]}, "properties": {"biomass": 158.83314514160156}}, {"type": "Feature", "geometry": {"type": "Polygon", "coordinates": [[[127.50940971414448, 45.41106384610424], [127.51399608374915, 45.410882313072406], [127.51373824381308, 45.40765191984352], [127.50915213401419, 45.407833432541786], [127.50940971414448, 45.41106384610424]]]}, "properties": {"biomass": 178.75790405273438}}, {"type": "Feature", "geometry": {"type": "Polygon", "coordinates": [[[127.51399608374915, 45.410882313072406], [127.51858240962295, 45.41070059644642], [127.51832430989022, 45.4074702235715], [127.51373824381308, 45.40765191984352], [127.51399608374915, 45.410882313072406]]]}, "properties": {"biomass": 173.1478271484375}}, {"type": "Feature", "geometry": {"type": "Polygon", "coordinates": [[[127.51858240962295, 45.41070059644642], [127.52316869172216, 45.41051869623088], [127.52291033220187, 45.407288343730386], [127.51832430989022, 45.4074702235715], [127.51858240962295, 45.41070059644642]]]}, "properties": {"biomass": 208.40560913085938}}, {"type": "Feature", "geometry": {"type": "Polygon", "coordinates": [[[127.52316869172216, 45.41051869623088], [127.52775493000316, 45.41033661243044], [127.5274963107044, 45.40710628032481], [127.52291033220187, 45.407288343730386], [127.52316869172216, 45.41051869623088]]]}, "properties": {"biomass": 188.6015167236328}}, {"type": "Feature", "geometry": {"type": "Polygon", "coordinates": [[[127.52775493000316, 45.41033661243044], [127.53234112442223, 45.410154345049726], [127.53208224535412, 45.406924033359374], [127.5274963107044, 45.40710628032481], [127.52775493000316, 45.41033661243044]]]}, "properties": {"biomass": 180.165771484375}}, {"type": "Feature", "geometry": {"type": "Polygon", "coordinates": [[[127.53234112442223, 45.410154345049726], [127.53692727493566, 45.409971894093374], [127.53666813610732, 45.40674160283875], [127.53208224535412, 45.406924033359374], [127.53234112442223, 45.410154345049726]]]}, "properties": {"biomass": 150.52796936035156}}, {"type": "Feature", "geometry": {"type": "Polygon", "coordinates": [[[127.53692727493566, 45.409971894093374], [127.54151338149984, 45.40978925956603], [127.54125398292037, 45.40655898876755], [127.53666813610732, 45.40674160283875], [127.53692727493566, 45.409971894093374]]]}, "properties": {"biomass": 162.3150177001953}}, {"type": "Feature", "geometry": {"type": "Polygon", "coordinates": [[[127.54151338149984, 45.40978925956603], [127.546099444071, 45.40960644147235], [127.54583978574959, 45.406376191150436], [127.54125398292037, 45.40655898876755], [127.54151338149984, 45.40978925956603]]]}, "properties": {"biomass": 174.30690002441406}}, {"type": "Feature", "geometry": {"type": "Polygon", "coordinates": [[[127.59654321632911, 45.40758332839696], [127.6011287475788, 45.40739830787135], [127.60086597306986, 45.40416830486146], [127.59628070145175, 45.40435330466543], [127.59654321632911, 45.40758332839696]]]}, "properties": {"biomass": 172.12356567382812}}, {"type": "Feature", "geometry": {"type": "Polygon", "coordinates": [[[127.6011287475788, 45.40739830787135], [127.605714234268, 45.40721310384025], [127.60545120013668, 45.40398312157242], [127.60086597306986, 45.40416830486146], [127.6011287475788, 45.40739830787135]]]}, "properties": {"biomass": 161.78443908691406}}, {"type": "Feature", "geometry": {"type": "Polygon", "coordinates": [[[127.605714234268, 45.40721310384025], [127.61029967635301, 45.40702771630833], [127.61003638260861, 45.403797754803], [127.60545120013668, 45.40398312157242], [127.605714234268, 45.40721310384025]]]}, "properties": {"biomass": 147.73638916015625}}, {"type": "Feature", "geometry": {"type": "Polygon", "coordinates": [[[127.61029967635301, 45.40702771630833], [127.61488507379022, 45.40684214528036], [127.614621520442, 45.40361220455792], [127.61003638260861, 45.403797754803], [127.61029967635301, 45.40702771630833]]]}, "properties": {"biomass": 133.42510986328125}}, {"type": "Feature", "geometry": {"type": "Polygon", "coordinates": [[[127.61488507379022, 45.40684214528036], [127.61947042653598, 45.406656390761015], [127.61920661359324, 45.40342647084189], [127.614621520442, 45.40361220455792], [127.61488507379022, 45.40684214528036]]]}, "properties": {"biomass": 113.79735565185547}}, {"type": "Feature", "geometry": {"type": "Polygon", "coordinates": [[[127.61947042653598, 45.406656390761015], [127.62405573454669, 45.40647045275505], [127.62379166201869, 45.403240553659664], [127.61920661359324, 45.40342647084189], [127.61947042653598, 45.406656390761015]]]}, "properties": {"biomass": 109.4203109741211}}, {"type": "Feature", "geometry": {"type": "Polygon", "coordinates": [[[127.62405573454669, 45.40647045275505], [127.62864099777867, 45.40628433126721], [127.62837666567476, 45.40305445301593], [127.62379166201869, 45.403240553659664], [127.62405573454669, 45.40647045275505]]]}, "properties": {"biomass": 107.04695129394531}}, {"type": "Feature", "geometry": {"type": "Polygon", "coordinates": [[[127.62864099777867, 45.40628433126721], [127.63322621618836, 45.40609802630219], [127.63296162451779, 45.40286816891548], [127.62837666567476, 45.40305445301593], [127.62864099777867, 45.40628433126721]]]}, "properties": {"biomass": 98.44499206542969}}, {"type": "Feature", "geometry": {"type": "Polygon", "coordinates": [[[127.63322621618836, 45.40609802630219], [127.6378113897321, 45.40591153786474], [127.63754653850421, 45.40268170136299], [127.63296162451779, 45.40286816891548], [127.63322621618836, 45.40609802630219]]]}, "properties": {"biomass": 93.82391357421875}}, {"type": "Feature", "geometry": {"type": "Polygon", "coordinates": [[[127.6378113897321, 45.40591153786474], [127.64239651836625, 45.40572486595962], [127.64213140759037, 45.40249505036323], [127.63754653850421, 45.40268170136299], [127.6378113897321, 45.40591153786474]]]}, "properties": {"biomass": 109.23169708251953}}, {"type": "Feature", "geometry": {"type": "Polygon", "coordinates": [[[127.64239651836625, 45.40572486595962], [127.64698160204722, 45.40553801059157], [127.64671623173268, 45.40230821592097], [127.64213140759037, 45.40249505036323], [127.64239651836625, 45.40572486595962]]]}, "properties": {"biomass": 83.04132843017578}}, {"type": "Feature", "geometry": {"type": "Polygon", "coordinates": [[[127.64698160204722, 45.40553801059157], [127.65156664073137, 45.405350971765344], [127.65130101088755, 45.40212119804093], [127.64671623173268, 45.40230821592097], [127.64698160204722, 45.40553801059157]]]}, "properties": {"biomass": 101.7341537475586}}, {"type": "Feature", "geometry": {"type": "Polygon", "coordinates": [[[127.65156664073137, 45.405350971765344], [127.65615163437514, 45.40516374948571], [127.65588574501136, 45.40193399672788], [127.65130101088755, 45.40212119804093], [127.65156664073137, 45.405350971765344]]]}, "properties": {"biomass": 103.18409729003906}}, {"type": "Feature", "geometry": {"type": "Polygon", "coordinates": [[[127.65615163437514, 45.40516374948571], [127.66073658293487, 45.40497634375741], [127.6604704340605, 45.401746611986574], [127.65588574501136, 45.40193399672788], [127.65615163437514, 45.40516374948571]]]}, "properties": {"biomass": 126.86211395263672}}, {"type": "Feature", "geometry": {"type": "Polygon", "coordinates": [[[127.66073658293487, 45.40497634375741], [127.66532148636698, 45.40478875458522], [127.66505507799135, 45.401559043821806], [127.6604704340605, 45.401746611986574], [127.66073658293487, 45.40497634375741]]]}, "properties": {"biomass": 129.6790313720703}}, {"type": "Feature", "geometry": {"type": "Polygon", "coordinates": [[[127.66532148636698, 45.40478875458522], [127.66990634462783, 45.40460098197392], [127.66963967676038, 45.4013712922383], [127.66505507799135, 45.401559043821806], [127.66532148636698, 45.40478875458522]]]}, "properties": {"biomass": 150.62831115722656}}, {"type": "Feature", "geometry": {"type": "Polygon", "coordinates": [[[127.66990634462783, 45.40460098197392], [127.67449115767388, 45.404413025928285], [127.67422423032397, 45.40118335724088], [127.66963967676038, 45.4013712922383], [127.66990634462783, 45.40460098197392]]]}, "properties": {"biomass": 147.64422607421875}}, {"type": "Feature", "geometry": {"type": "Polygon", "coordinates": [[[127.67449115767388, 45.404413025928285], [127.67907592546148, 45.40422488645307], [127.6788087386385, 45.400995238834284], [127.67422423032397, 45.40118335724088], [127.67449115767388, 45.404413025928285]]]}, "properties": {"biomass": 174.51922607421875}}, {"type": "Feature", "geometry": {"type": "Polygon", "coordinates": [[[127.67907592546148, 45.40422488645307], [127.68366064794704, 45.404036563553106], [127.68339320166042, 45.400806937023326], [127.6788087386385, 45.400995238834284], [127.67907592546148, 45.40422488645307]]]}, "properties": {"biomass": 164.309326171875}}, {"type": "Feature", "geometry": {"type": "Polygon", "coordinates": [[[127.68366064794704, 45.404036563553106], [127.688245325087, 45.403848057233155], [127.68797761934611, 45.400618451812775], [127.68339320166042, 45.400806937023326], [127.68366064794704, 45.404036563553106]]]}, "properties": {"biomass": 154.15231323242188}}, {"type": "Feature", "geometry": {"type": "Polygon", "coordinates": [[[127.688245325087, 45.403848057233155], [127.69282995683773, 45.403659367498], [127.69256199165204, 45.40042978320744], [127.68797761934611, 45.400618451812775], [127.688245325087, 45.403848057233155]]]}, "properties": {"biomass": 172.31715393066406}}, {"type": "Feature", "geometry": {"type": "Polygon", "coordinates": [[[127.50915213401419, 45.407833432541786], [127.51373824381308, 45.40765191984352], [127.51348044759882, 45.40442152363403], [127.50889459756196, 45.40460301600104], [127.50915213401419, 45.407833432541786]]]}, "properties": {"biomass": 191.96397399902344}}, {"type": "Feature", "geometry": {"type": "Polygon", "coordinates": [[[127.51373824381308, 45.40765191984352], [127.51832430989022, 45.4074702235715], [127.51806625392295, 45.404239847713704], [127.51348044759882, 45.40442152363403], [127.51373824381308, 45.40765191984352]]]}, "properties": {"biomass": 173.5806427001953}}, {"type": "Feature", "geometry": {"type": "Polygon", "coordinates": [[[127.51832430989022, 45.4074702235715], [127.52291033220187, 45.407288343730386], [127.52265201649072, 45.40405798824472], [127.51806625392295, 45.404239847713704], [127.51832430989022, 45.4074702235715]]]}, "properties": {"biomass": 188.55747985839844}}, {"type": "Feature", "geometry": {"type": "Polygon", "coordinates": [[[127.52291033220187, 45.407288343730386], [127.5274963107044, 45.40710628032481], [127.52723773525847, 45.4038759452317], [127.52265201649072, 45.40405798824472], [127.52291033220187, 45.407288343730386]]]}, "properties": {"biomass": 179.18714904785156}}, {"type": "Feature", "geometry": {"type": "Polygon", "coordinates": [[[127.5274963107044, 45.40710628032481], [127.53208224535412, 45.406924033359374], [127.53182341018248, 45.40369371867925], [127.52723773525847, 45.4038759452317], [127.5274963107044, 45.40710628032481]]]}, "properties": {"biomass": 162.197998046875}}, {"type": "Feature", "geometry": {"type": "Polygon", "coordinates": [[[127.53208224535412, 45.406924033359374], [127.53666813610732, 45.40674160283875], [127.53640904121913, 45.40351130859203], [127.53182341018248, 45.40369371867925], [127.53208224535412, 45.406924033359374]]]}, "properties": {"biomass": 150.61468505859375}}, {"type": "Feature", "geometry": {"type": "Polygon", "coordinates": [[[127.53666813610732, 45.40674160283875], [127.54125398292037, 45.40655898876755], [127.54099462832475, 45.40332871497468], [127.53640904121913, 45.40351130859203], [127.53666813610732, 45.40674160283875]]]}, "properties": {"biomass": 151.5337677001953}}, {"type": "Feature", "geometry": {"type": "Polygon", "coordinates": [[[127.54125398292037, 45.40655898876755], [127.54583978574959, 45.406376191150436], [127.54558017145567, 45.40314593783183], [127.54099462832475, 45.40332871497468], [127.54125398292037, 45.40655898876755]]]}, "properties": {"biomass": 172.27841186523438}}, {"type": "Feature", "geometry": {"type": "Polygon", "coordinates": [[[127.59628070145175, 45.40435330466543], [127.60086597306986, 45.40416830486146], [127.60060324311218, 45.40093829882702], [127.59601823108204, 45.401123277911665], [127.59628070145175, 45.40435330466543]]]}, "properties": {"biomass": 182.42625427246094}}, {"type": "Feature", "geometry": {"type": "Polygon", "coordinates": [[[127.60086597306986, 45.40416830486146], [127.60545120013668, 45.40398312157242], [127.60518821060029, 45.4007531362777], [127.60060324311218, 45.40093829882702], [127.60086597306986, 45.40416830486146]]]}, "properties": {"biomass": 153.31509399414062}}, {"type": "Feature", "geometry": {"type": "Polygon", "coordinates": [[[127.60545120013668, 45.40398312157242], [127.61003638260861, 45.403797754803], [127.60977313350276, 45.40056779026842], [127.60518821060029, 45.4007531362777], [127.60545120013668, 45.40398312157242]]]}, "properties": {"biomass": 158.41351318359375}}, {"type": "Feature", "geometry": {"type": "Polygon", "coordinates": [[[127.61003638260861, 45.403797754803], [127.614621520442, 45.40361220455792], [127.61435801177598, 45.400382260803894], [127.60977313350276, 45.40056779026842], [127.61003638260861, 45.403797754803]]]}, "properties": {"biomass": 140.14466857910156}}, {"type": "Feature", "geometry": {"type": "Polygon", "coordinates": [[[127.614621520442, 45.40361220455792], [127.61920661359324, 45.40342647084189], [127.61894284537628, 45.40019654788885], [127.61435801177598, 45.400382260803894], [127.614621520442, 45.40361220455792]]]}, "properties": {"biomass": 122.6844711303711}}, {"type": "Feature", "geometry": {"type": "Polygon", "coordinates": [[[127.61920661359324, 45.40342647084189], [127.62379166201869, 45.403240553659664], [127.62352763426014, 45.400010651528], [127.61894284537628, 45.40019654788885], [127.61920661359324, 45.40342647084189]]]}, "properties": {"biomass": 106.50762939453125}}, {"type": "Feature", "geometry": {"type": "Polygon", "coordinates": [[[127.62379166201869, 45.403240553659664], [127.62837666567476, 45.40305445301593], [127.62811237838386, 45.399824571726064], [127.62352763426014, 45.400010651528], [127.62379166201869, 45.403240553659664]]]}, "properties": {"biomass": 99.0811996459961}}, {"type": "Feature", "geometry": {"type": "Polygon", "coordinates": [[[127.62837666567476, 45.40305445301593], [127.63296162451779, 45.40286816891548], [127.63269707770388, 45.3996383084878], [127.62811237838386, 45.399824571726064], [127.62837666567476, 45.40305445301593]]]}, "properties": {"biomass": 90.79290008544922}}, {"type": "Feature", "geometry": {"type": "Polygon", "coordinates": [[[127.63296162451779, 45.40286816891548], [127.63754653850421, 45.40268170136299], [127.63728173217658, 45.39945186181791], [127.63269707770388, 45.3996383084878], [127.63296162451779, 45.40286816891548]]]}, "properties": {"biomass": 95.5185775756836}}, {"type": "Feature", "geometry": {"type": "Polygon", "coordinates": [[[127.63754653850421, 45.40268170136299], [127.64213140759037, 45.40249505036323], [127.64186634175836, 45.39926523172117], [127.63728173217658, 45.39945186181791], [127.63754653850421, 45.40268170136299]]]}, "properties": {"biomass": 94.75178527832031}}, {"type": "Feature", "geometry": {"type": "Polygon", "coordinates": [[[127.64213140759037, 45.40249505036323], [127.64671623173268, 45.40230821592097], [127.64645090640562, 45.39907841820232], [127.64186634175836, 45.39926523172117], [127.64213140759037, 45.40249505036323]]]}, "properties": {"biomass": 96.7804946899414}}, {"type": "Feature", "geometry": {"type": "Polygon", "coordinates": [[[127.64671623173268, 45.40230821592097], [127.65130101088755, 45.40212119804093], [127.65103542607478, 45.398891421266114], [127.64645090640562, 45.39907841820232], [127.64671623173268, 45.40230821592097]]]}, "properties": {"biomass": 114.32451629638672}}, {"type": "Feature", "geometry": {"type": "Polygon", "coordinates": [[[127.65130101088755, 45.40212119804093], [127.65588574501136, 45.40193399672788], [127.65561990072223, 45.3987042409173], [127.65103542607478, 45.398891421266114], [127.65130101088755, 45.40212119804093]]]}, "properties": {"biomass": 117.46183013916016}}, {"type": "Feature", "geometry": {"type": "Polygon", "coordinates": [[[127.65588574501136, 45.40193399672788], [127.6604704340605, 45.401746611986574], [127.66020433030435, 45.39851687716063], [127.65561990072223, 45.3987042409173], [127.65588574501136, 45.40193399672788]]]}, "properties": {"biomass": 112.27259826660156}}, {"type": "Feature", "geometry": {"type": "Polygon", "coordinates": [[[127.6604704340605, 45.401746611986574], [127.66505507799135, 45.401559043821806], [127.6647887147776, 45.398329330000884], [127.66020433030435, 45.39851687716063], [127.6604704340605, 45.401746611986574]]]}, "properties": {"biomass": 111.5207748413086}}, {"type": "Feature", "geometry": {"type": "Polygon", "coordinates": [[[127.66505507799135, 45.401559043821806], [127.66963967676038, 45.4013712922383], [127.66937305409837, 45.39814159944282], [127.6647887147776, 45.398329330000884], [127.66505507799135, 45.401559043821806]]]}, "properties": {"biomass": 163.37611389160156}}, {"type": "Feature", "geometry": {"type": "Polygon", "coordinates": [[[127.66963967676038, 45.4013712922383], [127.67422423032397, 45.40118335724088], [127.67395734822307, 45.39795368549123], [127.66937305409837, 45.39814159944282], [127.66963967676038, 45.4013712922383]]]}, "properties": {"biomass": 154.89804077148438}}, {"type": "Feature", "geometry": {"type": "Polygon", "coordinates": [[[127.67422423032397, 45.40118335724088], [127.6788087386385, 45.400995238834284], [127.67854159710815, 45.39776558815089], [127.67395734822307, 45.39795368549123], [127.67422423032397, 45.40118335724088]]]}, "properties": {"biomass": 164.55642700195312}}, {"type": "Feature", "geometry": {"type": "Polygon", "coordinates": [[[127.6788087386385, 45.400995238834284], [127.68339320166042, 45.400806937023326], [127.68312580071, 45.39757730742656], [127.67854159710815, 45.39776558815089], [127.6788087386385, 45.400995238834284]]]}, "properties": {"biomass": 137.7120819091797}}, {"type": "Feature", "geometry": {"type": "Polygon", "coordinates": [[[127.68339320166042, 45.400806937023326], [127.68797761934611, 45.400618451812775], [127.68770995898504, 45.39738884332305], [127.68312580071, 45.39757730742656], [127.68339320166042, 45.400806937023326]]]}, "properties": {"biomass": 146.63328552246094}}, {"type": "Feature", "geometry": {"type": "Polygon", "coordinates": [[[127.68797761934611, 45.400618451812775], [127.69256199165204, 45.40042978320744], [127.69229407188973, 45.397200195845144], [127.68770995898504, 45.39738884332305], [127.68797761934611, 45.400618451812775]]]}, "properties": {"biomass": 166.41091918945312}}, {"type": "Feature", "geometry": {"type": "Polygon", "coordinates": [[[127.50430870385611, 45.40478432481014], [127.50889459756196, 45.40460301600104], [127.50863710477878, 45.401372596482254], [127.50405147080038, 45.40155388498282], [127.50430870385611, 45.40478432481014]]]}, "properties": {"biomass": 190.7427520751953}}, {"type": "Feature", "geometry": {"type": "Polygon", "coordinates": [[[127.50889459756196, 45.40460301600104], [127.51348044759882, 45.40442152363403], [127.51322269509726, 45.40119112444421], [127.50863710477878, 45.401372596482254], [127.50889459756196, 45.40460301600104]]]}, "properties": {"biomass": 169.43408203125}}, {"type": "Feature", "geometry": {"type": "Polygon", "coordinates": [[[127.51348044759882, 45.40442152363403], [127.51806625392295, 45.404239847713704], [127.51780824171207, 45.401009468873305], [127.51322269509726, 45.40119112444421], [127.51348044759882, 45.40442152363403]]]}, "properties": {"biomass": 145.4476776123047}}, {"type": "Feature", "geometry": {"type": "Polygon", "coordinates": [[[127.51806625392295, 45.404239847713704], [127.52265201649072, 45.40405798824472], [127.5223937445796, 45.400827629774156], [127.51780824171207, 45.401009468873305], [127.51806625392295, 45.404239847713704]]]}, "properties": {"biomass": 203.88583374023438}}, {"type": "Feature", "geometry": {"type": "Polygon", "coordinates": [[[127.52265201649072, 45.40405798824472], [127.52723773525847, 45.4038759452317], [127.52697920365623, 45.40064560715137], [127.5223937445796, 45.400827629774156], [127.52265201649072, 45.40405798824472]]]}, "properties": {"biomass": 174.17385864257812}}, {"type": "Feature", "geometry": {"type": "Polygon", "coordinates": [[[127.52723773525847, 45.4038759452317], [127.53182341018248, 45.40369371867925], [127.53156461889824, 45.400463401009624], [127.52697920365623, 45.40064560715137], [127.52723773525847, 45.4038759452317]]]}, "properties": {"biomass": 150.51632690429688}}, {"type": "Feature", "geometry": {"type": "Polygon", "coordinates": [[[127.53182341018248, 45.40369371867925], [127.53640904121913, 45.40351130859203], [127.53614999026198, 45.400281011353506], [127.53156461889824, 45.400463401009624], [127.53182341018248, 45.40369371867925]]]}, "properties": {"biomass": 152.00946044921875}}, {"type": "Feature", "geometry": {"type": "Polygon", "coordinates": [[[127.53640904121913, 45.40351130859203], [127.54099462832475, 45.40332871497468], [127.5407353177038, 45.40009843818769], [127.53614999026198, 45.400281011353506], [127.53640904121913, 45.40351130859203]]]}, "properties": {"biomass": 154.71340942382812}}, {"type": "Feature", "geometry": {"type": "Polygon", "coordinates": [[[127.54099462832475, 45.40332871497468], [127.54558017145567, 45.40314593783183], [127.5453206011801, 45.39991568151681], [127.5407353177038, 45.40009843818769], [127.54099462832475, 45.40332871497468]]]}, "properties": {"biomass": 207.49037170410156}}, {"type": "Feature", "geometry": {"type": "Polygon", "coordinates": [[[127.54558017145567, 45.40314593783183], [127.55016567056822, 45.402962977168144], [127.54990584064716, 45.3997327413455], [127.5453206011801, 45.39991568151681], [127.54558017145567, 45.40314593783183]]]}, "properties": {"biomass": 250.64035034179688}}, {"type": "Feature", "geometry": {"type": "Polygon", "coordinates": [[[127.59143317455352, 45.40130807352693], [127.59601823108204, 45.401123277911665], [127.59575580521073, 45.397893248135944], [127.5911710082358, 45.398078023054644], [127.59143317455352, 45.40130807352693]]]}, "properties": {"biomass": 151.00331115722656}}, {"type": "Feature", "geometry": {"type": "Polygon", "coordinates": [[[127.59601823108204, 45.401123277911665], [127.60060324311218, 45.40093829882702], [127.60034055769653, 45.39770828976829], [127.59575580521073, 45.397893248135944], [127.59601823108204, 45.401123277911665]]]}, "properties": {"biomass": 204.97494506835938}}, {"type": "Feature", "geometry": {"type": "Polygon", "coordinates": [[[127.60060324311218, 45.40093829882702], [127.60518821060029, 45.4007531362777], [127.60492526564953, 45.39752314795636], [127.60034055769653, 45.39770828976829], [127.60060324311218, 45.40093829882702]]]}, "properties": {"biomass": 167.9058380126953}}, {"type": "Feature", "geometry": {"type": "Polygon", "coordinates": [[[127.60518821060029, 45.4007531362777], [127.60977313350276, 45.40056779026842], [127.60950992902617, 45.39733782270489], [127.60492526564953, 45.39752314795636], [127.60518821060029, 45.4007531362777]]]}, "properties": {"biomass": 154.27926635742188}}, {"type": "Feature", "geometry": {"type": "Polygon", "coordinates": [[[127.60977313350276, 45.40056779026842], [127.61435801177598, 45.400382260803894], [127.6140945477828, 45.39715231401858], [127.60950992902617, 45.39733782270489], [127.60977313350276, 45.40056779026842]]]}, "properties": {"biomass": 147.41412353515625}}, {"type": "Feature", "geometry": {"type": "Polygon", "coordinates": [[[127.61435801177598, 45.400382260803894], [127.61894284537628, 45.40019654788885], [127.61867912187581, 45.39696662190216], [127.6140945477828, 45.39715231401858], [127.61435801177598, 45.400382260803894]]]}, "properties": {"biomass": 131.39849853515625}}, {"type": "Feature", "geometry": {"type": "Polygon", "coordinates": [[[127.61894284537628, 45.40019654788885], [127.62352763426014, 45.400010651528], [127.62326365126165, 45.396780746360335], [127.61867912187581, 45.39696662190216], [127.61894284537628, 45.40019654788885]]]}, "properties": {"biomass": 124.03846740722656}}, {"type": "Feature", "geometry": {"type": "Polygon", "coordinates": [[[127.62352763426014, 45.400010651528], [127.62811237838386, 45.399824571726064], [127.62784813589667, 45.396594687397844], [127.62326365126165, 45.396780746360335], [127.62352763426014, 45.400010651528]]]}, "properties": {"biomass": 91.60220336914062}}, {"type": "Feature", "geometry": {"type": "Polygon", "coordinates": [[[127.62811237838386, 45.399824571726064], [127.63269707770388, 45.3996383084878], [127.63243257573727, 45.396408445019425], [127.62784813589667, 45.396594687397844], [127.62811237838386, 45.399824571726064]]]}, "properties": {"biomass": 91.20272064208984}}, {"type": "Feature", "geometry": {"type": "Polygon", "coordinates": [[[127.63269707770388, 45.3996383084878], [127.63728173217658, 45.39945186181791], [127.63701697073988, 45.396222019229796], [127.63243257573727, 45.396408445019425], [127.63269707770388, 45.3996383084878]]]}, "properties": {"biomass": 91.0943374633789}}, {"type": "Feature", "geometry": {"type": "Polygon", "coordinates": [[[127.63728173217658, 45.39945186181791], [127.64186634175836, 45.39926523172117], [127.64160132086089, 45.396035410033726], [127.63701697073988, 45.396222019229796], [127.63728173217658, 45.39945186181791]]]}, "properties": {"biomass": 96.87850952148438}}, {"type": "Feature", "geometry": {"type": "Polygon", "coordinates": [[[127.64186634175836, 45.39926523172117], [127.64645090640562, 45.39907841820232], [127.64618562605669, 45.395848617435945], [127.64160132086089, 45.396035410033726], [127.64186634175836, 45.39926523172117]]]}, "properties": {"biomass": 120.05007934570312}}, {"type": "Feature", "geometry": {"type": "Polygon", "coordinates": [[[127.64645090640562, 45.39907841820232], [127.65103542607478, 45.398891421266114], [127.65076988628374, 45.395661641441194], [127.64618562605669, 45.395848617435945], [127.64645090640562, 45.39907841820232]]]}, "properties": {"biomass": 147.21009826660156}}, {"type": "Feature", "geometry": {"type": "Polygon", "coordinates": [[[127.65103542607478, 45.398891421266114], [127.65561990072223, 45.3987042409173], [127.65535410149839, 45.39547448205424], [127.65076988628374, 45.395661641441194], [127.65103542607478, 45.398891421266114]]]}, "properties": {"biomass": 143.2540740966797}}, {"type": "Feature", "geometry": {"type": "Polygon", "coordinates": [[[127.65561990072223, 45.3987042409173], [127.66020433030435, 45.39851687716063], [127.65993827165714, 45.39528713927985], [127.65535410149839, 45.39547448205424], [127.65561990072223, 45.3987042409173]]]}, "properties": {"biomass": 133.82122802734375}}, {"type": "Feature", "geometry": {"type": "Polygon", "coordinates": [[[127.66020433030435, 45.39851687716063], [127.6647887147776, 45.398329330000884], [127.66452239671632, 45.39509961312278], [127.65993827165714, 45.39528713927985], [127.66020433030435, 45.39851687716063]]]}, "properties": {"biomass": 120.21409606933594}}, {"type": "Feature", "geometry": {"type": "Polygon", "coordinates": [[[127.6647887147776, 45.398329330000884], [127.66937305409837, 45.39814159944282], [127.66910647663242, 45.39491190358779], [127.66452239671632, 45.39509961312278], [127.6647887147776, 45.398329330000884]]]}, "properties": {"biomass": 122.43618774414062}}, {"type": "Feature", "geometry": {"type": "Polygon", "coordinates": [[[127.66937305409837, 45.39814159944282], [127.67395734822307, 45.39795368549123], [127.67369051136185, 45.39472401067967], [127.66910647663242, 45.39491190358779], [127.66937305409837, 45.39814159944282]]]}, "properties": {"biomass": 123.60263061523438}}, {"type": "Feature", "geometry": {"type": "Polygon", "coordinates": [[[127.67395734822307, 45.39795368549123], [127.67854159710815, 45.39776558815089], [127.67827450086102, 45.39453593440317], [127.67369051136185, 45.39472401067967], [127.67395734822307, 45.39795368549123]]]}, "properties": {"biomass": 136.2576446533203}}, {"type": "Feature", "geometry": {"type": "Polygon", "coordinates": [[[127.67854159710815, 45.39776558815089], [127.68312580071, 45.39757730742656], [127.68285844508637, 45.39434767476311], [127.67827450086102, 45.39453593440317], [127.67854159710815, 45.39776558815089]]]}, "properties": {"biomass": 143.78260803222656}}, {"type": "Feature", "geometry": {"type": "Polygon", "coordinates": [[[127.68312580071, 45.39757730742656], [127.68770995898504, 45.39738884332305], [127.68744234399435, 45.39415923176426], [127.68285844508637, 45.39434767476311], [127.68312580071, 45.39757730742656]]]}, "properties": {"biomass": 148.5687255859375}}, {"type": "Feature", "geometry": {"type": "Polygon", "coordinates": [[[127.68770995898504, 45.39738884332305], [127.69229407188973, 45.397200195845144], [127.69202619754137, 45.39397060541141], [127.68744234399435, 45.39415923176426], [127.68770995898504, 45.39738884332305]]]}, "properties": {"biomass": 173.163818359375}}, {"type": "Feature", "geometry": {"type": "Polygon", "coordinates": [[[127.50405147080038, 45.40155388498282], [127.50863710477878, 45.401372596482254], [127.50837965565556, 45.3981421739857], [127.50379428136095, 45.39832344218001], [127.50405147080038, 45.40155388498282]]]}, "properties": {"biomass": 176.56185913085938}}, {"type": "Feature", "geometry": {"type": "Polygon", "coordinates": [[[127.50863710477878, 45.401372596482254], [127.51322269509726, 45.40119112444421], [127.5129649862993, 45.397960722274334], [127.50837965565556, 45.3981421739857], [127.50863710477878, 45.401372596482254]]]}, "properties": {"biomass": 165.2700653076172}}, {"type": "Feature", "geometry": {"type": "Polygon", "coordinates": [[[127.51322269509726, 45.40119112444421], [127.51780824171207, 45.401009468873305], [127.51755027324846, 45.39777908705054], [127.5129649862993, 45.397960722274334], [127.51322269509726, 45.40119112444421]]]}, "properties": {"biomass": 134.06881713867188}}, {"type": "Feature", "geometry": {"type": "Polygon", "coordinates": [[[127.51780824171207, 45.401009468873305], [127.5223937445796, 45.400827629774156], [127.52213551645946, 45.39759726831892], [127.51755027324846, 45.39777908705054], [127.51780824171207, 45.401009468873305]]]}, "properties": {"biomass": 189.5249481201172}}, {"type": "Feature", "geometry": {"type": "Polygon", "coordinates": [[[127.5223937445796, 45.400827629774156], [127.52697920365623, 45.40064560715137], [127.5267207158886, 45.3974152660841], [127.52213551645946, 45.39759726831892], [127.5223937445796, 45.400827629774156]]]}, "properties": {"biomass": 169.90240478515625}}, {"type": "Feature", "geometry": {"type": "Polygon", "coordinates": [[[127.52697920365623, 45.40064560715137], [127.53156461889824, 45.400463401009624], [127.53130587149224, 45.39723308035072], [127.5267207158886, 45.3974152660841], [127.52697920365623, 45.40064560715137]]]}, "properties": {"biomass": 168.57620239257812}}, {"type": "Feature", "geometry": {"type": "Polygon", "coordinates": [[[127.53156461889824, 45.400463401009624], [127.53614999026198, 45.400281011353506], [127.53589098322674, 45.39705071112343], [127.53130587149224, 45.39723308035072], [127.53156461889824, 45.400463401009624]]]}, "properties": {"biomass": 169.2310791015625}}, {"type": "Feature", "geometry": {"type": "Polygon", "coordinates": [[[127.53614999026198, 45.400281011353506], [127.5407353177038, 45.40009843818769], [127.54047605104844, 45.39686815840683], [127.53589098322674, 45.39705071112343], [127.53614999026198, 45.400281011353506]]]}, "properties": {"biomass": 142.53521728515625}}, {"type": "Feature", "geometry": {"type": "Polygon", "coordinates": [[[127.5407353177038, 45.40009843818769], [127.5453206011801, 45.39991568151681], [127.54506107491373, 45.39668542220561], [127.54047605104844, 45.39686815840683], [127.5407353177038, 45.40009843818769]]]}, "properties": {"biomass": 168.99664306640625}}, {"type": "Feature", "geometry": {"type": "Polygon", "coordinates": [[[127.5453206011801, 45.39991568151681], [127.54990584064716, 45.3997327413455], [127.54964605477893, 45.39650250252438], [127.54506107491373, 45.39668542220561], [127.5453206011801, 45.39991568151681]]]}, "properties": {"biomass": 194.56527709960938}}, {"type": "Feature", "geometry": {"type": "Polygon", "coordinates": [[[127.5911710082358, 45.398078023054644], [127.59575580521073, 45.397893248135944], [127.5954934238286, 45.39466321533854], [127.59090888636362, 45.394847969562996], [127.5911710082358, 45.398078023054644]]]}, "properties": {"biomass": 166.36915588378906}}, {"type": "Feature", "geometry": {"type": "Polygon", "coordinates": [[[127.59575580521073, 45.397893248135944], [127.60034055769653, 45.39770828976829], [127.60007791681365, 45.39447827768552], [127.5954934238286, 45.39466321533854], [127.59575580521073, 45.397893248135944]]]}, "properties": {"biomass": 185.0520782470703}}, {"type": "Feature", "geometry": {"type": "Polygon", "coordinates": [[[127.60034055769653, 45.39770828976829], [127.60492526564953, 45.39752314795636], [127.60466236527516, 45.39429315660867], [127.60007791681365, 45.39447827768552], [127.60034055769653, 45.39770828976829]]]}, "properties": {"biomass": 152.5361328125}}, {"type": "Feature", "geometry": {"type": "Polygon", "coordinates": [[[127.60492526564953, 45.39752314795636], [127.60950992902617, 45.39733782270489], [127.60924676916956, 45.39410785211266], [127.60466236527516, 45.39429315660867], [127.60492526564953, 45.39752314795636]]]}, "properties": {"biomass": 157.0140380859375}}, {"type": "Feature", "geometry": {"type": "Polygon", "coordinates": [[[127.60950992902617, 45.39733782270489], [127.6140945477828, 45.39715231401858], [127.61383112845326, 45.39392236420223], [127.60924676916956, 45.39410785211266], [127.60950992902617, 45.39733782270489]]]}, "properties": {"biomass": 157.04310607910156}}, {"type": "Feature", "geometry": {"type": "Polygon", "coordinates": [[[127.6140945477828, 45.39715231401858], [127.61867912187581, 45.39696662190216], [127.61841544308258, 45.39373669288207], [127.61383112845326, 45.39392236420223], [127.6140945477828, 45.39715231401858]]]}, "properties": {"biomass": 141.2599334716797}}, {"type": "Feature", "geometry": {"type": "Polygon", "coordinates": [[[127.61867912187581, 45.39696662190216], [127.62326365126165, 45.396780746360335], [127.62299971301398, 45.393550838156955], [127.61841544308258, 45.39373669288207], [127.61867912187581, 45.39696662190216]]]}, "properties": {"biomass": 111.93622589111328}}, {"type": "Feature", "geometry": {"type": "Polygon", "coordinates": [[[127.62326365126165, 45.396780746360335], [127.62784813589667, 45.396594687397844], [127.62758393820387, 45.393364800031556], [127.62299971301398, 45.393550838156955], [127.62326365126165, 45.396780746360335]]]}, "properties": {"biomass": 91.1835708618164}}, {"type": "Feature", "geometry": {"type": "Polygon", "coordinates": [[[127.62784813589667, 45.396594687397844], [127.63243257573727, 45.396408445019425], [127.63216811860869, 45.393178578510636], [127.62758393820387, 45.393364800031556], [127.62784813589667, 45.396594687397844]]]}, "properties": {"biomass": 91.00262451171875}}, {"type": "Feature", "geometry": {"type": "Polygon", "coordinates": [[[127.63243257573727, 45.396408445019425], [127.63701697073988, 45.396222019229796], [127.63675225418477, 45.39299217359892], [127.63216811860869, 45.393178578510636], [127.63243257573727, 45.396408445019425]]]}, "properties": {"biomass": 87.46389770507812}}, {"type": "Feature", "geometry": {"type": "Polygon", "coordinates": [[[127.63701697073988, 45.396222019229796], [127.64160132086089, 45.396035410033726], [127.64133634488857, 45.39280558530114], [127.63675225418477, 45.39299217359892], [127.63701697073988, 45.396222019229796]]]}, "properties": {"biomass": 103.2859878540039}}, {"type": "Feature", "geometry": {"type": "Polygon", "coordinates": [[[127.64160132086089, 45.396035410033726], [127.64618562605669, 45.395848617435945], [127.64592039067654, 45.392618813622065], [127.64133634488857, 45.39280558530114], [127.64160132086089, 45.396035410033726]]]}, "properties": {"biomass": 121.03450775146484}}, {"type": "Feature", "geometry": {"type": "Polygon", "coordinates": [[[127.64618562605669, 45.395848617435945], [127.65076988628374, 45.395661641441194], [127.65050439150504, 45.392431858566425], [127.64592039067654, 45.392618813622065], [127.64618562605669, 45.395848617435945]]]}, "properties": {"biomass": 166.5146484375}}, {"type": "Feature", "geometry": {"type": "Polygon", "coordinates": [[[127.65076988628374, 45.395661641441194], [127.65535410149839, 45.39547448205424], [127.65508834733053, 45.39224472013899], [127.65050439150504, 45.392431858566425], [127.65076988628374, 45.395661641441194]]]}, "properties": {"biomass": 167.84890747070312}}, {"type": "Feature", "geometry": {"type": "Polygon", "coordinates": [[[127.65535410149839, 45.39547448205424], [127.65993827165714, 45.39528713927985], [127.65967225810941, 45.39205739834449], [127.65508834733053, 45.39224472013899], [127.65535410149839, 45.39547448205424]]]}, "properties": {"biomass": 142.1515350341797}}, {"type": "Feature", "geometry": {"type": "Polygon", "coordinates": [[[127.65993827165714, 45.39528713927985], [127.66452239671632, 45.39509961312278], [127.66425612379817, 45.39186989318773], [127.65967225810941, 45.39205739834449], [127.65993827165714, 45.39528713927985]]]}, "properties": {"biomass": 130.81658935546875}}, {"type": "Feature", "geometry": {"type": "Polygon", "coordinates": [[[127.66452239671632, 45.39509961312278], [127.66910647663242, 45.39491190358779], [127.66883994435315, 45.391682204673444], [127.66425612379817, 45.39186989318773], [127.66452239671632, 45.39509961312278]]]}, "properties": {"biomass": 128.58944702148438}}, {"type": "Feature", "geometry": {"type": "Polygon", "coordinates": [[[127.66910647663242, 45.39491190358779], [127.67369051136185, 45.39472401067967], [127.67342371973086, 45.39149433280642], [127.66883994435315, 45.391682204673444], [127.66910647663242, 45.39491190358779]]]}, "properties": {"biomass": 130.79400634765625}}, {"type": "Feature", "geometry": {"type": "Polygon", "coordinates": [[[127.67369051136185, 45.39472401067967], [127.67827450086102, 45.39453593440317], [127.6780074498877, 45.391306277591426], [127.67342371973086, 45.39149433280642], [127.67369051136185, 45.39472401067967]]]}, "properties": {"biomass": 169.83274841308594}}, {"type": "Feature", "geometry": {"type": "Polygon", "coordinates": [[[127.67827450086102, 45.39453593440317], [127.68285844508637, 45.39434767476311], [127.68259113478014, 45.39111803903326], [127.6780074498877, 45.391306277591426], [127.67827450086102, 45.39453593440317]]]}, "properties": {"biomass": 187.7818603515625}}, {"type": "Feature", "geometry": {"type": "Polygon", "coordinates": [[[127.68285844508637, 45.39434767476311], [127.68744234399435, 45.39415923176426], [127.68717477436458, 45.39092961713669], [127.68259113478014, 45.39111803903326], [127.68285844508637, 45.39434767476311]]]}, "properties": {"biomass": 153.50357055664062}}, {"type": "Feature", "geometry": {"type": "Polygon", "coordinates": [[[127.4946234019937, 45.39868542799901], [127.4992088634591, 45.39850452685264], [127.49895197727606, 45.39527406079106], [127.49436677546892, 45.39545494167431], [127.4946234019937, 45.39868542799901]]]}, "properties": {"biomass": 171.6337432861328}}, {"type": "Feature", "geometry": {"type": "Polygon", "coordinates": [[[127.4992088634591, 45.39850452685264], [127.50379428136095, 45.39832344218001], [127.50353713552873, 45.39509299640195], [127.49895197727606, 45.39527406079106], [127.4992088634591, 45.39850452685264]]]}, "properties": {"biomass": 167.40005493164062}}, {"type": "Feature", "geometry": {"type": "Polygon", "coordinates": [[[127.50379428136095, 45.39832344218001], [127.50837965565556, 45.3981421739857], [127.5081222501832, 45.3949117485116], [127.50353713552873, 45.39509299640195], [127.50379428136095, 45.39832344218001]]]}, "properties": {"biomass": 179.06057739257812}}, {"type": "Feature", "geometry": {"type": "Polygon", "coordinates": [[[127.50837965565556, 45.3981421739857], [127.5129649862993, 45.397960722274334], [127.51270732119588, 45.39473031712464], [127.5081222501832, 45.3949117485116], [127.50837965565556, 45.3981421739857]]]}, "properties": {"biomass": 162.9737091064453}}, {"type": "Feature", "geometry": {"type": "Polygon", "coordinates": [[[127.5129649862993, 45.397960722274334], [127.51755027324846, 45.39777908705054], [127.51729234852306, 45.39454870224564], [127.51270732119588, 45.39473031712464], [127.5129649862993, 45.397960722274334]]]}, "properties": {"biomass": 133.87774658203125}}, {"type": "Feature", "geometry": {"type": "Polygon", "coordinates": [[[127.51755027324846, 45.39777908705054], [127.52213551645946, 45.39759726831892], [127.52187733212115, 45.394366903879266], [127.51729234852306, 45.39454870224564], [127.51755027324846, 45.39777908705054]]]}, "properties": {"biomass": 170.482666015625}}, {"type": "Feature", "geometry": {"type": "Polygon", "coordinates": [[[127.52213551645946, 45.39759726831892], [127.5267207158886, 45.3974152660841], [127.52646227194647, 45.39418492203012], [127.52187733212115, 45.394366903879266], [127.52213551645946, 45.39759726831892]]]}, "properties": {"biomass": 169.29754638671875}}, {"type": "Feature", "geometry": {"type": "Polygon", "coordinates": [[[127.5267207158886, 45.3974152660841], [127.53130587149224, 45.39723308035072], [127.53104716795539, 45.39400275670283], [127.52646227194647, 45.39418492203012], [127.5267207158886, 45.3974152660841]]]}, "properties": {"biomass": 175.4725799560547}}, {"type": "Feature", "geometry": {"type": "Polygon", "coordinates": [[[127.53130587149224, 45.39723308035072], [127.53589098322674, 45.39705071112343], [127.5356320201043, 45.39382040790203], [127.53104716795539, 45.39400275670283], [127.53130587149224, 45.39723308035072]]]}, "properties": {"biomass": 162.17567443847656}}, {"type": "Feature", "geometry": {"type": "Polygon", "coordinates": [[[127.53589098322674, 45.39705071112343], [127.54047605104844, 45.39686815840683], [127.54021682834951, 45.39363787563238], [127.5356320201043, 45.39382040790203], [127.53589098322674, 45.39705071112343]]]}, "properties": {"biomass": 145.34231567382812}}, {"type": "Feature", "geometry": {"type": "Polygon", "coordinates": [[[127.54047605104844, 45.39686815840683], [127.54506107491373, 45.39668542220561], [127.54480159264745, 45.3934551598985], [127.54021682834951, 45.39363787563238], [127.54047605104844, 45.39686815840683]]]}, "properties": {"biomass": 169.46746826171875}}, {"type": "Feature", "geometry": {"type": "Polygon", "coordinates": [[[127.54506107491373, 45.39668542220561], [127.54964605477893, 45.39650250252438], [127.54938631295441, 45.39327226070503], [127.54480159264745, 45.3934551598985], [127.54506107491373, 45.39668542220561]]]}, "properties": {"biomass": 175.43011474609375}}, {"type": "Feature", "geometry": {"type": "Polygon", "coordinates": [[[127.54964605477893, 45.39650250252438], [127.55423099060043, 45.396319399367826], [127.55397098922685, 45.393089178056655], [127.54938631295441, 45.39327226070503], [127.54964605477893, 45.39650250252438]]]}, "properties": {"biomass": 177.73435974121094}}, {"type": "Feature", "geometry": {"type": "Polygon", "coordinates": [[[127.58173967816836, 45.395216927707466], [127.58632430446234, 45.395032540354215], [127.58606248650204, 45.39180246317197], [127.58147811969289, 45.39198682987414], [127.58173967816836, 45.395216927707466]]]}, "properties": {"biomass": 184.22552490234375}}, {"type": "Feature", "geometry": {"type": "Polygon", "coordinates": [[[127.58632430446234, 45.395032540354215], [127.59090888636362, 45.394847969562996], [127.59064680892776, 45.39161791305225], [127.58606248650204, 45.39180246317197], [127.58632430446234, 45.395032540354215]]]}, "properties": {"biomass": 182.55731201171875}}, {"type": "Feature", "geometry": {"type": "Polygon", "coordinates": [[[127.59090888636362, 45.394847969562996], [127.5954934238286, 45.39466321533854], [127.59523108692636, 45.391433179519694], [127.59064680892776, 45.39161791305225], [127.59090888636362, 45.394847969562996]]]}, "properties": {"biomass": 177.25909423828125}}, {"type": "Feature", "geometry": {"type": "Polygon", "coordinates": [[[127.5954934238286, 45.39466321533854], [127.60007791681365, 45.39447827768552], [127.5998153204543, 45.39124826257899], [127.59523108692636, 45.391433179519694], [127.5954934238286, 45.39466321533854]]]}, "properties": {"biomass": 179.02178955078125}}, {"type": "Feature", "geometry": {"type": "Polygon", "coordinates": [[[127.60007791681365, 45.39447827768552], [127.60466236527516, 45.39429315660867], [127.60439950946794, 45.391063162234865], [127.5998153204543, 45.39124826257899], [127.60007791681365, 45.39447827768552]]]}, "properties": {"biomass": 153.124755859375}}, {"type": "Feature", "geometry": {"type": "Polygon", "coordinates": [[[127.60466236527516, 45.39429315660867], [127.60924676916956, 45.39410785211266], [127.6089836539237, 45.39087787849199], [127.60439950946794, 45.391063162234865], [127.60466236527516, 45.39429315660867]]]}, "properties": {"biomass": 139.78048706054688}}, {"type": "Feature", "geometry": {"type": "Polygon", "coordinates": [[[127.60924676916956, 45.39410785211266], [127.61383112845326, 45.39392236420223], [127.61356775377801, 45.39069241135508], [127.6089836539237, 45.39087787849199], [127.60924676916956, 45.39410785211266]]]}, "properties": {"biomass": 133.30406188964844}}, {"type": "Feature", "geometry": {"type": "Polygon", "coordinates": [[[127.61383112845326, 45.39392236420223], [127.61841544308258, 45.39373669288207], [127.61815180898725, 45.390506760828885], [127.61356775377801, 45.39069241135508], [127.61383112845326, 45.39392236420223]]]}, "properties": {"biomass": 102.26020812988281}}, {"type": "Feature", "geometry": {"type": "Polygon", "coordinates": [[[127.61841544308258, 45.39373669288207], [127.62299971301398, 45.393550838156955], [127.62273581950785, 45.3903209269181], [127.61815180898725, 45.390506760828885], [127.61841544308258, 45.39373669288207]]]}, "properties": {"biomass": 93.7625961303711}}, {"type": "Feature", "geometry": {"type": "Polygon", "coordinates": [[[127.62299971301398, 45.393550838156955], [127.62758393820387, 45.393364800031556], [127.62731978529621, 45.39013490962745], [127.62273581950785, 45.3903209269181], [127.62299971301398, 45.393550838156955]]]}, "properties": {"biomass": 88.37512969970703}}, {"type": "Feature", "geometry": {"type": "Polygon", "coordinates": [[[127.62758393820387, 45.393364800031556], [127.63216811860869, 45.393178578510636], [127.63190370630878, 45.38994870896168], [127.62731978529621, 45.39013490962745], [127.62758393820387, 45.393364800031556]]]}, "properties": {"biomass": 97.93026733398438}}, {"type": "Feature", "geometry": {"type": "Polygon", "coordinates": [[[127.63216811860869, 45.393178578510636], [127.63675225418477, 45.39299217359892], [127.63648758250193, 45.38976232492552], [127.63190370630878, 45.38994870896168], [127.63216811860869, 45.393178578510636]]]}, "properties": {"biomass": 94.65467071533203}}, {"type": "Feature", "geometry": {"type": "Polygon", "coordinates": [[[127.63675225418477, 45.39299217359892], [127.64133634488857, 45.39280558530114], [127.64107141383214, 45.389575757523694], [127.63648758250193, 45.38976232492552], [127.63675225418477, 45.39299217359892]]]}, "properties": {"biomass": 104.0491943359375}}, {"type": "Feature", "geometry": {"type": "Polygon", "coordinates": [[[127.64133634488857, 45.39280558530114], [127.64592039067654, 45.392618813622065], [127.6456552002558, 45.38938900676098], [127.64107141383214, 45.389575757523694], [127.64133634488857, 45.39280558530114]]]}, "properties": {"biomass": 128.9324951171875}}, {"type": "Feature", "geometry": {"type": "Polygon", "coordinates": [[[127.64592039067654, 45.392618813622065], [127.65050439150504, 45.392431858566425], [127.65023894172937, 45.389202072642085], [127.6456552002558, 45.38938900676098], [127.64592039067654, 45.392618813622065]]]}, "properties": {"biomass": 154.26332092285156}}, {"type": "Feature", "geometry": {"type": "Polygon", "coordinates": [[[127.65050439150504, 45.392431858566425], [127.65508834733053, 45.39224472013899], [127.65482263820924, 45.389014955171795], [127.65023894172937, 45.389202072642085], [127.65050439150504, 45.392431858566425]]]}, "properties": {"biomass": 178.05715942382812}}, {"type": "Feature", "geometry": {"type": "Polygon", "coordinates": [[[127.65508834733053, 45.39224472013899], [127.65967225810941, 45.39205739834449], [127.65940628965188, 45.388827654354856], [127.65482263820924, 45.389014955171795], [127.65508834733053, 45.39224472013899]]]}, "properties": {"biomass": 158.5535430908203}}, {"type": "Feature", "geometry": {"type": "Polygon", "coordinates": [[[127.65967225810941, 45.39205739834449], [127.66425612379817, 45.39186989318773], [127.66398989601372, 45.388640170196005], [127.65940628965188, 45.388827654354856], [127.65967225810941, 45.39205739834449]]]}, "properties": {"biomass": 156.57652282714844}}, {"type": "Feature", "geometry": {"type": "Polygon", "coordinates": [[[127.66425612379817, 45.39186989318773], [127.66883994435315, 45.391682204673444], [127.66857345725117, 45.38845250270007], [127.66398989601372, 45.388640170196005], [127.66425612379817, 45.39186989318773]]]}, "properties": {"biomass": 141.17747497558594}}, {"type": "Feature", "geometry": {"type": "Polygon", "coordinates": [[[127.66883994435315, 45.391682204673444], [127.67342371973086, 45.39149433280642], [127.67315697332073, 45.38826465187178], [127.66857345725117, 45.38845250270007], [127.66883994435315, 45.391682204673444]]]}, "properties": {"biomass": 148.2085723876953}}, {"type": "Feature", "geometry": {"type": "Polygon", "coordinates": [[[127.47602553356829, 45.39617663005689], [127.48061090915692, 45.395996483242996], [127.48035510504091, 45.392765933287976], [127.47576998910296, 45.39294605992276], [127.47602553356829, 45.39617663005689]]]}, "properties": {"biomass": 224.16224670410156}}, {"type": "Feature", "geometry": {"type": "Polygon", "coordinates": [[[127.49436677546892, 45.39545494167431], [127.49895197727606, 45.39527406079106], [127.49869513464758, 45.392043591756774], [127.49411019245498, 45.3922244523792], [127.49436677546892, 45.39545494167431]]]}, "properties": {"biomass": 123.70645904541016}}, {"type": "Feature", "geometry": {"type": "Polygon", "coordinates": [[[127.49895197727606, 45.39527406079106], [127.50353713552873, 45.39509299640195], [127.50328003329469, 45.39186254764891], [127.49869513464758, 45.392043591756774], [127.49895197727606, 45.39527406079106]]]}, "properties": {"biomass": 134.52391052246094}}, {"type": "Feature", "geometry": {"type": "Polygon", "coordinates": [[[127.50353713552873, 45.39509299640195], [127.5081222501832, 45.3949117485116], [127.50786488835267, 45.39168132006025], [127.50328003329469, 45.39186254764891], [127.50353713552873, 45.39509299640195]]]}, "properties": {"biomass": 148.45062255859375}}, {"type": "Feature", "geometry": {"type": "Polygon", "coordinates": [[[127.5081222501832, 45.3949117485116], [127.51270732119588, 45.39473031712464], [127.51244969977793, 45.39149990899538], [127.50786488835267, 45.39168132006025], [127.5081222501832, 45.3949117485116]]]}, "properties": {"biomass": 150.02227783203125}}, {"type": "Feature", "geometry": {"type": "Polygon", "coordinates": [[[127.51270732119588, 45.39473031712464], [127.51729234852306, 45.39454870224564], [127.51703446752677, 45.39131831445892], [127.51244969977793, 45.39149990899538], [127.51270732119588, 45.39473031712464]]]}, "properties": {"biomass": 149.4915313720703}}, {"type": "Feature", "geometry": {"type": "Polygon", "coordinates": [[[127.51729234852306, 45.39454870224564], [127.52187733212115, 45.394366903879266], [127.52161919155559, 45.39113653645547], [127.51703446752677, 45.39131831445892], [127.51729234852306, 45.39454870224564]]]}, "properties": {"biomass": 213.62469482421875}}, {"type": "Feature", "geometry": {"type": "Polygon", "coordinates": [[[127.52187733212115, 45.394366903879266], [127.52646227194647, 45.39418492203012], [127.52620387182073, 45.390954574989685], [127.52161919155559, 45.39113653645547], [127.52187733212115, 45.394366903879266]]]}, "properties": {"biomass": 203.1417999267578}}, {"type": "Feature", "geometry": {"type": "Polygon", "coordinates": [[[127.52646227194647, 45.39418492203012], [127.53104716795539, 45.39400275670283], [127.53078850827859, 45.390772430066185], [127.52620387182073, 45.390954574989685], [127.52646227194647, 45.39418492203012]]]}, "properties": {"biomass": 183.5930938720703}}, {"type": "Feature", "geometry": {"type": "Polygon", "coordinates": [[[127.53104716795539, 45.39400275670283], [127.5356320201043, 45.39382040790203], [127.5353731008855, 45.3905901016896], [127.53078850827859, 45.390772430066185], [127.53104716795539, 45.39400275670283]]]}, "properties": {"biomass": 149.36740112304688}}, {"type": "Feature", "geometry": {"type": "Polygon", "coordinates": [[[127.5356320201043, 45.39382040790203], [127.54021682834951, 45.39363787563238], [127.53995764959788, 45.39040758986457], [127.5353731008855, 45.3905901016896], [127.5356320201043, 45.39382040790203]]]}, "properties": {"biomass": 130.66802978515625}}, {"type": "Feature", "geometry": {"type": "Polygon", "coordinates": [[[127.54021682834951, 45.39363787563238], [127.54480159264745, 45.3934551598985], [127.54454215437207, 45.390224894595725], [127.53995764959788, 45.39040758986457], [127.54021682834951, 45.39363787563238]]]}, "properties": {"biomass": 156.73797607421875}}, {"type": "Feature", "geometry": {"type": "Polygon", "coordinates": [[[127.54480159264745, 45.3934551598985], [127.54938631295441, 45.39327226070503], [127.54912661516447, 45.39004201588772], [127.54454215437207, 45.390224894595725], [127.54480159264745, 45.3934551598985]]]}, "properties": {"biomass": 157.01002502441406}}, {"type": "Feature", "geometry": {"type": "Polygon", "coordinates": [[[127.54938631295441, 45.39327226070503], [127.55397098922685, 45.393089178056655], [127.55371103193144, 45.38985895374522], [127.54912661516447, 45.39004201588772], [127.54938631295441, 45.39327226070503]]]}, "properties": {"biomass": 159.32101440429688}}, {"type": "Feature", "geometry": {"type": "Polygon", "coordinates": [[[127.55397098922685, 45.393089178056655], [127.55855562142109, 45.392905911958], [127.55829540462938, 45.389675708172874], [127.55371103193144, 45.38985895374522], [127.55397098922685, 45.393089178056655]]]}, "properties": {"biomass": 181.5719451904297}}, {"type": "Feature", "geometry": {"type": "Polygon", "coordinates": [[[127.55855562142109, 45.392905911958], [127.56314020949353, 45.392722462413765], [127.56287973321469, 45.389492279175336], [127.55829540462938, 45.389675708172874], [127.55855562142109, 45.392905911958]]]}, "properties": {"biomass": 161.22377014160156}}, {"type": "Feature", "geometry": {"type": "Polygon", "coordinates": [[[127.56314020949353, 45.392722462413765], [127.56772475340054, 45.39253882942858], [127.56746401764373, 45.389308666757266], [127.56287973321469, 45.389492279175336], [127.56314020949353, 45.392722462413765]]]}, "properties": {"biomass": 142.85931396484375}}, {"type": "Feature", "geometry": {"type": "Polygon", "coordinates": [[[127.56772475340054, 45.39253882942858], [127.57230925309851, 45.39235501300714], [127.57204825787292, 45.38912487092335], [127.56746401764373, 45.389308666757266], [127.56772475340054, 45.39253882942858]]]}, "properties": {"biomass": 134.55882263183594}}, {"type": "Feature", "geometry": {"type": "Polygon", "coordinates": [[[127.57230925309851, 45.39235501300714], [127.57689370854382, 45.3921710131541], [127.57663245385864, 45.388940891678246], [127.57204825787292, 45.38912487092335], [127.57230925309851, 45.39235501300714]]]}, "properties": {"biomass": 151.76744079589844}}, {"type": "Feature", "geometry": {"type": "Polygon", "coordinates": [[[127.57689370854382, 45.3921710131541], [127.58147811969289, 45.39198682987414], [127.58121660555729, 45.38875672902664], [127.57663245385864, 45.388940891678246], [127.57689370854382, 45.3921710131541]]]}, "properties": {"biomass": 202.72686767578125}}, {"type": "Feature", "geometry": {"type": "Polygon", "coordinates": [[[127.58147811969289, 45.39198682987414], [127.58606248650204, 45.39180246317197], [127.58580071292526, 45.38857238297323], [127.58121660555729, 45.38875672902664], [127.58147811969289, 45.39198682987414]]]}, "properties": {"biomass": 197.6521453857422}}, {"type": "Feature", "geometry": {"type": "Polygon", "coordinates": [[[127.58606248650204, 45.39180246317197], [127.59064680892776, 45.39161791305225], [127.59038477591895, 45.38838785352269], [127.58580071292526, 45.38857238297323], [127.58606248650204, 45.39180246317197]]]}, "properties": {"biomass": 181.90701293945312}}, {"type": "Feature", "geometry": {"type": "Polygon", "coordinates": [[[127.59064680892776, 45.39161791305225], [127.59523108692636, 45.391433179519694], [127.59496879449483, 45.38820314067971], [127.59038477591895, 45.38838785352269], [127.59064680892776, 45.39161791305225]]]}, "properties": {"biomass": 209.25885009765625}}, {"type": "Feature", "geometry": {"type": "Polygon", "coordinates": [[[127.59523108692636, 45.391433179519694], [127.5998153204543, 45.39124826257899], [127.59955276860921, 45.388018244448986], [127.59496879449483, 45.38820314067971], [127.59523108692636, 45.391433179519694]]]}, "properties": {"biomass": 188.67640686035156}}, {"type": "Feature", "geometry": {"type": "Polygon", "coordinates": [[[127.5998153204543, 45.39124826257899], [127.60439950946794, 45.391063162234865], [127.60413669821857, 45.38783316483523], [127.59955276860921, 45.388018244448986], [127.5998153204543, 45.39124826257899]]]}, "properties": {"biomass": 156.25982666015625}}, {"type": "Feature", "geometry": {"type": "Polygon", "coordinates": [[[127.60439950946794, 45.391063162234865], [127.6089836539237, 45.39087787849199], [127.60872058327931, 45.38764790184314], [127.60413669821857, 45.38783316483523], [127.60439950946794, 45.391063162234865]]]}, "properties": {"biomass": 134.42831420898438}}, {"type": "Feature", "geometry": {"type": "Polygon", "coordinates": [[[127.6089836539237, 45.39087787849199], [127.61356775377801, 45.39069241135508], [127.61330442374783, 45.38746245547744], [127.60872058327931, 45.38764790184314], [127.6089836539237, 45.39087787849199]]]}, "properties": {"biomass": 106.18569946289062}}, {"type": "Feature", "geometry": {"type": "Polygon", "coordinates": [[[127.61356775377801, 45.39069241135508], [127.61815180898725, 45.390506760828885], [127.61788821958055, 45.387276825742845], [127.61330442374783, 45.38746245547744], [127.61356775377801, 45.39069241135508]]]}, "properties": {"biomass": 97.69168853759766}}, {"type": "Feature", "geometry": {"type": "Polygon", "coordinates": [[[127.61815180898725, 45.390506760828885], [127.62273581950785, 45.3903209269181], [127.62247197073391, 45.387091012644056], [127.61788821958055, 45.387276825742845], [127.61815180898725, 45.390506760828885]]]}, "properties": {"biomass": 90.84890747070312}}, {"type": "Feature", "geometry": {"type": "Polygon", "coordinates": [[[127.62273581950785, 45.3903209269181], [127.62731978529621, 45.39013490962745], [127.62705567716435, 45.38690501618582], [127.62247197073391, 45.387091012644056], [127.62273581950785, 45.3903209269181]]]}, "properties": {"biomass": 89.50224304199219}}, {"type": "Feature", "geometry": {"type": "Polygon", "coordinates": [[[127.62731978529621, 45.39013490962745], [127.63190370630878, 45.38994870896168], [127.63163933882825, 45.38671883637284], [127.62705567716435, 45.38690501618582], [127.62731978529621, 45.39013490962745]]]}, "properties": {"biomass": 90.02943420410156}}, {"type": "Feature", "geometry": {"type": "Polygon", "coordinates": [[[127.63190370630878, 45.38994870896168], [127.63648758250193, 45.38976232492552], [127.63622295568207, 45.38653247320988], [127.63163933882825, 45.38671883637284], [127.63190370630878, 45.38994870896168]]]}, "properties": {"biomass": 88.0768051147461}}, {"type": "Feature", "geometry": {"type": "Polygon", "coordinates": [[[127.63648758250193, 45.38976232492552], [127.64107141383214, 45.389575757523694], [127.64080652768224, 45.386345926701665], [127.63622295568207, 45.38653247320988], [127.63648758250193, 45.38976232492552]]]}, "properties": {"biomass": 112.44049835205078}}, {"type": "Feature", "geometry": {"type": "Polygon", "coordinates": [[[127.64107141383214, 45.389575757523694], [127.6456552002558, 45.38938900676098], [127.6453900547852, 45.38615919685293], [127.64080652768224, 45.386345926701665], [127.64107141383214, 45.389575757523694]]]}, "properties": {"biomass": 148.86798095703125}}, {"type": "Feature", "geometry": {"type": "Polygon", "coordinates": [[[127.6456552002558, 45.38938900676098], [127.65023894172937, 45.389202072642085], [127.64997353694737, 45.38597228366843], [127.6453900547852, 45.38615919685293], [127.6456552002558, 45.38938900676098]]]}, "properties": {"biomass": 178.03713989257812}}, {"type": "Feature", "geometry": {"type": "Polygon", "coordinates": [[[127.65023894172937, 45.389202072642085], [127.65482263820924, 45.389014955171795], [127.6545569741252, 45.38578518715294], [127.64997353694737, 45.38597228366843], [127.65023894172937, 45.389202072642085]]]}, "properties": {"biomass": 208.50909423828125}}, {"type": "Feature", "geometry": {"type": "Polygon", "coordinates": [[[127.65482263820924, 45.389014955171795], [127.65940628965188, 45.388827654354856], [127.65914036627512, 45.385597907311165], [127.6545569741252, 45.38578518715294], [127.65482263820924, 45.389014955171795]]]}, "properties": {"biomass": 185.32373046875}}, {"type": "Feature", "geometry": {"type": "Polygon", "coordinates": [[[127.65940628965188, 45.388827654354856], [127.66398989601372, 45.388640170196005], [127.66372371335365, 45.385410444147915], [127.65914036627512, 45.385597907311165], [127.65940628965188, 45.388827654354856]]]}, "properties": {"biomass": 146.60464477539062}}, {"type": "Feature", "geometry": {"type": "Polygon", "coordinates": [[[127.66398989601372, 45.388640170196005], [127.66857345725117, 45.38845250270007], [127.66830701531714, 45.38522279766794], [127.66372371335365, 45.385410444147915], [127.66398989601372, 45.388640170196005]]]}, "properties": {"biomass": 141.55238342285156}}, {"type": "Feature", "geometry": {"type": "Polygon", "coordinates": [[[127.66857345725117, 45.38845250270007], [127.67315697332073, 45.38826465187178], [127.67289027212207, 45.38503496787601], [127.66830701531714, 45.38522279766794], [127.66857345725117, 45.38845250270007]]]}, "properties": {"biomass": 177.83468627929688}}, {"type": "Feature", "geometry": {"type": "Polygon", "coordinates": [[[127.4711848298378, 45.39312600304915], [127.47576998910296, 45.39294605992276], [127.47551448796483, 45.38971548682755], [127.47092958831567, 45.38989540979754], [127.4711848298378, 45.39312600304915]]]}, "properties": {"biomass": 216.9962615966797}}, {"type": "Feature", "geometry": {"type": "Polygon", "coordinates": [[[127.47576998910296, 45.39294605992276], [127.48035510504091, 45.392765933287976], [127.48009934429575, 45.38953538036961], [127.47551448796483, 45.38971548682755], [127.47576998910296, 45.39294605992276]]]}, "properties": {"biomass": 207.5361785888672}}, {"type": "Feature", "geometry": {"type": "Polygon", "coordinates": [[[127.48035510504091, 45.392765933287976], [127.484940177608, 45.392585623149394], [127.48468415726485, 45.3893550904283], [127.48009934429575, 45.38953538036961], [127.48035510504091, 45.392765933287976]]]}, "properties": {"biomass": 150.36929321289062}}, {"type": "Feature", "geometry": {"type": "Polygon", "coordinates": [[[127.49411019245498, 45.3922244523792], [127.49869513464758, 45.392043591756774], [127.49843833556452, 45.38881311975003], [127.49385365294286, 45.388993960113915], [127.49411019245498, 45.3922244523792]]]}, "properties": {"biomass": 121.16788482666016}}, {"type": "Feature", "geometry": {"type": "Polygon", "coordinates": [[[127.49869513464758, 45.392043591756774], [127.50328003329469, 45.39186254764891], [127.50302297464974, 45.388632095921146], [127.49843833556452, 45.38881311975003], [127.49869513464758, 45.392043591756774]]]}, "properties": {"biomass": 121.70404815673828}}, {"type": "Feature", "geometry": {"type": "Polygon", "coordinates": [[[127.50328003329469, 45.39186254764891], [127.50786488835267, 45.39168132006025], [127.50760757015489, 45.38845088863186], [127.50302297464974, 45.388632095921146], [127.50328003329469, 45.39186254764891]]]}, "properties": {"biomass": 142.23126220703125}}, {"type": "Feature", "geometry": {"type": "Polygon", "coordinates": [[[127.50786488835267, 45.39168132006025], [127.51244969977793, 45.39149990899538], [127.51219212203635, 45.388269497886796], [127.50760757015489, 45.38845088863186], [127.50786488835267, 45.39168132006025]]]}, "properties": {"biomass": 144.6265106201172}}, {"type": "Feature", "geometry": {"type": "Polygon", "coordinates": [[[127.51244969977793, 45.39149990899538], [127.51703446752677, 45.39131831445892], [127.5167766302505, 45.38808792369056], [127.51219212203635, 45.388269497886796], [127.51244969977793, 45.39149990899538]]]}, "properties": {"biomass": 163.0191192626953}}, {"type": "Feature", "geometry": {"type": "Polygon", "coordinates": [[[127.51703446752677, 45.39131831445892], [127.52161919155559, 45.39113653645547], [127.52136109475369, 45.38790616604778], [127.5167766302505, 45.38808792369056], [127.51703446752677, 45.39131831445892]]]}, "properties": {"biomass": 228.71331787109375}}, {"type": "Feature", "geometry": {"type": "Polygon", "coordinates": [[[127.52161919155559, 45.39113653645547], [127.52620387182073, 45.390954574989685], [127.5259455155023, 45.387724224963065], [127.52136109475369, 45.38790616604778], [127.52161919155559, 45.39113653645547]]]}, "properties": {"biomass": 214.18524169921875}}, {"type": "Feature", "geometry": {"type": "Polygon", "coordinates": [[[127.52620387182073, 45.390954574989685], [127.53078850827859, 45.390772430066185], [127.53052989245269, 45.38754210044105], [127.5259455155023, 45.387724224963065], [127.52620387182073, 45.390954574989685]]]}, "properties": {"biomass": 159.41807556152344}}, {"type": "Feature", "geometry": {"type": "Polygon", "coordinates": [[[127.53078850827859, 45.390772430066185], [127.5353731008855, 45.3905901016896], [127.53511422556127, 45.38735979248637], [127.53052989245269, 45.38754210044105], [127.53078850827859, 45.390772430066185]]]}, "properties": {"biomass": 148.38101196289062}}, {"type": "Feature", "geometry": {"type": "Polygon", "coordinates": [[[127.5353731008855, 45.3905901016896], [127.53995764959788, 45.39040758986457], [127.5396985147844, 45.38717730110366], [127.53511422556127, 45.38735979248637], [127.5353731008855, 45.3905901016896]]]}, "properties": {"biomass": 141.738037109375}}, {"type": "Feature", "geometry": {"type": "Polygon", "coordinates": [[[127.53995764959788, 45.39040758986457], [127.54454215437207, 45.390224894595725], [127.54428276007849, 45.38699462629756], [127.5396985147844, 45.38717730110366], [127.53995764959788, 45.39040758986457]]]}, "properties": {"biomass": 136.40896606445312}}, {"type": "Feature", "geometry": {"type": "Polygon", "coordinates": [[[127.54454215437207, 45.390224894595725], [127.54912661516447, 45.39004201588772], [127.54886696139992, 45.386811768072704], [127.54428276007849, 45.38699462629756], [127.54454215437207, 45.390224894595725]]]}, "properties": {"biomass": 127.25275421142578}}, {"type": "Feature", "geometry": {"type": "Polygon", "coordinates": [[[127.54912661516447, 45.39004201588772], [127.55371103193144, 45.38985895374522], [127.55345111870506, 45.38662872643377], [127.54886696139992, 45.386811768072704], [127.54912661516447, 45.39004201588772]]]}, "properties": {"biomass": 136.9130096435547}}, {"type": "Feature", "geometry": {"type": "Polygon", "coordinates": [[[127.55371103193144, 45.38985895374522], [127.55829540462938, 45.389675708172874], [127.55803523195031, 45.38644550138539], [127.55345111870506, 45.38662872643377], [127.55371103193144, 45.38985895374522]]]}, "properties": {"biomass": 194.0853271484375}}, {"type": "Feature", "geometry": {"type": "Polygon", "coordinates": [[[127.55829540462938, 45.389675708172874], [127.56287973321469, 45.389492279175336], [127.5626193010921, 45.38626209293224], [127.55803523195031, 45.38644550138539], [127.55829540462938, 45.389675708172874]]]}, "properties": {"biomass": 164.65065002441406}}, {"type": "Feature", "geometry": {"type": "Polygon", "coordinates": [[[127.56287973321469, 45.389492279175336], [127.56746401764373, 45.389308666757266], [127.56720332608678, 45.386078501078984], [127.5626193010921, 45.38626209293224], [127.56287973321469, 45.389492279175336]]]}, "properties": {"biomass": 140.47796630859375}}, {"type": "Feature", "geometry": {"type": "Polygon", "coordinates": [[[127.56746401764373, 45.389308666757266], [127.57204825787292, 45.38912487092335], [127.57178730689077, 45.38589472583027], [127.56720332608678, 45.386078501078984], [127.56746401764373, 45.389308666757266]]]}, "properties": {"biomass": 125.0882568359375}}, {"type": "Feature", "geometry": {"type": "Polygon", "coordinates": [[[127.57204825787292, 45.38912487092335], [127.57663245385864, 45.388940891678246], [127.5763712434605, 45.38571076719079], [127.57178730689077, 45.38589472583027], [127.57204825787292, 45.38912487092335]]]}, "properties": {"biomass": 150.02105712890625}}, {"type": "Feature", "geometry": {"type": "Polygon", "coordinates": [[[127.57663245385864, 45.388940891678246], [127.58121660555729, 45.38875672902664], [127.58095513575235, 45.38552662516521], [127.5763712434605, 45.38571076719079], [127.57663245385864, 45.388940891678246]]]}, "properties": {"biomass": 169.20399475097656}}, {"type": "Feature", "geometry": {"type": "Polygon", "coordinates": [[[127.58121660555729, 45.38875672902664], [127.58580071292526, 45.38857238297323], [127.58553898372273, 45.38534229975823], [127.58095513575235, 45.38552662516521], [127.58121660555729, 45.38875672902664]]]}, "properties": {"biomass": 155.68255615234375}}, {"type": "Feature", "geometry": {"type": "Polygon", "coordinates": [[[127.58580071292526, 45.38857238297323], [127.59038477591895, 45.38838785352269], [127.59012278732804, 45.385157790974525], [127.58553898372273, 45.38534229975823], [127.58580071292526, 45.38857238297323]]]}, "properties": {"biomass": 180.65684509277344}}, {"type": "Feature", "geometry": {"type": "Polygon", "coordinates": [[[127.59038477591895, 45.38838785352269], [127.59496879449483, 45.38820314067971], [127.59470654652472, 45.38497309881879], [127.59012278732804, 45.385157790974525], [127.59038477591895, 45.38838785352269]]]}, "properties": {"biomass": 183.989013671875}}, {"type": "Feature", "geometry": {"type": "Polygon", "coordinates": [[[127.59496879449483, 45.38820314067971], [127.59955276860921, 45.388018244448986], [127.59929026126918, 45.38478822329573], [127.59470654652472, 45.38497309881879], [127.59496879449483, 45.38820314067971]]]}, "properties": {"biomass": 171.6698760986328}}, {"type": "Feature", "geometry": {"type": "Polygon", "coordinates": [[[127.59955276860921, 45.388018244448986], [127.60413669821857, 45.38783316483523], [127.60387393151785, 45.38460316441003], [127.59929026126918, 45.38478822329573], [127.59955276860921, 45.388018244448986]]]}, "properties": {"biomass": 141.320556640625}}, {"type": "Feature", "geometry": {"type": "Polygon", "coordinates": [[[127.60413669821857, 45.38783316483523], [127.60872058327931, 45.38764790184314], [127.60845755722713, 45.3844179221664], [127.60387393151785, 45.38460316441003], [127.60413669821857, 45.38783316483523]]]}, "properties": {"biomass": 120.33025360107422}}, {"type": "Feature", "geometry": {"type": "Polygon", "coordinates": [[[127.60872058327931, 45.38764790184314], [127.61330442374783, 45.38746245547744], [127.61304113835345, 45.38423249656956], [127.60845755722713, 45.3844179221664], [127.60872058327931, 45.38764790184314]]]}, "properties": {"biomass": 96.46674346923828}}, {"type": "Feature", "geometry": {"type": "Polygon", "coordinates": [[[127.61330442374783, 45.38746245547744], [127.61788821958055, 45.387276825742845], [127.61762467485325, 45.38404688762421], [127.61304113835345, 45.38423249656956], [127.61330442374783, 45.38746245547744]]]}, "properties": {"biomass": 96.61518859863281}}, {"type": "Feature", "geometry": {"type": "Polygon", "coordinates": [[[127.61788821958055, 45.387276825742845], [127.62247197073391, 45.387091012644056], [127.62220816668295, 45.383861095335085], [127.61762467485325, 45.38404688762421], [127.61788821958055, 45.387276825742845]]]}, "properties": {"biomass": 104.78949737548828}}, {"type": "Feature", "geometry": {"type": "Polygon", "coordinates": [[[127.62247197073391, 45.387091012644056], [127.62705567716435, 45.38690501618582], [127.626791613799, 45.38367511970689], [127.62220816668295, 45.383861095335085], [127.62247197073391, 45.387091012644056]]]}, "properties": {"biomass": 104.7230453491211}}, {"type": "Feature", "geometry": {"type": "Polygon", "coordinates": [[[127.62705567716435, 45.38690501618582], [127.63163933882825, 45.38671883637284], [127.63137501615782, 45.38348896074437], [127.626791613799, 45.38367511970689], [127.62705567716435, 45.38690501618582]]]}, "properties": {"biomass": 101.81266021728516}}, {"type": "Feature", "geometry": {"type": "Polygon", "coordinates": [[[127.63163933882825, 45.38671883637284], [127.63622295568207, 45.38653247320988], [127.63595837371585, 45.38330261845227], [127.63137501615782, 45.38348896074437], [127.63163933882825, 45.38671883637284]]]}, "properties": {"biomass": 100.1135025024414}}, {"type": "Feature", "geometry": {"type": "Polygon", "coordinates": [[[127.63622295568207, 45.38653247320988], [127.64080652768224, 45.386345926701665], [127.64054168642956, 45.383116092835294], [127.63595837371585, 45.38330261845227], [127.63622295568207, 45.38653247320988]]]}, "properties": {"biomass": 128.40191650390625}}, {"type": "Feature", "geometry": {"type": "Polygon", "coordinates": [[[127.64080652768224, 45.386345926701665], [127.6453900547852, 45.38615919685293], [127.64512495425537, 45.38292938389821], [127.64054168642956, 45.383116092835294], [127.64080652768224, 45.386345926701665]]]}, "properties": {"biomass": 157.5545196533203}}, {"type": "Feature", "geometry": {"type": "Polygon", "coordinates": [[[127.6453900547852, 45.38615919685293], [127.64997353694737, 45.38597228366843], [127.6497081771497, 45.38274249164575], [127.64512495425537, 45.38292938389821], [127.6453900547852, 45.38615919685293]]]}, "properties": {"biomass": 158.9694061279297}}, {"type": "Feature", "geometry": {"type": "Polygon", "coordinates": [[[127.64997353694737, 45.38597228366843], [127.6545569741252, 45.38578518715294], [127.65429135506905, 45.38255541608268], [127.6497081771497, 45.38274249164575], [127.64997353694737, 45.38597228366843]]]}, "properties": {"biomass": 195.68215942382812}}, {"type": "Feature", "geometry": {"type": "Polygon", "coordinates": [[[127.6545569741252, 45.38578518715294], [127.65914036627512, 45.385597907311165], [127.65887448796985, 45.38236815721374], [127.65429135506905, 45.38255541608268], [127.6545569741252, 45.38578518715294]]]}, "properties": {"biomass": 183.31497192382812}}, {"type": "Feature", "geometry": {"type": "Polygon", "coordinates": [[[127.65914036627512, 45.385597907311165], [127.66372371335365, 45.385410444147915], [127.66345757580856, 45.3821807150437], [127.65887448796985, 45.38236815721374], [127.65914036627512, 45.385597907311165]]]}, "properties": {"biomass": 123.42494201660156}}, {"type": "Feature", "geometry": {"type": "Polygon", "coordinates": [[[127.66372371335365, 45.385410444147915], [127.66830701531714, 45.38522279766794], [127.66804061854164, 45.38199308957733], [127.66345757580856, 45.3821807150437], [127.66372371335365, 45.385410444147915]]]}, "properties": {"biomass": 151.73670959472656}}, {"type": "Feature", "geometry": {"type": "Polygon", "coordinates": [[[127.66830701531714, 45.38522279766794], [127.67289027212207, 45.38503496787601], [127.67262361612552, 45.38180528081938], [127.66804061854164, 45.38199308957733], [127.66830701531714, 45.38522279766794]]]}, "properties": {"biomass": 186.5263214111328}}, {"type": "Feature", "geometry": {"type": "Polygon", "coordinates": [[[127.47551448796483, 45.38971548682755], [127.48009934429575, 45.38953538036961], [127.47984362691247, 45.38630482448818], [127.47525903014488, 45.38648491077154], [127.47551448796483, 45.38971548682755]]]}, "properties": {"biomass": 179.04156494140625}}, {"type": "Feature", "geometry": {"type": "Polygon", "coordinates": [[[127.48009934429575, 45.38953538036961], [127.48468415726485, 45.3893550904283], [127.48442818032719, 45.386124554741855], [127.47984362691247, 45.38630482448818], [127.48009934429575, 45.38953538036961]]]}, "properties": {"biomass": 153.5242156982422}}, {"type": "Feature", "geometry": {"type": "Polygon", "coordinates": [[[127.48468415726485, 45.3893550904283], [127.48926892682843, 45.3891746170082], [127.48901269034542, 45.38594410153717], [127.48442818032719, 45.386124554741855], [127.48468415726485, 45.3893550904283]]]}, "properties": {"biomass": 159.3492889404297}}, {"type": "Feature", "geometry": {"type": "Polygon", "coordinates": [[[127.48926892682843, 45.3891746170082], [127.49385365294286, 45.388993960113915], [127.49359715692354, 45.38576346487872], [127.48901269034542, 45.38594410153717], [127.48926892682843, 45.3891746170082]]]}, "properties": {"biomass": 156.96482849121094}}, {"type": "Feature", "geometry": {"type": "Polygon", "coordinates": [[[127.49385365294286, 45.388993960113915], [127.49843833556452, 45.38881311975003], [127.4981815800179, 45.3855826447711], [127.49359715692354, 45.38576346487872], [127.49385365294286, 45.388993960113915]]]}, "properties": {"biomass": 127.90868377685547}}, {"type": "Feature", "geometry": {"type": "Polygon", "coordinates": [[[127.49843833556452, 45.38881311975003], [127.50302297464974, 45.388632095921146], [127.50276595958488, 45.385401641218884], [127.4981815800179, 45.3855826447711], [127.49843833556452, 45.38881311975003]]]}, "properties": {"biomass": 118.63784790039062}}, {"type": "Feature", "geometry": {"type": "Polygon", "coordinates": [[[127.50302297464974, 45.388632095921146], [127.50760757015489, 45.38845088863186], [127.50735029558082, 45.38522045422671], [127.50276595958488, 45.385401641218884], [127.50302297464974, 45.388632095921146]]]}, "properties": {"biomass": 143.773681640625}}, {"type": "Feature", "geometry": {"type": "Polygon", "coordinates": [[[127.50760757015489, 45.38845088863186], [127.51219212203635, 45.388269497886796], [127.51193458796214, 45.38503908379917], [127.50735029558082, 45.38522045422671], [127.50760757015489, 45.38845088863186]]]}, "properties": {"biomass": 150.72921752929688}}, {"type": "Feature", "geometry": {"type": "Polygon", "coordinates": [[[127.51219212203635, 45.388269497886796], [127.5167766302505, 45.38808792369056], [127.5165188366852, 45.384857529940874], [127.51193458796214, 45.38503908379917], [127.51219212203635, 45.388269497886796]]]}, "properties": {"biomass": 159.23211669921875}}, {"type": "Feature", "geometry": {"type": "Polygon", "coordinates": [[[127.5167766302505, 45.38808792369056], [127.52136109475369, 45.38790616604778], [127.52110304170638, 45.384675792656445], [127.5165188366852, 45.384857529940874], [127.5167766302505, 45.38808792369056]]]}, "properties": {"biomass": 168.3746795654297}}, {"type": "Feature", "geometry": {"type": "Polygon", "coordinates": [[[127.52136109475369, 45.38790616604778], [127.5259455155023, 45.387724224963065], [127.52568720298206, 45.38449387195052], [127.52110304170638, 45.384675792656445], [127.52136109475369, 45.38790616604778]]]}, "properties": {"biomass": 154.73683166503906}}, {"type": "Feature", "geometry": {"type": "Polygon", "coordinates": [[[127.5259455155023, 45.387724224963065], [127.53052989245269, 45.38754210044105], [127.53027132046863, 45.38431176782769], [127.52568720298206, 45.38449387195052], [127.5259455155023, 45.387724224963065]]]}, "properties": {"biomass": 139.46656799316406}}, {"type": "Feature", "geometry": {"type": "Polygon", "coordinates": [[[127.53052989245269, 45.38754210044105], [127.53511422556127, 45.38735979248637], [127.5348553941225, 45.38412948029261], [127.53027132046863, 45.38431176782769], [127.53052989245269, 45.38754210044105]]]}, "properties": {"biomass": 145.2045440673828}}, {"type": "Feature", "geometry": {"type": "Polygon", "coordinates": [[[127.53511422556127, 45.38735979248637], [127.5396985147844, 45.38717730110366], [127.53943942390003, 45.383947009349924], [127.5348553941225, 45.38412948029261], [127.53511422556127, 45.38735979248637]]]}, "properties": {"biomass": 146.7937774658203}}, {"type": "Feature", "geometry": {"type": "Polygon", "coordinates": [[[127.5396985147844, 45.38717730110366], [127.54428276007849, 45.38699462629756], [127.54402340975761, 45.38376435500426], [127.53943942390003, 45.383947009349924], [127.5396985147844, 45.38717730110366]]]}, "properties": {"biomass": 133.68460083007812}}, {"type": "Feature", "geometry": {"type": "Polygon", "coordinates": [[[127.54428276007849, 45.38699462629756], [127.54886696139992, 45.386811768072704], [127.54860735165165, 45.38358151726025], [127.54402340975761, 45.38376435500426], [127.54428276007849, 45.38699462629756]]]}, "properties": {"biomass": 128.68698120117188}}, {"type": "Feature", "geometry": {"type": "Polygon", "coordinates": [[[127.54886696139992, 45.386811768072704], [127.55345111870506, 45.38662872643377], [127.55319124953859, 45.38339849612258], [127.54860735165165, 45.38358151726025], [127.54886696139992, 45.386811768072704]]]}, "properties": {"biomass": 143.15707397460938}}, {"type": "Feature", "geometry": {"type": "Polygon", "coordinates": [[[127.55345111870506, 45.38662872643377], [127.55803523195031, 45.38644550138539], [127.55777510337475, 45.38321529159586], [127.55319124953859, 45.38339849612258], [127.55345111870506, 45.38662872643377]]]}, "properties": {"biomass": 165.06935119628906}}, {"type": "Feature", "geometry": {"type": "Polygon", "coordinates": [[[127.55803523195031, 45.38644550138539], [127.5626193010921, 45.38626209293224], [127.5623589131166, 45.38303190368478], [127.55777510337475, 45.38321529159586], [127.55803523195031, 45.38644550138539]]]}, "properties": {"biomass": 149.425048828125}}, {"type": "Feature", "geometry": {"type": "Polygon", "coordinates": [[[127.5626193010921, 45.38626209293224], [127.56720332608678, 45.386078501078984], [127.56694267872052, 45.382848332394005], [127.5623589131166, 45.38303190368478], [127.5626193010921, 45.38626209293224]]]}, "properties": {"biomass": 140.64639282226562}}, {"type": "Feature", "geometry": {"type": "Polygon", "coordinates": [[[127.56720332608678, 45.386078501078984], [127.57178730689077, 45.38589472583027], [127.57152640014294, 45.38266457772818], [127.56694267872052, 45.382848332394005], [127.56720332608678, 45.386078501078984]]]}, "properties": {"biomass": 122.9522476196289}}, {"type": "Feature", "geometry": {"type": "Polygon", "coordinates": [[[127.57178730689077, 45.38589472583027], [127.5763712434605, 45.38571076719079], [127.57611007734025, 45.382480639692], [127.57152640014294, 45.38266457772818], [127.57178730689077, 45.38589472583027]]]}, "properties": {"biomass": 118.0088119506836}}, {"type": "Feature", "geometry": {"type": "Polygon", "coordinates": [[[127.5763712434605, 45.38571076719079], [127.58095513575235, 45.38552662516521], [127.58069371026887, 45.38229651829013], [127.57611007734025, 45.382480639692], [127.5763712434605, 45.38571076719079]]]}, "properties": {"biomass": 122.01496887207031}}, {"type": "Feature", "geometry": {"type": "Polygon", "coordinates": [[[127.58095513575235, 45.38552662516521], [127.58553898372273, 45.38534229975823], [127.58527729888525, 45.382112213527265], [127.58069371026887, 45.38229651829013], [127.58095513575235, 45.38552662516521]]]}, "properties": {"biomass": 147.42047119140625}}, {"type": "Feature", "geometry": {"type": "Polygon", "coordinates": [[[127.58553898372273, 45.38534229975823], [127.59012278732804, 45.385157790974525], [127.58986084314577, 45.381927725408076], [127.58527729888525, 45.382112213527265], [127.58553898372273, 45.38534229975823]]]}, "properties": {"biomass": 190.43707275390625}}, {"type": "Feature", "geometry": {"type": "Polygon", "coordinates": [[[127.59012278732804, 45.385157790974525], [127.59470654652472, 45.38497309881879], [127.59444434300686, 45.38174305393726], [127.58986084314577, 45.381927725408076], [127.59012278732804, 45.385157790974525]]]}, "properties": {"biomass": 162.39013671875}}, {"type": "Feature", "geometry": {"type": "Polygon", "coordinates": [[[127.59470654652472, 45.38497309881879], [127.59929026126918, 45.38478822329573], [127.59902779842494, 45.3815581991195], [127.59444434300686, 45.38174305393726], [127.59470654652472, 45.38497309881879]]]}, "properties": {"biomass": 142.6199493408203}}, {"type": "Feature", "geometry": {"type": "Polygon", "coordinates": [[[127.59929026126918, 45.38478822329573], [127.60387393151785, 45.38460316441003], [127.60361120935649, 45.38137316095953], [127.59902779842494, 45.3815581991195], [127.59929026126918, 45.38478822329573]]]}, "properties": {"biomass": 122.86287689208984}}, {"type": "Feature", "geometry": {"type": "Polygon", "coordinates": [[[127.60387393151785, 45.38460316441003], [127.60845755722713, 45.3844179221664], [127.60819457575789, 45.381187939462016], [127.60361120935649, 45.38137316095953], [127.60387393151785, 45.38460316441003]]]}, "properties": {"biomass": 96.02136993408203}}, {"type": "Feature", "geometry": {"type": "Polygon", "coordinates": [[[127.60845755722713, 45.3844179221664], [127.61304113835345, 45.38423249656956], [127.6127778975856, 45.38100253463169], [127.60819457575789, 45.381187939462016], [127.60845755722713, 45.3844179221664]]]}, "properties": {"biomass": 117.22280883789062}}, {"type": "Feature", "geometry": {"type": "Polygon", "coordinates": [[[127.61304113835345, 45.38423249656956], [127.61762467485325, 45.38404688762421], [127.61736117479603, 45.38081694647327], [127.6127778975856, 45.38100253463169], [127.61304113835345, 45.38423249656956]]]}, "properties": {"biomass": 139.77989196777344}}, {"type": "Feature", "geometry": {"type": "Polygon", "coordinates": [[[127.61762467485325, 45.38404688762421], [127.62220816668295, 45.383861095335085], [127.62194440734565, 45.38063117499146], [127.61736117479603, 45.38081694647327], [127.61762467485325, 45.38404688762421]]]}, "properties": {"biomass": 137.51678466796875}}, {"type": "Feature", "geometry": {"type": "Polygon", "coordinates": [[[127.62220816668295, 45.383861095335085], [127.626791613799, 45.38367511970689], [127.62652759519086, 45.38044522019098], [127.62194440734565, 45.38063117499146], [127.62220816668295, 45.383861095335085]]]}, "properties": {"biomass": 138.9622344970703}}, {"type": "Feature", "geometry": {"type": "Polygon", "coordinates": [[[127.626791613799, 45.38367511970689], [127.63137501615782, 45.38348896074437], [127.63111073828817, 45.38025908207656], [127.62652759519086, 45.38044522019098], [127.626791613799, 45.38367511970689]]]}, "properties": {"biomass": 133.90223693847656}}, {"type": "Feature", "geometry": {"type": "Polygon", "coordinates": [[[127.63137501615782, 45.38348896074437], [127.63595837371585, 45.38330261845227], [127.63569383659399, 45.38007276065296], [127.63111073828817, 45.38025908207656], [127.63137501615782, 45.38348896074437]]]}, "properties": {"biomass": 111.70723724365234}}, {"type": "Feature", "geometry": {"type": "Polygon", "coordinates": [[[127.63595837371585, 45.38330261845227], [127.64054168642956, 45.383116092835294], [127.64027689006477, 45.37988625592488], [127.63569383659399, 45.38007276065296], [127.63595837371585, 45.38330261845227]]]}, "properties": {"biomass": 109.00457000732422}}, {"type": "Feature", "geometry": {"type": "Polygon", "coordinates": [[[127.64054168642956, 45.383116092835294], [127.64512495425537, 45.38292938389821], [127.64485989865697, 45.37969956789708], [127.64027689006477, 45.37988625592488], [127.64054168642956, 45.383116092835294]]]}, "properties": {"biomass": 130.7927703857422}}, {"type": "Feature", "geometry": {"type": "Polygon", "coordinates": [[[127.64512495425537, 45.38292938389821], [127.6497081771497, 45.38274249164575], [127.64944286232705, 45.37951269657431], [127.64485989865697, 45.37969956789708], [127.64512495425537, 45.38292938389821]]]}, "properties": {"biomass": 140.65570068359375}}, {"type": "Feature", "geometry": {"type": "Polygon", "coordinates": [[[127.6497081771497, 45.38274249164575], [127.65429135506905, 45.38255541608268], [127.65402578103145, 45.37932564196131], [127.64944286232705, 45.37951269657431], [127.6497081771497, 45.38274249164575]]]}, "properties": {"biomass": 177.42007446289062}}, {"type": "Feature", "geometry": {"type": "Polygon", "coordinates": [[[127.65429135506905, 45.38255541608268], [127.65887448796985, 45.38236815721374], [127.65860865472663, 45.37913840406283], [127.65402578103145, 45.37932564196131], [127.65429135506905, 45.38255541608268]]]}, "properties": {"biomass": 188.19256591796875}}, {"type": "Feature", "geometry": {"type": "Polygon", "coordinates": [[[127.65887448796985, 45.38236815721374], [127.66345757580856, 45.3821807150437], [127.66319148336912, 45.37895098288364], [127.65860865472663, 45.37913840406283], [127.65887448796985, 45.38236815721374]]]}, "properties": {"biomass": 149.54080200195312}}, {"type": "Feature", "geometry": {"type": "Polygon", "coordinates": [[[127.66345757580856, 45.3821807150437], [127.66804061854164, 45.38199308957733], [127.6677742669153, 45.3787633784285], [127.66319148336912, 45.37895098288364], [127.66345757580856, 45.3821807150437]]]}, "properties": {"biomass": 174.37782287597656}}, {"type": "Feature", "geometry": {"type": "Polygon", "coordinates": [[[127.66804061854164, 45.38199308957733], [127.67262361612552, 45.38180528081938], [127.67235700532169, 45.37857559070218], [127.6677742669153, 45.3787633784285], [127.66804061854164, 45.38199308957733]]]}, "properties": {"biomass": 200.82723999023438}}, {"type": "Feature", "geometry": {"type": "Polygon", "coordinates": [[[127.47525903014488, 45.38648491077154], [127.47984362691247, 45.38630482448818], [127.47958795288203, 45.383074265643906], [127.47500361563417, 45.383254331754976], [127.47525903014488, 45.38648491077154]]]}, "properties": {"biomass": 152.33433532714844}}, {"type": "Feature", "geometry": {"type": "Polygon", "coordinates": [[[127.47984362691247, 45.38630482448818], [127.48442818032719, 45.386124554741855], [127.48417224678602, 45.38289401609029], [127.47958795288203, 45.383074265643906], [127.47984362691247, 45.38630482448818]]]}, "properties": {"biomass": 140.94793701171875}}, {"type": "Feature", "geometry": {"type": "Polygon", "coordinates": [[[127.48442818032719, 45.386124554741855], [127.48901269034542, 45.38594410153717], [127.48875649730255, 45.382713583098756], [127.48417224678602, 45.38289401609029], [127.48442818032719, 45.386124554741855]]]}, "properties": {"biomass": 140.25144958496094}}, {"type": "Feature", "geometry": {"type": "Polygon", "coordinates": [[[127.48901269034542, 45.38594410153717], [127.49359715692354, 45.38576346487872], [127.49334070438796, 45.382532966673864], [127.48875649730255, 45.382713583098756], [127.48901269034542, 45.38594410153717]]]}, "properties": {"biomass": 128.39251708984375}}, {"type": "Feature", "geometry": {"type": "Polygon", "coordinates": [[[127.49359715692354, 45.38576346487872], [127.4981815800179, 45.3855826447711], [127.49792486799866, 45.38235216682021], [127.49334070438796, 45.382532966673864], [127.49359715692354, 45.38576346487872]]]}, "properties": {"biomass": 110.51251220703125}}, {"type": "Feature", "geometry": {"type": "Polygon", "coordinates": [[[127.4981815800179, 45.3855826447711], [127.50276595958488, 45.385401641218884], [127.50250898809102, 45.38217118354241], [127.49792486799866, 45.38235216682021], [127.4981815800179, 45.3855826447711]]]}, "properties": {"biomass": 104.87562561035156}}, {"type": "Feature", "geometry": {"type": "Polygon", "coordinates": [[[127.50276595958488, 45.385401641218884], [127.50735029558082, 45.38522045422671], [127.50709306462137, 45.38199001684505], [127.50250898809102, 45.38217118354241], [127.50276595958488, 45.385401641218884]]]}, "properties": {"biomass": 136.99072265625}}, {"type": "Feature", "geometry": {"type": "Polygon", "coordinates": [[[127.50735029558082, 45.38522045422671], [127.51193458796214, 45.38503908379917], [127.51167709754618, 45.38180866673274], [127.50709306462137, 45.38199001684505], [127.50735029558082, 45.38522045422671]]]}, "properties": {"biomass": 141.62420654296875}}, {"type": "Feature", "geometry": {"type": "Polygon", "coordinates": [[[127.51193458796214, 45.38503908379917], [127.5165188366852, 45.384857529940874], [127.51626108682177, 45.3816271332101], [127.51167709754618, 45.38180866673274], [127.51193458796214, 45.38503908379917]]]}, "properties": {"biomass": 131.93701171875}}, {"type": "Feature", "geometry": {"type": "Polygon", "coordinates": [[[127.5165188366852, 45.384857529940874], [127.52110304170638, 45.384675792656445], [127.52084503240458, 45.38144541628173], [127.51626108682177, 45.3816271332101], [127.5165188366852, 45.384857529940874]]]}, "properties": {"biomass": 150.58111572265625}}, {"type": "Feature", "geometry": {"type": "Polygon", "coordinates": [[[127.52110304170638, 45.384675792656445], [127.52568720298206, 45.38449387195052], [127.52542893425094, 45.38126351595228], [127.52084503240458, 45.38144541628173], [127.52110304170638, 45.384675792656445]]]}, "properties": {"biomass": 139.63827514648438}}, {"type": "Feature", "geometry": {"type": "Polygon", "coordinates": [[[127.52568720298206, 45.38449387195052], [127.53027132046863, 45.38431176782769], [127.5300127923173, 45.381081432226345], [127.52542893425094, 45.38126351595228], [127.52568720298206, 45.38449387195052]]]}, "properties": {"biomass": 142.517822265625}}, {"type": "Feature", "geometry": {"type": "Polygon", "coordinates": [[[127.53027132046863, 45.38431176782769], [127.5348553941225, 45.38412948029261], [127.53459660656003, 45.38089916510858], [127.5300127923173, 45.381081432226345], [127.53027132046863, 45.38431176782769]]]}, "properties": {"biomass": 127.44489288330078}}, {"type": "Feature", "geometry": {"type": "Polygon", "coordinates": [[[127.5348553941225, 45.38412948029261], [127.53943942390003, 45.383947009349924], [127.53918037693555, 45.38071671460361], [127.53459660656003, 45.38089916510858], [127.5348553941225, 45.38412948029261]]]}, "properties": {"biomass": 121.87112426757812}}, {"type": "Feature", "geometry": {"type": "Polygon", "coordinates": [[[127.53943942390003, 45.383947009349924], [127.54402340975761, 45.38376435500426], [127.54376410340025, 45.38053408071607], [127.53918037693555, 45.38071671460361], [127.53943942390003, 45.383947009349924]]]}, "properties": {"biomass": 132.98622131347656}}, {"type": "Feature", "geometry": {"type": "Polygon", "coordinates": [[[127.54402340975761, 45.38376435500426], [127.54860735165165, 45.38358151726025], [127.54834778591054, 45.3803512634506], [127.54376410340025, 45.38053408071607], [127.54402340975761, 45.38376435500426]]]}, "properties": {"biomass": 153.76467895507812}}, {"type": "Feature", "geometry": {"type": "Polygon", "coordinates": [[[127.54860735165165, 45.38358151726025], [127.55319124953859, 45.38339849612258], [127.55293142442282, 45.38016826281187], [127.54834778591054, 45.3803512634506], [127.54860735165165, 45.38358151726025]]]}, "properties": {"biomass": 170.26397705078125}}, {"type": "Feature", "geometry": {"type": "Polygon", "coordinates": [[[127.55319124953859, 45.38339849612258], [127.55777510337475, 45.38321529159586], [127.55751501889351, 45.379985078804516], [127.55293142442282, 45.38016826281187], [127.55319124953859, 45.38339849612258]]]}, "properties": {"biomass": 175.65394592285156}}, {"type": "Feature", "geometry": {"type": "Polygon", "coordinates": [[[127.55777510337475, 45.38321529159586], [127.5623589131166, 45.38303190368478], [127.56209856927904, 45.379801711433196], [127.55751501889351, 45.379985078804516], [127.55777510337475, 45.38321529159586]]]}, "properties": {"biomass": 160.0049285888672}}, {"type": "Feature", "geometry": {"type": "Polygon", "coordinates": [[[127.5623589131166, 45.38303190368478], [127.56694267872052, 45.382848332394005], [127.5666820755358, 45.379618160702584], [127.56209856927904, 45.379801711433196], [127.5623589131166, 45.38303190368478]]]}, "properties": {"biomass": 140.6854248046875}}, {"type": "Feature", "geometry": {"type": "Polygon", "coordinates": [[[127.56694267872052, 45.382848332394005], [127.57152640014294, 45.38266457772818], [127.57126553762019, 45.37943442661734], [127.5666820755358, 45.379618160702584], [127.56694267872052, 45.382848332394005]]]}, "properties": {"biomass": 121.41376495361328}}, {"type": "Feature", "geometry": {"type": "Polygon", "coordinates": [[[127.57152640014294, 45.38266457772818], [127.57611007734025, 45.382480639692], [127.57584895548867, 45.37925050918215], [127.57126553762019, 45.37943442661734], [127.57152640014294, 45.38266457772818]]]}, "properties": {"biomass": 95.15399169921875}}, {"type": "Feature", "geometry": {"type": "Polygon", "coordinates": [[[127.57611007734025, 45.382480639692], [127.58069371026887, 45.38229651829013], [127.58043232909768, 45.37906640840166], [127.57584895548867, 45.37925050918215], [127.57611007734025, 45.382480639692]]]}, "properties": {"biomass": 120.64002990722656}}, {"type": "Feature", "geometry": {"type": "Polygon", "coordinates": [[[127.58069371026887, 45.38229651829013], [127.58527729888525, 45.382112213527265], [127.5850156584036, 45.37888212428057], [127.58043232909768, 45.37906640840166], [127.58069371026887, 45.38229651829013]]]}, "properties": {"biomass": 168.3380584716797}}, {"type": "Feature", "geometry": {"type": "Polygon", "coordinates": [[[127.58527729888525, 45.382112213527265], [127.58986084314577, 45.381927725408076], [127.58959894336289, 45.37869765682357], [127.5850156584036, 45.37888212428057], [127.58527729888525, 45.382112213527265]]]}, "properties": {"biomass": 174.98345947265625}}, {"type": "Feature", "geometry": {"type": "Polygon", "coordinates": [[[127.58986084314577, 45.381927725408076], [127.59444434300686, 45.38174305393726], [127.59418218393199, 45.378513006035334], [127.58959894336289, 45.37869765682357], [127.58986084314577, 45.381927725408076]]]}, "properties": {"biomass": 173.94235229492188}}, {"type": "Feature", "geometry": {"type": "Polygon", "coordinates": [[[127.59444434300686, 45.38174305393726], [127.59902779842494, 45.3815581991195], [127.59876538006728, 45.37832817192058], [127.59418218393199, 45.378513006035334], [127.59444434300686, 45.38174305393726]]]}, "properties": {"biomass": 127.83989715576172}}, {"type": "Feature", "geometry": {"type": "Polygon", "coordinates": [[[127.59902779842494, 45.3815581991195], [127.60361120935649, 45.38137316095953], [127.60334853172527, 45.37814315448398], [127.59876538006728, 45.37832817192058], [127.59902779842494, 45.3815581991195]]]}, "properties": {"biomass": 108.439208984375}}, {"type": "Feature", "geometry": {"type": "Polygon", "coordinates": [[[127.60361120935649, 45.38137316095953], [127.60819457575789, 45.381187939462016], [127.60793163886235, 45.37795795373026], [127.60334853172527, 45.37814315448398], [127.60361120935649, 45.38137316095953]]]}, "properties": {"biomass": 117.1185073852539}}, {"type": "Feature", "geometry": {"type": "Polygon", "coordinates": [[[127.60819457575789, 45.381187939462016], [127.6127778975856, 45.38100253463169], [127.61251470143499, 45.37777256966411], [127.60793163886235, 45.37795795373026], [127.60819457575789, 45.381187939462016]]]}, "properties": {"biomass": 154.19058227539062}}, {"type": "Feature", "geometry": {"type": "Polygon", "coordinates": [[[127.6127778975856, 45.38100253463169], [127.61736117479603, 45.38081694647327], [127.61709771939964, 45.37758700229026], [127.61251470143499, 45.37777256966411], [127.6127778975856, 45.38100253463169]]]}, "properties": {"biomass": 193.91384887695312}}, {"type": "Feature", "geometry": {"type": "Polygon", "coordinates": [[[127.61736117479603, 45.38081694647327], [127.62194440734565, 45.38063117499146], [127.6216806927127, 45.37740125161342], [127.61709771939964, 45.37758700229026], [127.61736117479603, 45.38081694647327]]]}, "properties": {"biomass": 193.42832946777344}}, {"type": "Feature", "geometry": {"type": "Polygon", "coordinates": [[[127.62194440734565, 45.38063117499146], [127.62652759519086, 45.38044522019098], [127.62626362133068, 45.37721531763832], [127.6216806927127, 45.37740125161342], [127.62194440734565, 45.38063117499146]]]}, "properties": {"biomass": 179.6953887939453}}, {"type": "Feature", "geometry": {"type": "Polygon", "coordinates": [[[127.62652759519086, 45.38044522019098], [127.63111073828817, 45.38025908207656], [127.63084650521003, 45.37702920036967], [127.62626362133068, 45.37721531763832], [127.62652759519086, 45.38044522019098]]]}, "properties": {"biomass": 159.32997131347656}}, {"type": "Feature", "geometry": {"type": "Polygon", "coordinates": [[[127.63111073828817, 45.38025908207656], [127.63569383659399, 45.38007276065296], [127.63542934430717, 45.37684289981222], [127.63084650521003, 45.37702920036967], [127.63111073828817, 45.38025908207656]]]}, "properties": {"biomass": 138.9295196533203}}, {"type": "Feature", "geometry": {"type": "Polygon", "coordinates": [[[127.63569383659399, 45.38007276065296], [127.64027689006477, 45.37988625592488], [127.64001213857857, 45.37665641597067], [127.63542934430717, 45.37684289981222], [127.63569383659399, 45.38007276065296]]]}, "properties": {"biomass": 113.92414093017578}}, {"type": "Feature", "geometry": {"type": "Polygon", "coordinates": [[[127.64027689006477, 45.37988625592488], [127.64485989865697, 45.37969956789708], [127.64459488798072, 45.376469748849814], [127.64001213857857, 45.37665641597067], [127.64027689006477, 45.37988625592488]]]}, "properties": {"biomass": 108.55709075927734}}, {"type": "Feature", "geometry": {"type": "Polygon", "coordinates": [[[127.64485989865697, 45.37969956789708], [127.64944286232705, 45.37951269657431], [127.64917759247007, 45.37628289845436], [127.64459488798072, 45.376469748849814], [127.64485989865697, 45.37969956789708]]]}, "properties": {"biomass": 117.487548828125}}, {"type": "Feature", "geometry": {"type": "Polygon", "coordinates": [[[127.64944286232705, 45.37951269657431], [127.65402578103145, 45.37932564196131], [127.65376025200307, 45.37609586478907], [127.64917759247007, 45.37628289845436], [127.64944286232705, 45.37951269657431]]]}, "properties": {"biomass": 156.2381134033203}}, {"type": "Feature", "geometry": {"type": "Polygon", "coordinates": [[[127.65402578103145, 45.37932564196131], [127.65860865472663, 45.37913840406283], [127.6583428665362, 45.3759086478587], [127.65376025200307, 45.37609586478907], [127.65402578103145, 45.37932564196131]]]}, "properties": {"biomass": 185.00965881347656}}, {"type": "Feature", "geometry": {"type": "Polygon", "coordinates": [[[127.65860865472663, 45.37913840406283], [127.66319148336912, 45.37895098288364], [127.66292543602594, 45.37572124766799], [127.6583428665362, 45.3759086478587], [127.65860865472663, 45.37913840406283]]]}, "properties": {"biomass": 170.15203857421875}}, {"type": "Feature", "geometry": {"type": "Polygon", "coordinates": [[[127.66319148336912, 45.37895098288364], [127.6677742669153, 45.3787633784285], [127.66750796042878, 45.375533664221734], [127.66292543602594, 45.37572124766799], [127.66319148336912, 45.37895098288364]]]}, "properties": {"biomass": 193.29139709472656}}, {"type": "Feature", "geometry": {"type": "Polygon", "coordinates": [[[127.6677742669153, 45.3787633784285], [127.67235700532169, 45.37857559070218], [127.67209043970117, 45.375345897524674], [127.66750796042878, 45.375533664221734], [127.6677742669153, 45.3787633784285]]]}, "properties": {"biomass": 195.6295928955078}}, {"type": "Feature", "geometry": {"type": "Polygon", "coordinates": [[[127.67235700532169, 45.37857559070218], [127.67693969854471, 45.37838761970945], [127.6766728737996, 45.375157947581584], [127.67209043970117, 45.375345897524674], [127.67235700532169, 45.37857559070218]]]}, "properties": {"biomass": 225.69485473632812}}, {"type": "Feature", "geometry": {"type": "Polygon", "coordinates": [[[127.47500361563417, 45.383254331754976], [127.47958795288203, 45.383074265643906], [127.47933232219542, 45.37984370383703], [127.47474824442365, 45.3800237497781], [127.47500361563417, 45.383254331754976]]]}, "properties": {"biomass": 151.4321746826172}}, {"type": "Feature", "geometry": {"type": "Polygon", "coordinates": [[[127.47958795288203, 45.383074265643906], [127.48417224678602, 45.38289401609029], [127.48391635663234, 45.37966347447388], [127.47933232219542, 45.37984370383703], [127.47958795288203, 45.383074265643906]]]}, "properties": {"biomass": 160.52293395996094}}, {"type": "Feature", "geometry": {"type": "Polygon", "coordinates": [[[127.48417224678602, 45.38289401609029], [127.48875649730255, 45.382713583098756], [127.48850034769079, 45.37948306169319], [127.48391635663234, 45.37966347447388], [127.48417224678602, 45.38289401609029]]]}, "properties": {"biomass": 126.429443359375}}, {"type": "Feature", "geometry": {"type": "Polygon", "coordinates": [[[127.48875649730255, 45.382713583098756], [127.49334070438796, 45.382532966673864], [127.49308429532714, 45.379302465499585], [127.48850034769079, 45.37948306169319], [127.48875649730255, 45.382713583098756]]]}, "properties": {"biomass": 126.351806640625}}, {"type": "Feature", "geometry": {"type": "Polygon", "coordinates": [[[127.49334070438796, 45.382532966673864], [127.49792486799866, 45.38235216682021], [127.4976681994978, 45.37912168589764], [127.49308429532714, 45.379302465499585], [127.49334070438796, 45.382532966673864]]]}, "properties": {"biomass": 109.72367095947266}}, {"type": "Feature", "geometry": {"type": "Polygon", "coordinates": [[[127.49792486799866, 45.38235216682021], [127.50250898809102, 45.38217118354241], [127.50225206015914, 45.37894072289194], [127.4976681994978, 45.37912168589764], [127.49792486799866, 45.38235216682021]]]}, "properties": {"biomass": 110.99429321289062}}, {"type": "Feature", "geometry": {"type": "Polygon", "coordinates": [[[127.50250898809102, 45.38217118354241], [127.50709306462137, 45.38199001684505], [127.50683587726752, 45.37875957648712], [127.50225206015914, 45.37894072289194], [127.50250898809102, 45.38217118354241]]]}, "properties": {"biomass": 128.82493591308594}}, {"type": "Feature", "geometry": {"type": "Polygon", "coordinates": [[[127.50709306462137, 45.38199001684505], [127.51167709754618, 45.38180866673274], [127.51141965077942, 45.37857824668775], [127.50683587726752, 45.37875957648712], [127.50709306462137, 45.38199001684505]]]}, "properties": {"biomass": 118.41761779785156}}, {"type": "Feature", "geometry": {"type": "Polygon", "coordinates": [[[127.51167709754618, 45.38180866673274], [127.51626108682177, 45.3816271332101], [127.51600338065116, 45.37839673349847], [127.51141965077942, 45.37857824668775], [127.51167709754618, 45.38180866673274]]]}, "properties": {"biomass": 121.93668365478516}}, {"type": "Feature", "geometry": {"type": "Polygon", "coordinates": [[[127.51626108682177, 45.3816271332101], [127.52084503240458, 45.38144541628173], [127.52058706683917, 45.37821503692388], [127.51600338065116, 45.37839673349847], [127.51626108682177, 45.3816271332101]]]}, "properties": {"biomass": 123.99503326416016}}, {"type": "Feature", "geometry": {"type": "Polygon", "coordinates": [[[127.52084503240458, 45.38144541628173], [127.52542893425094, 45.38126351595228], [127.52517070929984, 45.37803315696861], [127.52058706683917, 45.37821503692388], [127.52084503240458, 45.38144541628173]]]}, "properties": {"biomass": 135.2504119873047}}, {"type": "Feature", "geometry": {"type": "Polygon", "coordinates": [[[127.52542893425094, 45.38126351595228], [127.5300127923173, 45.381081432226345], [127.52975430798958, 45.37785109363728], [127.52517070929984, 45.37803315696861], [127.52542893425094, 45.38126351595228]]]}, "properties": {"biomass": 132.03504943847656}}, {"type": "Feature", "geometry": {"type": "Polygon", "coordinates": [[[127.5300127923173, 45.381081432226345], [127.53459660656003, 45.38089916510858], [127.5343378628648, 45.37766884693451], [127.52975430798958, 45.37785109363728], [127.5300127923173, 45.381081432226345]]]}, "properties": {"biomass": 122.62646484375}}, {"type": "Feature", "geometry": {"type": "Polygon", "coordinates": [[[127.53459660656003, 45.38089916510858], [127.53918037693555, 45.38071671460361], [127.5389213738819, 45.377486416864954], [127.5343378628648, 45.37766884693451], [127.53459660656003, 45.38089916510858]]]}, "properties": {"biomass": 123.43145751953125}}, {"type": "Feature", "geometry": {"type": "Polygon", "coordinates": [[[127.53918037693555, 45.38071671460361], [127.54376410340025, 45.38053408071607], [127.5435048409973, 45.377303803433236], [127.5389213738819, 45.377486416864954], [127.53918037693555, 45.38071671460361]]]}, "properties": {"biomass": 128.54568481445312}}, {"type": "Feature", "geometry": {"type": "Polygon", "coordinates": [[[127.54376410340025, 45.38053408071607], [127.54834778591054, 45.3803512634506], [127.5480882641674, 45.37712100664401], [127.5435048409973, 45.377303803433236], [127.54376410340025, 45.38053408071607]]]}, "properties": {"biomass": 153.10548400878906}}, {"type": "Feature", "geometry": {"type": "Polygon", "coordinates": [[[127.54834778591054, 45.3803512634506], [127.55293142442282, 45.38016826281187], [127.55267164334866, 45.37693802650192], [127.5480882641674, 45.37712100664401], [127.54834778591054, 45.3803512634506]]]}, "properties": {"biomass": 171.31712341308594}}, {"type": "Feature", "geometry": {"type": "Polygon", "coordinates": [[[127.55293142442282, 45.38016826281187], [127.55751501889351, 45.379985078804516], [127.55725497849745, 45.37675486301161], [127.55267164334866, 45.37693802650192], [127.55293142442282, 45.38016826281187]]]}, "properties": {"biomass": 191.3938446044922}}, {"type": "Feature", "geometry": {"type": "Polygon", "coordinates": [[[127.55751501889351, 45.379985078804516], [127.56209856927904, 45.379801711433196], [127.56183826957022, 45.37657151617775], [127.55725497849745, 45.37675486301161], [127.55751501889351, 45.379985078804516]]]}, "properties": {"biomass": 179.36578369140625}}, {"type": "Feature", "geometry": {"type": "Polygon", "coordinates": [[[127.56209856927904, 45.379801711433196], [127.5666820755358, 45.379618160702584], [127.56642151652338, 45.376387986004985], [127.56183826957022, 45.37657151617775], [127.56209856927904, 45.379801711433196]]]}, "properties": {"biomass": 143.18206787109375}}, {"type": "Feature", "geometry": {"type": "Polygon", "coordinates": [[[127.5666820755358, 45.379618160702584], [127.57126553762019, 45.37943442661734], [127.57100471931336, 45.376204272498], [127.56642151652338, 45.376387986004985], [127.5666820755358, 45.379618160702584]]]}, "properties": {"biomass": 133.90040588378906}}, {"type": "Feature", "geometry": {"type": "Polygon", "coordinates": [[[127.57126553762019, 45.37943442661734], [127.57584895548867, 45.37925050918215], [127.57558787789661, 45.37602037566146], [127.57100471931336, 45.376204272498], [127.57126553762019, 45.37943442661734]]]}, "properties": {"biomass": 112.21893310546875}}, {"type": "Feature", "geometry": {"type": "Polygon", "coordinates": [[[127.57584895548867, 45.37925050918215], [127.58043232909768, 45.37906640840166], [127.58017099222954, 45.37583629550004], [127.57558787789661, 45.37602037566146], [127.57584895548867, 45.37925050918215]]]}, "properties": {"biomass": 123.11990356445312}}, {"type": "Feature", "geometry": {"type": "Polygon", "coordinates": [[[127.58043232909768, 45.37906640840166], [127.5850156584036, 45.37888212428057], [127.58475406226862, 45.375652032018415], [127.58017099222954, 45.37583629550004], [127.58043232909768, 45.37906640840166]]]}, "properties": {"biomass": 159.38385009765625}}, {"type": "Feature", "geometry": {"type": "Polygon", "coordinates": [[[127.5850156584036, 45.37888212428057], [127.58959894336289, 45.37869765682357], [127.58933708797022, 45.375467585221266], [127.58475406226862, 45.375652032018415], [127.5850156584036, 45.37888212428057]]]}, "properties": {"biomass": 179.87786865234375}}, {"type": "Feature", "geometry": {"type": "Polygon", "coordinates": [[[127.58959894336289, 45.37869765682357], [127.59418218393199, 45.378513006035334], [127.59392006929089, 45.3752829551133], [127.58933708797022, 45.375467585221266], [127.58959894336289, 45.37869765682357]]]}, "properties": {"biomass": 164.66175842285156}}, {"type": "Feature", "geometry": {"type": "Polygon", "coordinates": [[[127.59418218393199, 45.378513006035334], [127.59876538006728, 45.37832817192058], [127.59850300618696, 45.37509814169919], [127.59392006929089, 45.3752829551133], [127.59418218393199, 45.378513006035334]]]}, "properties": {"biomass": 132.0152130126953}}, {"type": "Feature", "geometry": {"type": "Polygon", "coordinates": [[[127.59876538006728, 45.37832817192058], [127.60334853172527, 45.37814315448398], [127.60308589861495, 45.37491314498365], [127.59850300618696, 45.37509814169919], [127.59876538006728, 45.37832817192058]]]}, "properties": {"biomass": 109.0296859741211}}, {"type": "Feature", "geometry": {"type": "Polygon", "coordinates": [[[127.60334853172527, 45.37814315448398], [127.60793163886235, 45.37795795373026], [127.60766874653126, 45.374727964971385], [127.60308589861495, 45.37491314498365], [127.60334853172527, 45.37814315448398]]]}, "properties": {"biomass": 162.18576049804688}}, {"type": "Feature", "geometry": {"type": "Polygon", "coordinates": [[[127.60793163886235, 45.37795795373026], [127.61251470143499, 45.37777256966411], [127.6122515498924, 45.37454260166708], [127.60766874653126, 45.374727964971385], [127.60793163886235, 45.37795795373026]]]}, "properties": {"biomass": 142.85902404785156}}, {"type": "Feature", "geometry": {"type": "Polygon", "coordinates": [[[127.61251470143499, 45.37777256966411], [127.61709771939964, 45.37758700229026], [127.61683430865479, 45.374357055075464], [127.6122515498924, 45.37454260166708], [127.61251470143499, 45.37777256966411]]]}, "properties": {"biomass": 172.62661743164062}}, {"type": "Feature", "geometry": {"type": "Polygon", "coordinates": [[[127.61709771939964, 45.37758700229026], [127.6216806927127, 45.37740125161342], [127.62141702277489, 45.37417132520127], [127.61683430865479, 45.374357055075464], [127.61709771939964, 45.37758700229026]]]}, "properties": {"biomass": 201.97512817382812}}, {"type": "Feature", "geometry": {"type": "Polygon", "coordinates": [[[127.6216806927127, 45.37740125161342], [127.62626362133068, 45.37721531763832], [127.62599969220916, 45.37398541204917], [127.62141702277489, 45.37417132520127], [127.6216806927127, 45.37740125161342]]]}, "properties": {"biomass": 205.96160888671875}}, {"type": "Feature", "geometry": {"type": "Polygon", "coordinates": [[[127.62626362133068, 45.37721531763832], [127.63084650521003, 45.37702920036967], [127.63058231691404, 45.37379931562394], [127.62599969220916, 45.37398541204917], [127.62626362133068, 45.37721531763832]]]}, "properties": {"biomass": 192.47311401367188}}, {"type": "Feature", "geometry": {"type": "Polygon", "coordinates": [[[127.63084650521003, 45.37702920036967], [127.63542934430717, 45.37684289981222], [127.63516489684605, 45.37361303593029], [127.63058231691404, 45.37379931562394], [127.63084650521003, 45.37702920036967]]]}, "properties": {"biomass": 164.23699951171875}}, {"type": "Feature", "geometry": {"type": "Polygon", "coordinates": [[[127.63542934430717, 45.37684289981222], [127.64001213857857, 45.37665641597067], [127.63974743196164, 45.37342657297295], [127.63516489684605, 45.37361303593029], [127.63542934430717, 45.37684289981222]]]}, "properties": {"biomass": 133.50572204589844}}, {"type": "Feature", "geometry": {"type": "Polygon", "coordinates": [[[127.64001213857857, 45.37665641597067], [127.64459488798072, 45.376469748849814], [127.64432992221727, 45.37323992675667], [127.63974743196164, 45.37342657297295], [127.64001213857857, 45.37665641597067]]]}, "properties": {"biomass": 152.24017333984375}}, {"type": "Feature", "geometry": {"type": "Polygon", "coordinates": [[[127.64459488798072, 45.376469748849814], [127.64917759247007, 45.37628289845436], [127.6489123675694, 45.373053097286174], [127.64432992221727, 45.37323992675667], [127.64459488798072, 45.376469748849814]]]}, "properties": {"biomass": 133.45144653320312}}, {"type": "Feature", "geometry": {"type": "Polygon", "coordinates": [[[127.64917759247007, 45.37628289845436], [127.65376025200307, 45.37609586478907], [127.65349476797452, 45.372866084566255], [127.6489123675694, 45.373053097286174], [127.64917759247007, 45.37628289845436]]]}, "properties": {"biomass": 122.49862670898438}}, {"type": "Feature", "geometry": {"type": "Polygon", "coordinates": [[[127.65376025200307, 45.37609586478907], [127.6583428665362, 45.3759086478587], [127.6580771233891, 45.37267888860161], [127.65349476797452, 45.372866084566255], [127.65376025200307, 45.37609586478907]]]}, "properties": {"biomass": 134.5998077392578}}, {"type": "Feature", "geometry": {"type": "Polygon", "coordinates": [[[127.6583428665362, 45.3759086478587], [127.66292543602594, 45.37572124766799], [127.66265943376968, 45.37249150939704], [127.6580771233891, 45.37267888860161], [127.6583428665362, 45.3759086478587]]]}, "properties": {"biomass": 170.8245849609375}}, {"type": "Feature", "geometry": {"type": "Polygon", "coordinates": [[[127.66292543602594, 45.37572124766799], [127.66750796042878, 45.375533664221734], [127.66724169907266, 45.372303946957274], [127.66265943376968, 45.37249150939704], [127.66292543602594, 45.37572124766799]]]}, "properties": {"biomass": 216.7561798095703}}, {"type": "Feature", "geometry": {"type": "Polygon", "coordinates": [[[127.66750796042878, 45.375533664221734], [127.67209043970117, 45.375345897524674], [127.6718239192546, 45.37211620128712], [127.66724169907266, 45.372303946957274], [127.66750796042878, 45.375533664221734]]]}, "properties": {"biomass": 194.94992065429688}}, {"type": "Feature", "geometry": {"type": "Polygon", "coordinates": [[[127.67209043970117, 45.375345897524674], [127.6766728737996, 45.375157947581584], [127.67640609427193, 45.3719282723913], [127.6718239192546, 45.37211620128712], [127.67209043970117, 45.375345897524674]]]}, "properties": {"biomass": 191.9226531982422}}, {"type": "Feature", "geometry": {"type": "Polygon", "coordinates": [[[127.47933232219542, 45.37984370383703], [127.48391635663234, 45.37966347447388], [127.48366050985712, 45.37643292989285], [127.47907673484369, 45.376613139067835], [127.47933232219542, 45.37984370383703]]]}, "properties": {"biomass": 140.21063232421875}}, {"type": "Feature", "geometry": {"type": "Polygon", "coordinates": [[[127.48391635663234, 45.37966347447388], [127.48850034769079, 45.37948306169319], [127.4882442415011, 45.37625253732076], [127.48366050985712, 45.37643292989285], [127.48391635663234, 45.37966347447388]]]}, "properties": {"biomass": 142.20835876464844}}, {"type": "Feature", "geometry": {"type": "Polygon", "coordinates": [[[127.48850034769079, 45.37948306169319], [127.49308429532714, 45.379302465499585], [127.492827929732, 45.37607196135615], [127.4882442415011, 45.37625253732076], [127.48850034769079, 45.37948306169319]]]}, "properties": {"biomass": 159.21766662597656}}, {"type": "Feature", "geometry": {"type": "Polygon", "coordinates": [[[127.49308429532714, 45.379302465499585], [127.4976681994978, 45.37912168589764], [127.49741157450622, 45.37589120200362], [127.492827929732, 45.37607196135615], [127.49308429532714, 45.379302465499585]]]}, "properties": {"biomass": 151.5199432373047}}, {"type": "Feature", "geometry": {"type": "Polygon", "coordinates": [[[127.4976681994978, 45.37912168589764], [127.50225206015914, 45.37894072289194], [127.50199517578015, 45.37571025926776], [127.49741157450622, 45.37589120200362], [127.4976681994978, 45.37912168589764]]]}, "properties": {"biomass": 143.78713989257812}}, {"type": "Feature", "geometry": {"type": "Polygon", "coordinates": [[[127.50225206015914, 45.37894072289194], [127.50683587726752, 45.37875957648712], [127.5065787335102, 45.37552913315319], [127.50199517578015, 45.37571025926776], [127.50225206015914, 45.37894072289194]]]}, "properties": {"biomass": 113.47824096679688}}, {"type": "Feature", "geometry": {"type": "Polygon", "coordinates": [[[127.50683587726752, 45.37875957648712], [127.51141965077942, 45.37857824668775], [127.51116224765276, 45.37534782366448], [127.5065787335102, 45.37552913315319], [127.50683587726752, 45.37875957648712]]]}, "properties": {"biomass": 106.33819580078125}}, {"type": "Feature", "geometry": {"type": "Polygon", "coordinates": [[[127.51141965077942, 45.37857824668775], [127.51600338065116, 45.37839673349847], [127.51574571816425, 45.375166330806266], [127.51116224765276, 45.37534782366448], [127.51141965077942, 45.37857824668775]]]}, "properties": {"biomass": 126.00418090820312}}, {"type": "Feature", "geometry": {"type": "Polygon", "coordinates": [[[127.51600338065116, 45.37839673349847], [127.52058706683917, 45.37821503692388], [127.52032914500109, 45.37498465458315], [127.51574571816425, 45.375166330806266], [127.51600338065116, 45.37839673349847]]]}, "properties": {"biomass": 122.16241455078125}}, {"type": "Feature", "geometry": {"type": "Polygon", "coordinates": [[[127.52058706683917, 45.37821503692388], [127.52517070929984, 45.37803315696861], [127.52491252811967, 45.37480279499978], [127.52032914500109, 45.37498465458315], [127.52058706683917, 45.37821503692388]]]}, "properties": {"biomass": 129.41529846191406}}, {"type": "Feature", "geometry": {"type": "Polygon", "coordinates": [[[127.52517070929984, 45.37803315696861], [127.52975430798958, 45.37785109363728], [127.52949586747638, 45.37462075206075], [127.52491252811967, 45.37480279499978], [127.52517070929984, 45.37803315696861]]]}, "properties": {"biomass": 123.30683898925781}}, {"type": "Feature", "geometry": {"type": "Polygon", "coordinates": [[[127.52975430798958, 45.37785109363728], [127.5343378628648, 45.37766884693451], [127.53407916302768, 45.374438525770685], [127.52949586747638, 45.37462075206075], [127.52975430798958, 45.37785109363728]]]}, "properties": {"biomass": 111.1122055053711}}, {"type": "Feature", "geometry": {"type": "Polygon", "coordinates": [[[127.5343378628648, 45.37766884693451], [127.5389213738819, 45.377486416864954], [127.53866241472996, 45.37425611613425], [127.53407916302768, 45.374438525770685], [127.5343378628648, 45.37766884693451]]]}, "properties": {"biomass": 113.94129943847656}}, {"type": "Feature", "geometry": {"type": "Polygon", "coordinates": [[[127.5389213738819, 45.377486416864954], [127.5435048409973, 45.377303803433236], [127.54324562253964, 45.37407352315605], [127.53866241472996, 45.37425611613425], [127.5389213738819, 45.377486416864954]]]}, "properties": {"biomass": 126.15308380126953}}, {"type": "Feature", "geometry": {"type": "Polygon", "coordinates": [[[127.5435048409973, 45.377303803433236], [127.5480882641674, 45.37712100664401], [127.54782878641315, 45.37389074684076], [127.54324562253964, 45.37407352315605], [127.5435048409973, 45.377303803433236]]]}, "properties": {"biomass": 167.19137573242188}}, {"type": "Feature", "geometry": {"type": "Polygon", "coordinates": [[[127.5480882641674, 45.37712100664401], [127.55267164334866, 45.37693802650192], [127.55241190630694, 45.373707787193], [127.54782878641315, 45.37389074684076], [127.5480882641674, 45.37712100664401]]]}, "properties": {"biomass": 190.11312866210938}}, {"type": "Feature", "geometry": {"type": "Polygon", "coordinates": [[[127.55267164334866, 45.37693802650192], [127.55725497849745, 45.37675486301161], [127.55699498217743, 45.373524644217426], [127.55241190630694, 45.373707787193], [127.55267164334866, 45.37693802650192]]]}, "properties": {"biomass": 175.28448486328125}}, {"type": "Feature", "geometry": {"type": "Polygon", "coordinates": [[[127.55725497849745, 45.37675486301161], [127.56183826957022, 45.37657151617775], [127.56157801398102, 45.373341317918694], [127.55699498217743, 45.373524644217426], [127.55725497849745, 45.37675486301161]]]}, "properties": {"biomass": 167.25462341308594}}, {"type": "Feature", "geometry": {"type": "Polygon", "coordinates": [[[127.56183826957022, 45.37657151617775], [127.56642151652338, 45.376387986004985], [127.56616100167416, 45.37315780830148], [127.56157801398102, 45.373341317918694], [127.56183826957022, 45.37657151617775]]]}, "properties": {"biomass": 151.83885192871094}}, {"type": "Feature", "geometry": {"type": "Polygon", "coordinates": [[[127.56642151652338, 45.376387986004985], [127.57100471931336, 45.376204272498], [127.57074394521328, 45.37297411537043], [127.56616100167416, 45.37315780830148], [127.56642151652338, 45.376387986004985]]]}, "properties": {"biomass": 144.2684783935547}}, {"type": "Feature", "geometry": {"type": "Polygon", "coordinates": [[[127.57100471931336, 45.376204272498], [127.57558787789661, 45.37602037566146], [127.57532684455484, 45.37279023913024], [127.57074394521328, 45.37297411537043], [127.57100471931336, 45.376204272498]]]}, "properties": {"biomass": 119.1745834350586}}, {"type": "Feature", "geometry": {"type": "Polygon", "coordinates": [[[127.57558787789661, 45.37602037566146], [127.58017099222954, 45.37583629550004], [127.57990969965529, 45.37260617958555], [127.57532684455484, 45.37279023913024], [127.57558787789661, 45.37602037566146]]]}, "properties": {"biomass": 107.6305923461914}}, {"type": "Feature", "geometry": {"type": "Polygon", "coordinates": [[[127.58017099222954, 45.37583629550004], [127.58475406226862, 45.375652032018415], [127.58449251047104, 45.37242193674106], [127.57990969965529, 45.37260617958555], [127.58017099222954, 45.37583629550004]]]}, "properties": {"biomass": 150.39517211914062}}, {"type": "Feature", "geometry": {"type": "Polygon", "coordinates": [[[127.58475406226862, 45.375652032018415], [127.58933708797022, 45.375467585221266], [127.58907527695857, 45.37223751060146], [127.58449251047104, 45.37242193674106], [127.58475406226862, 45.375652032018415]]]}, "properties": {"biomass": 175.65142822265625}}, {"type": "Feature", "geometry": {"type": "Polygon", "coordinates": [[[127.58933708797022, 45.375467585221266], [127.59392006929089, 45.3752829551133], [127.59365799907432, 45.37205290117142], [127.58907527695857, 45.37223751060146], [127.58933708797022, 45.375467585221266]]]}, "properties": {"biomass": 145.5547332763672}}, {"type": "Feature", "geometry": {"type": "Polygon", "coordinates": [[[127.59392006929089, 45.3752829551133], [127.59850300618696, 45.37509814169919], [127.59824067677472, 45.37186810845564], [127.59365799907432, 45.37205290117142], [127.59392006929089, 45.3752829551133]]]}, "properties": {"biomass": 112.00713348388672}}, {"type": "Feature", "geometry": {"type": "Polygon", "coordinates": [[[127.59850300618696, 45.37509814169919], [127.60308589861495, 45.37491314498365], [127.60282331001626, 45.37168313245881], [127.59824067677472, 45.37186810845564], [127.59850300618696, 45.37509814169919]]]}, "properties": {"biomass": 131.67445373535156}}, {"type": "Feature", "geometry": {"type": "Polygon", "coordinates": [[[127.60308589861495, 45.37491314498365], [127.60766874653126, 45.374727964971385], [127.60740589875539, 45.371497973185654], [127.60282331001626, 45.37168313245881], [127.60308589861495, 45.37491314498365]]]}, "properties": {"biomass": 163.43975830078125}}, {"type": "Feature", "geometry": {"type": "Polygon", "coordinates": [[[127.60766874653126, 45.374727964971385], [127.6122515498924, 45.37454260166708], [127.61198844294854, 45.37131263064087], [127.60740589875539, 45.371497973185654], [127.60766874653126, 45.374727964971385]]]}, "properties": {"biomass": 186.22181701660156}}, {"type": "Feature", "geometry": {"type": "Polygon", "coordinates": [[[127.6122515498924, 45.37454260166708], [127.61683430865479, 45.374357055075464], [127.61657094255222, 45.37112710482916], [127.61198844294854, 45.37131263064087], [127.6122515498924, 45.37454260166708]]]}, "properties": {"biomass": 173.88865661621094}}, {"type": "Feature", "geometry": {"type": "Polygon", "coordinates": [[[127.61683430865479, 45.374357055075464], [127.62141702277489, 45.37417132520127], [127.62115339752287, 45.37094139575524], [127.61657094255222, 45.37112710482916], [127.61683430865479, 45.374357055075464]]]}, "properties": {"biomass": 177.30418395996094}}, {"type": "Feature", "geometry": {"type": "Polygon", "coordinates": [[[127.62141702277489, 45.37417132520127], [127.62599969220916, 45.37398541204917], [127.62573580781698, 45.37075550342383], [127.62115339752287, 45.37094139575524], [127.62141702277489, 45.37417132520127]]]}, "properties": {"biomass": 186.575927734375}}, {"type": "Feature", "geometry": {"type": "Polygon", "coordinates": [[[127.62599969220916, 45.37398541204917], [127.63058231691404, 45.37379931562394], [127.63031817339098, 45.37056942783967], [127.62573580781698, 45.37075550342383], [127.62599969220916, 45.37398541204917]]]}, "properties": {"biomass": 220.10411071777344}}, {"type": "Feature", "geometry": {"type": "Polygon", "coordinates": [[[127.63058231691404, 45.37379931562394], [127.63516489684605, 45.37361303593029], [127.63490049420139, 45.37038316900747], [127.63031817339098, 45.37056942783967], [127.63058231691404, 45.37379931562394]]]}, "properties": {"biomass": 203.62060546875}}, {"type": "Feature", "geometry": {"type": "Polygon", "coordinates": [[[127.63516489684605, 45.37361303593029], [127.63974743196164, 45.37342657297295], [127.63948277020467, 45.37019672693198], [127.63490049420139, 45.37038316900747], [127.63516489684605, 45.37361303593029]]]}, "properties": {"biomass": 148.31593322753906}}, {"type": "Feature", "geometry": {"type": "Polygon", "coordinates": [[[127.63974743196164, 45.37342657297295], [127.64432992221727, 45.37323992675667], [127.6440650013573, 45.37001010161792], [127.63948277020467, 45.37019672693198], [127.63974743196164, 45.37342657297295]]]}, "properties": {"biomass": 173.30128479003906}}, {"type": "Feature", "geometry": {"type": "Polygon", "coordinates": [[[127.64432992221727, 45.37323992675667], [127.6489123675694, 45.373053097286174], [127.64864718761575, 45.36982329307004], [127.6440650013573, 45.37001010161792], [127.64432992221727, 45.37323992675667]]]}, "properties": {"biomass": 163.7562713623047}}, {"type": "Feature", "geometry": {"type": "Polygon", "coordinates": [[[127.6489123675694, 45.373053097286174], [127.65349476797452, 45.372866084566255], [127.65322932893652, 45.36963630129311], [127.64864718761575, 45.36982329307004], [127.6489123675694, 45.373053097286174]]]}, "properties": {"biomass": 147.33094787597656}}, {"type": "Feature", "geometry": {"type": "Polygon", "coordinates": [[[127.65349476797452, 45.372866084566255], [127.6580771233891, 45.37267888860161], [127.65781142527611, 45.36944912629187], [127.65322932893652, 45.36963630129311], [127.65349476797452, 45.372866084566255]]]}, "properties": {"biomass": 177.23095703125}}, {"type": "Feature", "geometry": {"type": "Polygon", "coordinates": [[[127.6580771233891, 45.37267888860161], [127.66265943376968, 45.37249150939704], [127.66239347659098, 45.36926176807105], [127.65781142527611, 45.36944912629187], [127.6580771233891, 45.37267888860161]]]}, "properties": {"biomass": 161.283935546875}}, {"type": "Feature", "geometry": {"type": "Polygon", "coordinates": [[[127.66265943376968, 45.37249150939704], [127.66724169907266, 45.372303946957274], [127.66697548283766, 45.36907422663544], [127.66239347659098, 45.36926176807105], [127.66265943376968, 45.37249150939704]]]}, "properties": {"biomass": 209.252685546875}}, {"type": "Feature", "geometry": {"type": "Polygon", "coordinates": [[[127.66724169907266, 45.372303946957274], [127.6718239192546, 45.37211620128712], [127.6715574439726, 45.3688865019898], [127.66697548283766, 45.36907422663544], [127.66724169907266, 45.372303946957274]]]}, "properties": {"biomass": 198.209716796875}}, {"type": "Feature", "geometry": {"type": "Polygon", "coordinates": [[[127.6718239192546, 45.37211620128712], [127.67640609427193, 45.3719282723913], [127.67613935995236, 45.36869859413889], [127.6715574439726, 45.3688865019898], [127.6718239192546, 45.37211620128712]]]}, "properties": {"biomass": 207.96644592285156}}, {"type": "Feature", "geometry": {"type": "Polygon", "coordinates": [[[127.47907673484369, 45.376613139067835], [127.48366050985712, 45.37643292989285], [127.48340470645138, 45.373202382347465], [127.47882119081778, 45.37338257133656], [127.47907673484369, 45.376613139067835]]]}, "properties": {"biomass": 129.59619140625}}, {"type": "Feature", "geometry": {"type": "Polygon", "coordinates": [[[127.48366050985712, 45.37643292989285], [127.4882442415011, 45.37625253732076], [127.48798817872449, 45.37302200998169], [127.48340470645138, 45.373202382347465], [127.48366050985712, 45.37643292989285]]]}, "properties": {"biomass": 155.0044403076172}}, {"type": "Feature", "geometry": {"type": "Polygon", "coordinates": [[[127.4882442415011, 45.37625253732076], [127.492827929732, 45.37607196135615], [127.49257160759355, 45.3728414542438], [127.48798817872449, 45.37302200998169], [127.4882442415011, 45.37625253732076]]]}, "properties": {"biomass": 202.903076171875}}, {"type": "Feature", "geometry": {"type": "Polygon", "coordinates": [[[127.492827929732, 45.37607196135615], [127.49741157450622, 45.37589120200362], [127.49715499301495, 45.37266071513841], [127.49257160759355, 45.3728414542438], [127.492827929732, 45.37607196135615]]]}, "properties": {"biomass": 189.36019897460938}}, {"type": "Feature", "geometry": {"type": "Polygon", "coordinates": [[[127.49741157450622, 45.37589120200362], [127.50199517578015, 45.37571025926776], [127.50173833494509, 45.372479792670106], [127.49715499301495, 45.37266071513841], [127.49741157450622, 45.37589120200362]]]}, "properties": {"biomass": 149.6112518310547}}, {"type": "Feature", "geometry": {"type": "Polygon", "coordinates": [[[127.50199517578015, 45.37571025926776], [127.5065787335102, 45.37552913315319], [127.50632163334036, 45.37229868684348], [127.50173833494509, 45.372479792670106], [127.50199517578015, 45.37571025926776]]]}, "properties": {"biomass": 109.07746124267578}}, {"type": "Feature", "geometry": {"type": "Polygon", "coordinates": [[[127.5065787335102, 45.37552913315319], [127.51116224765276, 45.37534782366448], [127.51090488815721, 45.37211739766315], [127.50632163334036, 45.37229868684348], [127.5065787335102, 45.37552913315319]]]}, "properties": {"biomass": 108.92276763916016}}, {"type": "Feature", "geometry": {"type": "Polygon", "coordinates": [[[127.51116224765276, 45.37534782366448], [127.51574571816425, 45.375166330806266], [127.51548809935205, 45.37193592513373], [127.51090488815721, 45.37211739766315], [127.51116224765276, 45.37534782366448]]]}, "properties": {"biomass": 125.97809600830078}}, {"type": "Feature", "geometry": {"type": "Polygon", "coordinates": [[[127.51574571816425, 45.375166330806266], [127.52032914500109, 45.37498465458315], [127.52007126688129, 45.37175426925981], [127.51548809935205, 45.37193592513373], [127.51574571816425, 45.375166330806266]]]}, "properties": {"biomass": 110.90461730957031}}, {"type": "Feature", "geometry": {"type": "Polygon", "coordinates": [[[127.52032914500109, 45.37498465458315], [127.52491252811967, 45.37480279499978], [127.52465439070133, 45.371572430046015], [127.52007126688129, 45.37175426925981], [127.52032914500109, 45.37498465458315]]]}, "properties": {"biomass": 111.96360778808594}}, {"type": "Feature", "geometry": {"type": "Polygon", "coordinates": [[[127.52491252811967, 45.37480279499978], [127.52949586747638, 45.37462075206075], [127.52923747076862, 45.37139040749699], [127.52465439070133, 45.371572430046015], [127.52491252811967, 45.37480279499978]]]}, "properties": {"biomass": 124.17423248291016}}, {"type": "Feature", "geometry": {"type": "Polygon", "coordinates": [[[127.52949586747638, 45.37462075206075], [127.53407916302768, 45.374438525770685], [127.53382050703956, 45.37120820161735], [127.52923747076862, 45.37139040749699], [127.52949586747638, 45.37462075206075]]]}, "properties": {"biomass": 112.5895004272461}}, {"type": "Feature", "geometry": {"type": "Polygon", "coordinates": [[[127.53407916302768, 45.374438525770685], [127.53866241472996, 45.37425611613425], [127.53840349947059, 45.37102581241172], [127.53382050703956, 45.37120820161735], [127.53407916302768, 45.374438525770685]]]}, "properties": {"biomass": 118.6906509399414}}, {"type": "Feature", "geometry": {"type": "Polygon", "coordinates": [[[127.53866241472996, 45.37425611613425], [127.54324562253964, 45.37407352315605], [127.54298644801815, 45.37084323988475], [127.53840349947059, 45.37102581241172], [127.53866241472996, 45.37425611613425]]]}, "properties": {"biomass": 150.68911743164062}}, {"type": "Feature", "geometry": {"type": "Polygon", "coordinates": [[[127.54324562253964, 45.37407352315605], [127.54782878641315, 45.37389074684076], [127.54756935263866, 45.37066048404107], [127.54298644801815, 45.37084323988475], [127.54324562253964, 45.37407352315605]]]}, "properties": {"biomass": 179.21148681640625}}, {"type": "Feature", "geometry": {"type": "Polygon", "coordinates": [[[127.54782878641315, 45.37389074684076], [127.55241190630694, 45.373707787193], [127.55215221328855, 45.37047754488534], [127.54756935263866, 45.37066048404107], [127.54782878641315, 45.37389074684076]]]}, "properties": {"biomass": 200.463134765625}}, {"type": "Feature", "geometry": {"type": "Polygon", "coordinates": [[[127.55241190630694, 45.373707787193], [127.55699498217743, 45.373524644217426], [127.55673502992425, 45.37029442242219], [127.55215221328855, 45.37047754488534], [127.55241190630694, 45.373707787193]]]}, "properties": {"biomass": 189.1154022216797}}, {"type": "Feature", "geometry": {"type": "Polygon", "coordinates": [[[127.55699498217743, 45.373524644217426], [127.56157801398102, 45.373341317918694], [127.56131780250223, 45.37011111665629], [127.55673502992425, 45.37029442242219], [127.55699498217743, 45.373524644217426]]]}, "properties": {"biomass": 187.38394165039062}}, {"type": "Feature", "geometry": {"type": "Polygon", "coordinates": [[[127.56157801398102, 45.373341317918694], [127.56616100167416, 45.37315780830148], [127.56590053097892, 45.369927627592304], [127.56131780250223, 45.37011111665629], [127.56157801398102, 45.373341317918694]]]}, "properties": {"biomass": 157.1870880126953}}, {"type": "Feature", "geometry": {"type": "Polygon", "coordinates": [[[127.56616100167416, 45.37315780830148], [127.57074394521328, 45.37297411537043], [127.57048321531079, 45.36974395523488], [127.56590053097892, 45.369927627592304], [127.56616100167416, 45.37315780830148]]]}, "properties": {"biomass": 162.61000061035156}}, {"type": "Feature", "geometry": {"type": "Polygon", "coordinates": [[[127.57074394521328, 45.37297411537043], [127.57532684455484, 45.37279023913024], [127.57506585545421, 45.3695600995887], [127.57048321531079, 45.36974395523488], [127.57074394521328, 45.37297411537043]]]}, "properties": {"biomass": 137.7636260986328}}, {"type": "Feature", "geometry": {"type": "Polygon", "coordinates": [[[127.57532684455484, 45.37279023913024], [127.57990969965529, 45.37260617958555], [127.5796484513657, 45.36937606065844], [127.57506585545421, 45.3695600995887], [127.57532684455484, 45.37279023913024]]]}, "properties": {"biomass": 107.35552978515625}}, {"type": "Feature", "geometry": {"type": "Polygon", "coordinates": [[[127.57990969965529, 45.37260617958555], [127.58449251047104, 45.37242193674106], [127.58423100300172, 45.36919183844877], [127.5796484513657, 45.36937606065844], [127.57990969965529, 45.37260617958555]]]}, "properties": {"biomass": 116.83465576171875}}, {"type": "Feature", "geometry": {"type": "Polygon", "coordinates": [[[127.58449251047104, 45.37242193674106], [127.58907527695857, 45.37223751060146], [127.58881351031869, 45.36900743296437], [127.58423100300172, 45.36919183844877], [127.58449251047104, 45.37242193674106]]]}, "properties": {"biomass": 129.1798553466797}}, {"type": "Feature", "geometry": {"type": "Polygon", "coordinates": [[[127.58907527695857, 45.37223751060146], [127.59365799907432, 45.37205290117142], [127.59339597327308, 45.368822844209944], [127.58881351031869, 45.36900743296437], [127.58907527695857, 45.37223751060146]]]}, "properties": {"biomass": 111.08973693847656}}, {"type": "Feature", "geometry": {"type": "Polygon", "coordinates": [[[127.59365799907432, 45.37205290117142], [127.59824067677472, 45.37186810845564], [127.59797839182139, 45.36863807219016], [127.59339597327308, 45.368822844209944], [127.59365799907432, 45.37205290117142]]]}, "properties": {"biomass": 103.7007064819336}}, {"type": "Feature", "geometry": {"type": "Polygon", "coordinates": [[[127.59824067677472, 45.37186810845564], [127.60282331001626, 45.37168313245881], [127.60256076592, 45.36845311690973], [127.59797839182139, 45.36863807219016], [127.59824067677472, 45.37186810845564]]]}, "properties": {"biomass": 130.91070556640625}}, {"type": "Feature", "geometry": {"type": "Polygon", "coordinates": [[[127.60282331001626, 45.37168313245881], [127.60740589875539, 45.371497973185654], [127.60714309552547, 45.36826797837335], [127.60256076592, 45.36845311690973], [127.60282331001626, 45.37168313245881]]]}, "properties": {"biomass": 173.93299865722656}}, {"type": "Feature", "geometry": {"type": "Polygon", "coordinates": [[[127.60740589875539, 45.371497973185654], [127.61198844294854, 45.37131263064087], [127.61172538059418, 45.36808265658573], [127.60714309552547, 45.36826797837335], [127.60740589875539, 45.371497973185654]]]}, "properties": {"biomass": 183.32656860351562}}, {"type": "Feature", "geometry": {"type": "Polygon", "coordinates": [[[127.61198844294854, 45.37131263064087], [127.61657094255222, 45.37112710482916], [127.6163076210827, 45.36789715155159], [127.61172538059418, 45.36808265658573], [127.61198844294854, 45.37131263064087]]]}, "properties": {"biomass": 205.10369873046875}}, {"type": "Feature", "geometry": {"type": "Polygon", "coordinates": [[[127.61657094255222, 45.37112710482916], [127.62115339752287, 45.37094139575524], [127.62088981694744, 45.36771146327561], [127.6163076210827, 45.36789715155159], [127.61657094255222, 45.37112710482916]]]}, "properties": {"biomass": 160.17132568359375}}, {"type": "Feature", "geometry": {"type": "Polygon", "coordinates": [[[127.62115339752287, 45.37094139575524], [127.62573580781698, 45.37075550342383], [127.62547196814486, 45.36752559176254], [127.62088981694744, 45.36771146327561], [127.62115339752287, 45.37094139575524]]]}, "properties": {"biomass": 159.34930419921875}}, {"type": "Feature", "geometry": {"type": "Polygon", "coordinates": [[[127.62573580781698, 45.37075550342383], [127.63031817339098, 45.37056942783967], [127.63005407463152, 45.3673395370171], [127.62547196814486, 45.36752559176254], [127.62573580781698, 45.37075550342383]]]}, "properties": {"biomass": 185.7855682373047}}, {"type": "Feature", "geometry": {"type": "Polygon", "coordinates": [[[127.63031817339098, 45.37056942783967], [127.63490049420139, 45.37038316900747], [127.63463613636385, 45.36715329904401], [127.63005407463152, 45.3673395370171], [127.63031817339098, 45.37056942783967]]]}, "properties": {"biomass": 223.97914123535156}}, {"type": "Feature", "geometry": {"type": "Polygon", "coordinates": [[[127.63490049420139, 45.37038316900747], [127.63948277020467, 45.37019672693198], [127.63921815329834, 45.366966877848014], [127.63463613636385, 45.36715329904401], [127.63490049420139, 45.37038316900747]]]}, "properties": {"biomass": 197.47633361816406}}, {"type": "Feature", "geometry": {"type": "Polygon", "coordinates": [[[127.63948277020467, 45.37019672693198], [127.6440650013573, 45.37001010161792], [127.6438001253915, 45.36678027343383], [127.63921815329834, 45.366966877848014], [127.63948277020467, 45.37019672693198]]]}, "properties": {"biomass": 178.65567016601562}}, {"type": "Feature", "geometry": {"type": "Polygon", "coordinates": [[[127.6440650013573, 45.37001010161792], [127.64864718761575, 45.36982329307004], [127.64838205259977, 45.36659348580623], [127.6438001253915, 45.36678027343383], [127.6440650013573, 45.37001010161792]]]}, "properties": {"biomass": 194.990478515625}}, {"type": "Feature", "geometry": {"type": "Polygon", "coordinates": [[[127.64864718761575, 45.36982329307004], [127.65322932893652, 45.36963630129311], [127.65296393487971, 45.36640651496993], [127.64838205259977, 45.36659348580623], [127.64864718761575, 45.36982329307004]]]}, "properties": {"biomass": 177.3252410888672}}, {"type": "Feature", "geometry": {"type": "Polygon", "coordinates": [[[127.65322932893652, 45.36963630129311], [127.65781142527611, 45.36944912629187], [127.65754577218777, 45.3662193609297], [127.65296393487971, 45.36640651496993], [127.65322932893652, 45.36963630129311]]]}, "properties": {"biomass": 185.41549682617188}}, {"type": "Feature", "geometry": {"type": "Polygon", "coordinates": [[[127.65781142527611, 45.36944912629187], [127.66239347659098, 45.36926176807105], [127.6621275644805, 45.36603202369029], [127.65754577218777, 45.3662193609297], [127.65781142527611, 45.36944912629187]]]}, "properties": {"biomass": 153.22164916992188}}, {"type": "Feature", "geometry": {"type": "Polygon", "coordinates": [[[127.66239347659098, 45.36926176807105], [127.66697548283766, 45.36907422663544], [127.66670931171434, 45.36584450325646], [127.6621275644805, 45.36603202369029], [127.66239347659098, 45.36926176807105]]]}, "properties": {"biomass": 216.6925506591797}}, {"type": "Feature", "geometry": {"type": "Polygon", "coordinates": [[[127.66697548283766, 45.36907422663544], [127.6715574439726, 45.3688865019898], [127.67129101384583, 45.36565679963298], [127.66670931171434, 45.36584450325646], [127.66697548283766, 45.36907422663544]]]}, "properties": {"biomass": 205.96421813964844}}, {"type": "Feature", "geometry": {"type": "Polygon", "coordinates": [[[127.6715574439726, 45.3688865019898], [127.67613935995236, 45.36869859413889], [127.67587267083151, 45.36546891282462], [127.67129101384583, 45.36565679963298], [127.6715574439726, 45.3688865019898]]]}, "properties": {"biomass": 221.51519775390625}}, {"type": "Feature", "geometry": {"type": "Polygon", "coordinates": [[[127.47882119081778, 45.37338257133656], [127.48340470645138, 45.373202382347465], [127.48314894640609, 45.36997183183798], [127.47856569010878, 45.37015200064346], [127.47882119081778, 45.37338257133656]]]}, "properties": {"biomass": 119.8050308227539}}, {"type": "Feature", "geometry": {"type": "Polygon", "coordinates": [[[127.48340470645138, 45.373202382347465], [127.48798817872449, 45.37302200998169], [127.48773215935195, 45.369791479676245], [127.48314894640609, 45.36997183183798], [127.48340470645138, 45.373202382347465]]]}, "properties": {"biomass": 125.80751037597656}}, {"type": "Feature", "geometry": {"type": "Polygon", "coordinates": [[[127.48798817872449, 45.37302200998169], [127.49257160759355, 45.3728414542438], [127.49231532890276, 45.369610944162794], [127.48773215935195, 45.369791479676245], [127.48798817872449, 45.37302200998169]]]}, "properties": {"biomass": 175.69467163085938}}, {"type": "Feature", "geometry": {"type": "Polygon", "coordinates": [[[127.49257160759355, 45.3728414542438], [127.49715499301495, 45.37266071513841], [127.49689845501491, 45.36943022530226], [127.49231532890276, 45.369610944162794], [127.49257160759355, 45.3728414542438]]]}, "properties": {"biomass": 201.97474670410156}}, {"type": "Feature", "geometry": {"type": "Polygon", "coordinates": [[[127.49715499301495, 45.37266071513841], [127.50173833494509, 45.372479792670106], [127.50148153764485, 45.369249323099226], [127.49689845501491, 45.36943022530226], [127.49715499301495, 45.37266071513841]]]}, "properties": {"biomass": 173.52801513671875}}, {"type": "Feature", "geometry": {"type": "Polygon", "coordinates": [[[127.50173833494509, 45.372479792670106], [127.50632163334036, 45.37229868684348], [127.50606457674895, 45.36906823755828], [127.50148153764485, 45.369249323099226], [127.50173833494509, 45.372479792670106]]]}, "properties": {"biomass": 165.33493041992188}}, {"type": "Feature", "geometry": {"type": "Polygon", "coordinates": [[[127.50632163334036, 45.37229868684348], [127.51090488815721, 45.37211739766315], [127.51064757228369, 45.36888696868404], [127.50606457674895, 45.36906823755828], [127.50632163334036, 45.37229868684348]]]}, "properties": {"biomass": 169.59072875976562}}, {"type": "Feature", "geometry": {"type": "Polygon", "coordinates": [[[127.51090488815721, 45.37211739766315], [127.51548809935205, 45.37193592513373], [127.51523052420544, 45.36870551648109], [127.51064757228369, 45.36888696868404], [127.51090488815721, 45.37211739766315]]]}, "properties": {"biomass": 143.87046813964844}}, {"type": "Feature", "geometry": {"type": "Polygon", "coordinates": [[[127.51548809935205, 45.37193592513373], [127.52007126688129, 45.37175426925981], [127.51981343247066, 45.368523880954086], [127.51523052420544, 45.36870551648109], [127.51548809935205, 45.37193592513373]]]}, "properties": {"biomass": 123.66583251953125}}, {"type": "Feature", "geometry": {"type": "Polygon", "coordinates": [[[127.52007126688129, 45.37175426925981], [127.52465439070133, 45.371572430046015], [127.52439629703578, 45.36834206210761], [127.51981343247066, 45.368523880954086], [127.52007126688129, 45.37175426925981]]]}, "properties": {"biomass": 104.41239166259766}}, {"type": "Feature", "geometry": {"type": "Polygon", "coordinates": [[[127.52465439070133, 45.371572430046015], [127.52923747076862, 45.37139040749699], [127.5289791178572, 45.368160059946284], [127.52439629703578, 45.36834206210761], [127.52465439070133, 45.371572430046015]]]}, "properties": {"biomass": 108.66495513916016}}, {"type": "Feature", "geometry": {"type": "Polygon", "coordinates": [[[127.52923747076862, 45.37139040749699], [127.53382050703956, 45.37120820161735], [127.53356189489136, 45.36797787447477], [127.5289791178572, 45.368160059946284], [127.52923747076862, 45.37139040749699]]]}, "properties": {"biomass": 114.36644744873047}}, {"type": "Feature", "geometry": {"type": "Polygon", "coordinates": [[[127.53382050703956, 45.37120820161735], [127.53840349947059, 45.37102581241172], [127.53814462809471, 45.36779550569764], [127.53356189489136, 45.36797787447477], [127.53382050703956, 45.37120820161735]]]}, "properties": {"biomass": 128.3784637451172}}, {"type": "Feature", "geometry": {"type": "Polygon", "coordinates": [[[127.53840349947059, 45.37102581241172], [127.54298644801815, 45.37084323988475], [127.54272731742371, 45.3676129536196], [127.53814462809471, 45.36779550569764], [127.53840349947059, 45.37102581241172]]]}, "properties": {"biomass": 149.09820556640625}}, {"type": "Feature", "geometry": {"type": "Polygon", "coordinates": [[[127.54298644801815, 45.37084323988475], [127.54756935263866, 45.37066048404107], [127.54730996283476, 45.36743021824524], [127.54272731742371, 45.3676129536196], [127.54298644801815, 45.37084323988475]]]}, "properties": {"biomass": 195.8658905029297}}, {"type": "Feature", "geometry": {"type": "Polygon", "coordinates": [[[127.54756935263866, 45.37066048404107], [127.55215221328855, 45.37047754488534], [127.55189256428432, 45.367247299579226], [127.54730996283476, 45.36743021824524], [127.54756935263866, 45.37066048404107]]]}, "properties": {"biomass": 209.06002807617188}}, {"type": "Feature", "geometry": {"type": "Polygon", "coordinates": [[[127.55215221328855, 45.37047754488534], [127.55673502992425, 45.37029442242219], [127.55647512172885, 45.36706419762619], [127.55189256428432, 45.367247299579226], [127.55215221328855, 45.37047754488534]]]}, "properties": {"biomass": 166.8583221435547}}, {"type": "Feature", "geometry": {"type": "Polygon", "coordinates": [[[127.55673502992425, 45.37029442242219], [127.56131780250223, 45.37011111665629], [127.56105763512477, 45.36688091239081], [127.55647512172885, 45.36706419762619], [127.55673502992425, 45.37029442242219]]]}, "properties": {"biomass": 185.0054473876953}}, {"type": "Feature", "geometry": {"type": "Polygon", "coordinates": [[[127.56131780250223, 45.37011111665629], [127.56590053097892, 45.369927627592304], [127.56564010442857, 45.366697443877726], [127.56105763512477, 45.36688091239081], [127.56131780250223, 45.37011111665629]]]}, "properties": {"biomass": 171.3249053955078}}, {"type": "Feature", "geometry": {"type": "Polygon", "coordinates": [[[127.56590053097892, 45.369927627592304], [127.57048321531079, 45.36974395523488], [127.57022252959666, 45.366513792091624], [127.56564010442857, 45.366697443877726], [127.56590053097892, 45.369927627592304]]]}, "properties": {"biomass": 160.4293975830078}}, {"type": "Feature", "geometry": {"type": "Polygon", "coordinates": [[[127.57048321531079, 45.36974395523488], [127.57506585545421, 45.3695600995887], [127.57480491058551, 45.36632995703715], [127.57022252959666, 45.366513792091624], [127.57048321531079, 45.36974395523488]]]}, "properties": {"biomass": 136.14935302734375}}, {"type": "Feature", "geometry": {"type": "Polygon", "coordinates": [[[127.57506585545421, 45.3695600995887], [127.5796484513657, 45.36937606065844], [127.57938724735163, 45.36614593871899], [127.57480491058551, 45.36632995703715], [127.57506585545421, 45.3695600995887]]]}, "properties": {"biomass": 125.21005249023438}}, {"type": "Feature", "geometry": {"type": "Polygon", "coordinates": [[[127.5796484513657, 45.36937606065844], [127.58423100300172, 45.36919183844877], [127.58396953985145, 45.36596173714182], [127.57938724735163, 45.36614593871899], [127.5796484513657, 45.36937606065844]]]}, "properties": {"biomass": 96.76082611083984}}, {"type": "Feature", "geometry": {"type": "Polygon", "coordinates": [[[127.58423100300172, 45.36919183844877], [127.58881351031869, 45.36900743296437], [127.5885517880414, 45.365777352310296], [127.58396953985145, 45.36596173714182], [127.58423100300172, 45.36919183844877]]]}, "properties": {"biomass": 103.88711547851562}}, {"type": "Feature", "geometry": {"type": "Polygon", "coordinates": [[[127.58881351031869, 45.36900743296437], [127.59339597327308, 45.368822844209944], [127.59313399187799, 45.365592784229136], [127.5885517880414, 45.365777352310296], [127.58881351031869, 45.36900743296437]]]}, "properties": {"biomass": 106.6914291381836}}, {"type": "Feature", "geometry": {"type": "Polygon", "coordinates": [[[127.59339597327308, 45.368822844209944], [127.59797839182139, 45.36863807219016], [127.59771615131767, 45.365408032903034], [127.59313399187799, 45.365592784229136], [127.59339597327308, 45.368822844209944]]]}, "properties": {"biomass": 94.37322998046875}}, {"type": "Feature", "geometry": {"type": "Polygon", "coordinates": [[[127.59797839182139, 45.36863807219016], [127.60256076592, 45.36845311690973], [127.60229826631694, 45.36522309833666], [127.59771615131767, 45.365408032903034], [127.59797839182139, 45.36863807219016]]]}, "properties": {"biomass": 94.77572631835938}}, {"type": "Feature", "geometry": {"type": "Polygon", "coordinates": [[[127.60256076592, 45.36845311690973], [127.60714309552547, 45.36826797837335], [127.60688033683225, 45.36503798053473], [127.60229826631694, 45.36522309833666], [127.60256076592, 45.36845311690973]]]}, "properties": {"biomass": 110.19397735595703}}, {"type": "Feature", "geometry": {"type": "Polygon", "coordinates": [[[127.60714309552547, 45.36826797837335], [127.61172538059418, 45.36808265658573], [127.61146236282008, 45.36485267950195], [127.60688033683225, 45.36503798053473], [127.60714309552547, 45.36826797837335]]]}, "properties": {"biomass": 156.5834197998047}}, {"type": "Feature", "geometry": {"type": "Polygon", "coordinates": [[[127.61172538059418, 45.36808265658573], [127.6163076210827, 45.36789715155159], [127.61604434423694, 45.364667195243015], [127.61146236282008, 45.36485267950195], [127.61172538059418, 45.36808265658573]]]}, "properties": {"biomass": 162.6217498779297}}, {"type": "Feature", "geometry": {"type": "Polygon", "coordinates": [[[127.6163076210827, 45.36789715155159], [127.62088981694744, 45.36771146327561], [127.62062628103926, 45.364481527762656], [127.61604434423694, 45.364667195243015], [127.6163076210827, 45.36789715155159]]]}, "properties": {"biomass": 144.10781860351562}}, {"type": "Feature", "geometry": {"type": "Polygon", "coordinates": [[[127.62088981694744, 45.36771146327561], [127.62547196814486, 45.36752559176254], [127.62520817318361, 45.36429567706558], [127.62062628103926, 45.364481527762656], [127.62088981694744, 45.36771146327561]]]}, "properties": {"biomass": 157.4862060546875}}, {"type": "Feature", "geometry": {"type": "Polygon", "coordinates": [[[127.62547196814486, 45.36752559176254], [127.63005407463152, 45.3673395370171], [127.62979002062639, 45.36410964315652], [127.62520817318361, 45.36429567706558], [127.62547196814486, 45.36752559176254]]]}, "properties": {"biomass": 149.5399932861328}}, {"type": "Feature", "geometry": {"type": "Polygon", "coordinates": [[[127.63005407463152, 45.3673395370171], [127.63463613636385, 45.36715329904401], [127.63437182332414, 45.36392342604019], [127.62979002062639, 45.36410964315652], [127.63005407463152, 45.3673395370171]]]}, "properties": {"biomass": 175.2001190185547}}, {"type": "Feature", "geometry": {"type": "Polygon", "coordinates": [[[127.63463613636385, 45.36715329904401], [127.63921815329834, 45.366966877848014], [127.63895358123337, 45.36373702572134], [127.63437182332414, 45.36392342604019], [127.63463613636385, 45.36715329904401]]]}, "properties": {"biomass": 170.16139221191406}}, {"type": "Feature", "geometry": {"type": "Polygon", "coordinates": [[[127.63921815329834, 45.366966877848014], [127.6438001253915, 45.36678027343383], [127.64353529431055, 45.363550442204684], [127.63895358123337, 45.36373702572134], [127.63921815329834, 45.366966877848014]]]}, "properties": {"biomass": 167.8046875}}, {"type": "Feature", "geometry": {"type": "Polygon", "coordinates": [[[127.6438001253915, 45.36678027343383], [127.64838205259977, 45.36659348580623], [127.64811696251219, 45.36336367549498], [127.64353529431055, 45.363550442204684], [127.6438001253915, 45.36678027343383]]]}, "properties": {"biomass": 145.90365600585938}}, {"type": "Feature", "geometry": {"type": "Polygon", "coordinates": [[[127.64838205259977, 45.36659348580623], [127.65296393487971, 45.36640651496993], [127.65269858579477, 45.363176725596965], [127.64811696251219, 45.36336367549498], [127.64838205259977, 45.36659348580623]]]}, "properties": {"biomass": 159.69412231445312}}, {"type": "Feature", "geometry": {"type": "Polygon", "coordinates": [[[127.65296393487971, 45.36640651496993], [127.65754577218777, 45.3662193609297], [127.65728016411482, 45.362989592515405], [127.65269858579477, 45.363176725596965], [127.65296393487971, 45.36640651496993]]]}, "properties": {"biomass": 147.95657348632812}}, {"type": "Feature", "geometry": {"type": "Polygon", "coordinates": [[[127.65754577218777, 45.3662193609297], [127.6621275644805, 45.36603202369029], [127.66186169742888, 45.36280227625504], [127.65728016411482, 45.362989592515405], [127.65754577218777, 45.3662193609297]]]}, "properties": {"biomass": 149.30368041992188}}, {"type": "Feature", "geometry": {"type": "Polygon", "coordinates": [[[127.6621275644805, 45.36603202369029], [127.66670931171434, 45.36584450325646], [127.66644318569341, 45.36261477682063], [127.66186169742888, 45.36280227625504], [127.6621275644805, 45.36603202369029]]]}, "properties": {"biomass": 178.7137451171875}}, {"type": "Feature", "geometry": {"type": "Polygon", "coordinates": [[[127.66670931171434, 45.36584450325646], [127.67129101384583, 45.36565679963298], [127.67102462886493, 45.362427094216955], [127.66644318569341, 45.36261477682063], [127.66670931171434, 45.36584450325646]]]}, "properties": {"biomass": 187.8920135498047}}, {"type": "Feature", "geometry": {"type": "Polygon", "coordinates": [[[127.67129101384583, 45.36565679963298], [127.67587267083151, 45.36546891282462], [127.67560602689996, 45.36223922844876], [127.67102462886493, 45.362427094216955], [127.67129101384583, 45.36565679963298]]]}, "properties": {"biomass": 225.04031372070312}}, {"type": "Feature", "geometry": {"type": "Polygon", "coordinates": [[[127.4739823905036, 45.370331986088075], [127.47856569010878, 45.37015200064346], [127.47831023270764, 45.36692142698875], [127.47372719240408, 45.36710139227243], [127.4739823905036, 45.370331986088075]]]}, "properties": {"biomass": 138.30943298339844}}, {"type": "Feature", "geometry": {"type": "Polygon", "coordinates": [[[127.47856569010878, 45.37015200064346], [127.48314894640609, 45.36997183183798], [127.48289322971227, 45.366741278364636], [127.47831023270764, 45.36692142698875], [127.47856569010878, 45.37015200064346]]]}, "properties": {"biomass": 115.43156433105469}}, {"type": "Feature", "geometry": {"type": "Polygon", "coordinates": [[[127.48314894640609, 45.36997183183798], [127.48773215935195, 45.369791479676245], [127.48747618337448, 45.366560946404654], [127.48289322971227, 45.366741278364636], [127.48314894640609, 45.36997183183798]]]}, "properties": {"biomass": 109.39622497558594}}, {"type": "Feature", "geometry": {"type": "Polygon", "coordinates": [[[127.48773215935195, 45.369791479676245], [127.49231532890276, 45.369610944162794], [127.4920590936506, 45.366380431113384], [127.48747618337448, 45.366560946404654], [127.48773215935195, 45.369791479676245]]]}, "properties": {"biomass": 135.65972900390625}}, {"type": "Feature", "geometry": {"type": "Polygon", "coordinates": [[[127.49231532890276, 45.369610944162794], [127.49689845501491, 45.36943022530226], [127.49664196049712, 45.36619973249543], [127.4920590936506, 45.366380431113384], [127.49231532890276, 45.369610944162794]]]}, "properties": {"biomass": 179.49090576171875}}, {"type": "Feature", "geometry": {"type": "Polygon", "coordinates": [[[127.49689845501491, 45.36943022530226], [127.50148153764485, 45.369249323099226], [127.50122478387041, 45.366018850555385], [127.49664196049712, 45.36619973249543], [127.49689845501491, 45.36943022530226]]]}, "properties": {"biomass": 169.55064392089844}}, {"type": "Feature", "geometry": {"type": "Polygon", "coordinates": [[[127.50148153764485, 45.369249323099226], [127.50606457674895, 45.36906823755828], [127.50580756372695, 45.365837785297835], [127.50122478387041, 45.366018850555385], [127.50148153764485, 45.369249323099226]]]}, "properties": {"biomass": 178.99053955078125}}, {"type": "Feature", "geometry": {"type": "Polygon", "coordinates": [[[127.50606457674895, 45.36906823755828], [127.51064757228369, 45.36888696868404], [127.51039030002312, 45.365656536727386], [127.50580756372695, 45.365837785297835], [127.50606457674895, 45.36906823755828]]]}, "properties": {"biomass": 213.94493103027344}}, {"type": "Feature", "geometry": {"type": "Polygon", "coordinates": [[[127.51064757228369, 45.36888696868404], [127.51523052420544, 45.36870551648109], [127.51497299271539, 45.36547510484865], [127.51039030002312, 45.365656536727386], [127.51064757228369, 45.36888696868404]]]}, "properties": {"biomass": 158.18548583984375}}, {"type": "Feature", "geometry": {"type": "Polygon", "coordinates": [[[127.51523052420544, 45.36870551648109], [127.51981343247066, 45.368523880954086], [127.51955564176016, 45.36529348966626], [127.51497299271539, 45.36547510484865], [127.51523052420544, 45.36870551648109]]]}, "properties": {"biomass": 131.25538635253906}}, {"type": "Feature", "geometry": {"type": "Polygon", "coordinates": [[[127.52439629703578, 45.36834206210761], [127.5289791178572, 45.368160059946284], [127.528720808733, 45.364929709408884], [127.5241382471139, 45.36511169118479], [127.52439629703578, 45.36834206210761]]]}, "properties": {"biomass": 78.91526794433594}}, {"type": "Feature", "geometry": {"type": "Polygon", "coordinates": [[[127.5289791178572, 45.368160059946284], [127.53356189489136, 45.36797787447477], [127.53330332657397, 45.364747544343174], [127.528720808733, 45.364929709408884], [127.5289791178572, 45.368160059946284]]]}, "properties": {"biomass": 112.93335723876953}}, {"type": "Feature", "geometry": {"type": "Polygon", "coordinates": [[[127.53356189489136, 45.36797787447477], [127.53814462809471, 45.36779550569764], [127.53788580059323, 45.364565195992284], [127.53330332657397, 45.364747544343174], [127.53356189489136, 45.36797787447477]]]}, "properties": {"biomass": 130.63694763183594}}, {"type": "Feature", "geometry": {"type": "Polygon", "coordinates": [[[127.53814462809471, 45.36779550569764], [127.54272731742371, 45.3676129536196], [127.5424682307472, 45.36438266436083], [127.53788580059323, 45.364565195992284], [127.53814462809471, 45.36779550569764]]]}, "properties": {"biomass": 155.68572998046875}}, {"type": "Feature", "geometry": {"type": "Polygon", "coordinates": [[[127.54272731742371, 45.3676129536196], [127.54730996283476, 45.36743021824524], [127.54705061699237, 45.36419994945349], [127.5424682307472, 45.36438266436083], [127.54272731742371, 45.3676129536196]]]}, "properties": {"biomass": 185.7440643310547}}, {"type": "Feature", "geometry": {"type": "Polygon", "coordinates": [[[127.54730996283476, 45.36743021824524], [127.55189256428432, 45.367247299579226], [127.55163295928513, 45.364017051274885], [127.54705061699237, 45.36419994945349], [127.54730996283476, 45.36743021824524]]]}, "properties": {"biomass": 174.78561401367188}}, {"type": "Feature", "geometry": {"type": "Polygon", "coordinates": [[[127.55189256428432, 45.367247299579226], [127.55647512172885, 45.36706419762619], [127.55621525758202, 45.36383396982968], [127.55163295928513, 45.364017051274885], [127.55189256428432, 45.367247299579226]]]}, "properties": {"biomass": 163.48223876953125}}, {"type": "Feature", "geometry": {"type": "Polygon", "coordinates": [[[127.55647512172885, 45.36706419762619], [127.56105763512477, 45.36688091239081], [127.56079751183944, 45.3636507051225], [127.55621525758202, 45.36383396982968], [127.55647512172885, 45.36706419762619]]]}, "properties": {"biomass": 188.9597930908203}}, {"type": "Feature", "geometry": {"type": "Polygon", "coordinates": [[[127.56105763512477, 45.36688091239081], [127.56564010442857, 45.366697443877726], [127.56537972201387, 45.36346725715802], [127.56079751183944, 45.3636507051225], [127.56105763512477, 45.36688091239081]]]}, "properties": {"biomass": 161.2047119140625}}, {"type": "Feature", "geometry": {"type": "Polygon", "coordinates": [[[127.56564010442857, 45.366697443877726], [127.57022252959666, 45.366513792091624], [127.56996188806178, 45.363283625940916], [127.56537972201387, 45.36346725715802], [127.56564010442857, 45.366697443877726]]]}, "properties": {"biomass": 147.74871826171875}}, {"type": "Feature", "geometry": {"type": "Polygon", "coordinates": [[[127.57022252959666, 45.366513792091624], [127.57480491058551, 45.36632995703715], [127.57454400993961, 45.36309981147582], [127.56996188806178, 45.363283625940916], [127.57022252959666, 45.366513792091624]]]}, "properties": {"biomass": 145.90408325195312}}, {"type": "Feature", "geometry": {"type": "Polygon", "coordinates": [[[127.57480491058551, 45.36632995703715], [127.57938724735163, 45.36614593871899], [127.57912608760385, 45.36291581376745], [127.57454400993961, 45.36309981147582], [127.57480491058551, 45.36632995703715]]]}, "properties": {"biomass": 122.19461822509766}}, {"type": "Feature", "geometry": {"type": "Polygon", "coordinates": [[[127.57938724735163, 45.36614593871899], [127.58396953985145, 45.36596173714182], [127.58370812101099, 45.362731632820434], [127.57912608760385, 45.36291581376745], [127.57938724735163, 45.36614593871899]]]}, "properties": {"biomass": 109.0049819946289}}, {"type": "Feature", "geometry": {"type": "Polygon", "coordinates": [[[127.58396953985145, 45.36596173714182], [127.5885517880414, 45.365777352310296], [127.58829011011746, 45.362547268639496], [127.58370812101099, 45.362731632820434], [127.58396953985145, 45.36596173714182]]]}, "properties": {"biomass": 115.16969299316406}}, {"type": "Feature", "geometry": {"type": "Polygon", "coordinates": [[[127.5885517880414, 45.365777352310296], [127.59313399187799, 45.365592784229136], [127.59287205487976, 45.36236272122929], [127.58829011011746, 45.362547268639496], [127.5885517880414, 45.365777352310296]]]}, "properties": {"biomass": 117.362548828125}}, {"type": "Feature", "geometry": {"type": "Polygon", "coordinates": [[[127.59313399187799, 45.365592784229136], [127.59771615131767, 45.365408032903034], [127.5974539552544, 45.36217799059451], [127.59287205487976, 45.36236272122929], [127.59313399187799, 45.365592784229136]]]}, "properties": {"biomass": 121.21041870117188}}, {"type": "Feature", "geometry": {"type": "Polygon", "coordinates": [[[127.59771615131767, 45.365408032903034], [127.60229826631694, 45.36522309833666], [127.60203581119781, 45.361993076739864], [127.5974539552544, 45.36217799059451], [127.59771615131767, 45.365408032903034]]]}, "properties": {"biomass": 119.11842346191406}}, {"type": "Feature", "geometry": {"type": "Polygon", "coordinates": [[[127.60229826631694, 45.36522309833666], [127.60688033683225, 45.36503798053473], [127.60661762266649, 45.36180797967006], [127.60203581119781, 45.361993076739864], [127.60229826631694, 45.36522309833666]]]}, "properties": {"biomass": 110.22913360595703}}, {"type": "Feature", "geometry": {"type": "Polygon", "coordinates": [[[127.60688033683225, 45.36503798053473], [127.61146236282008, 45.36485267950195], [127.61119938961694, 45.36162269938977], [127.60661762266649, 45.36180797967006], [127.60688033683225, 45.36503798053473]]]}, "properties": {"biomass": 106.83110809326172}}, {"type": "Feature", "geometry": {"type": "Polygon", "coordinates": [[[127.61146236282008, 45.36485267950195], [127.61604434423694, 45.364667195243015], [127.61578111200566, 45.36143723590373], [127.61119938961694, 45.36162269938977], [127.61146236282008, 45.36485267950195]]]}, "properties": {"biomass": 119.37163543701172}}, {"type": "Feature", "geometry": {"type": "Polygon", "coordinates": [[[127.61604434423694, 45.364667195243015], [127.62062628103926, 45.364481527762656], [127.62036278978914, 45.36125158921665], [127.61578111200566, 45.36143723590373], [127.61604434423694, 45.364667195243015]]]}, "properties": {"biomass": 110.20828247070312}}, {"type": "Feature", "geometry": {"type": "Polygon", "coordinates": [[[127.62062628103926, 45.364481527762656], [127.62520817318361, 45.36429567706558], [127.62494442292383, 45.361065759333215], [127.62036278978914, 45.36125158921665], [127.62062628103926, 45.364481527762656]]]}, "properties": {"biomass": 115.74158477783203}}, {"type": "Feature", "geometry": {"type": "Polygon", "coordinates": [[[127.62520817318361, 45.36429567706558], [127.62979002062639, 45.36410964315652], [127.6295260113663, 45.360879746258185], [127.62494442292383, 45.361065759333215], [127.62520817318361, 45.36429567706558]]]}, "properties": {"biomass": 124.96755981445312}}, {"type": "Feature", "geometry": {"type": "Polygon", "coordinates": [[[127.62979002062639, 45.36410964315652], [127.63437182332414, 45.36392342604019], [127.63410755507297, 45.36069354999628], [127.6295260113663, 45.360879746258185], [127.62979002062639, 45.36410964315652]]]}, "properties": {"biomass": 150.00096130371094}}, {"type": "Feature", "geometry": {"type": "Polygon", "coordinates": [[[127.63437182332414, 45.36392342604019], [127.63895358123337, 45.36373702572134], [127.63868905400044, 45.36050717055222], [127.63410755507297, 45.36069354999628], [127.63437182332414, 45.36392342604019]]]}, "properties": {"biomass": 164.69886779785156}}, {"type": "Feature", "geometry": {"type": "Polygon", "coordinates": [[[127.63895358123337, 45.36373702572134], [127.64353529431055, 45.363550442204684], [127.64327050810515, 45.36032060793073], [127.63868905400044, 45.36050717055222], [127.63895358123337, 45.36373702572134]]]}, "properties": {"biomass": 175.46981811523438}}, {"type": "Feature", "geometry": {"type": "Polygon", "coordinates": [[[127.64353529431055, 45.363550442204684], [127.64811696251219, 45.36336367549498], [127.6478519173436, 45.3601338621366], [127.64327050810515, 45.36032060793073], [127.64353529431055, 45.363550442204684]]]}, "properties": {"biomass": 163.43743896484375}}, {"type": "Feature", "geometry": {"type": "Polygon", "coordinates": [[[127.64811696251219, 45.36336367549498], [127.65269858579477, 45.363176725596965], [127.65243328167237, 45.359946933174506], [127.6478519173436, 45.3601338621366], [127.64811696251219, 45.36336367549498]]]}, "properties": {"biomass": 185.1868438720703}}, {"type": "Feature", "geometry": {"type": "Polygon", "coordinates": [[[127.65269858579477, 45.363176725596965], [127.65728016411482, 45.362989592515405], [127.65701460104789, 45.359759821049245], [127.65243328167237, 45.359946933174506], [127.65269858579477, 45.363176725596965]]]}, "properties": {"biomass": 150.5563507080078}}, {"type": "Feature", "geometry": {"type": "Polygon", "coordinates": [[[127.65728016411482, 45.362989592515405], [127.66186169742888, 45.36280227625504], [127.66159587542676, 45.35957252576557], [127.65701460104789, 45.359759821049245], [127.65728016411482, 45.362989592515405]]]}, "properties": {"biomass": 140.2730255126953}}, {"type": "Feature", "geometry": {"type": "Polygon", "coordinates": [[[127.66186169742888, 45.36280227625504], [127.66644318569341, 45.36261477682063], [127.66617710476542, 45.35938504732822], [127.66159587542676, 45.35957252576557], [127.66186169742888, 45.36280227625504]]]}, "properties": {"biomass": 198.5176544189453}}, {"type": "Feature", "geometry": {"type": "Polygon", "coordinates": [[[127.66644318569341, 45.36261477682063], [127.67102462886493, 45.362427094216955], [127.67075828902048, 45.359197385741965], [127.66617710476542, 45.35938504732822], [127.66644318569341, 45.36261477682063]]]}, "properties": {"biomass": 159.06985473632812}}, {"type": "Feature", "geometry": {"type": "Polygon", "coordinates": [[[127.46914410884526, 45.36728117421109], [127.47372719240408, 45.36710139227243], [127.4734720375599, 45.363870795497725], [127.46888921326811, 45.36405055729812], [127.46914410884526, 45.36728117421109]]]}, "properties": {"biomass": 153.52130126953125}}, {"type": "Feature", "geometry": {"type": "Polygon", "coordinates": [[[127.47372719240408, 45.36710139227243], [127.47831023270764, 45.36692142698875], [127.47805481860536, 45.36369085037272], [127.4734720375599, 45.363870795497725], [127.47372719240408, 45.36710139227243]]]}, "properties": {"biomass": 164.23220825195312}}, {"type": "Feature", "geometry": {"type": "Polygon", "coordinates": [[[127.47831023270764, 45.36692142698875], [127.48289322971227, 45.366741278364636], [127.48263755636094, 45.36351072192768], [127.47805481860536, 45.36369085037272], [127.47831023270764, 45.36692142698875]]]}, "properties": {"biomass": 135.03065490722656}}, {"type": "Feature", "geometry": {"type": "Polygon", "coordinates": [[[127.48289322971227, 45.366741278364636], [127.48747618337448, 45.366560946404654], [127.48722025078303, 45.36333041016719], [127.48263755636094, 45.36351072192768], [127.48289322971227, 45.366741278364636]]]}, "properties": {"biomass": 121.63705444335938}}, {"type": "Feature", "geometry": {"type": "Polygon", "coordinates": [[[127.48747618337448, 45.366560946404654], [127.4920590936506, 45.366380431113384], [127.4918029018281, 45.36314991509581], [127.48722025078303, 45.36333041016719], [127.48747618337448, 45.366560946404654]]]}, "properties": {"biomass": 111.70735168457031}}, {"type": "Feature", "geometry": {"type": "Polygon", "coordinates": [[[127.4920590936506, 45.366380431113384], [127.49664196049712, 45.36619973249543], [127.49638550945251, 45.362969236718165], [127.4918029018281, 45.36314991509581], [127.4920590936506, 45.366380431113384]]]}, "properties": {"biomass": 126.76402282714844}}, {"type": "Feature", "geometry": {"type": "Polygon", "coordinates": [[[127.49664196049712, 45.36619973249543], [127.50122478387041, 45.366018850555385], [127.50096807361277, 45.36278837503881], [127.49638550945251, 45.362969236718165], [127.49664196049712, 45.36619973249543]]]}, "properties": {"biomass": 157.8926239013672}}, {"type": "Feature", "geometry": {"type": "Polygon", "coordinates": [[[127.50122478387041, 45.366018850555385], [127.50580756372695, 45.365837785297835], [127.50555059426529, 45.362607330062374], [127.50096807361277, 45.36278837503881], [127.50122478387041, 45.366018850555385]]]}, "properties": {"biomass": 226.00299072265625}}, {"type": "Feature", "geometry": {"type": "Polygon", "coordinates": [[[127.50580756372695, 45.365837785297835], [127.51039030002312, 45.365656536727386], [127.51013307136648, 45.36242610179345], [127.50555059426529, 45.362607330062374], [127.50580756372695, 45.365837785297835]]]}, "properties": {"biomass": 203.37750244140625}}, {"type": "Feature", "geometry": {"type": "Polygon", "coordinates": [[[127.51039030002312, 45.365656536727386], [127.51497299271539, 45.36547510484865], [127.5147155048728, 45.36224469023664], [127.51013307136648, 45.36242610179345], [127.51039030002312, 45.365656536727386]]]}, "properties": {"biomass": 142.50497436523438}}, {"type": "Feature", "geometry": {"type": "Polygon", "coordinates": [[[127.51497299271539, 45.36547510484865], [127.51955564176016, 45.36529348966626], [127.51929789474069, 45.36206309539654], [127.5147155048728, 45.36224469023664], [127.51497299271539, 45.36547510484865]]]}, "properties": {"biomass": 131.0667266845703}}, {"type": "Feature", "geometry": {"type": "Polygon", "coordinates": [[[127.51955564176016, 45.36529348966626], [127.5241382471139, 45.36511169118479], [127.52388024092662, 45.361881317277806], [127.51929789474069, 45.36206309539654], [127.51955564176016, 45.36529348966626]]]}, "properties": {"biomass": 127.28693389892578}}, {"type": "Feature", "geometry": {"type": "Polygon", "coordinates": [[[127.5241382471139, 45.36511169118479], [127.528720808733, 45.364929709408884], [127.52846254338701, 45.36169935588503], [127.52388024092662, 45.361881317277806], [127.5241382471139, 45.36511169118479]]]}, "properties": {"biomass": 109.79401397705078}}, {"type": "Feature", "geometry": {"type": "Polygon", "coordinates": [[[127.528720808733, 45.364929709408884], [127.53330332657397, 45.364747544343174], [127.53304480207832, 45.36151721122283], [127.52846254338701, 45.36169935588503], [127.528720808733, 45.364929709408884]]]}, "properties": {"biomass": 110.42826080322266}}, {"type": "Feature", "geometry": {"type": "Polygon", "coordinates": [[[127.53330332657397, 45.364747544343174], [127.53788580059323, 45.364565195992284], [127.537627016957, 45.36133488329586], [127.53304480207832, 45.36151721122283], [127.53330332657397, 45.364747544343174]]]}, "properties": {"biomass": 118.6388931274414}}, {"type": "Feature", "geometry": {"type": "Polygon", "coordinates": [[[127.53788580059323, 45.364565195992284], [127.5424682307472, 45.36438266436083], [127.54220918797952, 45.36115237210874], [127.537627016957, 45.36133488329586], [127.53788580059323, 45.364565195992284]]]}, "properties": {"biomass": 134.18785095214844}}, {"type": "Feature", "geometry": {"type": "Polygon", "coordinates": [[[127.5424682307472, 45.36438266436083], [127.54705061699237, 45.36419994945349], [127.54679131510233, 45.360969677666105], [127.54220918797952, 45.36115237210874], [127.5424682307472, 45.36438266436083]]]}, "properties": {"biomass": 165.91355895996094}}, {"type": "Feature", "geometry": {"type": "Polygon", "coordinates": [[[127.54705061699237, 45.36419994945349], [127.55163295928513, 45.364017051274885], [127.55137339828187, 45.36078679997261], [127.54679131510233, 45.360969677666105], [127.54705061699237, 45.36419994945349]]]}, "properties": {"biomass": 176.82481384277344}}, {"type": "Feature", "geometry": {"type": "Polygon", "coordinates": [[[127.55163295928513, 45.364017051274885], [127.55621525758202, 45.36383396982968], [127.55595543747465, 45.360603739032896], [127.55137339828187, 45.36078679997261], [127.55163295928513, 45.364017051274885]]]}, "properties": {"biomass": 183.67449951171875}}, {"type": "Feature", "geometry": {"type": "Polygon", "coordinates": [[[127.55621525758202, 45.36383396982968], [127.56079751183944, 45.3636507051225], [127.5605374326371, 45.36042049485161], [127.55595543747465, 45.360603739032896], [127.55621525758202, 45.36383396982968]]]}, "properties": {"biomass": 187.0000762939453}}, {"type": "Feature", "geometry": {"type": "Polygon", "coordinates": [[[127.56079751183944, 45.3636507051225], [127.56537972201387, 45.36346725715802], [127.56511938372572, 45.36023706743343], [127.5605374326371, 45.36042049485161], [127.56079751183944, 45.3636507051225]]]}, "properties": {"biomass": 162.80999755859375}}, {"type": "Feature", "geometry": {"type": "Polygon", "coordinates": [[[127.56537972201387, 45.36346725715802], [127.56996188806178, 45.363283625940916], [127.56970129069694, 45.360053456783], [127.56511938372572, 45.36023706743343], [127.56537972201387, 45.36346725715802]]]}, "properties": {"biomass": 164.1137237548828}}, {"type": "Feature", "geometry": {"type": "Polygon", "coordinates": [[[127.56996188806178, 45.363283625940916], [127.57454400993961, 45.36309981147582], [127.57428315350728, 45.35986966290499], [127.56970129069694, 45.360053456783], [127.56996188806178, 45.363283625940916]]]}, "properties": {"biomass": 140.72702026367188}}, {"type": "Feature", "geometry": {"type": "Polygon", "coordinates": [[[127.57454400993961, 45.36309981147582], [127.57912608760385, 45.36291581376745], [127.5788649721132, 45.35968568580407], [127.57428315350728, 45.35986966290499], [127.57454400993961, 45.36309981147582]]]}, "properties": {"biomass": 133.93104553222656}}, {"type": "Feature", "geometry": {"type": "Polygon", "coordinates": [[[127.57912608760385, 45.36291581376745], [127.58370812101099, 45.362731632820434], [127.58344674647118, 45.35950152548491], [127.5788649721132, 45.35968568580407], [127.57912608760385, 45.36291581376745]]]}, "properties": {"biomass": 112.36707305908203}}, {"type": "Feature", "geometry": {"type": "Polygon", "coordinates": [[[127.58370812101099, 45.362731632820434], [127.58829011011746, 45.362547268639496], [127.58802847653772, 45.35931718195219], [127.58344674647118, 45.35950152548491], [127.58370812101099, 45.362731632820434]]]}, "properties": {"biomass": 137.48480224609375}}, {"type": "Feature", "geometry": {"type": "Polygon", "coordinates": [[[127.58829011011746, 45.362547268639496], [127.59287205487976, 45.36236272122929], [127.59261016226924, 45.359132655210615], [127.58802847653772, 45.35931718195219], [127.58829011011746, 45.362547268639496]]]}, "properties": {"biomass": 152.977294921875}}, {"type": "Feature", "geometry": {"type": "Polygon", "coordinates": [[[127.59287205487976, 45.36236272122929], [127.5974539552544, 45.36217799059451], [127.59719180362232, 45.35894794526486], [127.59261016226924, 45.359132655210615], [127.59287205487976, 45.36236272122929]]]}, "properties": {"biomass": 137.99249267578125}}, {"type": "Feature", "geometry": {"type": "Polygon", "coordinates": [[[127.5974539552544, 45.36217799059451], [127.60203581119781, 45.361993076739864], [127.6017734005534, 45.35876305211961], [127.59719180362232, 45.35894794526486], [127.5974539552544, 45.36217799059451]]]}, "properties": {"biomass": 128.19085693359375}}, {"type": "Feature", "geometry": {"type": "Polygon", "coordinates": [[[127.60203581119781, 45.361993076739864], [127.60661762266649, 45.36180797967006], [127.60635495301898, 45.35857797577958], [127.6017734005534, 45.35876305211961], [127.60203581119781, 45.361993076739864]]]}, "properties": {"biomass": 119.11286926269531}}, {"type": "Feature", "geometry": {"type": "Polygon", "coordinates": [[[127.60661762266649, 45.36180797967006], [127.61119938961694, 45.36162269938977], [127.61093646097557, 45.35839271624946], [127.60635495301898, 45.35857797577958], [127.60661762266649, 45.36180797967006]]]}, "properties": {"biomass": 120.15030670166016}}, {"type": "Feature", "geometry": {"type": "Polygon", "coordinates": [[[127.61119938961694, 45.36162269938977], [127.61578111200566, 45.36143723590373], [127.61551792437966, 45.35820727353397], [127.61093646097557, 45.35839271624946], [127.61119938961694, 45.36162269938977]]]}, "properties": {"biomass": 116.6595230102539}}, {"type": "Feature", "geometry": {"type": "Polygon", "coordinates": [[[127.61578111200566, 45.36143723590373], [127.62036278978914, 45.36125158921665], [127.62009934318773, 45.35802164763781], [127.61551792437966, 45.35820727353397], [127.61578111200566, 45.36143723590373]]]}, "properties": {"biomass": 113.19998168945312}}, {"type": "Feature", "geometry": {"type": "Polygon", "coordinates": [[[127.62036278978914, 45.36125158921665], [127.62494442292383, 45.361065759333215], [127.62468071735633, 45.3578358385657], [127.62009934318773, 45.35802164763781], [127.62036278978914, 45.36125158921665]]]}, "properties": {"biomass": 92.70752716064453}}, {"type": "Feature", "geometry": {"type": "Polygon", "coordinates": [[[127.62494442292383, 45.361065759333215], [127.6295260113663, 45.360879746258185], [127.62926204684194, 45.35764984632235], [127.62468071735633, 45.3578358385657], [127.62494442292383, 45.361065759333215]]]}, "properties": {"biomass": 111.72684478759766}}, {"type": "Feature", "geometry": {"type": "Polygon", "coordinates": [[[127.6295260113663, 45.360879746258185], [127.63410755507297, 45.36069354999628], [127.63384333160107, 45.357463670912516], [127.62926204684194, 45.35764984632235], [127.6295260113663, 45.360879746258185]]]}, "properties": {"biomass": 113.28433227539062}}, {"type": "Feature", "geometry": {"type": "Polygon", "coordinates": [[[127.63410755507297, 45.36069354999628], [127.63868905400044, 45.36050717055222], [127.63842457159024, 45.3572773123409], [127.63384333160107, 45.357463670912516], [127.63410755507297, 45.36069354999628]]]}, "properties": {"biomass": 150.37095642089844}}, {"type": "Feature", "geometry": {"type": "Polygon", "coordinates": [[[127.63868905400044, 45.36050717055222], [127.64327050810515, 45.36032060793073], [127.64300576676595, 45.35709077061225], [127.63842457159024, 45.3572773123409], [127.63868905400044, 45.36050717055222]]]}, "properties": {"biomass": 163.88333129882812}}, {"type": "Feature", "geometry": {"type": "Polygon", "coordinates": [[[127.64327050810515, 45.36032060793073], [127.6478519173436, 45.3601338621366], [127.64758691708477, 45.356904045731305], [127.64300576676595, 45.35709077061225], [127.64327050810515, 45.36032060793073]]]}, "properties": {"biomass": 169.80409240722656}}, {"type": "Feature", "geometry": {"type": "Polygon", "coordinates": [[[127.6478519173436, 45.3601338621366], [127.65243328167237, 45.359946933174506], [127.65216802250316, 45.35671713770281], [127.64758691708477, 45.356904045731305], [127.6478519173436, 45.3601338621366]]]}, "properties": {"biomass": 197.39503479003906}}, {"type": "Feature", "geometry": {"type": "Polygon", "coordinates": [[[127.65243328167237, 45.359946933174506], [127.65701460104789, 45.359759821049245], [127.65674908297767, 45.356530046531496], [127.65216802250316, 45.35671713770281], [127.65243328167237, 45.359946933174506]]]}, "properties": {"biomass": 189.35833740234375}}, {"type": "Feature", "geometry": {"type": "Polygon", "coordinates": [[[127.65701460104789, 45.359759821049245], [127.66159587542676, 45.35957252576557], [127.6613300984648, 45.356342772222135], [127.65674908297767, 45.356530046531496], [127.65701460104789, 45.359759821049245]]]}, "properties": {"biomass": 156.940185546875}}, {"type": "Feature", "geometry": {"type": "Polygon", "coordinates": [[[127.46888921326811, 45.36405055729812], [127.4734720375599, 45.363870795497725], [127.473216925962, 45.360640195764205], [127.4686343608937, 45.36081993742861], [127.46888921326811, 45.36405055729812]]]}, "properties": {"biomass": 170.2706756591797}}, {"type": "Feature", "geometry": {"type": "Polygon", "coordinates": [[[127.4734720375599, 45.363870795497725], [127.47805481860536, 45.36369085037272], [127.477799447793, 45.3604602707956], [127.473216925962, 45.360640195764205], [127.4734720375599, 45.363870795497725]]]}, "properties": {"biomass": 166.9136505126953}}, {"type": "Feature", "geometry": {"type": "Polygon", "coordinates": [[[127.47805481860536, 45.36369085037272], [127.48263755636094, 45.36351072192768], [127.48238192634308, 45.36028016252737], [127.477799447793, 45.3604602707956], [127.47805481860536, 45.36369085037272]]]}, "properties": {"biomass": 141.0708770751953}}, {"type": "Feature", "geometry": {"type": "Polygon", "coordinates": [[[127.48263755636094, 45.36351072192768], [127.48722025078303, 45.36333041016719], [127.48696436156865, 45.360099870964085], [127.48238192634308, 45.36028016252737], [127.48263755636094, 45.36351072192768]]]}, "properties": {"biomass": 132.09365844726562}}, {"type": "Feature", "geometry": {"type": "Polygon", "coordinates": [[[127.48722025078303, 45.36333041016719], [127.4918029018281, 45.36314991509581], [127.49154675342619, 45.35991939611034], [127.48696436156865, 45.360099870964085], [127.48722025078303, 45.36333041016719]]]}, "properties": {"biomass": 114.6722640991211}}, {"type": "Feature", "geometry": {"type": "Polygon", "coordinates": [[[127.4918029018281, 45.36314991509581], [127.49638550945251, 45.362969236718165], [127.49612910187211, 45.35973873797071], [127.49154675342619, 45.35991939611034], [127.4918029018281, 45.36314991509581]]]}, "properties": {"biomass": 115.78913116455078}}, {"type": "Feature", "geometry": {"type": "Polygon", "coordinates": [[[127.49638550945251, 45.362969236718165], [127.50096807361277, 45.36278837503881], [127.50071140686289, 45.359557896549795], [127.49612910187211, 45.35973873797071], [127.49638550945251, 45.362969236718165]]]}, "properties": {"biomass": 157.2312774658203}}, {"type": "Feature", "geometry": {"type": "Polygon", "coordinates": [[[127.50096807361277, 45.36278837503881], [127.50555059426529, 45.362607330062374], [127.50529366835491, 45.35937687185219], [127.50071140686289, 45.359557896549795], [127.50096807361277, 45.36278837503881]]]}, "properties": {"biomass": 239.97970581054688}}, {"type": "Feature", "geometry": {"type": "Polygon", "coordinates": [[[127.50555059426529, 45.362607330062374], [127.51013307136648, 45.36242610179345], [127.50987588630468, 45.35919566388248], [127.50529366835491, 45.35937687185219], [127.50555059426529, 45.362607330062374]]]}, "properties": {"biomass": 220.15379333496094}}, {"type": "Feature", "geometry": {"type": "Polygon", "coordinates": [[[127.51013307136648, 45.36242610179345], [127.5147155048728, 45.36224469023664], [127.51445806066864, 45.3590142726453], [127.50987588630468, 45.35919566388248], [127.51013307136648, 45.36242610179345]]]}, "properties": {"biomass": 143.0940704345703}}, {"type": "Feature", "geometry": {"type": "Polygon", "coordinates": [[[127.5147155048728, 45.36224469023664], [127.51929789474069, 45.36206309539654], [127.5190401914032, 45.35883269814524], [127.51445806066864, 45.3590142726453], [127.5147155048728, 45.36224469023664]]]}, "properties": {"biomass": 127.66896057128906}}, {"type": "Feature", "geometry": {"type": "Polygon", "coordinates": [[[127.51929789474069, 45.36206309539654], [127.52388024092662, 45.361881317277806], [127.52362227846487, 45.35865094038693], [127.5190401914032, 45.35883269814524], [127.51929789474069, 45.36206309539654]]]}, "properties": {"biomass": 115.2431869506836}}, {"type": "Feature", "geometry": {"type": "Polygon", "coordinates": [[[127.52388024092662, 45.361881317277806], [127.52846254338701, 45.36169935588503], [127.52820432181008, 45.358468999374985], [127.52362227846487, 45.35865094038693], [127.52388024092662, 45.361881317277806]]]}, "properties": {"biomass": 109.5714111328125}}, {"type": "Feature", "geometry": {"type": "Polygon", "coordinates": [[[127.52846254338701, 45.36169935588503], [127.53304480207832, 45.36151721122283], [127.53278632139528, 45.35828687511402], [127.52820432181008, 45.358468999374985], [127.52846254338701, 45.36169935588503]]]}, "properties": {"biomass": 106.35098266601562}}, {"type": "Feature", "geometry": {"type": "Polygon", "coordinates": [[[127.53304480207832, 45.36151721122283], [127.537627016957, 45.36133488329586], [127.53736827717695, 45.35810456760865], [127.53278632139528, 45.35828687511402], [127.53304480207832, 45.36151721122283]]]}, "properties": {"biomass": 101.65174865722656}}, {"type": "Feature", "geometry": {"type": "Polygon", "coordinates": [[[127.537627016957, 45.36133488329586], [127.54220918797952, 45.36115237210874], [127.54195018911153, 45.357922076863545], [127.53736827717695, 45.35810456760865], [127.537627016957, 45.36133488329586]]]}, "properties": {"biomass": 121.64802551269531}}, {"type": "Feature", "geometry": {"type": "Polygon", "coordinates": [[[127.54220918797952, 45.36115237210874], [127.54679131510233, 45.360969677666105], [127.54653205715552, 45.35773940288333], [127.54195018911153, 45.357922076863545], [127.54220918797952, 45.36115237210874]]]}, "properties": {"biomass": 147.73123168945312}}, {"type": "Feature", "geometry": {"type": "Polygon", "coordinates": [[[127.54679131510233, 45.360969677666105], [127.55137339828187, 45.36078679997261], [127.5511138812654, 45.35755654567264], [127.54653205715552, 45.35773940288333], [127.54679131510233, 45.360969677666105]]]}, "properties": {"biomass": 159.2897186279297}}, {"type": "Feature", "geometry": {"type": "Polygon", "coordinates": [[[127.55137339828187, 45.36078679997261], [127.55595543747465, 45.360603739032896], [127.55569566139759, 45.35737350523612], [127.5511138812654, 45.35755654567264], [127.55137339828187, 45.36078679997261]]]}, "properties": {"biomass": 196.03749084472656}}, {"type": "Feature", "geometry": {"type": "Polygon", "coordinates": [[[127.55595543747465, 45.360603739032896], [127.5605374326371, 45.36042049485161], [127.5602773975086, 45.357190281578426], [127.55569566139759, 45.35737350523612], [127.55595543747465, 45.360603739032896]]]}, "properties": {"biomass": 186.08346557617188}}, {"type": "Feature", "geometry": {"type": "Polygon", "coordinates": [[[127.5605374326371, 45.36042049485161], [127.56511938372572, 45.36023706743343], [127.56485908955493, 45.35700687470421], [127.5602773975086, 45.357190281578426], [127.5605374326371, 45.36042049485161]]]}, "properties": {"biomass": 146.6442108154297}}, {"type": "Feature", "geometry": {"type": "Polygon", "coordinates": [[[127.56511938372572, 45.36023706743343], [127.56970129069694, 45.360053456783], [127.56944073749303, 45.35682328461815], [127.56485908955493, 45.35700687470421], [127.56511938372572, 45.36023706743343]]]}, "properties": {"biomass": 138.105224609375}}, {"type": "Feature", "geometry": {"type": "Polygon", "coordinates": [[[127.56970129069694, 45.360053456783], [127.57428315350728, 45.35986966290499], [127.57402234127937, 45.35663951132489], [127.56944073749303, 45.35682328461815], [127.56970129069694, 45.360053456783]]]}, "properties": {"biomass": 133.66990661621094}}, {"type": "Feature", "geometry": {"type": "Polygon", "coordinates": [[[127.57428315350728, 45.35986966290499], [127.5788649721132, 45.35968568580407], [127.57860390087049, 45.35645555482912], [127.57402234127937, 45.35663951132489], [127.57428315350728, 45.35986966290499]]]}, "properties": {"biomass": 119.28013610839844}}, {"type": "Feature", "geometry": {"type": "Polygon", "coordinates": [[[127.5788649721132, 45.35968568580407], [127.58344674647118, 45.35950152548491], [127.58318541622283, 45.35627141513548], [127.57860390087049, 45.35645555482912], [127.5788649721132, 45.35968568580407]]]}, "properties": {"biomass": 127.31063079833984}}, {"type": "Feature", "geometry": {"type": "Polygon", "coordinates": [[[127.58344674647118, 45.35950152548491], [127.58802847653772, 45.35931718195219], [127.58776688729293, 45.356087092248686], [127.58318541622283, 45.35627141513548], [127.58344674647118, 45.35950152548491]]]}, "properties": {"biomass": 174.21397399902344}}, {"type": "Feature", "geometry": {"type": "Polygon", "coordinates": [[[127.58802847653772, 45.35931718195219], [127.59261016226924, 45.359132655210615], [127.59234831403722, 45.355902586173414], [127.58776688729293, 45.356087092248686], [127.58802847653772, 45.35931718195219]]]}, "properties": {"biomass": 184.9586181640625}}, {"type": "Feature", "geometry": {"type": "Polygon", "coordinates": [[[127.59261016226924, 45.359132655210615], [127.59719180362232, 45.35894794526486], [127.59692969641223, 45.35571789691434], [127.59234831403722, 45.355902586173414], [127.59261016226924, 45.359132655210615]]]}, "properties": {"biomass": 146.39456176757812}}, {"type": "Feature", "geometry": {"type": "Polygon", "coordinates": [[[127.59719180362232, 45.35894794526486], [127.6017734005534, 45.35876305211961], [127.6015110343745, 45.355533024476166], [127.59692969641223, 45.35571789691434], [127.59719180362232, 45.35894794526486]]]}, "properties": {"biomass": 120.05599212646484}}, {"type": "Feature", "geometry": {"type": "Polygon", "coordinates": [[[127.6017734005534, 45.35876305211961], [127.60635495301898, 45.35857797577958], [127.60609232788048, 45.35534796886359], [127.6015110343745, 45.355533024476166], [127.6017734005534, 45.35876305211961]]]}, "properties": {"biomass": 127.50760650634766}}, {"type": "Feature", "geometry": {"type": "Polygon", "coordinates": [[[127.60635495301898, 45.35857797577958], [127.61093646097557, 45.35839271624946], [127.61067357688668, 45.355162730081304], [127.60609232788048, 45.35534796886359], [127.60635495301898, 45.35857797577958]]]}, "properties": {"biomass": 130.5506591796875}}, {"type": "Feature", "geometry": {"type": "Polygon", "coordinates": [[[127.61093646097557, 45.35839271624946], [127.61551792437966, 45.35820727353397], [127.61525478134963, 45.354977308134025], [127.61067357688668, 45.355162730081304], [127.61093646097557, 45.35839271624946]]]}, "properties": {"biomass": 118.82242584228516}}, {"type": "Feature", "geometry": {"type": "Polygon", "coordinates": [[[127.61551792437966, 45.35820727353397], [127.62009934318773, 45.35802164763781], [127.61983594122583, 45.35479170302644], [127.61525478134963, 45.354977308134025], [127.61551792437966, 45.35820727353397]]]}, "properties": {"biomass": 122.81275939941406}}, {"type": "Feature", "geometry": {"type": "Polygon", "coordinates": [[[127.62009934318773, 45.35802164763781], [127.62468071735633, 45.3578358385657], [127.6244170564718, 45.354605914763304], [127.61983594122583, 45.35479170302644], [127.62009934318773, 45.35802164763781]]]}, "properties": {"biomass": 104.78871154785156}}, {"type": "Feature", "geometry": {"type": "Polygon", "coordinates": [[[127.62468071735633, 45.3578358385657], [127.62926204684194, 45.35764984632235], [127.62899812704406, 45.35441994334931], [127.6244170564718, 45.354605914763304], [127.62468071735633, 45.3578358385657]]]}, "properties": {"biomass": 126.025634765625}}, {"type": "Feature", "geometry": {"type": "Polygon", "coordinates": [[[127.62926204684194, 45.35764984632235], [127.63384333160107, 45.357463670912516], [127.63357915289912, 45.35423378878921], [127.62899812704406, 45.35441994334931], [127.62926204684194, 45.35764984632235]]]}, "properties": {"biomass": 144.23497009277344}}, {"type": "Feature", "geometry": {"type": "Polygon", "coordinates": [[[127.63384333160107, 45.357463670912516], [127.63842457159024, 45.3572773123409], [127.63816013399348, 45.35404745108769], [127.63357915289912, 45.35423378878921], [127.63384333160107, 45.357463670912516]]]}, "properties": {"biomass": 150.75851440429688}}, {"type": "Feature", "geometry": {"type": "Polygon", "coordinates": [[[127.63842457159024, 45.3572773123409], [127.64300576676595, 45.35709077061225], [127.64274107028372, 45.35386093024951], [127.63816013399348, 45.35404745108769], [127.63842457159024, 45.3572773123409]]]}, "properties": {"biomass": 144.42132568359375}}, {"type": "Feature", "geometry": {"type": "Polygon", "coordinates": [[[127.64300576676595, 45.35709077061225], [127.64758691708477, 45.356904045731305], [127.64732196172632, 45.353674226279416], [127.64274107028372, 45.35386093024951], [127.64300576676595, 45.35709077061225]]]}, "properties": {"biomass": 170.9568634033203}}, {"type": "Feature", "geometry": {"type": "Polygon", "coordinates": [[[127.64758691708477, 45.356904045731305], [127.65216802250316, 45.35671713770281], [127.65190280827784, 45.35348733918213], [127.64732196172632, 45.353674226279416], [127.64758691708477, 45.356904045731305]]]}, "properties": {"biomass": 216.6226043701172}}, {"type": "Feature", "geometry": {"type": "Polygon", "coordinates": [[[127.473216925962, 45.360640195764205], [127.477799447793, 45.3604602707956], [127.47754412026156, 45.35722968825765], [127.47296185760149, 45.35740959307211], [127.473216925962, 45.360640195764205]]]}, "properties": {"biomass": 176.12127685546875}}, {"type": "Feature", "geometry": {"type": "Polygon", "coordinates": [[[127.477799447793, 45.3604602707956], [127.48238192634308, 45.36028016252737], [127.48212633964967, 45.35704960016395], [127.47754412026156, 45.35722968825765], [127.477799447793, 45.3604602707956]]]}, "properties": {"biomass": 148.78260803222656}}, {"type": "Feature", "geometry": {"type": "Polygon", "coordinates": [[[127.48238192634308, 45.36028016252737], [127.48696436156865, 45.360099870964085], [127.4867085157223, 45.356869328795604], [127.48212633964967, 45.35704960016395], [127.48238192634308, 45.36028016252737]]]}, "properties": {"biomass": 133.6533203125}}, {"type": "Feature", "geometry": {"type": "Polygon", "coordinates": [[[127.48696436156865, 45.360099870964085], [127.49154675342619, 45.35991939611034], [127.49129064843589, 45.35668887415719], [127.4867085157223, 45.356869328795604], [127.48696436156865, 45.360099870964085]]]}, "properties": {"biomass": 131.63720703125}}, {"type": "Feature", "geometry": {"type": "Polygon", "coordinates": [[[127.49154675342619, 45.35991939611034], [127.49612910187211, 45.35973873797071], [127.49587273774685, 45.356508236253326], [127.49129064843589, 45.35668887415719], [127.49154675342619, 45.35991939611034]]]}, "properties": {"biomass": 112.3749008178711}}, {"type": "Feature", "geometry": {"type": "Polygon", "coordinates": [[[127.49612910187211, 45.35973873797071], [127.50071140686289, 45.359557896549795], [127.5004547836117, 45.35632741508855], [127.49587273774685, 45.356508236253326], [127.49612910187211, 45.35973873797071]]]}, "properties": {"biomass": 143.8417510986328}}, {"type": "Feature", "geometry": {"type": "Polygon", "coordinates": [[[127.50071140686289, 45.359557896549795], [127.50529366835491, 45.35937687185219], [127.50503678598683, 45.356146410667485], [127.5004547836117, 45.35632741508855], [127.50071140686289, 45.359557896549795]]]}, "properties": {"biomass": 179.34803771972656}}, {"type": "Feature", "geometry": {"type": "Polygon", "coordinates": [[[127.50529366835491, 45.35937687185219], [127.50987588630468, 45.35919566388248], [127.50961874482873, 45.35596522299474], [127.50503678598683, 45.356146410667485], [127.50529366835491, 45.35937687185219]]]}, "properties": {"biomass": 173.52133178710938}}, {"type": "Feature", "geometry": {"type": "Polygon", "coordinates": [[[127.50987588630468, 45.35919566388248], [127.51445806066864, 45.3590142726453], [127.51420066009385, 45.35578385207491], [127.50961874482873, 45.35596522299474], [127.50987588630468, 45.35919566388248]]]}, "properties": {"biomass": 141.42247009277344}}, {"type": "Feature", "geometry": {"type": "Polygon", "coordinates": [[[127.51445806066864, 45.3590142726453], [127.5190401914032, 45.35883269814524], [127.51878253173864, 45.35560229791259], [127.51420066009385, 45.35578385207491], [127.51445806066864, 45.3590142726453]]]}, "properties": {"biomass": 134.38771057128906}}, {"type": "Feature", "geometry": {"type": "Polygon", "coordinates": [[[127.5190401914032, 45.35883269814524], [127.52362227846487, 45.35865094038693], [127.5233643597196, 45.355420560512414], [127.51878253173864, 45.35560229791259], [127.5190401914032, 45.35883269814524]]]}, "properties": {"biomass": 111.896240234375}}, {"type": "Feature", "geometry": {"type": "Polygon", "coordinates": [[[127.52362227846487, 45.35865094038693], [127.52820432181008, 45.358468999374985], [127.52794614399315, 45.355238639879], [127.5233643597196, 45.355420560512414], [127.52362227846487, 45.35865094038693]]]}, "properties": {"biomass": 102.42872619628906}}, {"type": "Feature", "geometry": {"type": "Polygon", "coordinates": [[[127.52820432181008, 45.358468999374985], [127.53278632139528, 45.35828687511402], [127.53252788451577, 45.35505653601695], [127.52794614399315, 45.355238639879], [127.52820432181008, 45.358468999374985]]]}, "properties": {"biomass": 110.58475494384766}}, {"type": "Feature", "geometry": {"type": "Polygon", "coordinates": [[[127.53278632139528, 45.35828687511402], [127.53736827717695, 45.35810456760865], [127.53710958124395, 45.35487424893092], [127.53252788451577, 45.35505653601695], [127.53278632139528, 45.35828687511402]]]}, "properties": {"biomass": 109.13558959960938}}, {"type": "Feature", "geometry": {"type": "Polygon", "coordinates": [[[127.53736827717695, 45.35810456760865], [127.54195018911153, 45.357922076863545], [127.54169123413416, 45.354691778625536], [127.53710958124395, 45.35487424893092], [127.53736827717695, 45.35810456760865]]]}, "properties": {"biomass": 117.29052734375}}, {"type": "Feature", "geometry": {"type": "Polygon", "coordinates": [[[127.54195018911153, 45.357922076863545], [127.54653205715552, 45.35773940288333], [127.54627284314289, 45.354509125105416], [127.54169123413416, 45.354691778625536], [127.54195018911153, 45.357922076863545]]]}, "properties": {"biomass": 134.51290893554688}}, {"type": "Feature", "geometry": {"type": "Polygon", "coordinates": [[[127.54653205715552, 45.35773940288333], [127.5511138812654, 45.35755654567264], [127.55085440822656, 45.354326288375226], [127.54627284314289, 45.354509125105416], [127.54653205715552, 45.35773940288333]]]}, "properties": {"biomass": 144.61361694335938}}, {"type": "Feature", "geometry": {"type": "Polygon", "coordinates": [[[127.5511138812654, 45.35755654567264], [127.55569566139759, 45.35737350523612], [127.55543592934171, 45.35414326843959], [127.55085440822656, 45.354326288375226], [127.5511138812654, 45.35755654567264]]]}, "properties": {"biomass": 180.04302978515625}}, {"type": "Feature", "geometry": {"type": "Polygon", "coordinates": [[[127.55569566139759, 45.35737350523612], [127.5602773975086, 45.357190281578426], [127.56001740644483, 45.35396006530318], [127.55543592934171, 45.35414326843959], [127.55569566139759, 45.35737350523612]]]}, "properties": {"biomass": 175.7994842529297}}, {"type": "Feature", "geometry": {"type": "Polygon", "coordinates": [[[127.5602773975086, 45.357190281578426], [127.56485908955493, 45.35700687470421], [127.56459883949236, 45.35377667897063], [127.56001740644483, 45.35396006530318], [127.5602773975086, 45.357190281578426]]]}, "properties": {"biomass": 147.19036865234375}}, {"type": "Feature", "geometry": {"type": "Polygon", "coordinates": [[[127.56485908955493, 45.35700687470421], [127.56944073749303, 45.35682328461815], [127.56918022844084, 45.35359310944662], [127.56459883949236, 45.35377667897063], [127.56485908955493, 45.35700687470421]]]}, "properties": {"biomass": 144.0210723876953}}, {"type": "Feature", "geometry": {"type": "Polygon", "coordinates": [[[127.56944073749303, 45.35682328461815], [127.57402234127937, 45.35663951132489], [127.57376157324673, 45.35340935673581], [127.56918022844084, 45.35359310944662], [127.56944073749303, 45.35682328461815]]]}, "properties": {"biomass": 132.87716674804688}}, {"type": "Feature", "geometry": {"type": "Polygon", "coordinates": [[[127.57402234127937, 45.35663951132489], [127.57860390087049, 45.35645555482912], [127.57834287386655, 45.353225420842854], [127.57376157324673, 45.35340935673581], [127.57402234127937, 45.35663951132489]]]}, "properties": {"biomass": 109.35665130615234}}, {"type": "Feature", "geometry": {"type": "Polygon", "coordinates": [[[127.57860390087049, 45.35645555482912], [127.58318541622283, 45.35627141513548], [127.58292413025676, 45.353041301772436], [127.57834287386655, 45.353225420842854], [127.57860390087049, 45.35645555482912]]]}, "properties": {"biomass": 154.35145568847656}}, {"type": "Feature", "geometry": {"type": "Polygon", "coordinates": [[[127.58318541622283, 45.35627141513548], [127.58776688729293, 45.356087092248686], [127.5875053423739, 45.35285699952924], [127.58292413025676, 45.353041301772436], [127.58318541622283, 45.35627141513548]]]}, "properties": {"biomass": 197.39488220214844}}, {"type": "Feature", "geometry": {"type": "Polygon", "coordinates": [[[127.58776688729293, 45.356087092248686], [127.59234831403722, 45.355902586173414], [127.59208651017447, 45.352672514117934], [127.5875053423739, 45.35285699952924], [127.58776688729293, 45.356087092248686]]]}, "properties": {"biomass": 204.45138549804688}}, {"type": "Feature", "geometry": {"type": "Polygon", "coordinates": [[[127.59234831403722, 45.355902586173414], [127.59692969641223, 45.35571789691434], [127.59666763361494, 45.35248784554322], [127.59208651017447, 45.352672514117934], [127.59234831403722, 45.355902586173414]]]}, "properties": {"biomass": 139.12294006347656}}, {"type": "Feature", "geometry": {"type": "Polygon", "coordinates": [[[127.59692969641223, 45.35571789691434], [127.6015110343745, 45.355533024476166], [127.60124871265188, 45.352302993809786], [127.59666763361494, 45.35248784554322], [127.59692969641223, 45.35571789691434]]]}, "properties": {"biomass": 126.14957427978516}}, {"type": "Feature", "geometry": {"type": "Polygon", "coordinates": [[[127.6015110343745, 45.355533024476166], [127.60609232788048, 45.35534796886359], [127.60582974724173, 45.35211795892232], [127.60124871265188, 45.352302993809786], [127.6015110343745, 45.355533024476166]]]}, "properties": {"biomass": 135.3023681640625}}, {"type": "Feature", "geometry": {"type": "Polygon", "coordinates": [[[127.60609232788048, 45.35534796886359], [127.61067357688668, 45.355162730081304], [127.61041073734107, 45.35193274088554], [127.60582974724173, 45.35211795892232], [127.60609232788048, 45.35534796886359]]]}, "properties": {"biomass": 146.83477783203125}}, {"type": "Feature", "geometry": {"type": "Polygon", "coordinates": [[[127.61067357688668, 45.355162730081304], [127.61525478134963, 45.354977308134025], [127.61499168290638, 45.351747339704126], [127.61041073734107, 45.35193274088554], [127.61067357688668, 45.355162730081304]]]}, "properties": {"biomass": 128.26806640625}}, {"type": "Feature", "geometry": {"type": "Polygon", "coordinates": [[[127.61525478134963, 45.354977308134025], [127.61983594122583, 45.35479170302644], [127.61957258389418, 45.35156175538281], [127.61499168290638, 45.351747339704126], [127.61525478134963, 45.354977308134025]]]}, "properties": {"biomass": 120.67960357666016}}, {"type": "Feature", "geometry": {"type": "Polygon", "coordinates": [[[127.61983594122583, 45.35479170302644], [127.6244170564718, 45.354605914763304], [127.62415344026101, 45.3513759879263], [127.61957258389418, 45.35156175538281], [127.61983594122583, 45.35479170302644]]]}, "properties": {"biomass": 115.26412200927734}}, {"type": "Feature", "geometry": {"type": "Polygon", "coordinates": [[[127.6244170564718, 45.354605914763304], [127.62899812704406, 45.35441994334931], [127.6287342519634, 45.35119003733932], [127.62415344026101, 45.3513759879263], [127.6244170564718, 45.354605914763304]]]}, "properties": {"biomass": 123.05172729492188}}, {"type": "Feature", "geometry": {"type": "Polygon", "coordinates": [[[127.62899812704406, 45.35441994334931], [127.63357915289912, 45.35423378878921], [127.63331501895784, 45.35100390362658], [127.6287342519634, 45.35119003733932], [127.62899812704406, 45.35441994334931]]]}, "properties": {"biomass": 161.25173950195312}}, {"type": "Feature", "geometry": {"type": "Polygon", "coordinates": [[[127.63357915289912, 45.35423378878921], [127.63816013399348, 45.35404745108769], [127.63789574120091, 45.35081758679283], [127.63331501895784, 45.35100390362658], [127.63357915289912, 45.35423378878921]]]}, "properties": {"biomass": 163.78860473632812}}, {"type": "Feature", "geometry": {"type": "Polygon", "coordinates": [[[127.63816013399348, 45.35404745108769], [127.64274107028372, 45.35386093024951], [127.64247641864911, 45.350631086842775], [127.63789574120091, 45.35081758679283], [127.63816013399348, 45.35404745108769]]]}, "properties": {"biomass": 155.3538818359375}}, {"type": "Feature", "geometry": {"type": "Polygon", "coordinates": [[[127.64274107028372, 45.35386093024951], [127.64732196172632, 45.353674226279416], [127.64705705125898, 45.350444403781175], [127.64247641864911, 45.350631086842775], [127.64274107028372, 45.35386093024951]]]}, "properties": {"biomass": 143.25747680664062}}, {"type": "Feature", "geometry": {"type": "Polygon", "coordinates": [[[127.47296185760149, 45.35740959307211], [127.47754412026156, 45.35722968825765], [127.47728883600203, 45.353999102759104], [127.47270683246934, 45.3541789874217], [127.47296185760149, 45.35740959307211]]]}, "properties": {"biomass": 175.2089385986328}}, {"type": "Feature", "geometry": {"type": "Polygon", "coordinates": [[[127.47754412026156, 45.35722968825765], [127.48212633964967, 45.35704960016395], [127.48187079627179, 45.35381903483767], [127.47728883600203, 45.353999102759104], [127.47754412026156, 45.35722968825765]]]}, "properties": {"biomass": 146.67588806152344}}, {"type": "Feature", "geometry": {"type": "Polygon", "coordinates": [[[127.48212633964967, 45.35704960016395], [127.4867085157223, 45.356869328795604], [127.48645271323501, 45.353638783662], [127.48187079627179, 45.35381903483767], [127.48212633964967, 45.35704960016395]]]}, "properties": {"biomass": 133.223876953125}}, {"type": "Feature", "geometry": {"type": "Polygon", "coordinates": [[[127.4867085157223, 45.356869328795604], [127.49129064843589, 45.35668887415719], [127.49103458684819, 45.35345834923667], [127.48645271323501, 45.353638783662], [127.4867085157223, 45.356869328795604]]]}, "properties": {"biomass": 140.860595703125}}, {"type": "Feature", "geometry": {"type": "Polygon", "coordinates": [[[127.49129064843589, 45.35668887415719], [127.49587273774685, 45.356508236253326], [127.49561641706777, 45.35327773156626], [127.49103458684819, 45.35345834923667], [127.49129064843589, 45.35668887415719]]]}, "properties": {"biomass": 128.6383819580078}}, {"type": "Feature", "geometry": {"type": "Polygon", "coordinates": [[[127.49587273774685, 45.356508236253326], [127.5004547836117, 45.35632741508855], [127.50019820385022, 45.35309693065535], [127.49561641706777, 45.35327773156626], [127.49587273774685, 45.356508236253326]]]}, "properties": {"biomass": 119.01316833496094}}, {"type": "Feature", "geometry": {"type": "Polygon", "coordinates": [[[127.5004547836117, 45.35632741508855], [127.50503678598683, 45.356146410667485], [127.50477994715199, 45.35291594650855], [127.50019820385022, 45.35309693065535], [127.5004547836117, 45.35632741508855]]]}, "properties": {"biomass": 128.6573486328125}}, {"type": "Feature", "geometry": {"type": "Polygon", "coordinates": [[[127.50503678598683, 45.356146410667485], [127.50961874482873, 45.35596522299474], [127.50936164692955, 45.352734779130465], [127.50477994715199, 45.35291594650855], [127.50503678598683, 45.356146410667485]]]}, "properties": {"biomass": 141.08441162109375}}, {"type": "Feature", "geometry": {"type": "Polygon", "coordinates": [[[127.50961874482873, 45.35596522299474], [127.51420066009385, 45.35578385207491], [127.51394330313938, 45.35255342852569], [127.50936164692955, 45.352734779130465], [127.50961874482873, 45.35596522299474]]]}, "properties": {"biomass": 131.67393493652344}}, {"type": "Feature", "geometry": {"type": "Polygon", "coordinates": [[[127.51420066009385, 45.35578385207491], [127.51878253173864, 45.35560229791259], [127.51852491573794, 45.35237189469883], [127.51394330313938, 45.35255342852569], [127.51420066009385, 45.35578385207491]]]}, "properties": {"biomass": 135.5286407470703}}, {"type": "Feature", "geometry": {"type": "Polygon", "coordinates": [[[127.51878253173864, 45.35560229791259], [127.5233643597196, 45.355420560512414], [127.5231064846817, 45.352190177654506], [127.51852491573794, 45.35237189469883], [127.51878253173864, 45.35560229791259]]]}, "properties": {"biomass": 90.59830474853516}}, {"type": "Feature", "geometry": {"type": "Polygon", "coordinates": [[[127.5233643597196, 45.355420560512414], [127.52794614399315, 45.355238639879], [127.52768800992712, 45.35200827739734], [127.5231064846817, 45.352190177654506], [127.5233643597196, 45.355420560512414]]]}, "properties": {"biomass": 107.00558471679688}}, {"type": "Feature", "geometry": {"type": "Polygon", "coordinates": [[[127.52794614399315, 45.355238639879], [127.53252788451577, 45.35505653601695], [127.53226949143072, 45.35182619393193], [127.52768800992712, 45.35200827739734], [127.52794614399315, 45.355238639879]]]}, "properties": {"biomass": 121.42160034179688}}, {"type": "Feature", "geometry": {"type": "Polygon", "coordinates": [[[127.53252788451577, 45.35505653601695], [127.53710958124395, 45.35487424893092], [127.53685092914894, 45.35164392726292], [127.53226949143072, 45.35182619393193], [127.53252788451577, 45.35505653601695]]]}, "properties": {"biomass": 122.44949340820312}}, {"type": "Feature", "geometry": {"type": "Polygon", "coordinates": [[[127.53710958124395, 45.35487424893092], [127.54169123413416, 45.354691778625536], [127.54143232303826, 45.35146147739495], [127.53685092914894, 45.35164392726292], [127.53710958124395, 45.35487424893092]]]}, "properties": {"biomass": 129.20010375976562}}, {"type": "Feature", "geometry": {"type": "Polygon", "coordinates": [[[127.54169123413416, 45.354691778625536], [127.54627284314289, 45.354509125105416], [127.54601367305523, 45.35127884433264], [127.54143232303826, 45.35146147739495], [127.54169123413416, 45.354691778625536]]]}, "properties": {"biomass": 152.04739379882812}}, {"type": "Feature", "geometry": {"type": "Polygon", "coordinates": [[[127.54627284314289, 45.354509125105416], [127.55085440822656, 45.354326288375226], [127.55059497915626, 45.35109602808065], [127.54601367305523, 45.35127884433264], [127.54627284314289, 45.354509125105416]]]}, "properties": {"biomass": 155.44740295410156}}, {"type": "Feature", "geometry": {"type": "Polygon", "coordinates": [[[127.55085440822656, 45.354326288375226], [127.55543592934171, 45.35414326843959], [127.55517624129789, 45.35091302864359], [127.55059497915626, 45.35109602808065], [127.55085440822656, 45.354326288375226]]]}, "properties": {"biomass": 161.87118530273438}}, {"type": "Feature", "geometry": {"type": "Polygon", "coordinates": [[[127.55543592934171, 45.35414326843959], [127.56001740644483, 45.35396006530318], [127.55975745943661, 45.35072984602615], [127.55517624129789, 45.35091302864359], [127.55543592934171, 45.35414326843959]]]}, "properties": {"biomass": 157.540283203125}}, {"type": "Feature", "geometry": {"type": "Polygon", "coordinates": [[[127.56001740644483, 45.35396006530318], [127.56459883949236, 45.35377667897063], [127.56433863352886, 45.35054648023296], [127.55975745943661, 45.35072984602615], [127.56001740644483, 45.35396006530318]]]}, "properties": {"biomass": 141.44692993164062}}, {"type": "Feature", "geometry": {"type": "Polygon", "coordinates": [[[127.56459883949236, 45.35377667897063], [127.56918022844084, 45.35359310944662], [127.56891976353124, 45.350362931268684], [127.56433863352886, 45.35054648023296], [127.56459883949236, 45.35377667897063]]]}, "properties": {"biomass": 140.68492126464844}}, {"type": "Feature", "geometry": {"type": "Polygon", "coordinates": [[[127.56918022844084, 45.35359310944662], [127.57376157324673, 45.35340935673581], [127.57350084940016, 45.350179199138], [127.56891976353124, 45.350362931268684], [127.56918022844084, 45.35359310944662]]]}, "properties": {"biomass": 126.17864990234375}}, {"type": "Feature", "geometry": {"type": "Polygon", "coordinates": [[[127.57376157324673, 45.35340935673581], [127.57834287386655, 45.353225420842854], [127.57808189109215, 45.34999528384555], [127.57350084940016, 45.350179199138], [127.57376157324673, 45.35340935673581]]]}, "properties": {"biomass": 122.25409698486328}}, {"type": "Feature", "geometry": {"type": "Polygon", "coordinates": [[[127.57834287386655, 45.353225420842854], [127.58292413025676, 45.353041301772436], [127.58266288856377, 45.34981118539602], [127.57808189109215, 45.34999528384555], [127.57834287386655, 45.353225420842854]]]}, "properties": {"biomass": 131.71087646484375}}, {"type": "Feature", "geometry": {"type": "Polygon", "coordinates": [[[127.58292413025676, 45.353041301772436], [127.5875053423739, 45.35285699952924], [127.58724384177147, 45.3496269037941], [127.58266288856377, 45.34981118539602], [127.58292413025676, 45.353041301772436]]]}, "properties": {"biomass": 182.57203674316406}}, {"type": "Feature", "geometry": {"type": "Polygon", "coordinates": [[[127.5875053423739, 45.35285699952924], [127.59208651017447, 45.352672514117934], [127.59182475067178, 45.34944243904445], [127.58724384177147, 45.3496269037941], [127.5875053423739, 45.35285699952924]]]}, "properties": {"biomass": 191.14358520507812}}, {"type": "Feature", "geometry": {"type": "Polygon", "coordinates": [[[127.59208651017447, 45.352672514117934], [127.59666763361494, 45.35248784554322], [127.59640561522122, 45.349257791151764], [127.59182475067178, 45.34944243904445], [127.59208651017447, 45.352672514117934]]]}, "properties": {"biomass": 151.9989471435547}}, {"type": "Feature", "geometry": {"type": "Polygon", "coordinates": [[[127.59666763361494, 45.35248784554322], [127.60124871265188, 45.352302993809786], [127.60098643537629, 45.34907296012074], [127.59640561522122, 45.349257791151764], [127.59666763361494, 45.35248784554322]]]}, "properties": {"biomass": 142.13958740234375}}, {"type": "Feature", "geometry": {"type": "Polygon", "coordinates": [[[127.60124871265188, 45.352302993809786], [127.60582974724173, 45.35211795892232], [127.60556721109351, 45.348887945956065], [127.60098643537629, 45.34907296012074], [127.60124871265188, 45.352302993809786]]]}, "properties": {"biomass": 134.18772888183594}}, {"type": "Feature", "geometry": {"type": "Polygon", "coordinates": [[[127.60582974724173, 45.35211795892232], [127.61041073734107, 45.35193274088554], [127.61014794232948, 45.348702748662454], [127.60556721109351, 45.348887945956065], [127.60582974724173, 45.35211795892232]]]}, "properties": {"biomass": 115.56521606445312}}, {"type": "Feature", "geometry": {"type": "Polygon", "coordinates": [[[127.61041073734107, 45.35193274088554], [127.61499168290638, 45.351747339704126], [127.61472862904061, 45.34851736824458], [127.61014794232948, 45.348702748662454], [127.61041073734107, 45.35193274088554]]]}, "properties": {"biomass": 121.3023681640625}}, {"type": "Feature", "geometry": {"type": "Polygon", "coordinates": [[[127.61499168290638, 45.351747339704126], [127.61957258389418, 45.35156175538281], [127.6193092711835, 45.348331804707186], [127.61472862904061, 45.34851736824458], [127.61499168290638, 45.351747339704126]]]}, "properties": {"biomass": 115.97982788085938}}, {"type": "Feature", "geometry": {"type": "Polygon", "coordinates": [[[127.61957258389418, 45.35156175538281], [127.62415344026101, 45.3513759879263], [127.62388986871466, 45.348146058054965], [127.6193092711835, 45.348331804707186], [127.61957258389418, 45.35156175538281]]]}, "properties": {"biomass": 119.4873046875}}, {"type": "Feature", "geometry": {"type": "Polygon", "coordinates": [[[127.62415344026101, 45.3513759879263], [127.6287342519634, 45.35119003733932], [127.62847042159065, 45.34796012829264], [127.62388986871466, 45.348146058054965], [127.62415344026101, 45.3513759879263]]]}, "properties": {"biomass": 132.96624755859375}}, {"type": "Feature", "geometry": {"type": "Polygon", "coordinates": [[[127.6287342519634, 45.35119003733932], [127.63331501895784, 45.35100390362658], [127.63305092976796, 45.34777401542494], [127.62847042159065, 45.34796012829264], [127.6287342519634, 45.35119003733932]]]}, "properties": {"biomass": 138.4585723876953}}, {"type": "Feature", "geometry": {"type": "Polygon", "coordinates": [[[127.63331501895784, 45.35100390362658], [127.63789574120091, 45.35081758679283], [127.63763139320316, 45.347587719456584], [127.63305092976796, 45.34777401542494], [127.63331501895784, 45.35100390362658]]]}, "properties": {"biomass": 157.23263549804688}}, {"type": "Feature", "geometry": {"type": "Polygon", "coordinates": [[[127.63789574120091, 45.35081758679283], [127.64247641864911, 45.350631086842775], [127.6422118118528, 45.34740124039231], [127.63763139320316, 45.347587719456584], [127.63789574120091, 45.35081758679283]]]}, "properties": {"biomass": 180.1976776123047}}, {"type": "Feature", "geometry": {"type": "Polygon", "coordinates": [[[127.64247641864911, 45.350631086842775], [127.64705705125898, 45.350444403781175], [127.64679218567342, 45.34721457823686], [127.6422118118528, 45.34740124039231], [127.64247641864911, 45.350631086842775]]]}, "properties": {"biomass": 180.82183837890625}}, {"type": "Feature", "geometry": {"type": "Polygon", "coordinates": [[[127.47270683246934, 45.3541789874217], [127.47728883600203, 45.353999102759104], [127.47703359500548, 45.35076851430021], [127.47245185055661, 45.35094837881322], [127.47270683246934, 45.3541789874217]]]}, "properties": {"biomass": 182.97262573242188}}, {"type": "Feature", "geometry": {"type": "Polygon", "coordinates": [[[127.47728883600203, 45.353999102759104], [127.48187079627179, 45.35381903483767], [127.48161529620039, 45.35058846654879], [127.47703359500548, 45.35076851430021], [127.47728883600203, 45.353999102759104]]]}, "properties": {"biomass": 156.2859649658203}}, {"type": "Feature", "geometry": {"type": "Polygon", "coordinates": [[[127.48187079627179, 45.35381903483767], [127.48645271323501, 45.353638783662], [127.48619695409776, 45.35040823556352], [127.48161529620039, 45.35058846654879], [127.48187079627179, 45.35381903483767]]]}, "properties": {"biomass": 138.95350646972656}}, {"type": "Feature", "geometry": {"type": "Polygon", "coordinates": [[[127.48645271323501, 45.353638783662], [127.49103458684819, 45.35345834923667], [127.49077856865408, 45.35022782134898], [127.48619695409776, 45.35040823556352], [127.48645271323501, 45.353638783662]]]}, "properties": {"biomass": 127.95985412597656}}, {"type": "Feature", "geometry": {"type": "Polygon", "coordinates": [[[127.49103458684819, 45.35345834923667], [127.49561641706777, 45.35327773156626], [127.49536013982582, 45.350047223909755], [127.49077856865408, 45.35022782134898], [127.49103458684819, 45.35345834923667]]]}, "properties": {"biomass": 128.52040100097656}}, {"type": "Feature", "geometry": {"type": "Polygon", "coordinates": [[[127.49561641706777, 45.35327773156626], [127.50019820385022, 45.35309693065535], [127.49994166756943, 45.34986644325044], [127.49536013982582, 45.350047223909755], [127.49561641706777, 45.35327773156626]]]}, "properties": {"biomass": 136.49514770507812}}, {"type": "Feature", "geometry": {"type": "Polygon", "coordinates": [[[127.50019820385022, 45.35309693065535], [127.50477994715199, 45.35291594650855], [127.50452315184137, 45.349685479375644], [127.49994166756943, 45.34986644325044], [127.50019820385022, 45.35309693065535]]]}, "properties": {"biomass": 124.29447174072266}}, {"type": "Feature", "geometry": {"type": "Polygon", "coordinates": [[[127.50477994715199, 45.35291594650855], [127.50936164692955, 45.352734779130465], [127.50910459259812, 45.349504332289925], [127.50452315184137, 45.349685479375644], [127.50477994715199, 45.35291594650855]]]}, "properties": {"biomass": 119.25762939453125}}, {"type": "Feature", "geometry": {"type": "Polygon", "coordinates": [[[127.50936164692955, 45.352734779130465], [127.51394330313938, 45.35255342852569], [127.5136859897962, 45.349323001997924], [127.50910459259812, 45.349504332289925], [127.50936164692955, 45.352734779130465]]]}, "properties": {"biomass": 124.02536010742188}}, {"type": "Feature", "geometry": {"type": "Polygon", "coordinates": [[[127.51394330313938, 45.35255342852569], [127.51852491573794, 45.35237189469883], [127.51826734339203, 45.34914148850423], [127.5136859897962, 45.349323001997924], [127.51394330313938, 45.35255342852569]]]}, "properties": {"biomass": 108.7997055053711}}, {"type": "Feature", "geometry": {"type": "Polygon", "coordinates": [[[127.51852491573794, 45.35237189469883], [127.5231064846817, 45.352190177654506], [127.52284865334214, 45.34895979181347], [127.51826734339203, 45.34914148850423], [127.51852491573794, 45.35237189469883]]]}, "properties": {"biomass": 120.46887969970703}}, {"type": "Feature", "geometry": {"type": "Polygon", "coordinates": [[[127.5231064846817, 45.352190177654506], [127.52768800992712, 45.35200827739734], [127.52742991960298, 45.34877791193024], [127.52284865334214, 45.34895979181347], [127.5231064846817, 45.352190177654506]]]}, "properties": {"biomass": 108.52145385742188}}, {"type": "Feature", "geometry": {"type": "Polygon", "coordinates": [[[127.52768800992712, 45.35200827739734], [127.53226949143072, 45.35182619393193], [127.53201114213101, 45.34859584885917], [127.52742991960298, 45.34877791193024], [127.52768800992712, 45.35200827739734]]]}, "properties": {"biomass": 122.86444854736328}}, {"type": "Feature", "geometry": {"type": "Polygon", "coordinates": [[[127.53226949143072, 45.35182619393193], [127.53685092914894, 45.35164392726292], [127.53659232088282, 45.3484136026049], [127.53201114213101, 45.34859584885917], [127.53226949143072, 45.35182619393193]]]}, "properties": {"biomass": 133.67478942871094}}, {"type": "Feature", "geometry": {"type": "Polygon", "coordinates": [[[127.53685092914894, 45.35164392726292], [127.54143232303826, 45.35146147739495], [127.5411734558148, 45.348231173172046], [127.53659232088282, 45.3484136026049], [127.53685092914894, 45.35164392726292]]]}, "properties": {"biomass": 163.23342895507812}}, {"type": "Feature", "geometry": {"type": "Polygon", "coordinates": [[[127.54143232303826, 45.35146147739495], [127.54601367305523, 45.35127884433264], [127.54575454688349, 45.34804856056524], [127.5411734558148, 45.348231173172046], [127.54143232303826, 45.35146147739495]]]}, "properties": {"biomass": 171.548583984375}}, {"type": "Feature", "geometry": {"type": "Polygon", "coordinates": [[[127.54601367305523, 45.35127884433264], [127.55059497915626, 45.35109602808065], [127.55033559404538, 45.34786576478913], [127.54575454688349, 45.34804856056524], [127.54601367305523, 45.35127884433264]]]}, "properties": {"biomass": 168.59754943847656}}, {"type": "Feature", "geometry": {"type": "Polygon", "coordinates": [[[127.55059497915626, 45.35109602808065], [127.55517624129789, 45.35091302864359], [127.554916597257, 45.34768278584836], [127.55033559404538, 45.34786576478913], [127.55059497915626, 45.35109602808065]]]}, "properties": {"biomass": 151.13775634765625}}, {"type": "Feature", "geometry": {"type": "Polygon", "coordinates": [[[127.55517624129789, 45.35091302864359], [127.55975745943661, 45.35072984602615], [127.55949755647481, 45.34749962374758], [127.554916597257, 45.34768278584836], [127.55517624129789, 45.35091302864359]]]}, "properties": {"biomass": 150.85093688964844}}, {"type": "Feature", "geometry": {"type": "Polygon", "coordinates": [[[127.55975745943661, 45.35072984602615], [127.56433863352886, 45.35054648023296], [127.56407847165532, 45.34731627849144], [127.55949755647481, 45.34749962374758], [127.55975745943661, 45.35072984602615]]]}, "properties": {"biomass": 125.96353149414062}}, {"type": "Feature", "geometry": {"type": "Polygon", "coordinates": [[[127.56433863352886, 45.35054648023296], [127.56891976353124, 45.350362931268684], [127.56865934275504, 45.3471327500846], [127.56407847165532, 45.34731627849144], [127.56433863352886, 45.35054648023296]]]}, "properties": {"biomass": 111.84615325927734}}, {"type": "Feature", "geometry": {"type": "Polygon", "coordinates": [[[127.56891976353124, 45.350362931268684], [127.57350084940016, 45.350179199138], [127.57324016973052, 45.34694903853172], [127.56865934275504, 45.3471327500846], [127.56891976353124, 45.350362931268684]]]}, "properties": {"biomass": 119.66370391845703}}, {"type": "Feature", "geometry": {"type": "Polygon", "coordinates": [[[127.57350084940016, 45.350179199138], [127.57808189109215, 45.34999528384555], [127.57782095253822, 45.34676514383745], [127.57324016973052, 45.34694903853172], [127.57350084940016, 45.350179199138]]]}, "properties": {"biomass": 115.76355743408203}}, {"type": "Feature", "geometry": {"type": "Polygon", "coordinates": [[[127.57808189109215, 45.34999528384555], [127.58266288856377, 45.34981118539602], [127.58240169113469, 45.346581066006515], [127.57782095253822, 45.34676514383745], [127.57808189109215, 45.34999528384555]]]}, "properties": {"biomass": 132.32537841796875}}, {"type": "Feature", "geometry": {"type": "Polygon", "coordinates": [[[127.58266288856377, 45.34981118539602], [127.58724384177147, 45.3496269037941], [127.58698238547642, 45.34639680504354], [127.58240169113469, 45.346581066006515], [127.58266288856377, 45.34981118539602]]]}, "properties": {"biomass": 166.69650268554688}}, {"type": "Feature", "geometry": {"type": "Polygon", "coordinates": [[[127.58724384177147, 45.3496269037941], [127.59182475067178, 45.34944243904445], [127.59156303551995, 45.34621236095321], [127.58698238547642, 45.34639680504354], [127.58724384177147, 45.3496269037941]]]}, "properties": {"biomass": 183.80145263671875}}, {"type": "Feature", "geometry": {"type": "Polygon", "coordinates": [[[127.59182475067178, 45.34944243904445], [127.59640561522122, 45.349257791151764], [127.59614364122183, 45.346027733740236], [127.59156303551995, 45.34621236095321], [127.59182475067178, 45.34944243904445]]]}, "properties": {"biomass": 164.65133666992188}}, {"type": "Feature", "geometry": {"type": "Polygon", "coordinates": [[[127.59640561522122, 45.349257791151764], [127.60098643537629, 45.34907296012074], [127.60072420253856, 45.34584292340929], [127.59614364122183, 45.346027733740236], [127.59640561522122, 45.349257791151764]]]}, "properties": {"biomass": 149.99948120117188}}, {"type": "Feature", "geometry": {"type": "Polygon", "coordinates": [[[127.60098643537629, 45.34907296012074], [127.60556721109351, 45.348887945956065], [127.60530471942664, 45.34565792996507], [127.60072420253856, 45.34584292340929], [127.60098643537629, 45.34907296012074]]]}, "properties": {"biomass": 132.60702514648438}}, {"type": "Feature", "geometry": {"type": "Polygon", "coordinates": [[[127.60556721109351, 45.348887945956065], [127.61014794232948, 45.348702748662454], [127.60988519184264, 45.345472753412295], [127.60530471942664, 45.34565792996507], [127.60556721109351, 45.348887945956065]]]}, "properties": {"biomass": 122.26893615722656}}, {"type": "Feature", "geometry": {"type": "Polygon", "coordinates": [[[127.61014794232948, 45.348702748662454], [127.61472862904061, 45.34851736824458], [127.61446561974311, 45.345287393755626], [127.60988519184264, 45.345472753412295], [127.61014794232948, 45.348702748662454]]]}, "properties": {"biomass": 133.4471893310547}}, {"type": "Feature", "geometry": {"type": "Polygon", "coordinates": [[[127.61472862904061, 45.34851736824458], [127.6193092711835, 45.348331804707186], [127.61904600308455, 45.345101850999804], [127.61446561974311, 45.345287393755626], [127.61472862904061, 45.34851736824458]]]}, "properties": {"biomass": 155.33660888671875}}, {"type": "Feature", "geometry": {"type": "Polygon", "coordinates": [[[127.6193092711835, 45.348331804707186], [127.62388986871466, 45.348146058054965], [127.62362634182351, 45.34491612514954], [127.61904600308455, 45.345101850999804], [127.6193092711835, 45.348331804707186]]]}, "properties": {"biomass": 138.86444091796875}}, {"type": "Feature", "geometry": {"type": "Polygon", "coordinates": [[[127.62388986871466, 45.348146058054965], [127.62847042159065, 45.34796012829264], [127.62820663591654, 45.344730216209534], [127.62362634182351, 45.34491612514954], [127.62388986871466, 45.348146058054965]]]}, "properties": {"biomass": 161.2610626220703}}, {"type": "Feature", "geometry": {"type": "Polygon", "coordinates": [[[127.62847042159065, 45.34796012829264], [127.63305092976796, 45.34777401542494], [127.63278688532019, 45.34454412418453], [127.62820663591654, 45.344730216209534], [127.62847042159065, 45.34796012829264]]]}, "properties": {"biomass": 161.8059844970703}}, {"type": "Feature", "geometry": {"type": "Polygon", "coordinates": [[[127.63305092976796, 45.34777401542494], [127.63763139320316, 45.347587719456584], [127.63736708999102, 45.34435784907923], [127.63278688532019, 45.34454412418453], [127.63305092976796, 45.34777401542494]]]}, "properties": {"biomass": 148.2771759033203}}, {"type": "Feature", "geometry": {"type": "Polygon", "coordinates": [[[127.63763139320316, 45.347587719456584], [127.6422118118528, 45.34740124039231], [127.64194724988553, 45.34417139089839], [127.63736708999102, 45.34435784907923], [127.63763139320316, 45.347587719456584]]]}, "properties": {"biomass": 212.84066772460938}}, {"type": "Feature", "geometry": {"type": "Polygon", "coordinates": [[[127.6422118118528, 45.34740124039231], [127.64679218567342, 45.34721457823686], [127.64652736496033, 45.34398474964673], [127.64194724988553, 45.34417139089839], [127.6422118118528, 45.34740124039231]]]}, "properties": {"biomass": 226.48097229003906}}, {"type": "Feature", "geometry": {"type": "Polygon", "coordinates": [[[127.64679218567342, 45.34721457823686], [127.65137251462156, 45.34702773299495], [127.65110743517197, 45.34379792532901], [127.64652736496033, 45.34398474964673], [127.64679218567342, 45.34721457823686]]]}, "properties": {"biomass": 257.8668518066406}}, {"type": "Feature", "geometry": {"type": "Polygon", "coordinates": [[[127.47245185055661, 45.35094837881322], [127.47703359500548, 45.35076851430021], [127.4767783972629, 45.34753792288124], [127.47219691185431, 45.347717767246905], [127.47245185055661, 45.35094837881322]]]}, "properties": {"biomass": 167.44851684570312}}, {"type": "Feature", "geometry": {"type": "Polygon", "coordinates": [[[127.47703359500548, 45.35076851430021], [127.48161529620039, 45.35058846654879], [127.4813598394265, 45.34735789529755], [127.4767783972629, 45.34753792288124], [127.47703359500548, 45.35076851430021]]]}, "properties": {"biomass": 159.48936462402344}}, {"type": "Feature", "geometry": {"type": "Polygon", "coordinates": [[[127.48161529620039, 45.35058846654879], [127.48619695409776, 45.35040823556352], [127.48594123830158, 45.34717768450038], [127.4813598394265, 45.34735789529755], [127.48161529620039, 45.35058846654879]]]}, "properties": {"biomass": 148.63555908203125}}, {"type": "Feature", "geometry": {"type": "Polygon", "coordinates": [[[127.48619695409776, 45.35040823556352], [127.49077856865408, 45.35022782134898], [127.49052259384459, 45.346997290494386], [127.48594123830158, 45.34717768450038], [127.48619695409776, 45.35040823556352]]]}, "properties": {"biomass": 141.79380798339844}}, {"type": "Feature", "geometry": {"type": "Polygon", "coordinates": [[[127.49077856865408, 45.35022782134898], [127.49536013982582, 45.350047223909755], [127.49510390601198, 45.34681671328407], [127.49052259384459, 45.346997290494386], [127.49077856865408, 45.35022782134898]]]}, "properties": {"biomass": 156.74859619140625}}, {"type": "Feature", "geometry": {"type": "Polygon", "coordinates": [[[127.49536013982582, 45.350047223909755], [127.49994166756943, 45.34986644325044], [127.49968517476027, 45.346635952874074], [127.49510390601198, 45.34681671328407], [127.49536013982582, 45.350047223909755]]]}, "properties": {"biomass": 140.26419067382812}}, {"type": "Feature", "geometry": {"type": "Polygon", "coordinates": [[[127.49994166756943, 45.34986644325044], [127.50452315184137, 45.349685479375644], [127.50426640004589, 45.34645500926897], [127.49968517476027, 45.346635952874074], [127.49994166756943, 45.34986644325044]]]}, "properties": {"biomass": 141.4132537841797}}, {"type": "Feature", "geometry": {"type": "Polygon", "coordinates": [[[127.50452315184137, 45.349685479375644], [127.50910459259812, 45.349504332289925], [127.5088475818254, 45.346273882473355], [127.50426640004589, 45.34645500926897], [127.50452315184137, 45.349685479375644]]]}, "properties": {"biomass": 125.6004867553711}}, {"type": "Feature", "geometry": {"type": "Polygon", "coordinates": [[[127.50910459259812, 45.349504332289925], [127.5136859897962, 45.349323001997924], [127.51342872005522, 45.34609257249184], [127.5088475818254, 45.346273882473355], [127.50910459259812, 45.349504332289925]]]}, "properties": {"biomass": 121.01924896240234}}, {"type": "Feature", "geometry": {"type": "Polygon", "coordinates": [[[127.5136859897962, 45.349323001997924], [127.51826734339203, 45.34914148850423], [127.51800981469188, 45.34591107932903], [127.51342872005522, 45.34609257249184], [127.5136859897962, 45.349323001997924]]]}, "properties": {"biomass": 111.38057708740234}}, {"type": "Feature", "geometry": {"type": "Polygon", "coordinates": [[[127.51826734339203, 45.34914148850423], [127.52284865334214, 45.34895979181347], [127.52259086569181, 45.34572940298954], [127.51800981469188, 45.34591107932903], [127.51826734339203, 45.34914148850423]]]}, "properties": {"biomass": 101.86335754394531}}, {"type": "Feature", "geometry": {"type": "Polygon", "coordinates": [[[127.52284865334214, 45.34895979181347], [127.52742991960298, 45.34877791193024], [127.52717187301157, 45.34554754347797], [127.52259086569181, 45.34572940298954], [127.52284865334214, 45.34895979181347]]]}, "properties": {"biomass": 109.68093872070312}}, {"type": "Feature", "geometry": {"type": "Polygon", "coordinates": [[[127.52742991960298, 45.34877791193024], [127.53201114213101, 45.34859584885917], [127.53175283660762, 45.345365500798955], [127.52717187301157, 45.34554754347797], [127.52742991960298, 45.34877791193024]]]}, "properties": {"biomass": 125.84903717041016}}, {"type": "Feature", "geometry": {"type": "Polygon", "coordinates": [[[127.53201114213101, 45.34859584885917], [127.53659232088282, 45.3484136026049], [127.53633375643646, 45.34518327495711], [127.53175283660762, 45.345365500798955], [127.53201114213101, 45.34859584885917]]]}, "properties": {"biomass": 133.3277130126953}}, {"type": "Feature", "geometry": {"type": "Polygon", "coordinates": [[[127.53659232088282, 45.3484136026049], [127.5411734558148, 45.348231173172046], [127.54091463245463, 45.34500086595708], [127.53633375643646, 45.34518327495711], [127.53659232088282, 45.3484136026049]]]}, "properties": {"biomass": 158.12640380859375}}, {"type": "Feature", "geometry": {"type": "Polygon", "coordinates": [[[127.5411734558148, 45.348231173172046], [127.54575454688349, 45.34804856056524], [127.54549546461855, 45.34481827380347], [127.54091463245463, 45.34500086595708], [127.5411734558148, 45.348231173172046]]]}, "properties": {"biomass": 177.95486450195312}}, {"type": "Feature", "geometry": {"type": "Polygon", "coordinates": [[[127.54575454688349, 45.34804856056524], [127.55033559404538, 45.34786576478913], [127.5500762528848, 45.34463549850096], [127.54549546461855, 45.34481827380347], [127.54575454688349, 45.34804856056524]]]}, "properties": {"biomass": 180.24693298339844}}, {"type": "Feature", "geometry": {"type": "Polygon", "coordinates": [[[127.55033559404538, 45.34786576478913], [127.554916597257, 45.34768278584836], [127.55465699720989, 45.34445254005416], [127.5500762528848, 45.34463549850096], [127.55033559404538, 45.34786576478913]]]}, "properties": {"biomass": 152.987548828125}}, {"type": "Feature", "geometry": {"type": "Polygon", "coordinates": [[[127.554916597257, 45.34768278584836], [127.55949755647481, 45.34749962374758], [127.55923769755029, 45.34426939846773], [127.55465699720989, 45.34445254005416], [127.554916597257, 45.34768278584836]]]}, "properties": {"biomass": 140.60296630859375}}, {"type": "Feature", "geometry": {"type": "Polygon", "coordinates": [[[127.55949755647481, 45.34749962374758], [127.56407847165532, 45.34731627849144], [127.56381835386254, 45.344086073746325], [127.55923769755029, 45.34426939846773], [127.55949755647481, 45.34749962374758]]]}, "properties": {"biomass": 142.65255737304688}}, {"type": "Feature", "geometry": {"type": "Polygon", "coordinates": [[[127.56407847165532, 45.34731627849144], [127.56865934275504, 45.3471327500846], [127.56839896610313, 45.34390256589461], [127.56381835386254, 45.344086073746325], [127.56407847165532, 45.34731627849144]]]}, "properties": {"biomass": 137.46929931640625}}, {"type": "Feature", "geometry": {"type": "Polygon", "coordinates": [[[127.56865934275504, 45.3471327500846], [127.57324016973052, 45.34694903853172], [127.57297953422861, 45.343718874917215], [127.56839896610313, 45.34390256589461], [127.56865934275504, 45.3471327500846]]]}, "properties": {"biomass": 142.27980041503906}}, {"type": "Feature", "geometry": {"type": "Polygon", "coordinates": [[[127.57324016973052, 45.34694903853172], [127.57782095253822, 45.34676514383745], [127.5775600581955, 45.34353500081883], [127.57297953422861, 45.343718874917215], [127.57324016973052, 45.34694903853172]]]}, "properties": {"biomass": 138.50714111328125}}, {"type": "Feature", "geometry": {"type": "Polygon", "coordinates": [[[127.57782095253822, 45.34676514383745], [127.58240169113469, 45.346581066006515], [127.58214053796031, 45.34335094360414], [127.5775600581955, 45.34353500081883], [127.57782095253822, 45.34676514383745]]]}, "properties": {"biomass": 124.34345245361328}}, {"type": "Feature", "geometry": {"type": "Polygon", "coordinates": [[[127.58240169113469, 45.346581066006515], [127.58698238547642, 45.34639680504354], [127.58672097347959, 45.343166703277795], [127.58214053796031, 45.34335094360414], [127.58240169113469, 45.346581066006515]]]}, "properties": {"biomass": 149.07742309570312}}, {"type": "Feature", "geometry": {"type": "Polygon", "coordinates": [[[127.58698238547642, 45.34639680504354], [127.59156303551995, 45.34621236095321], [127.59130136470984, 45.342982279844485], [127.58672097347959, 45.343166703277795], [127.58698238547642, 45.34639680504354]]]}, "properties": {"biomass": 188.6725616455078}}, {"type": "Feature", "geometry": {"type": "Polygon", "coordinates": [[[127.59156303551995, 45.34621236095321], [127.59614364122183, 45.346027733740236], [127.5958817116076, 45.34279767330889], [127.59130136470984, 45.342982279844485], [127.59156303551995, 45.34621236095321]]]}, "properties": {"biomass": 165.81515502929688}}, {"type": "Feature", "geometry": {"type": "Polygon", "coordinates": [[[127.59614364122183, 45.346027733740236], [127.60072420253856, 45.34584292340929], [127.60046201412942, 45.3426128836757], [127.5958817116076, 45.34279767330889], [127.59614364122183, 45.346027733740236]]]}, "properties": {"biomass": 168.87359619140625}}, {"type": "Feature", "geometry": {"type": "Polygon", "coordinates": [[[127.60072420253856, 45.34584292340929], [127.60530471942664, 45.34565792996507], [127.60504227223183, 45.34242791094962], [127.60046201412942, 45.3426128836757], [127.60072420253856, 45.34584292340929]]]}, "properties": {"biomass": 163.4696502685547}}, {"type": "Feature", "geometry": {"type": "Polygon", "coordinates": [[[127.60530471942664, 45.34565792996507], [127.60988519184264, 45.345472753412295], [127.60962248587138, 45.34224275513532], [127.60504227223183, 45.34242791094962], [127.60530471942664, 45.34565792996507]]]}, "properties": {"biomass": 159.79669189453125}}, {"type": "Feature", "geometry": {"type": "Polygon", "coordinates": [[[127.60988519184264, 45.345472753412295], [127.61446561974311, 45.345287393755626], [127.6142026550046, 45.34205741623752], [127.60962248587138, 45.34224275513532], [127.60988519184264, 45.345472753412295]]]}, "properties": {"biomass": 133.44265747070312}}, {"type": "Feature", "geometry": {"type": "Polygon", "coordinates": [[[127.61446561974311, 45.345287393755626], [127.61904600308455, 45.345101850999804], [127.61878277958807, 45.341871894260954], [127.6142026550046, 45.34205741623752], [127.61446561974311, 45.345287393755626]]]}, "properties": {"biomass": 118.57839965820312}}, {"type": "Feature", "geometry": {"type": "Polygon", "coordinates": [[[127.61904600308455, 45.345101850999804], [127.62362634182351, 45.34491612514954], [127.6233628595783, 45.3416861892103], [127.61878277958807, 45.341871894260954], [127.61904600308455, 45.345101850999804]]]}, "properties": {"biomass": 145.61163330078125}}, {"type": "Feature", "geometry": {"type": "Polygon", "coordinates": [[[127.62362634182351, 45.34491612514954], [127.62820663591654, 45.344730216209534], [127.62794289493183, 45.341500301090285], [127.6233628595783, 45.3416861892103], [127.62362634182351, 45.34491612514954]]]}, "properties": {"biomass": 200.4318084716797}}, {"type": "Feature", "geometry": {"type": "Polygon", "coordinates": [[[127.62820663591654, 45.344730216209534], [127.63278688532019, 45.34454412418453], [127.63252288560527, 45.34131422990561], [127.62794289493183, 45.341500301090285], [127.62820663591654, 45.344730216209534]]]}, "properties": {"biomass": 215.94244384765625}}, {"type": "Feature", "geometry": {"type": "Polygon", "coordinates": [[[127.63278688532019, 45.34454412418453], [127.63736708999102, 45.34435784907923], [127.63710283155514, 45.341127975661045], [127.63252288560527, 45.34131422990561], [127.63278688532019, 45.34454412418453]]]}, "properties": {"biomass": 179.690673828125}}, {"type": "Feature", "geometry": {"type": "Polygon", "coordinates": [[[127.63736708999102, 45.34435784907923], [127.64194724988553, 45.34417139089839], [127.641682732738, 45.34094153836128], [127.63710283155514, 45.341127975661045], [127.63736708999102, 45.34435784907923]]]}, "properties": {"biomass": 176.49124145507812}}, {"type": "Feature", "geometry": {"type": "Polygon", "coordinates": [[[127.64194724988553, 45.34417139089839], [127.64652736496033, 45.34398474964673], [127.64626258911044, 45.34075491801108], [127.641682732738, 45.34094153836128], [127.64194724988553, 45.34417139089839]]]}, "properties": {"biomass": 172.33753967285156}}, {"type": "Feature", "geometry": {"type": "Polygon", "coordinates": [[[127.64652736496033, 45.34398474964673], [127.65110743517197, 45.34379792532901], [127.650842400629, 45.34056811461514], [127.64626258911044, 45.34075491801108], [127.64652736496033, 45.34398474964673]]]}, "properties": {"biomass": 180.96585083007812}}, {"type": "Feature", "geometry": {"type": "Polygon", "coordinates": [[[127.65110743517197, 45.34379792532901], [127.65568746047695, 45.34361091794993], [127.65542216725025, 45.34038112817825], [127.650842400629, 45.34056811461514], [127.65110743517197, 45.34379792532901]]]}, "properties": {"biomass": 183.88253784179688}}, {"type": "Feature", "geometry": {"type": "Polygon", "coordinates": [[[127.65568746047695, 45.34361091794993], [127.66026744083192, 45.34342372751429], [127.66000188893076, 45.34019395870515], [127.65542216725025, 45.34038112817825], [127.65568746047695, 45.34361091794993]]]}, "properties": {"biomass": 239.24118041992188}}, {"type": "Feature", "geometry": {"type": "Polygon", "coordinates": [[[127.47219691185431, 45.347717767246905], [127.4767783972629, 45.34753792288124], [127.47652324276535, 45.344307328502424], [127.47194201635348, 45.34448715272303], [127.47219691185431, 45.347717767246905]]]}, "properties": {"biomass": 196.377685546875}}, {"type": "Feature", "geometry": {"type": "Polygon", "coordinates": [[[127.4767783972629, 45.34753792288124], [127.4813598394265, 45.34735789529755], [127.48110442594118, 45.344127321084194], [127.47652324276535, 45.344307328502424], [127.4767783972629, 45.34753792288124]]]}, "properties": {"biomass": 172.06787109375}}, {"type": "Feature", "geometry": {"type": "Polygon", "coordinates": [[[127.4813598394265, 45.34735789529755], [127.48594123830158, 45.34717768450038], [127.48568556583747, 45.3439471304729], [127.48110442594118, 45.344127321084194], [127.4813598394265, 45.34735789529755]]]}, "properties": {"biomass": 148.9585418701172}}, {"type": "Feature", "geometry": {"type": "Polygon", "coordinates": [[[127.48594123830158, 45.34717768450038], [127.49052259384459, 45.346997290494386], [127.49026666241066, 45.34376675667313], [127.48568556583747, 45.3439471304729], [127.48594123830158, 45.34717768450038]]]}, "properties": {"biomass": 161.55484008789062}}, {"type": "Feature", "geometry": {"type": "Polygon", "coordinates": [[[127.49052259384459, 45.346997290494386], [127.49510390601198, 45.34681671328407], [127.49484771561725, 45.343586199689476], [127.49026666241066, 45.34376675667313], [127.49052259384459, 45.346997290494386]]]}, "properties": {"biomass": 173.94900512695312}}, {"type": "Feature", "geometry": {"type": "Polygon", "coordinates": [[[127.49510390601198, 45.34681671328407], [127.49968517476027, 45.346635952874074], [127.49942872541375, 45.34340545952651], [127.49484771561725, 45.343586199689476], [127.49510390601198, 45.34681671328407]]]}, "properties": {"biomass": 147.06692504882812}}, {"type": "Feature", "geometry": {"type": "Polygon", "coordinates": [[[127.49968517476027, 45.346635952874074], [127.50426640004589, 45.34645500926897], [127.50400969175661, 45.34322453618883], [127.49942872541375, 45.34340545952651], [127.49968517476027, 45.346635952874074]]]}, "properties": {"biomass": 135.00694274902344}}, {"type": "Feature", "geometry": {"type": "Polygon", "coordinates": [[[127.50426640004589, 45.34645500926897], [127.5088475818254, 45.346273882473355], [127.50859061460235, 45.34304342968104], [127.50400969175661, 45.34322453618883], [127.50426640004589, 45.34645500926897]]]}, "properties": {"biomass": 136.81947326660156}}, {"type": "Feature", "geometry": {"type": "Polygon", "coordinates": [[[127.5088475818254, 45.346273882473355], [127.51342872005522, 45.34609257249184], [127.51317149390745, 45.34286214000773], [127.50859061460235, 45.34304342968104], [127.5088475818254, 45.346273882473355]]]}, "properties": {"biomass": 118.25770568847656}}, {"type": "Feature", "geometry": {"type": "Polygon", "coordinates": [[[127.51342872005522, 45.34609257249184], [127.51800981469188, 45.34591107932903], [127.51775232962838, 45.34268066717351], [127.51317149390745, 45.34286214000773], [127.51342872005522, 45.34609257249184]]]}, "properties": {"biomass": 102.62017059326172}}, {"type": "Feature", "geometry": {"type": "Polygon", "coordinates": [[[127.51800981469188, 45.34591107932903], [127.52259086569181, 45.34572940298954], [127.5223331217217, 45.342499011182994], [127.51775232962838, 45.34268066717351], [127.51800981469188, 45.34591107932903]]]}, "properties": {"biomass": 99.01679229736328}}, {"type": "Feature", "geometry": {"type": "Polygon", "coordinates": [[[127.52259086569181, 45.34572940298954], [127.52717187301157, 45.34554754347797], [127.52691387014387, 45.3423171720408], [127.5223331217217, 45.342499011182994], [127.52259086569181, 45.34572940298954]]]}, "properties": {"biomass": 103.3868408203125}}, {"type": "Feature", "geometry": {"type": "Polygon", "coordinates": [[[127.52717187301157, 45.34554754347797], [127.53175283660762, 45.345365500798955], [127.53149457485142, 45.34213514975153], [127.52691387014387, 45.3423171720408], [127.52717187301157, 45.34554754347797]]]}, "properties": {"biomass": 117.27008056640625}}, {"type": "Feature", "geometry": {"type": "Polygon", "coordinates": [[[127.53175283660762, 45.345365500798955], [127.53633375643646, 45.34518327495711], [127.53607523580084, 45.34195294431982], [127.53149457485142, 45.34213514975153], [127.53175283660762, 45.345365500798955]]]}, "properties": {"biomass": 123.00411987304688}}, {"type": "Feature", "geometry": {"type": "Polygon", "coordinates": [[[127.53633375643646, 45.34518327495711], [127.54091463245463, 45.34500086595708], [127.54065585294863, 45.34177055575031], [127.53607523580084, 45.34195294431982], [127.53633375643646, 45.34518327495711]]]}, "properties": {"biomass": 135.62615966796875}}, {"type": "Feature", "geometry": {"type": "Polygon", "coordinates": [[[127.54091463245463, 45.34500086595708], [127.54549546461855, 45.34481827380347], [127.54523642625132, 45.341587984047614], [127.54065585294863, 45.34177055575031], [127.54091463245463, 45.34500086595708]]]}, "properties": {"biomass": 152.7867431640625}}, {"type": "Feature", "geometry": {"type": "Polygon", "coordinates": [[[127.54549546461855, 45.34481827380347], [127.5500762528848, 45.34463549850096], [127.54981695566543, 45.34140522921638], [127.54523642625132, 45.341587984047614], [127.54549546461855, 45.34481827380347]]]}, "properties": {"biomass": 152.13494873046875}}, {"type": "Feature", "geometry": {"type": "Polygon", "coordinates": [[[127.5500762528848, 45.34463549850096], [127.55465699720989, 45.34445254005416], [127.55439744114744, 45.34122229126125], [127.54981695566543, 45.34140522921638], [127.5500762528848, 45.34463549850096]]]}, "properties": {"biomass": 136.447021484375}}, {"type": "Feature", "geometry": {"type": "Polygon", "coordinates": [[[127.55465699720989, 45.34445254005416], [127.55923769755029, 45.34426939846773], [127.55897788265393, 45.341039170186875], [127.55439744114744, 45.34122229126125], [127.55465699720989, 45.34445254005416]]]}, "properties": {"biomass": 148.8856964111328}}, {"type": "Feature", "geometry": {"type": "Polygon", "coordinates": [[[127.55923769755029, 45.34426939846773], [127.56381835386254, 45.344086073746325], [127.56355828014141, 45.3408558659979], [127.55897788265393, 45.341039170186875], [127.55923769755029, 45.34426939846773]]]}, "properties": {"biomass": 166.3981170654297}}, {"type": "Feature", "geometry": {"type": "Polygon", "coordinates": [[[127.56381835386254, 45.344086073746325], [127.56839896610313, 45.34390256589461], [127.56813863356633, 45.34067237869897], [127.56355828014141, 45.3408558659979], [127.56381835386254, 45.344086073746325]]]}, "properties": {"biomass": 160.04849243164062}}, {"type": "Feature", "geometry": {"type": "Polygon", "coordinates": [[[127.56839896610313, 45.34390256589461], [127.57297953422861, 45.343718874917215], [127.57271894288532, 45.34048870829477], [127.56813863356633, 45.34067237869897], [127.56839896610313, 45.34390256589461]]]}, "properties": {"biomass": 150.46478271484375}}, {"type": "Feature", "geometry": {"type": "Polygon", "coordinates": [[[127.57297953422861, 45.343718874917215], [127.5775600581955, 45.34353500081883], [127.57729920805485, 45.34030485478995], [127.57271894288532, 45.34048870829477], [127.57297953422861, 45.343718874917215]]]}, "properties": {"biomass": 142.34512329101562}}, {"type": "Feature", "geometry": {"type": "Polygon", "coordinates": [[[127.5775600581955, 45.34353500081883], [127.58214053796031, 45.34335094360414], [127.58187942903149, 45.34012081818919], [127.57729920805485, 45.34030485478995], [127.5775600581955, 45.34353500081883]]]}, "properties": {"biomass": 123.1072006225586}}, {"type": "Feature", "geometry": {"type": "Polygon", "coordinates": [[[127.58214053796031, 45.34335094360414], [127.58672097347959, 45.343166703277795], [127.58645960577175, 45.339936598497154], [127.58187942903149, 45.34012081818919], [127.58214053796031, 45.34335094360414]]]}, "properties": {"biomass": 125.81417083740234}}, {"type": "Feature", "geometry": {"type": "Polygon", "coordinates": [[[127.58672097347959, 45.343166703277795], [127.59130136470984, 45.342982279844485], [127.59103973823217, 45.33975219571852], [127.58645960577175, 45.339936598497154], [127.58672097347959, 45.343166703277795]]]}, "properties": {"biomass": 148.51113891601562}}, {"type": "Feature", "geometry": {"type": "Polygon", "coordinates": [[[127.59130136470984, 45.342982279844485], [127.5958817116076, 45.34279767330889], [127.5956198263693, 45.339567609857994], [127.59103973823217, 45.33975219571852], [127.59130136470984, 45.342982279844485]]]}, "properties": {"biomass": 153.82310485839844}}, {"type": "Feature", "geometry": {"type": "Polygon", "coordinates": [[[127.5958817116076, 45.34279767330889], [127.60046201412942, 45.3426128836757], [127.60019987013972, 45.33938284092023], [127.5956198263693, 45.339567609857994], [127.5958817116076, 45.34279767330889]]]}, "properties": {"biomass": 166.7808380126953}}, {"type": "Feature", "geometry": {"type": "Polygon", "coordinates": [[[127.60046201412942, 45.3426128836757], [127.60504227223183, 45.34242791094962], [127.60477986949991, 45.33919788890994], [127.60019987013972, 45.33938284092023], [127.60046201412942, 45.3426128836757]]]}, "properties": {"biomass": 155.14463806152344}}, {"type": "Feature", "geometry": {"type": "Polygon", "coordinates": [[[127.60504227223183, 45.34242791094962], [127.60962248587138, 45.34224275513532], [127.60935982440645, 45.33901275383182], [127.60477986949991, 45.33919788890994], [127.60504227223183, 45.34242791094962]]]}, "properties": {"biomass": 150.54965209960938}}, {"type": "Feature", "geometry": {"type": "Polygon", "coordinates": [[[127.60962248587138, 45.34224275513532], [127.6142026550046, 45.34205741623752], [127.61393973481589, 45.33882743569057], [127.60935982440645, 45.33901275383182], [127.60962248587138, 45.34224275513532]]]}, "properties": {"biomass": 135.00579833984375}}, {"type": "Feature", "geometry": {"type": "Polygon", "coordinates": [[[127.6142026550046, 45.34205741623752], [127.61878277958807, 45.341871894260954], [127.61851960068482, 45.3386419344909], [127.61393973481589, 45.33882743569057], [127.6142026550046, 45.34205741623752]]]}, "properties": {"biomass": 132.3861541748047}}, {"type": "Feature", "geometry": {"type": "Polygon", "coordinates": [[[127.61878277958807, 45.341871894260954], [127.6233628595783, 45.3416861892103], [127.62309942196975, 45.33845625023752], [127.61851960068482, 45.3386419344909], [127.61878277958807, 45.341871894260954]]]}, "properties": {"biomass": 144.66510009765625}}, {"type": "Feature", "geometry": {"type": "Polygon", "coordinates": [[[127.6233628595783, 45.3416861892103], [127.62794289493183, 45.341500301090285], [127.62767919862725, 45.33827038293514], [127.62309942196975, 45.33845625023752], [127.6233628595783, 45.3416861892103]]]}, "properties": {"biomass": 214.69691467285156}}, {"type": "Feature", "geometry": {"type": "Polygon", "coordinates": [[[127.62794289493183, 45.341500301090285], [127.63252288560527, 45.34131422990561], [127.63225893061392, 45.33808433258849], [127.62767919862725, 45.33827038293514], [127.62794289493183, 45.341500301090285]]]}, "properties": {"biomass": 216.0093231201172}}, {"type": "Feature", "geometry": {"type": "Polygon", "coordinates": [[[127.63252288560527, 45.34131422990561], [127.63710283155514, 45.341127975661045], [127.63683861788627, 45.337898099202285], [127.63225893061392, 45.33808433258849], [127.63252288560527, 45.34131422990561]]]}, "properties": {"biomass": 197.90066528320312}}, {"type": "Feature", "geometry": {"type": "Polygon", "coordinates": [[[127.63710283155514, 45.341127975661045], [127.641682732738, 45.34094153836128], [127.64141826040093, 45.337711682781254], [127.63683861788627, 45.337898099202285], [127.63710283155514, 45.341127975661045]]]}, "properties": {"biomass": 186.10362243652344}}, {"type": "Feature", "geometry": {"type": "Polygon", "coordinates": [[[127.641682732738, 45.34094153836128], [127.64626258911044, 45.34075491801108], [127.64599785811441, 45.33752508333014], [127.64141826040093, 45.337711682781254], [127.641682732738, 45.34094153836128]]]}, "properties": {"biomass": 164.72067260742188}}, {"type": "Feature", "geometry": {"type": "Polygon", "coordinates": [[[127.64626258911044, 45.34075491801108], [127.650842400629, 45.34056811461514], [127.65057741098333, 45.337338300853666], [127.64599785811441, 45.33752508333014], [127.64626258911044, 45.34075491801108]]]}, "properties": {"biomass": 161.90673828125}}, {"type": "Feature", "geometry": {"type": "Polygon", "coordinates": [[[127.650842400629, 45.34056811461514], [127.65542216725025, 45.34038112817825], [127.65515691896424, 45.3371513353566], [127.65057741098333, 45.337338300853666], [127.650842400629, 45.34056811461514]]]}, "properties": {"biomass": 205.28607177734375}}, {"type": "Feature", "geometry": {"type": "Polygon", "coordinates": [[[127.65542216725025, 45.34038112817825], [127.66000188893076, 45.34019395870515], [127.65973638201375, 45.33696418684367], [127.65515691896424, 45.3371513353566], [127.65542216725025, 45.34038112817825]]]}, "properties": {"biomass": 259.220703125}}, {"type": "Feature", "geometry": {"type": "Polygon", "coordinates": [[[127.66000188893076, 45.34019395870515], [127.66458156562709, 45.34000660620056], [127.66431580008842, 45.33677685531962], [127.65973638201375, 45.33696418684367], [127.66000188893076, 45.34019395870515]]]}, "properties": {"biomass": 262.8941345214844}}, {"type": "Feature", "geometry": {"type": "Polygon", "coordinates": [[[127.66458156562709, 45.34000660620056], [127.66916119729588, 45.33981907066927], [127.66889517314482, 45.336589340789246], [127.66431580008842, 45.33677685531962], [127.66458156562709, 45.34000660620056]]]}, "properties": {"biomass": 273.038818359375}}, {"type": "Feature", "geometry": {"type": "Polygon", "coordinates": [[[127.66916119729588, 45.33981907066927], [127.67374078389363, 45.33963135211605], [127.67347450113957, 45.336401643257254], [127.66889517314482, 45.336589340789246], [127.66916119729588, 45.33981907066927]]]}, "properties": {"biomass": 233.0906524658203}}, {"type": "Feature", "geometry": {"type": "Polygon", "coordinates": [[[127.47652324276535, 45.344307328502424], [127.48110442594118, 45.344127321084194], [127.4808490557354, 45.34089674390897], [127.47626813150383, 45.341076731164016], [127.47652324276535, 45.344307328502424]]]}, "properties": {"biomass": 170.03350830078125}}, {"type": "Feature", "geometry": {"type": "Polygon", "coordinates": [[[127.48110442594118, 45.344127321084194], [127.48568556583747, 45.3439471304729], [127.48542993669643, 45.340716573481274], [127.4808490557354, 45.34089674390897], [127.48110442594118, 45.344127321084194]]]}, "properties": {"biomass": 157.63893127441406}}, {"type": "Feature", "geometry": {"type": "Polygon", "coordinates": [[[127.48568556583747, 45.3439471304729], [127.49026666241066, 45.34376675667313], [127.49001077434333, 45.340536219885486], [127.48542993669643, 45.340716573481274], [127.48568556583747, 45.3439471304729]]]}, "properties": {"biomass": 151.4910125732422}}, {"type": "Feature", "geometry": {"type": "Polygon", "coordinates": [[[127.49026666241066, 45.34376675667313], [127.49484771561725, 45.343586199689476], [127.49459156863266, 45.340355683126184], [127.49001077434333, 45.340536219885486], [127.49026666241066, 45.34376675667313]]]}, "properties": {"biomass": 167.0728302001953}}, {"type": "Feature", "geometry": {"type": "Polygon", "coordinates": [[[127.49484771561725, 45.343586199689476], [127.49942872541375, 45.34340545952651], [127.49917231952085, 45.340174963207986], [127.49459156863266, 45.340355683126184], [127.49484771561725, 45.343586199689476]]]}, "properties": {"biomass": 141.18994140625}}, {"type": "Feature", "geometry": {"type": "Polygon", "coordinates": [[[127.49942872541375, 45.34340545952651], [127.50400969175661, 45.34322453618883], [127.50375302696445, 45.33999406013545], [127.49917231952085, 45.340174963207986], [127.49942872541375, 45.34340545952651]]]}, "properties": {"biomass": 151.14292907714844}}, {"type": "Feature", "geometry": {"type": "Polygon", "coordinates": [[[127.50400969175661, 45.34322453618883], [127.50859061460235, 45.34304342968104], [127.50833369091991, 45.33981297391319], [127.50375302696445, 45.33999406013545], [127.50400969175661, 45.34322453618883]]]}, "properties": {"biomass": 141.00894165039062}}, {"type": "Feature", "geometry": {"type": "Polygon", "coordinates": [[[127.51775232962838, 45.34268066717351], [127.5223331217217, 45.342499011182994], [127.52207542142273, 45.33926861639407], [127.51749488819256, 45.33945025203789], [127.51775232962838, 45.34268066717351]]]}, "properties": {"biomass": 112.44983673095703}}, {"type": "Feature", "geometry": {"type": "Polygon", "coordinates": [[[127.5223331217217, 45.342499011182994], [127.52691387014387, 45.3423171720408], [127.52665591099081, 45.33908679761895], [127.52207542142273, 45.33926861639407], [127.5223331217217, 45.342499011182994]]]}, "properties": {"biomass": 105.5024642944336}}, {"type": "Feature", "geometry": {"type": "Polygon", "coordinates": [[[127.52691387014387, 45.3423171720408], [127.53149457485142, 45.34213514975153], [127.53123635685336, 45.33890479571714], [127.52665591099081, 45.33908679761895], [127.52691387014387, 45.3423171720408]]]}, "properties": {"biomass": 106.93587493896484}}, {"type": "Feature", "geometry": {"type": "Polygon", "coordinates": [[[127.53149457485142, 45.34213514975153], [127.53607523580084, 45.34195294431982], [127.5358167589668, 45.33872261069327], [127.53123635685336, 45.33890479571714], [127.53149457485142, 45.34213514975153]]]}, "properties": {"biomass": 119.92007446289062}}, {"type": "Feature", "geometry": {"type": "Polygon", "coordinates": [[[127.53607523580084, 45.34195294431982], [127.54065585294863, 45.34177055575031], [127.54039711728777, 45.33854024255199], [127.5358167589668, 45.33872261069327], [127.53607523580084, 45.34195294431982]]]}, "properties": {"biomass": 120.39449310302734}}, {"type": "Feature", "geometry": {"type": "Polygon", "coordinates": [[[127.54065585294863, 45.34177055575031], [127.54523642625132, 45.341587984047614], [127.54497743177268, 45.3383576912979], [127.54039711728777, 45.33854024255199], [127.54065585294863, 45.34177055575031]]]}, "properties": {"biomass": 120.0841064453125}}, {"type": "Feature", "geometry": {"type": "Polygon", "coordinates": [[[127.54523642625132, 45.341587984047614], [127.54981695566543, 45.34140522921638], [127.54955770237811, 45.33817495693566], [127.54497743177268, 45.3383576912979], [127.54523642625132, 45.341587984047614]]]}, "properties": {"biomass": 131.71043395996094}}, {"type": "Feature", "geometry": {"type": "Polygon", "coordinates": [[[127.54981695566543, 45.34140522921638], [127.55439744114744, 45.34122229126125], [127.55413792906059, 45.337992039469896], [127.54955770237811, 45.33817495693566], [127.54981695566543, 45.34140522921638]]]}, "properties": {"biomass": 156.27780151367188}}, {"type": "Feature", "geometry": {"type": "Polygon", "coordinates": [[[127.55439744114744, 45.34122229126125], [127.55897788265393, 45.341039170186875], [127.55871811177663, 45.337808938905255], [127.55413792906059, 45.337992039469896], [127.55439744114744, 45.34122229126125]]]}, "properties": {"biomass": 173.6365203857422}}, {"type": "Feature", "geometry": {"type": "Polygon", "coordinates": [[[127.55897788265393, 45.341039170186875], [127.56355828014141, 45.3408558659979], [127.56329825048275, 45.3376256552464], [127.55871811177663, 45.337808938905255], [127.55897788265393, 45.341039170186875]]]}, "properties": {"biomass": 183.2765350341797}}, {"type": "Feature", "geometry": {"type": "Polygon", "coordinates": [[[127.56355828014141, 45.3408558659979], [127.56813863356633, 45.34067237869897], [127.56787834513554, 45.33744218849796], [127.56329825048275, 45.3376256552464], [127.56355828014141, 45.3408558659979]]]}, "properties": {"biomass": 159.9917449951172}}, {"type": "Feature", "geometry": {"type": "Polygon", "coordinates": [[[127.56813863356633, 45.34067237869897], [127.57271894288532, 45.34048870829477], [127.57245839569146, 45.337258538664635], [127.56787834513554, 45.33744218849796], [127.56813863356633, 45.34067237869897]]]}, "properties": {"biomass": 153.88221740722656}}, {"type": "Feature", "geometry": {"type": "Polygon", "coordinates": [[[127.57271894288532, 45.34048870829477], [127.57729920805485, 45.34030485478995], [127.57703840210712, 45.337074705751064], [127.57245839569146, 45.337258538664635], [127.57271894288532, 45.34048870829477]]]}, "properties": {"biomass": 139.10714721679688}}, {"type": "Feature", "geometry": {"type": "Polygon", "coordinates": [[[127.57729920805485, 45.34030485478995], [127.58187942903149, 45.34012081818919], [127.58161836433904, 45.33689068976191], [127.57703840210712, 45.337074705751064], [127.57729920805485, 45.34030485478995]]]}, "properties": {"biomass": 118.74176025390625}}, {"type": "Feature", "geometry": {"type": "Polygon", "coordinates": [[[127.58187942903149, 45.34012081818919], [127.58645960577175, 45.339936598497154], [127.58619828234374, 45.336706490701864], [127.58161836433904, 45.33689068976191], [127.58187942903149, 45.34012081818919]]]}, "properties": {"biomass": 142.44256591796875}}, {"type": "Feature", "geometry": {"type": "Polygon", "coordinates": [[[127.58645960577175, 45.339936598497154], [127.59103973823217, 45.33975219571852], [127.5907781560778, 45.3365221085756], [127.58619828234374, 45.336706490701864], [127.58645960577175, 45.339936598497154]]]}, "properties": {"biomass": 138.53173828125}}, {"type": "Feature", "geometry": {"type": "Polygon", "coordinates": [[[127.59103973823217, 45.33975219571852], [127.5956198263693, 45.339567609857994], [127.59535798549778, 45.33633754338779], [127.5907781560778, 45.3365221085756], [127.59103973823217, 45.33975219571852]]]}, "properties": {"biomass": 135.0443572998047}}, {"type": "Feature", "geometry": {"type": "Polygon", "coordinates": [[[127.5956198263693, 45.339567609857994], [127.60019987013972, 45.33938284092023], [127.59993777056019, 45.33615279514314], [127.59535798549778, 45.33633754338779], [127.5956198263693, 45.339567609857994]]]}, "properties": {"biomass": 149.85137939453125}}, {"type": "Feature", "geometry": {"type": "Polygon", "coordinates": [[[127.60019987013972, 45.33938284092023], [127.60477986949991, 45.33919788890994], [127.60451751122162, 45.335967863846314], [127.59993777056019, 45.33615279514314], [127.60019987013972, 45.33938284092023]]]}, "properties": {"biomass": 170.80088806152344}}, {"type": "Feature", "geometry": {"type": "Polygon", "coordinates": [[[127.60477986949991, 45.33919788890994], [127.60935982440645, 45.33901275383182], [127.6090972074386, 45.335782749502044], [127.60451751122162, 45.335967863846314], [127.60477986949991, 45.33919788890994]]]}, "properties": {"biomass": 158.56219482421875}}, {"type": "Feature", "geometry": {"type": "Polygon", "coordinates": [[[127.60935982440645, 45.33901275383182], [127.61393973481589, 45.33882743569057], [127.61367685916773, 45.335597452114996], [127.6090972074386, 45.335782749502044], [127.60935982440645, 45.33901275383182]]]}, "properties": {"biomass": 188.07131958007812}}, {"type": "Feature", "geometry": {"type": "Polygon", "coordinates": [[[127.61393973481589, 45.33882743569057], [127.61851960068482, 45.3386419344909], [127.61825646636555, 45.335411971689894], [127.61367685916773, 45.335597452114996], [127.61393973481589, 45.33882743569057]]]}, "properties": {"biomass": 197.3028106689453}}, {"type": "Feature", "geometry": {"type": "Polygon", "coordinates": [[[127.61851960068482, 45.3386419344909], [127.62309942196975, 45.33845625023752], [127.62283602898862, 45.33522630823145], [127.61825646636555, 45.335411971689894], [127.61851960068482, 45.3386419344909]]]}, "properties": {"biomass": 179.77503967285156}}, {"type": "Feature", "geometry": {"type": "Polygon", "coordinates": [[[127.62309942196975, 45.33845625023752], [127.62767919862725, 45.33827038293514], [127.62741554699353, 45.33504046174438], [127.62283602898862, 45.33522630823145], [127.62309942196975, 45.33845625023752]]]}, "properties": {"biomass": 203.56166076660156}}, {"type": "Feature", "geometry": {"type": "Polygon", "coordinates": [[[127.62767919862725, 45.33827038293514], [127.63225893061392, 45.33808433258849], [127.63199502033682, 45.334854432233385], [127.62741554699353, 45.33504046174438], [127.62767919862725, 45.33827038293514]]]}, "properties": {"biomass": 182.6095428466797}}, {"type": "Feature", "geometry": {"type": "Polygon", "coordinates": [[[127.63225893061392, 45.33808433258849], [127.63683861788627, 45.337898099202285], [127.63657444897513, 45.33466821970321], [127.63199502033682, 45.334854432233385], [127.63225893061392, 45.33808433258849]]]}, "properties": {"biomass": 199.989990234375}}, {"type": "Feature", "geometry": {"type": "Polygon", "coordinates": [[[127.63683861788627, 45.337898099202285], [127.64141826040093, 45.337711682781254], [127.64115383286496, 45.33448182415856], [127.63657444897513, 45.33466821970321], [127.63683861788627, 45.337898099202285]]]}, "properties": {"biomass": 205.212890625}}, {"type": "Feature", "geometry": {"type": "Polygon", "coordinates": [[[127.64141826040093, 45.337711682781254], [127.64599785811441, 45.33752508333014], [127.64573317196295, 45.33429524560419], [127.64115383286496, 45.33448182415856], [127.64141826040093, 45.337711682781254]]]}, "properties": {"biomass": 204.3766326904297}}, {"type": "Feature", "geometry": {"type": "Polygon", "coordinates": [[[127.64599785811441, 45.33752508333014], [127.65057741098333, 45.337338300853666], [127.65031246622567, 45.33410848404484], [127.64573317196295, 45.33429524560419], [127.64599785811441, 45.33752508333014]]]}, "properties": {"biomass": 187.68565368652344}}, {"type": "Feature", "geometry": {"type": "Polygon", "coordinates": [[[127.65057741098333, 45.337338300853666], [127.65515691896424, 45.3371513353566], [127.65489171560966, 45.333921539485225], [127.65031246622567, 45.33410848404484], [127.65057741098333, 45.337338300853666]]]}, "properties": {"biomass": 188.83949279785156}}, {"type": "Feature", "geometry": {"type": "Polygon", "coordinates": [[[127.65515691896424, 45.3371513353566], [127.65973638201375, 45.33696418684367], [127.65947092007156, 45.33373441193013], [127.65489171560966, 45.333921539485225], [127.65515691896424, 45.3371513353566]]]}, "properties": {"biomass": 222.56930541992188}}, {"type": "Feature", "geometry": {"type": "Polygon", "coordinates": [[[127.65973638201375, 45.33696418684367], [127.66431580008842, 45.33677685531962], [127.66405007956797, 45.33354710138427], [127.65947092007156, 45.33373441193013], [127.65973638201375, 45.33696418684367]]]}, "properties": {"biomass": 226.702392578125}}, {"type": "Feature", "geometry": {"type": "Polygon", "coordinates": [[[127.66431580008842, 45.33677685531962], [127.66889517314482, 45.336589340789246], [127.66862919405543, 45.333359607852415], [127.66405007956797, 45.33354710138427], [127.66431580008842, 45.33677685531962]]]}, "properties": {"biomass": 239.2073974609375}}, {"type": "Feature", "geometry": {"type": "Polygon", "coordinates": [[[127.66889517314482, 45.336589340789246], [127.67347450113957, 45.336401643257254], [127.6732082634906, 45.33317193133932], [127.66862919405543, 45.333359607852415], [127.66889517314482, 45.336589340789246]]]}, "properties": {"biomass": 195.13803100585938}}, {"type": "Feature", "geometry": {"type": "Polygon", "coordinates": [[[127.67347450113957, 45.336401643257254], [127.67805378402926, 45.336213762728455], [127.67778728783001, 45.33298407184977], [127.6732082634906, 45.33317193133932], [127.67347450113957, 45.336401643257254]]]}, "properties": {"biomass": 176.99124145507812}}, {"type": "Feature", "geometry": {"type": "Polygon", "coordinates": [[[127.48542993669643, 45.340716573481274], [127.49001077434333, 45.340536219885486], [127.48975492963365, 45.337305680131685], [127.48517435086949, 45.33748601352577], [127.48542993669643, 45.340716573481274]]]}, "properties": {"biomass": 165.20045471191406}}, {"type": "Feature", "geometry": {"type": "Polygon", "coordinates": [[[127.49001077434333, 45.340536219885486], [127.49459156863266, 45.340355683126184], [127.49433546504915, 45.337125163594486], [127.48975492963365, 45.337305680131685], [127.49001077434333, 45.340536219885486]]]}, "properties": {"biomass": 170.59877014160156}}, {"type": "Feature", "geometry": {"type": "Polygon", "coordinates": [[[127.49459156863266, 45.340355683126184], [127.49917231952085, 45.340174963207986], [127.49891595707258, 45.33694446391876], [127.49433546504915, 45.337125163594486], [127.49459156863266, 45.340355683126184]]]}, "properties": {"biomass": 154.3917694091797}}, {"type": "Feature", "geometry": {"type": "Polygon", "coordinates": [[[127.49917231952085, 45.340174963207986], [127.50375302696445, 45.33999406013545], [127.50349640566037, 45.336763581109096], [127.49891595707258, 45.33694446391876], [127.49917231952085, 45.340174963207986]]]}, "properties": {"biomass": 155.745361328125}}, {"type": "Feature", "geometry": {"type": "Polygon", "coordinates": [[[127.50375302696445, 45.33999406013545], [127.50833369091991, 45.33981297391319], [127.50807681076913, 45.33658251517009], [127.50349640566037, 45.336763581109096], [127.50375302696445, 45.33999406013545]]]}, "properties": {"biomass": 156.42861938476562}}, {"type": "Feature", "geometry": {"type": "Polygon", "coordinates": [[[127.51749488819256, 45.33945025203789], [127.52207542142273, 45.33926861639407], [127.52181776478584, 45.336038218623024], [127.51723749037532, 45.336219833922456], [127.51749488819256, 45.33945025203789]]]}, "properties": {"biomass": 100.74090576171875}}, {"type": "Feature", "geometry": {"type": "Polygon", "coordinates": [[[127.52207542142273, 45.33926861639407], [127.52665591099081, 45.33908679761895], [127.52639799554335, 45.3358564202127], [127.52181776478584, 45.336038218623024], [127.52207542142273, 45.33926861639407]]]}, "properties": {"biomass": 106.83686828613281}}, {"type": "Feature", "geometry": {"type": "Polygon", "coordinates": [[[127.52665591099081, 45.33908679761895], [127.53123635685336, 45.33890479571714], [127.53097818260433, 45.33567443869605], [127.52639799554335, 45.3358564202127], [127.52665591099081, 45.33908679761895]]]}, "properties": {"biomass": 108.18788146972656}}, {"type": "Feature", "geometry": {"type": "Polygon", "coordinates": [[[127.53123635685336, 45.33890479571714], [127.5358167589668, 45.33872261069327], [127.53555832592532, 45.335492274077744], [127.53097818260433, 45.33567443869605], [127.53123635685336, 45.33890479571714]]]}, "properties": {"biomass": 119.429443359375}}, {"type": "Feature", "geometry": {"type": "Polygon", "coordinates": [[[127.5358167589668, 45.33872261069327], [127.54039711728777, 45.33854024255199], [127.5401384254629, 45.335309926362385], [127.53555832592532, 45.335492274077744], [127.5358167589668, 45.33872261069327]]]}, "properties": {"biomass": 123.6038589477539}}, {"type": "Feature", "geometry": {"type": "Polygon", "coordinates": [[[127.54039711728777, 45.33854024255199], [127.54497743177268, 45.3383576912979], [127.5447184811735, 45.33512739555461], [127.5401384254629, 45.335309926362385], [127.54039711728777, 45.33854024255199]]]}, "properties": {"biomass": 116.49983978271484}}, {"type": "Feature", "geometry": {"type": "Polygon", "coordinates": [[[127.54497743177268, 45.3383576912979], [127.54955770237811, 45.33817495693566], [127.54929849301374, 45.33494468165904], [127.5447184811735, 45.33512739555461], [127.54497743177268, 45.3383576912979]]]}, "properties": {"biomass": 131.92092895507812}}, {"type": "Feature", "geometry": {"type": "Polygon", "coordinates": [[[127.54955770237811, 45.33817495693566], [127.55413792906059, 45.337992039469896], [127.55387846094013, 45.33476178468033], [127.54929849301374, 45.33494468165904], [127.54955770237811, 45.33817495693566]]]}, "properties": {"biomass": 174.91998291015625}}, {"type": "Feature", "geometry": {"type": "Polygon", "coordinates": [[[127.55413792906059, 45.337992039469896], [127.55871811177663, 45.337808938905255], [127.55845838490919, 45.33457870462314], [127.55387846094013, 45.33476178468033], [127.55413792906059, 45.337992039469896]]]}, "properties": {"biomass": 189.365966796875}}, {"type": "Feature", "geometry": {"type": "Polygon", "coordinates": [[[127.55871811177663, 45.337808938905255], [127.56329825048275, 45.3376256552464], [127.56303826487749, 45.334395441492084], [127.55845838490919, 45.33457870462314], [127.55871811177663, 45.337808938905255]]]}, "properties": {"biomass": 190.84922790527344}}, {"type": "Feature", "geometry": {"type": "Polygon", "coordinates": [[[127.56329825048275, 45.3376256552464], [127.56787834513554, 45.33744218849796], [127.56761810080155, 45.334211995291845], [127.56303826487749, 45.334395441492084], [127.56329825048275, 45.3376256552464]]]}, "properties": {"biomass": 158.56982421875}}, {"type": "Feature", "geometry": {"type": "Polygon", "coordinates": [[[127.56787834513554, 45.33744218849796], [127.57245839569146, 45.337258538664635], [127.5721978926379, 45.33402836602708], [127.56761810080155, 45.334211995291845], [127.56787834513554, 45.33744218849796]]]}, "properties": {"biomass": 155.36520385742188}}, {"type": "Feature", "geometry": {"type": "Polygon", "coordinates": [[[127.57245839569146, 45.337258538664635], [127.57703840210712, 45.337074705751064], [127.57677764034314, 45.33384455370243], [127.5721978926379, 45.33402836602708], [127.57245839569146, 45.337258538664635]]]}, "properties": {"biomass": 137.60885620117188}}, {"type": "Feature", "geometry": {"type": "Polygon", "coordinates": [[[127.57703840210712, 45.337074705751064], [127.58161836433904, 45.33689068976191], [127.58135734387379, 45.333660558322585], [127.57677764034314, 45.33384455370243], [127.57703840210712, 45.337074705751064]]]}, "properties": {"biomass": 126.92904663085938}}, {"type": "Feature", "geometry": {"type": "Polygon", "coordinates": [[[127.58161836433904, 45.33689068976191], [127.58619828234374, 45.336706490701864], [127.5859370031864, 45.333476379892204], [127.58135734387379, 45.333660558322585], [127.58161836433904, 45.33689068976191]]]}, "properties": {"biomass": 152.02821350097656}}, {"type": "Feature", "geometry": {"type": "Polygon", "coordinates": [[[127.58619828234374, 45.336706490701864], [127.5907781560778, 45.3365221085756], [127.59051661823754, 45.333292018415975], [127.5859370031864, 45.333476379892204], [127.58619828234374, 45.336706490701864]]]}, "properties": {"biomass": 170.5635528564453}}, {"type": "Feature", "geometry": {"type": "Polygon", "coordinates": [[[127.5907781560778, 45.3365221085756], [127.59535798549778, 45.33633754338779], [127.59509618898377, 45.333107473898586], [127.59051661823754, 45.333292018415975], [127.5907781560778, 45.3365221085756]]]}, "properties": {"biomass": 157.5044403076172}}, {"type": "Feature", "geometry": {"type": "Polygon", "coordinates": [[[127.59535798549778, 45.33633754338779], [127.59993777056019, 45.33615279514314], [127.59967571538166, 45.33292274634471], [127.59509618898377, 45.333107473898586], [127.59535798549778, 45.33633754338779]]]}, "properties": {"biomass": 150.59445190429688}}, {"type": "Feature", "geometry": {"type": "Polygon", "coordinates": [[[127.59993777056019, 45.33615279514314], [127.60451751122162, 45.335967863846314], [127.60425519738774, 45.33273783575903], [127.59967571538166, 45.33292274634471], [127.59993777056019, 45.33615279514314]]]}, "properties": {"biomass": 146.35748291015625}}, {"type": "Feature", "geometry": {"type": "Polygon", "coordinates": [[[127.60451751122162, 45.335967863846314], [127.6090972074386, 45.335782749502044], [127.60883463495863, 45.332552742146255], [127.60425519738774, 45.33273783575903], [127.60451751122162, 45.335967863846314]]]}, "properties": {"biomass": 165.21340942382812}}, {"type": "Feature", "geometry": {"type": "Polygon", "coordinates": [[[127.6090972074386, 45.335782749502044], [127.61367685916773, 45.335597452114996], [127.61341402805085, 45.33236746551108], [127.60883463495863, 45.332552742146255], [127.6090972074386, 45.335782749502044]]]}, "properties": {"biomass": 195.78607177734375}}, {"type": "Feature", "geometry": {"type": "Polygon", "coordinates": [[[127.61367685916773, 45.335597452114996], [127.61825646636555, 45.335411971689894], [127.61799337662102, 45.332182005858215], [127.61341402805085, 45.33236746551108], [127.61367685916773, 45.335597452114996]]]}, "properties": {"biomass": 192.76144409179688}}, {"type": "Feature", "geometry": {"type": "Polygon", "coordinates": [[[127.61825646636555, 45.335411971689894], [127.62283602898862, 45.33522630823145], [127.62257268062567, 45.33199636319238], [127.61799337662102, 45.332182005858215], [127.61825646636555, 45.335411971689894]]]}, "properties": {"biomass": 189.72764587402344}}, {"type": "Feature", "geometry": {"type": "Polygon", "coordinates": [[[127.62283602898862, 45.33522630823145], [127.62741554699353, 45.33504046174438], [127.62715194002139, 45.331810537518265], [127.62257268062567, 45.33199636319238], [127.62283602898862, 45.33522630823145]]]}, "properties": {"biomass": 201.25653076171875}}, {"type": "Feature", "geometry": {"type": "Polygon", "coordinates": [[[127.62741554699353, 45.33504046174438], [127.63199502033682, 45.334854432233385], [127.63173115476478, 45.33162452884059], [127.62715194002139, 45.331810537518265], [127.62741554699353, 45.33504046174438]]]}, "properties": {"biomass": 164.17103576660156}}, {"type": "Feature", "geometry": {"type": "Polygon", "coordinates": [[[127.63199502033682, 45.334854432233385], [127.63657444897513, 45.33466821970321], [127.63631032481243, 45.331438337164094], [127.63173115476478, 45.33162452884059], [127.63199502033682, 45.334854432233385]]]}, "properties": {"biomass": 188.42611694335938}}, {"type": "Feature", "geometry": {"type": "Polygon", "coordinates": [[[127.63657444897513, 45.33466821970321], [127.64115383286496, 45.33448182415856], [127.64088945012088, 45.331251962493496], [127.63631032481243, 45.331438337164094], [127.63657444897513, 45.33466821970321]]]}, "properties": {"biomass": 206.99986267089844}}, {"type": "Feature", "geometry": {"type": "Polygon", "coordinates": [[[127.64115383286496, 45.33448182415856], [127.64573317196295, 45.33429524560419], [127.6454685306468, 45.33106540483352], [127.64088945012088, 45.331251962493496], [127.64115383286496, 45.33448182415856]]]}, "properties": {"biomass": 166.45428466796875}}, {"type": "Feature", "geometry": {"type": "Polygon", "coordinates": [[[127.64573317196295, 45.33429524560419], [127.65031246622567, 45.33410848404484], [127.65004756634667, 45.33087866418893], [127.6454685306468, 45.33106540483352], [127.64573317196295, 45.33429524560419]]]}, "properties": {"biomass": 185.73330688476562}}, {"type": "Feature", "geometry": {"type": "Polygon", "coordinates": [[[127.65031246622567, 45.33410848404484], [127.65489171560966, 45.333921539485225], [127.6546265571772, 45.33069174056444], [127.65004756634667, 45.33087866418893], [127.65031246622567, 45.33410848404484]]]}, "properties": {"biomass": 170.6511688232422}}, {"type": "Feature", "geometry": {"type": "Polygon", "coordinates": [[[127.65489171560966, 45.333921539485225], [127.65947092007156, 45.33373441193013], [127.65920550309491, 45.33050463396479], [127.6546265571772, 45.33069174056444], [127.65489171560966, 45.333921539485225]]]}, "properties": {"biomass": 164.22503662109375}}, {"type": "Feature", "geometry": {"type": "Polygon", "coordinates": [[[127.65947092007156, 45.33373441193013], [127.66405007956797, 45.33354710138427], [127.66378440405644, 45.33031734439476], [127.65920550309491, 45.33050463396479], [127.65947092007156, 45.33373441193013]]]}, "properties": {"biomass": 186.64976501464844}}, {"type": "Feature", "geometry": {"type": "Polygon", "coordinates": [[[127.66405007956797, 45.33354710138427], [127.66862919405543, 45.333359607852415], [127.66836326001837, 45.330129871859086], [127.66378440405644, 45.33031734439476], [127.66405007956797, 45.33354710138427]]]}, "properties": {"biomass": 194.11550903320312}}, {"type": "Feature", "geometry": {"type": "Polygon", "coordinates": [[[127.66862919405543, 45.333359607852415], [127.6732082634906, 45.33317193133932], [127.67294207093731, 45.32994221636252], [127.66836326001837, 45.330129871859086], [127.66862919405543, 45.333359607852415]]]}, "properties": {"biomass": 187.16622924804688}}, {"type": "Feature", "geometry": {"type": "Polygon", "coordinates": [[[127.6732082634906, 45.33317193133932], [127.67778728783001, 45.33298407184977], [127.67752083676987, 45.32975437790985], [127.67294207093731, 45.32994221636252], [127.6732082634906, 45.33317193133932]]]}, "properties": {"biomass": 200.38478088378906}}, {"type": "Feature", "geometry": {"type": "Polygon", "coordinates": [[[127.67778728783001, 45.33298407184977], [127.6823662670303, 45.33279602938851], [127.6820995574727, 45.32956635650582], [127.67752083676987, 45.32975437790985], [127.67778728783001, 45.33298407184977]]]}, "properties": {"biomass": 218.38662719726562}}, {"type": "Feature", "geometry": {"type": "Polygon", "coordinates": [[[127.48975492963365, 45.337305680131685], [127.49433546504915, 45.337125163594486], [127.49407940485777, 45.33389464109461], [127.48949912827254, 45.334075137411986], [127.48975492963365, 45.337305680131685]]]}, "properties": {"biomass": 168.4687042236328}}, {"type": "Feature", "geometry": {"type": "Polygon", "coordinates": [[[127.49433546504915, 45.337125163594486], [127.49891595707258, 45.33694446391876], [127.4986596380599, 45.33371396165909], [127.49407940485777, 45.33389464109461], [127.49433546504915, 45.337125163594486]]]}, "properties": {"biomass": 153.53871154785156}}, {"type": "Feature", "geometry": {"type": "Polygon", "coordinates": [[[127.49891595707258, 45.33694446391876], [127.50349640566037, 45.336763581109096], [127.50323982783543, 45.333533099110014], [127.4986596380599, 45.33371396165909], [127.49891595707258, 45.33694446391876]]]}, "properties": {"biomass": 165.8888397216797}}, {"type": "Feature", "geometry": {"type": "Polygon", "coordinates": [[[127.50349640566037, 45.336763581109096], [127.50807681076913, 45.33658251517009], [127.50781997414089, 45.33335205345198], [127.50323982783543, 45.333533099110014], [127.50349640566037, 45.336763581109096]]]}, "properties": {"biomass": 149.08766174316406}}, {"type": "Feature", "geometry": {"type": "Polygon", "coordinates": [[[127.52181776478584, 45.336038218623024], [127.52639799554335, 45.3358564202127], [127.52614012379236, 45.3326260398223], [127.52156015180199, 45.33280781787013], [127.52181776478584, 45.336038218623024]]]}, "properties": {"biomass": 101.70340728759766}}, {"type": "Feature", "geometry": {"type": "Polygon", "coordinates": [[[127.52639799554335, 45.3358564202127], [127.53097818260433, 45.33567443869605], [127.5307200520953, 45.33244407868854], [127.52614012379236, 45.3326260398223], [127.52639799554335, 45.3358564202127]]]}, "properties": {"biomass": 117.81688690185547}}, {"type": "Feature", "geometry": {"type": "Polygon", "coordinates": [[[127.53097818260433, 45.33567443869605], [127.53555832592532, 45.335492274077744], [127.53529993666731, 45.33226193447347], [127.5307200520953, 45.33244407868854], [127.53097818260433, 45.33567443869605]]]}, "properties": {"biomass": 118.31441497802734}}, {"type": "Feature", "geometry": {"type": "Polygon", "coordinates": [[[127.53555832592532, 45.335492274077744], [127.5401384254629, 45.335309926362385], [127.53987977746495, 45.33207960718175], [127.53529993666731, 45.33226193447347], [127.53555832592532, 45.335492274077744]]]}, "properties": {"biomass": 105.9197006225586}}, {"type": "Feature", "geometry": {"type": "Polygon", "coordinates": [[[127.5401384254629, 45.335309926362385], [127.5447184811735, 45.33512739555461], [127.54445957444474, 45.331897096817976], [127.53987977746495, 45.33207960718175], [127.5401384254629, 45.335309926362385]]]}, "properties": {"biomass": 117.23155212402344}}, {"type": "Feature", "geometry": {"type": "Polygon", "coordinates": [[[127.5447184811735, 45.33512739555461], [127.54929849301374, 45.33494468165904], [127.54903932756324, 45.3317144033868], [127.54445957444474, 45.331897096817976], [127.5447184811735, 45.33512739555461]]]}, "properties": {"biomass": 146.5175018310547}}, {"type": "Feature", "geometry": {"type": "Polygon", "coordinates": [[[127.54929849301374, 45.33494468165904], [127.55387846094013, 45.33476178468033], [127.553619036777, 45.33153152689285], [127.54903932756324, 45.3317144033868], [127.54929849301374, 45.33494468165904]]]}, "properties": {"biomass": 200.81814575195312}}, {"type": "Feature", "geometry": {"type": "Polygon", "coordinates": [[[127.55387846094013, 45.33476178468033], [127.55845838490919, 45.33457870462314], [127.55819870204255, 45.331348467340774], [127.553619036777, 45.33153152689285], [127.55387846094013, 45.33476178468033]]]}, "properties": {"biomass": 196.7584686279297}}, {"type": "Feature", "geometry": {"type": "Polygon", "coordinates": [[[127.55845838490919, 45.33457870462314], [127.56303826487749, 45.334395441492084], [127.56277832331644, 45.33116522473523], [127.55819870204255, 45.331348467340774], [127.55845838490919, 45.33457870462314]]]}, "properties": {"biomass": 188.84954833984375}}, {"type": "Feature", "geometry": {"type": "Polygon", "coordinates": [[[127.56303826487749, 45.334395441492084], [127.56761810080155, 45.334211995291845], [127.56735790055524, 45.33098179908087], [127.56277832331644, 45.33116522473523], [127.56303826487749, 45.334395441492084]]]}, "properties": {"biomass": 181.67779541015625}}, {"type": "Feature", "geometry": {"type": "Polygon", "coordinates": [[[127.56761810080155, 45.334211995291845], [127.5721978926379, 45.33402836602708], [127.57193743371548, 45.330798190382325], [127.56735790055524, 45.33098179908087], [127.56761810080155, 45.334211995291845]]]}, "properties": {"biomass": 166.20648193359375}}, {"type": "Feature", "geometry": {"type": "Polygon", "coordinates": [[[127.5721978926379, 45.33402836602708], [127.57677764034314, 45.33384455370243], [127.57651692275374, 45.330614398644315], [127.57193743371548, 45.330798190382325], [127.5721978926379, 45.33402836602708]]]}, "properties": {"biomass": 142.242919921875}}, {"type": "Feature", "geometry": {"type": "Polygon", "coordinates": [[[127.57677764034314, 45.33384455370243], [127.58135734387379, 45.333660558322585], [127.58109636762656, 45.33043042387145], [127.57651692275374, 45.330614398644315], [127.57677764034314, 45.33384455370243]]]}, "properties": {"biomass": 129.74557495117188}}, {"type": "Feature", "geometry": {"type": "Polygon", "coordinates": [[[127.58135734387379, 45.333660558322585], [127.5859370031864, 45.333476379892204], [127.58567576829054, 45.33024626606842], [127.58109636762656, 45.33043042387145], [127.58135734387379, 45.333660558322585]]]}, "properties": {"biomass": 145.49176025390625}}, {"type": "Feature", "geometry": {"type": "Polygon", "coordinates": [[[127.5859370031864, 45.333476379892204], [127.59051661823754, 45.333292018415975], [127.59025512470221, 45.33006192523992], [127.58567576829054, 45.33024626606842], [127.5859370031864, 45.333476379892204]]]}, "properties": {"biomass": 168.70101928710938}}, {"type": "Feature", "geometry": {"type": "Polygon", "coordinates": [[[127.59051661823754, 45.333292018415975], [127.59509618898377, 45.333107473898586], [127.59483443681815, 45.32987740139061], [127.59025512470221, 45.33006192523992], [127.59051661823754, 45.333292018415975]]]}, "properties": {"biomass": 185.30661010742188}}, {"type": "Feature", "geometry": {"type": "Polygon", "coordinates": [[[127.59509618898377, 45.333107473898586], [127.59967571538166, 45.33292274634471], [127.59941370459491, 45.32969269452518], [127.59483443681815, 45.32987740139061], [127.59509618898377, 45.333107473898586]]]}, "properties": {"biomass": 194.2274627685547}}, {"type": "Feature", "geometry": {"type": "Polygon", "coordinates": [[[127.59967571538166, 45.33292274634471], [127.60425519738774, 45.33273783575903], [127.60399292798913, 45.32950780464832], [127.59941370459491, 45.32969269452518], [127.59967571538166, 45.33292274634471]]]}, "properties": {"biomass": 176.9528350830078}}, {"type": "Feature", "geometry": {"type": "Polygon", "coordinates": [[[127.60425519738774, 45.33273783575903], [127.60883463495863, 45.332552742146255], [127.6085721069573, 45.32932273176472], [127.60399292798913, 45.32950780464832], [127.60425519738774, 45.33273783575903]]]}, "properties": {"biomass": 188.9427032470703}}, {"type": "Feature", "geometry": {"type": "Polygon", "coordinates": [[[127.60883463495863, 45.332552742146255], [127.61341402805085, 45.33236746551108], [127.61315124145605, 45.329137475879094], [127.6085721069573, 45.32932273176472], [127.60883463495863, 45.332552742146255]]]}, "properties": {"biomass": 187.99905395507812}}, {"type": "Feature", "geometry": {"type": "Polygon", "coordinates": [[[127.61341402805085, 45.33236746551108], [127.61799337662102, 45.332182005858215], [127.61773033144198, 45.32895203699613], [127.61315124145605, 45.329137475879094], [127.61341402805085, 45.33236746551108]]]}, "properties": {"biomass": 166.08551025390625}}, {"type": "Feature", "geometry": {"type": "Polygon", "coordinates": [[[127.61799337662102, 45.332182005858215], [127.62257268062567, 45.33199636319238], [127.62230937687163, 45.328766415120555], [127.61773033144198, 45.32895203699613], [127.61799337662102, 45.332182005858215]]]}, "properties": {"biomass": 146.7034454345703}}, {"type": "Feature", "geometry": {"type": "Polygon", "coordinates": [[[127.62257268062567, 45.33199636319238], [127.62715194002139, 45.331810537518265], [127.62688837770159, 45.328580610257056], [127.62230937687163, 45.328766415120555], [127.62257268062567, 45.33199636319238]]]}, "properties": {"biomass": 170.31996154785156}}, {"type": "Feature", "geometry": {"type": "Polygon", "coordinates": [[[127.62715194002139, 45.331810537518265], [127.63173115476478, 45.33162452884059], [127.6314673338885, 45.32839462241038], [127.62688837770159, 45.328580610257056], [127.62715194002139, 45.331810537518265]]]}, "properties": {"biomass": 139.74435424804688}}, {"type": "Feature", "geometry": {"type": "Polygon", "coordinates": [[[127.63173115476478, 45.33162452884059], [127.63631032481243, 45.331438337164094], [127.6360462453889, 45.32820845158521], [127.6314673338885, 45.32839462241038], [127.63173115476478, 45.33162452884059]]]}, "properties": {"biomass": 159.49420166015625}}, {"type": "Feature", "geometry": {"type": "Polygon", "coordinates": [[[127.63631032481243, 45.331438337164094], [127.64088945012088, 45.331251962493496], [127.64062511215938, 45.32802209778631], [127.6360462453889, 45.32820845158521], [127.63631032481243, 45.331438337164094]]]}, "properties": {"biomass": 166.53489685058594}}, {"type": "Feature", "geometry": {"type": "Polygon", "coordinates": [[[127.64088945012088, 45.331251962493496], [127.6454685306468, 45.33106540483352], [127.64520393415661, 45.3278355610184], [127.64062511215938, 45.32802209778631], [127.64088945012088, 45.331251962493496]]]}, "properties": {"biomass": 165.5254364013672}}, {"type": "Feature", "geometry": {"type": "Polygon", "coordinates": [[[127.6454685306468, 45.33106540483352], [127.65004756634667, 45.33087866418893], [127.64978271133711, 45.327648841286205], [127.64520393415661, 45.3278355610184], [127.6454685306468, 45.33106540483352]]]}, "properties": {"biomass": 156.85052490234375}}, {"type": "Feature", "geometry": {"type": "Polygon", "coordinates": [[[127.65004756634667, 45.33087866418893], [127.6546265571772, 45.33069174056444], [127.65436144365752, 45.32746193859447], [127.64978271133711, 45.327648841286205], [127.65004756634667, 45.33087866418893]]]}, "properties": {"biomass": 163.72291564941406}}, {"type": "Feature", "geometry": {"type": "Polygon", "coordinates": [[[127.6546265571772, 45.33069174056444], [127.65920550309491, 45.33050463396479], [127.65894013107446, 45.327274852947944], [127.65436144365752, 45.32746193859447], [127.6546265571772, 45.33069174056444]]]}, "properties": {"biomass": 166.0027618408203}}, {"type": "Feature", "geometry": {"type": "Polygon", "coordinates": [[[127.65920550309491, 45.33050463396479], [127.66378440405644, 45.33031734439476], [127.6635187735445, 45.327087584351375], [127.65894013107446, 45.327274852947944], [127.65920550309491, 45.33050463396479]]]}, "properties": {"biomass": 165.07855224609375}}, {"type": "Feature", "geometry": {"type": "Polygon", "coordinates": [[[127.66378440405644, 45.33031734439476], [127.66836326001837, 45.330129871859086], [127.6680973710243, 45.32690013280952], [127.6635187735445, 45.327087584351375], [127.66378440405644, 45.33031734439476]]]}, "properties": {"biomass": 178.8028106689453}}, {"type": "Feature", "geometry": {"type": "Polygon", "coordinates": [[[127.66836326001837, 45.330129871859086], [127.67294207093731, 45.32994221636252], [127.67267592347042, 45.326712498327126], [127.6680973710243, 45.32690013280952], [127.66836326001837, 45.330129871859086]]]}, "properties": {"biomass": 209.91500854492188}}, {"type": "Feature", "geometry": {"type": "Polygon", "coordinates": [[[127.67294207093731, 45.32994221636252], [127.67752083676987, 45.32975437790985], [127.67725443083953, 45.32652468090897], [127.67267592347042, 45.326712498327126], [127.67294207093731, 45.32994221636252]]]}, "properties": {"biomass": 222.9769744873047}}, {"type": "Feature", "geometry": {"type": "Polygon", "coordinates": [[[127.67752083676987, 45.32975437790985], [127.6820995574727, 45.32956635650582], [127.68183289308821, 45.3263366805598], [127.67725443083953, 45.32652468090897], [127.67752083676987, 45.32975437790985]]]}, "properties": {"biomass": 261.68341064453125}}, {"type": "Feature", "geometry": {"type": "Polygon", "coordinates": [[[127.49407940485777, 45.33389464109461], [127.4986596380599, 45.33371396165909], [127.4984033624738, 45.33048345642921], [127.49382338804949, 45.33066411562681], [127.49407940485777, 45.33389464109461]]]}, "properties": {"biomass": 165.34791564941406}}, {"type": "Feature", "geometry": {"type": "Polygon", "coordinates": [[[127.4986596380599, 45.33371396165909], [127.50323982783543, 45.333533099110014], [127.50298329348054, 45.330302614138446], [127.4984033624738, 45.33048345642921], [127.4986596380599, 45.33371396165909]]]}, "properties": {"biomass": 171.48089599609375}}, {"type": "Feature", "geometry": {"type": "Polygon", "coordinates": [[[127.50323982783543, 45.333533099110014], [127.50781997414089, 45.33335205345198], [127.5075631810262, 45.33012158875911], [127.50298329348054, 45.330302614138446], [127.50323982783543, 45.333533099110014]]]}, "properties": {"biomass": 121.48296356201172}}, {"type": "Feature", "geometry": {"type": "Polygon", "coordinates": [[[127.50781997414089, 45.33335205345198], [127.51240007693276, 45.33317082468959], [127.51214302506733, 45.329940380295795], [127.5075631810262, 45.33012158875911], [127.50781997414089, 45.33335205345198]]]}, "properties": {"biomass": 122.06328582763672}}, {"type": "Feature", "geometry": {"type": "Polygon", "coordinates": [[[127.51240007693276, 45.33317082468959], [127.51698013616763, 45.33298941282744], [127.51672282556045, 45.329758988753085], [127.51214302506733, 45.329940380295795], [127.51240007693276, 45.33317082468959]]]}, "properties": {"biomass": 90.40083312988281}}, {"type": "Feature", "geometry": {"type": "Polygon", "coordinates": [[[127.51698013616763, 45.33298941282744], [127.52156015180199, 45.33280781787013], [127.52130258246211, 45.32957741413562], [127.51672282556045, 45.329758988753085], [127.51698013616763, 45.33298941282744]]]}, "properties": {"biomass": 95.24974060058594}}, {"type": "Feature", "geometry": {"type": "Polygon", "coordinates": [[[127.52156015180199, 45.33280781787013], [127.52614012379236, 45.3326260398223], [127.52588229572882, 45.329395656447986], [127.52130258246211, 45.32957741413562], [127.52156015180199, 45.33280781787013]]]}, "properties": {"biomass": 98.3193359375}}, {"type": "Feature", "geometry": {"type": "Polygon", "coordinates": [[[127.52614012379236, 45.3326260398223], [127.5307200520953, 45.33244407868854], [127.53046196531717, 45.32921371569482], [127.52588229572882, 45.329395656447986], [127.52614012379236, 45.3326260398223]]]}, "properties": {"biomass": 98.94841766357422}}, {"type": "Feature", "geometry": {"type": "Polygon", "coordinates": [[[127.5307200520953, 45.33244407868854], [127.53529993666731, 45.33226193447347], [127.53504159118366, 45.32903159188073], [127.53046196531717, 45.32921371569482], [127.5307200520953, 45.33244407868854]]]}, "properties": {"biomass": 92.86288452148438}}, {"type": "Feature", "geometry": {"type": "Polygon", "coordinates": [[[127.53529993666731, 45.33226193447347], [127.53987977746495, 45.33207960718175], [127.53962117328484, 45.32884928501033], [127.53504159118366, 45.32903159188073], [127.53529993666731, 45.33226193447347]]]}, "properties": {"biomass": 103.7308578491211}}, {"type": "Feature", "geometry": {"type": "Polygon", "coordinates": [[[127.53987977746495, 45.33207960718175], [127.54445957444474, 45.331897096817976], [127.54420071157728, 45.32866679508826], [127.53962117328484, 45.32884928501033], [127.53987977746495, 45.33207960718175]]]}, "properties": {"biomass": 107.62033081054688}}, {"type": "Feature", "geometry": {"type": "Polygon", "coordinates": [[[127.54445957444474, 45.331897096817976], [127.54903932756324, 45.3317144033868], [127.5487802060175, 45.32848412211917], [127.54420071157728, 45.32866679508826], [127.54445957444474, 45.331897096817976]]]}, "properties": {"biomass": 125.89198303222656}}, {"type": "Feature", "geometry": {"type": "Polygon", "coordinates": [[[127.54903932756324, 45.3317144033868], [127.553619036777, 45.33153152689285], [127.55335965656207, 45.32830126610767], [127.5487802060175, 45.32848412211917], [127.54903932756324, 45.3317144033868]]]}, "properties": {"biomass": 166.50469970703125}}, {"type": "Feature", "geometry": {"type": "Polygon", "coordinates": [[[127.553619036777, 45.33153152689285], [127.55819870204255, 45.331348467340774], [127.55793906316754, 45.32811822705843], [127.55335965656207, 45.32830126610767], [127.553619036777, 45.33153152689285]]]}, "properties": {"biomass": 198.04747009277344}}, {"type": "Feature", "geometry": {"type": "Polygon", "coordinates": [[[127.55819870204255, 45.331348467340774], [127.56277832331644, 45.33116522473523], [127.56251842579051, 45.327935004976084], [127.55793906316754, 45.32811822705843], [127.55819870204255, 45.331348467340774]]]}, "properties": {"biomass": 191.54112243652344}}, {"type": "Feature", "geometry": {"type": "Polygon", "coordinates": [[[127.56277832331644, 45.33116522473523], [127.56735790055524, 45.33098179908087], [127.56709774438748, 45.32775159986529], [127.56251842579051, 45.327935004976084], [127.56277832331644, 45.33116522473523]]]}, "properties": {"biomass": 185.45635986328125}}, {"type": "Feature", "geometry": {"type": "Polygon", "coordinates": [[[127.56735790055524, 45.33098179908087], [127.57193743371548, 45.330798190382325], [127.57167701891503, 45.32756801173068], [127.56709774438748, 45.32775159986529], [127.56735790055524, 45.33098179908087]]]}, "properties": {"biomass": 150.1953125}}, {"type": "Feature", "geometry": {"type": "Polygon", "coordinates": [[[127.57193743371548, 45.330798190382325], [127.57651692275374, 45.330614398644315], [127.57625624932977, 45.32738424057696], [127.57167701891503, 45.32756801173068], [127.57193743371548, 45.330798190382325]]]}, "properties": {"biomass": 142.46432495117188}}, {"type": "Feature", "geometry": {"type": "Polygon", "coordinates": [[[127.57651692275374, 45.330614398644315], [127.58109636762656, 45.33043042387145], [127.58083543558821, 45.32720028640877], [127.57625624932977, 45.32738424057696], [127.57651692275374, 45.330614398644315]]]}, "properties": {"biomass": 130.93992614746094}}, {"type": "Feature", "geometry": {"type": "Polygon", "coordinates": [[[127.58109636762656, 45.33043042387145], [127.58567576829054, 45.33024626606842], [127.58541457764696, 45.32701614923078], [127.58083543558821, 45.32720028640877], [127.58109636762656, 45.33043042387145]]]}, "properties": {"biomass": 106.05833435058594}}, {"type": "Feature", "geometry": {"type": "Polygon", "coordinates": [[[127.58567576829054, 45.33024626606842], [127.59025512470221, 45.33006192523992], [127.5899936754626, 45.32683182904767], [127.58541457764696, 45.32701614923078], [127.58567576829054, 45.33024626606842]]]}, "properties": {"biomass": 138.3796844482422}}, {"type": "Feature", "geometry": {"type": "Polygon", "coordinates": [[[127.59025512470221, 45.33006192523992], [127.59483443681815, 45.32987740139061], [127.59457272899166, 45.32664732586412], [127.5899936754626, 45.32683182904767], [127.59025512470221, 45.33006192523992]]]}, "properties": {"biomass": 149.65109252929688}}, {"type": "Feature", "geometry": {"type": "Polygon", "coordinates": [[[127.59483443681815, 45.32987740139061], [127.59941370459491, 45.32969269452518], [127.59915173819077, 45.32646263968482], [127.59457272899166, 45.32664732586412], [127.59483443681815, 45.32987740139061]]]}, "properties": {"biomass": 167.52886962890625}}, {"type": "Feature", "geometry": {"type": "Polygon", "coordinates": [[[127.59941370459491, 45.32969269452518], [127.60399292798913, 45.32950780464832], [127.6037307030165, 45.326277770514444], [127.59915173819077, 45.32646263968482], [127.59941370459491, 45.32969269452518]]]}, "properties": {"biomass": 210.20738220214844}}, {"type": "Feature", "geometry": {"type": "Polygon", "coordinates": [[[127.60399292798913, 45.32950780464832], [127.6085721069573, 45.32932273176472], [127.60830962342541, 45.32609271835771], [127.6037307030165, 45.326277770514444], [127.60399292798913, 45.32950780464832]]]}, "properties": {"biomass": 204.9479217529297}}, {"type": "Feature", "geometry": {"type": "Polygon", "coordinates": [[[127.6085721069573, 45.32932273176472], [127.61315124145605, 45.329137475879094], [127.61288849937411, 45.32590748321928], [127.60830962342541, 45.32609271835771], [127.6085721069573, 45.32932273176472]]]}, "properties": {"biomass": 156.0363311767578}}, {"type": "Feature", "geometry": {"type": "Polygon", "coordinates": [[[127.61315124145605, 45.329137475879094], [127.61773033144198, 45.32895203699613], [127.6174673308192, 45.325722065103896], [127.61288849937411, 45.32590748321928], [127.61315124145605, 45.329137475879094]]]}, "properties": {"biomass": 186.4590606689453}}, {"type": "Feature", "geometry": {"type": "Polygon", "coordinates": [[[127.61773033144198, 45.32895203699613], [127.62230937687163, 45.328766415120555], [127.62204611771726, 45.32553646401624], [127.6174673308192, 45.325722065103896], [127.61773033144198, 45.32895203699613]]]}, "properties": {"biomass": 168.70562744140625}}, {"type": "Feature", "geometry": {"type": "Polygon", "coordinates": [[[127.62230937687163, 45.328766415120555], [127.62688837770159, 45.328580610257056], [127.62662486002489, 45.325350679961026], [127.62204611771726, 45.32553646401624], [127.62230937687163, 45.328766415120555]]]}, "properties": {"biomass": 142.09722900390625}}, {"type": "Feature", "geometry": {"type": "Polygon", "coordinates": [[[127.62688837770159, 45.328580610257056], [127.6314673338885, 45.32839462241038], [127.63120355769868, 45.325164712942986], [127.62662486002489, 45.325350679961026], [127.62688837770159, 45.328580610257056]]]}, "properties": {"biomass": 140.095458984375}}, {"type": "Feature", "geometry": {"type": "Polygon", "coordinates": [[[127.6314673338885, 45.32839462241038], [127.6360462453889, 45.32820845158521], [127.63578221069525, 45.32497856296682], [127.63120355769868, 45.325164712942986], [127.6314673338885, 45.32839462241038]]]}, "properties": {"biomass": 118.26468658447266}}, {"type": "Feature", "geometry": {"type": "Polygon", "coordinates": [[[127.6360462453889, 45.32820845158521], [127.64062511215938, 45.32802209778631], [127.64036081897117, 45.324792230037275], [127.63578221069525, 45.32497856296682], [127.6360462453889, 45.32820845158521]]]}, "properties": {"biomass": 129.6272735595703}}, {"type": "Feature", "geometry": {"type": "Polygon", "coordinates": [[[127.64062511215938, 45.32802209778631], [127.64520393415661, 45.3278355610184], [127.64493938248312, 45.32460571415906], [127.64036081897117, 45.324792230037275], [127.64062511215938, 45.32802209778631]]]}, "properties": {"biomass": 136.42498779296875}}, {"type": "Feature", "geometry": {"type": "Polygon", "coordinates": [[[127.64520393415661, 45.3278355610184], [127.64978271133711, 45.327648841286205], [127.64951790118762, 45.324419015336915], [127.64493938248312, 45.32460571415906], [127.64520393415661, 45.3278355610184]]]}, "properties": {"biomass": 149.35205078125}}, {"type": "Feature", "geometry": {"type": "Polygon", "coordinates": [[[127.64978271133711, 45.327648841286205], [127.65436144365752, 45.32746193859447], [127.65409637504132, 45.3242321335756], [127.64951790118762, 45.324419015336915], [127.64978271133711, 45.327648841286205]]]}, "properties": {"biomass": 167.04983520507812}}, {"type": "Feature", "geometry": {"type": "Polygon", "coordinates": [[[127.65436144365752, 45.32746193859447], [127.65894013107446, 45.327274852947944], [127.65867480400087, 45.32404506887983], [127.65409637504132, 45.3242321335756], [127.65436144365752, 45.32746193859447]]]}, "properties": {"biomass": 231.95794677734375}}, {"type": "Feature", "geometry": {"type": "Polygon", "coordinates": [[[127.65894013107446, 45.327274852947944], [127.6635187735445, 45.327087584351375], [127.66325318802282, 45.32385782125438], [127.65867480400087, 45.32404506887983], [127.65894013107446, 45.327274852947944]]]}, "properties": {"biomass": 205.5770721435547}}, {"type": "Feature", "geometry": {"type": "Polygon", "coordinates": [[[127.6635187735445, 45.327087584351375], [127.6680973710243, 45.32690013280952], [127.66783152706385, 45.323670390703974], [127.66325318802282, 45.32385782125438], [127.6635187735445, 45.327087584351375]]]}, "properties": {"biomass": 200.96609497070312}}, {"type": "Feature", "geometry": {"type": "Polygon", "coordinates": [[[127.6680973710243, 45.32690013280952], [127.67267592347042, 45.326712498327126], [127.67240982108058, 45.32348277723339], [127.66783152706385, 45.323670390703974], [127.6680973710243, 45.32690013280952]]]}, "properties": {"biomass": 212.2509307861328}}, {"type": "Feature", "geometry": {"type": "Polygon", "coordinates": [[[127.67267592347042, 45.326712498327126], [127.67725443083953, 45.32652468090897], [127.67698807002958, 45.32329498084739], [127.67240982108058, 45.32348277723339], [127.67267592347042, 45.326712498327126]]]}, "properties": {"biomass": 218.57757568359375}}, {"type": "Feature", "geometry": {"type": "Polygon", "coordinates": [[[127.67725443083953, 45.32652468090897], [127.68183289308821, 45.3263366805598], [127.68156627386755, 45.323107001550724], [127.67698807002958, 45.32329498084739], [127.67725443083953, 45.32652468090897]]]}, "properties": {"biomass": 297.8974304199219}}, {"type": "Feature", "geometry": {"type": "Polygon", "coordinates": [[[127.49382338804949, 45.33066411562681], [127.4984033624738, 45.33048345642921], [127.49814713030533, 45.32725294822939], [127.49356741461534, 45.32743358719134], [127.49382338804949, 45.33066411562681]]]}, "properties": {"biomass": 143.94773864746094}}, {"type": "Feature", "geometry": {"type": "Polygon", "coordinates": [[[127.4984033624738, 45.33048345642921], [127.50298329348054, 45.330302614138446], [127.50272680258671, 45.32707212619467], [127.49814713030533, 45.32725294822939], [127.4984033624738, 45.33048345642921]]]}, "properties": {"biomass": 144.0826416015625}}, {"type": "Feature", "geometry": {"type": "Polygon", "coordinates": [[[127.50298329348054, 45.330302614138446], [127.5075631810262, 45.33012158875911], [127.50730643141608, 45.32689112109174], [127.50272680258671, 45.32707212619467], [127.50298329348054, 45.330302614138446]]]}, "properties": {"biomass": 121.13538360595703}}, {"type": "Feature", "geometry": {"type": "Polygon", "coordinates": [[[127.5075631810262, 45.33012158875911], [127.51214302506733, 45.329940380295795], [127.51188601674988, 45.32670993292521], [127.50730643141608, 45.32689112109174], [127.5075631810262, 45.33012158875911]]]}, "properties": {"biomass": 116.5982894897461}}, {"type": "Feature", "geometry": {"type": "Polygon", "coordinates": [[[127.51214302506733, 45.329940380295795], [127.51672282556045, 45.329758988753085], [127.51646555854474, 45.32652856169968], [127.51188601674988, 45.32670993292521], [127.51214302506733, 45.329940380295795]]]}, "properties": {"biomass": 102.6036376953125}}, {"type": "Feature", "geometry": {"type": "Polygon", "coordinates": [[[127.51672282556045, 45.329758988753085], [127.52130258246211, 45.32957741413562], [127.52104505675717, 45.326347007419756], [127.51646555854474, 45.32652856169968], [127.51672282556045, 45.329758988753085]]]}, "properties": {"biomass": 101.56526184082031}}, {"type": "Feature", "geometry": {"type": "Polygon", "coordinates": [[[127.52130258246211, 45.32957741413562], [127.52588229572882, 45.329395656447986], [127.52562451134368, 45.326165270090044], [127.52104505675717, 45.326347007419756], [127.52130258246211, 45.32957741413562]]]}, "properties": {"biomass": 117.42445373535156}}, {"type": "Feature", "geometry": {"type": "Polygon", "coordinates": [[[127.52588229572882, 45.329395656447986], [127.53046196531717, 45.32921371569482], [127.53020392226088, 45.32598334971517], [127.52562451134368, 45.326165270090044], [127.52588229572882, 45.329395656447986]]]}, "properties": {"biomass": 102.07565307617188}}, {"type": "Feature", "geometry": {"type": "Polygon", "coordinates": [[[127.53046196531717, 45.32921371569482], [127.53504159118366, 45.32903159188073], [127.5347832894653, 45.32580124629974], [127.53020392226088, 45.32598334971517], [127.53046196531717, 45.32921371569482]]]}, "properties": {"biomass": 90.77056121826172}}, {"type": "Feature", "geometry": {"type": "Polygon", "coordinates": [[[127.53504159118366, 45.32903159188073], [127.53962117328484, 45.32884928501033], [127.53936261291348, 45.32561895984839], [127.5347832894653, 45.32580124629974], [127.53504159118366, 45.32903159188073]]]}, "properties": {"biomass": 91.65629577636719}}, {"type": "Feature", "geometry": {"type": "Polygon", "coordinates": [[[127.53962117328484, 45.32884928501033], [127.54420071157728, 45.32866679508826], [127.543941892562, 45.32543649036574], [127.53936261291348, 45.32561895984839], [127.53962117328484, 45.32884928501033]]]}, "properties": {"biomass": 101.24698638916016}}, {"type": "Feature", "geometry": {"type": "Polygon", "coordinates": [[[127.54420071157728, 45.32866679508826], [127.5487802060175, 45.32848412211917], [127.5485211283674, 45.32525383785643], [127.543941892562, 45.32543649036574], [127.54420071157728, 45.32866679508826]]]}, "properties": {"biomass": 118.14187622070312}}, {"type": "Feature", "geometry": {"type": "Polygon", "coordinates": [[[127.5487802060175, 45.32848412211917], [127.55335965656207, 45.32830126610767], [127.55310032028623, 45.32507100232509], [127.5485211283674, 45.32525383785643], [127.5487802060175, 45.32848412211917]]]}, "properties": {"biomass": 144.92982482910156}}, {"type": "Feature", "geometry": {"type": "Polygon", "coordinates": [[[127.55335965656207, 45.32830126610767], [127.55793906316754, 45.32811822705843], [127.55767946827508, 45.324887983776364], [127.55310032028623, 45.32507100232509], [127.55335965656207, 45.32830126610767]]]}, "properties": {"biomass": 194.64654541015625}}, {"type": "Feature", "geometry": {"type": "Polygon", "coordinates": [[[127.55793906316754, 45.32811822705843], [127.56251842579051, 45.327935004976084], [127.56225857229053, 45.32470478221491], [127.55767946827508, 45.324887983776364], [127.55793906316754, 45.32811822705843]]]}, "properties": {"biomass": 214.66448974609375}}, {"type": "Feature", "geometry": {"type": "Polygon", "coordinates": [[[127.56251842579051, 45.327935004976084], [127.56709774438748, 45.32775159986529], [127.56683763228912, 45.324521397645356], [127.56225857229053, 45.32470478221491], [127.56251842579051, 45.327935004976084]]]}, "properties": {"biomass": 178.0369415283203}}, {"type": "Feature", "geometry": {"type": "Polygon", "coordinates": [[[127.56709774438748, 45.32775159986529], [127.57167701891503, 45.32756801173068], [127.57141664822745, 45.324337830072395], [127.56683763228912, 45.324521397645356], [127.56709774438748, 45.32775159986529]]]}, "properties": {"biomass": 162.1345977783203}}, {"type": "Feature", "geometry": {"type": "Polygon", "coordinates": [[[127.57167701891503, 45.32756801173068], [127.57625624932977, 45.32738424057696], [127.57599562006207, 45.32415407950066], [127.57141664822745, 45.324337830072395], [127.57167701891503, 45.32756801173068]]]}, "properties": {"biomass": 147.1451416015625}}, {"type": "Feature", "geometry": {"type": "Polygon", "coordinates": [[[127.57625624932977, 45.32738424057696], [127.58083543558821, 45.32720028640877], [127.58057454774956, 45.323970145934815], [127.57599562006207, 45.32415407950066], [127.57625624932977, 45.32738424057696]]]}, "properties": {"biomass": 120.95913696289062}}, {"type": "Feature", "geometry": {"type": "Polygon", "coordinates": [[[127.58083543558821, 45.32720028640877], [127.58541457764696, 45.32701614923078], [127.58515343124652, 45.32378602937955], [127.58057454774956, 45.323970145934815], [127.58083543558821, 45.32720028640877]]]}, "properties": {"biomass": 120.49459838867188}}, {"type": "Feature", "geometry": {"type": "Polygon", "coordinates": [[[127.58541457764696, 45.32701614923078], [127.5899936754626, 45.32683182904767], [127.58973227050951, 45.32360172983952], [127.58515343124652, 45.32378602937955], [127.58541457764696, 45.32701614923078]]]}, "properties": {"biomass": 126.40049743652344}}, {"type": "Feature", "geometry": {"type": "Polygon", "coordinates": [[[127.5899936754626, 45.32683182904767], [127.59457272899166, 45.32664732586412], [127.59431106549515, 45.323417247319405], [127.58973227050951, 45.32360172983952], [127.5899936754626, 45.32683182904767]]]}, "properties": {"biomass": 152.52142333984375}}, {"type": "Feature", "geometry": {"type": "Polygon", "coordinates": [[[127.59457272899166, 45.32664732586412], [127.59915173819077, 45.32646263968482], [127.59888981616001, 45.3232325818239], [127.59431106549515, 45.323417247319405], [127.59457272899166, 45.32664732586412]]]}, "properties": {"biomass": 155.5640411376953}}, {"type": "Feature", "geometry": {"type": "Polygon", "coordinates": [[[127.59915173819077, 45.32646263968482], [127.6037307030165, 45.326277770514444], [127.60346852246066, 45.3230477333577], [127.59888981616001, 45.3232325818239], [127.59915173819077, 45.32646263968482]]]}, "properties": {"biomass": 154.71737670898438}}, {"type": "Feature", "geometry": {"type": "Polygon", "coordinates": [[[127.6037307030165, 45.326277770514444], [127.60830962342541, 45.32609271835771], [127.60804718435372, 45.32286270192547], [127.60346852246066, 45.3230477333577], [127.6037307030165, 45.326277770514444]]]}, "properties": {"biomass": 179.20347595214844}}, {"type": "Feature", "geometry": {"type": "Polygon", "coordinates": [[[127.60830962342541, 45.32609271835771], [127.61288849937411, 45.32590748321928], [127.6126258017958, 45.322677487531934], [127.60804718435372, 45.32286270192547], [127.60830962342541, 45.32609271835771]]]}, "properties": {"biomass": 181.10626220703125}}, {"type": "Feature", "geometry": {"type": "Polygon", "coordinates": [[[127.61288849937411, 45.32590748321928], [127.6174673308192, 45.325722065103896], [127.61720437474345, 45.322492090181775], [127.6126258017958, 45.322677487531934], [127.61288849937411, 45.32590748321928]]]}, "properties": {"biomass": 186.00729370117188}}, {"type": "Feature", "geometry": {"type": "Polygon", "coordinates": [[[127.6174673308192, 45.325722065103896], [127.62204611771726, 45.32553646401624], [127.62178290315333, 45.32230650987971], [127.61720437474345, 45.322492090181775], [127.6174673308192, 45.325722065103896]]]}, "properties": {"biomass": 189.11822509765625}}, {"type": "Feature", "geometry": {"type": "Polygon", "coordinates": [[[127.62204611771726, 45.32553646401624], [127.62662486002489, 45.325350679961026], [127.62636138698203, 45.32212074663045], [127.62178290315333, 45.32230650987971], [127.62204611771726, 45.32553646401624]]]}, "properties": {"biomass": 147.8017578125}}, {"type": "Feature", "geometry": {"type": "Polygon", "coordinates": [[[127.62662486002489, 45.325350679961026], [127.63120355769868, 45.325164712942986], [127.6309398261861, 45.321934800438704], [127.62636138698203, 45.32212074663045], [127.62662486002489, 45.325350679961026]]]}, "properties": {"biomass": 115.78355407714844}}, {"type": "Feature", "geometry": {"type": "Polygon", "coordinates": [[[127.63120355769868, 45.325164712942986], [127.63578221069525, 45.32497856296682], [127.63551822072223, 45.321748671309194], [127.6309398261861, 45.321934800438704], [127.63120355769868, 45.325164712942986]]]}, "properties": {"biomass": 132.74142456054688}}, {"type": "Feature", "geometry": {"type": "Polygon", "coordinates": [[[127.63578221069525, 45.32497856296682], [127.64036081897117, 45.324792230037275], [127.640096570547, 45.321562359246656], [127.63551822072223, 45.321748671309194], [127.63578221069525, 45.32497856296682]]]}, "properties": {"biomass": 149.83409118652344}}, {"type": "Feature", "geometry": {"type": "Polygon", "coordinates": [[[127.64036081897117, 45.324792230037275], [127.64493938248312, 45.32460571415906], [127.64467487561701, 45.3213758642558], [127.640096570547, 45.321562359246656], [127.64036081897117, 45.324792230037275]]]}, "properties": {"biomass": 172.70925903320312}}, {"type": "Feature", "geometry": {"type": "Polygon", "coordinates": [[[127.64493938248312, 45.32460571415906], [127.64951790118762, 45.324419015336915], [127.64925313588891, 45.32118918634138], [127.64467487561701, 45.3213758642558], [127.64493938248312, 45.32460571415906]]]}, "properties": {"biomass": 169.10894775390625}}, {"type": "Feature", "geometry": {"type": "Polygon", "coordinates": [[[127.64951790118762, 45.324419015336915], [127.65409637504132, 45.3242321335756], [127.65383135131933, 45.32100232550811], [127.64925313588891, 45.32118918634138], [127.64951790118762, 45.324419015336915]]]}, "properties": {"biomass": 186.56414794921875}}, {"type": "Feature", "geometry": {"type": "Polygon", "coordinates": [[[127.65409637504132, 45.3242321335756], [127.65867480400087, 45.32404506887983], [127.65840952186484, 45.32081528176075], [127.65383135131933, 45.32100232550811], [127.65409637504132, 45.3242321335756]]]}, "properties": {"biomass": 217.32603454589844}}, {"type": "Feature", "geometry": {"type": "Polygon", "coordinates": [[[127.65867480400087, 45.32404506887983], [127.66325318802282, 45.32385782125438], [127.66298764748211, 45.320628055104045], [127.65840952186484, 45.32081528176075], [127.65867480400087, 45.32404506887983]]]}, "properties": {"biomass": 168.5345001220703}}, {"type": "Feature", "geometry": {"type": "Polygon", "coordinates": [[[127.66325318802282, 45.32385782125438], [127.66783152706385, 45.323670390703974], [127.66756572812776, 45.320440645542746], [127.66298764748211, 45.320628055104045], [127.66325318802282, 45.32385782125438]]]}, "properties": {"biomass": 172.4150390625}}, {"type": "Feature", "geometry": {"type": "Polygon", "coordinates": [[[127.66783152706385, 45.323670390703974], [127.67240982108058, 45.32348277723339], [127.6721437637584, 45.32025305308161], [127.66756572812776, 45.320440645542746], [127.66783152706385, 45.323670390703974]]]}, "properties": {"biomass": 187.8975067138672}}, {"type": "Feature", "geometry": {"type": "Polygon", "coordinates": [[[127.67240982108058, 45.32348277723339], [127.67698807002958, 45.32329498084739], [127.67672175433071, 45.32006527772539], [127.6721437637584, 45.32025305308161], [127.67240982108058, 45.32348277723339]]]}, "properties": {"biomass": 192.55352783203125}}, {"type": "Feature", "geometry": {"type": "Polygon", "coordinates": [[[127.67698807002958, 45.32329498084739], [127.68156627386755, 45.323107001550724], [127.68129969980129, 45.31987731947887], [127.67672175433071, 45.32006527772539], [127.67698807002958, 45.32329498084739]]]}, "properties": {"biomass": 200.64187622070312}}, {"type": "Feature", "geometry": {"type": "Polygon", "coordinates": [[[127.49356741461534, 45.32743358719134], [127.49814713030533, 45.32725294822939], [127.49789094154542, 45.324022437059874], [127.49331148454631, 45.32420305578843], [127.49356741461534, 45.32743358719134]]]}, "properties": {"biomass": 128.04904174804688}}, {"type": "Feature", "geometry": {"type": "Polygon", "coordinates": [[[127.49814713030533, 45.32725294822939], [127.50272680258671, 45.32707212619467], [127.50247035514496, 45.32384163527891], [127.49789094154542, 45.324022437059874], [127.49814713030533, 45.32725294822939]]]}, "properties": {"biomass": 136.44793701171875}}, {"type": "Feature", "geometry": {"type": "Polygon", "coordinates": [[[127.50272680258671, 45.32707212619467], [127.50730643141608, 45.32689112109174], [127.50704972530144, 45.323660650450115], [127.50247035514496, 45.32384163527891], [127.50272680258671, 45.32707212619467]]]}, "properties": {"biomass": 157.6134490966797}}, {"type": "Feature", "geometry": {"type": "Polygon", "coordinates": [[[127.51188601674988, 45.32670993292521], [127.51646555854474, 45.32652856169968], [127.51620833511146, 45.32329813166746], [127.51162905197143, 45.32347948257809], [127.51188601674988, 45.32670993292521]]]}, "properties": {"biomass": 118.55696868896484}}, {"type": "Feature", "geometry": {"type": "Polygon", "coordinates": [[[127.51646555854474, 45.32652856169968], [127.52104505675717, 45.326347007419756], [127.52078757467811, 45.32311659772279], [127.51620833511146, 45.32329813166746], [127.51646555854474, 45.32652856169968]]]}, "properties": {"biomass": 103.01812744140625}}, {"type": "Feature", "geometry": {"type": "Polygon", "coordinates": [[[127.52104505675717, 45.326347007419756], [127.52562451134368, 45.326165270090044], [127.5253667706279, 45.32293488074871], [127.52078757467811, 45.32311659772279], [127.52104505675717, 45.326347007419756]]]}, "properties": {"biomass": 109.56450653076172}}, {"type": "Feature", "geometry": {"type": "Polygon", "coordinates": [[[127.52562451134368, 45.326165270090044], [127.53020392226088, 45.32598334971517], [127.52994592291739, 45.32275298074984], [127.5253667706279, 45.32293488074871], [127.52562451134368, 45.326165270090044]]]}, "properties": {"biomass": 110.13999938964844}}, {"type": "Feature", "geometry": {"type": "Polygon", "coordinates": [[[127.53020392226088, 45.32598334971517], [127.5347832894653, 45.32580124629974], [127.53452503150318, 45.322570897730785], [127.52994592291739, 45.32275298074984], [127.53020392226088, 45.32598334971517]]]}, "properties": {"biomass": 88.7803955078125}}, {"type": "Feature", "geometry": {"type": "Polygon", "coordinates": [[[127.5347832894653, 45.32580124629974], [127.53936261291348, 45.32561895984839], [127.5391040963418, 45.32238863169618], [127.53452503150318, 45.322570897730785], [127.5347832894653, 45.32580124629974]]]}, "properties": {"biomass": 91.0197525024414}}, {"type": "Feature", "geometry": {"type": "Polygon", "coordinates": [[[127.53936261291348, 45.32561895984839], [127.543941892562, 45.32543649036574], [127.54368311738983, 45.322206182650646], [127.5391040963418, 45.32238863169618], [127.53936261291348, 45.32561895984839]]]}, "properties": {"biomass": 116.39728546142578}}, {"type": "Feature", "geometry": {"type": "Polygon", "coordinates": [[[127.543941892562, 45.32543649036574], [127.5485211283674, 45.32525383785643], [127.54826209460384, 45.32202355059882], [127.54368311738983, 45.322206182650646], [127.543941892562, 45.32543649036574]]]}, "properties": {"biomass": 122.61032104492188}}, {"type": "Feature", "geometry": {"type": "Polygon", "coordinates": [[[127.5485211283674, 45.32525383785643], [127.55310032028623, 45.32507100232509], [127.5528410279404, 45.32184073554534], [127.54826209460384, 45.32202355059882], [127.5485211283674, 45.32525383785643]]]}, "properties": {"biomass": 125.0374755859375}}, {"type": "Feature", "geometry": {"type": "Polygon", "coordinates": [[[127.55310032028623, 45.32507100232509], [127.55767946827508, 45.324887983776364], [127.55741991735607, 45.321657737494824], [127.5528410279404, 45.32184073554534], [127.55310032028623, 45.32507100232509]]]}, "properties": {"biomass": 150.70089721679688}}, {"type": "Feature", "geometry": {"type": "Polygon", "coordinates": [[[127.55767946827508, 45.324887983776364], [127.56225857229053, 45.32470478221491], [127.56199876280743, 45.32147455645195], [127.55741991735607, 45.321657737494824], [127.55767946827508, 45.324887983776364]]]}, "properties": {"biomass": 162.1309356689453}}, {"type": "Feature", "geometry": {"type": "Polygon", "coordinates": [[[127.56225857229053, 45.32470478221491], [127.56683763228912, 45.324521397645356], [127.56657756425106, 45.321291192421356], [127.56199876280743, 45.32147455645195], [127.56225857229053, 45.32470478221491]]]}, "properties": {"biomass": 159.61026000976562}}, {"type": "Feature", "geometry": {"type": "Polygon", "coordinates": [[[127.56683763228912, 45.324521397645356], [127.57141664822745, 45.324337830072395], [127.57115632164356, 45.3211076454077], [127.56657756425106, 45.321291192421356], [127.56683763228912, 45.324521397645356]]]}, "properties": {"biomass": 151.47503662109375}}, {"type": "Feature", "geometry": {"type": "Polygon", "coordinates": [[[127.57141664822745, 45.324337830072395], [127.57599562006207, 45.32415407950066], [127.57573503494149, 45.32092391541564], [127.57115632164356, 45.3211076454077], [127.57141664822745, 45.324337830072395]]]}, "properties": {"biomass": 148.7843017578125}}, {"type": "Feature", "geometry": {"type": "Polygon", "coordinates": [[[127.57599562006207, 45.32415407950066], [127.58057454774956, 45.323970145934815], [127.58031370410144, 45.32074000244983], [127.57573503494149, 45.32092391541564], [127.57599562006207, 45.32415407950066]]]}, "properties": {"biomass": 130.1566162109375}}, {"type": "Feature", "geometry": {"type": "Polygon", "coordinates": [[[127.58057454774956, 45.323970145934815], [127.58515343124652, 45.32378602937955], [127.58489232908005, 45.32055590651497], [127.58031370410144, 45.32074000244983], [127.58057454774956, 45.323970145934815]]]}, "properties": {"biomass": 128.3570098876953}}, {"type": "Feature", "geometry": {"type": "Polygon", "coordinates": [[[127.58515343124652, 45.32378602937955], [127.58973227050951, 45.32360172983952], [127.58947090983382, 45.32037162761571], [127.58489232908005, 45.32055590651497], [127.58515343124652, 45.32378602937955]]]}, "properties": {"biomass": 156.05914306640625}}, {"type": "Feature", "geometry": {"type": "Polygon", "coordinates": [[[127.58973227050951, 45.32360172983952], [127.59431106549515, 45.323417247319405], [127.5940494463194, 45.32018716575671], [127.58947090983382, 45.32037162761571], [127.58973227050951, 45.32360172983952]]]}, "properties": {"biomass": 162.8959197998047}}, {"type": "Feature", "geometry": {"type": "Polygon", "coordinates": [[[127.59431106549515, 45.323417247319405], [127.59888981616001, 45.3232325818239], [127.59862793849341, 45.32000252094269], [127.5940494463194, 45.32018716575671], [127.59431106549515, 45.323417247319405]]]}, "properties": {"biomass": 177.35581970214844}}, {"type": "Feature", "geometry": {"type": "Polygon", "coordinates": [[[127.59888981616001, 45.3232325818239], [127.60346852246066, 45.3230477333577], [127.60320638631242, 45.31981769317832], [127.59862793849341, 45.32000252094269], [127.59888981616001, 45.3232325818239]]]}, "properties": {"biomass": 187.84654235839844}}, {"type": "Feature", "geometry": {"type": "Polygon", "coordinates": [[[127.60346852246066, 45.3230477333577], [127.60804718435372, 45.32286270192547], [127.60778478973305, 45.31963268246828], [127.60320638631242, 45.31981769317832], [127.60346852246066, 45.3230477333577]]]}, "properties": {"biomass": 193.8794708251953}}, {"type": "Feature", "geometry": {"type": "Polygon", "coordinates": [[[127.60804718435372, 45.32286270192547], [127.6126258017958, 45.322677487531934], [127.61236314871185, 45.319447488817296], [127.60778478973305, 45.31963268246828], [127.60804718435372, 45.32286270192547]]]}, "properties": {"biomass": 192.79360961914062}}, {"type": "Feature", "geometry": {"type": "Polygon", "coordinates": [[[127.6126258017958, 45.322677487531934], [127.61720437474345, 45.322492090181775], [127.61694146320552, 45.31926211223004], [127.61236314871185, 45.319447488817296], [127.6126258017958, 45.322677487531934]]]}, "properties": {"biomass": 182.1295623779297}}, {"type": "Feature", "geometry": {"type": "Polygon", "coordinates": [[[127.61720437474345, 45.322492090181775], [127.62178290315333, 45.32230650987971], [127.62151973317057, 45.31907655271123], [127.61694146320552, 45.31926211223004], [127.61720437474345, 45.322492090181775]]]}, "properties": {"biomass": 150.29286193847656}}, {"type": "Feature", "geometry": {"type": "Polygon", "coordinates": [[[127.62178290315333, 45.32230650987971], [127.62636138698203, 45.32212074663045], [127.62609795856372, 45.31889081026558], [127.62151973317057, 45.31907655271123], [127.62178290315333, 45.32230650987971]]]}, "properties": {"biomass": 138.2517852783203}}, {"type": "Feature", "geometry": {"type": "Polygon", "coordinates": [[[127.62636138698203, 45.32212074663045], [127.6309398261861, 45.321934800438704], [127.6306761393415, 45.31870488489779], [127.62609795856372, 45.31889081026558], [127.62636138698203, 45.32212074663045]]]}, "properties": {"biomass": 114.89727020263672}}, {"type": "Feature", "geometry": {"type": "Polygon", "coordinates": [[[127.6309398261861, 45.321934800438704], [127.63551822072223, 45.321748671309194], [127.63525427546058, 45.318518776612606], [127.6306761393415, 45.31870488489779], [127.6309398261861, 45.321934800438704]]]}, "properties": {"biomass": 167.97610473632812}}, {"type": "Feature", "geometry": {"type": "Polygon", "coordinates": [[[127.63551822072223, 45.321748671309194], [127.640096570547, 45.321562359246656], [127.63983236687757, 45.318332485414714], [127.63525427546058, 45.318518776612606], [127.63551822072223, 45.321748671309194]]]}, "properties": {"biomass": 172.2645721435547}}, {"type": "Feature", "geometry": {"type": "Polygon", "coordinates": [[[127.640096570547, 45.321562359246656], [127.64467487561701, 45.3213758642558], [127.64441041354905, 45.318146011308876], [127.63983236687757, 45.318332485414714], [127.640096570547, 45.321562359246656]]]}, "properties": {"biomass": 177.62200927734375}}, {"type": "Feature", "geometry": {"type": "Polygon", "coordinates": [[[127.64467487561701, 45.3213758642558], [127.64925313588891, 45.32118918634138], [127.64898841543173, 45.31795935429981], [127.64441041354905, 45.318146011308876], [127.64467487561701, 45.3213758642558]]]}, "properties": {"biomass": 195.01922607421875}}, {"type": "Feature", "geometry": {"type": "Polygon", "coordinates": [[[127.64925313588891, 45.32118918634138], [127.65383135131933, 45.32100232550811], [127.65356637248219, 45.317772514392246], [127.64898841543173, 45.31795935429981], [127.64925313588891, 45.32118918634138]]]}, "properties": {"biomass": 213.76904296875}}, {"type": "Feature", "geometry": {"type": "Polygon", "coordinates": [[[127.65383135131933, 45.32100232550811], [127.65840952186484, 45.32081528176075], [127.65814428465706, 45.31758549159095], [127.65356637248219, 45.317772514392246], [127.65383135131933, 45.32100232550811]]]}, "properties": {"biomass": 230.3213653564453}}, {"type": "Feature", "geometry": {"type": "Polygon", "coordinates": [[[127.65840952186484, 45.32081528176075], [127.66298764748211, 45.320628055104045], [127.66272215191302, 45.317398285900644], [127.65814428465706, 45.31758549159095], [127.65840952186484, 45.32081528176075]]]}, "properties": {"biomass": 211.71168518066406}}, {"type": "Feature", "geometry": {"type": "Polygon", "coordinates": [[[127.66298764748211, 45.320628055104045], [127.66756572812776, 45.320440645542746], [127.66729997420663, 45.317210897326085], [127.66272215191302, 45.317398285900644], [127.66298764748211, 45.320628055104045]]]}, "properties": {"biomass": 178.10745239257812}}, {"type": "Feature", "geometry": {"type": "Polygon", "coordinates": [[[127.66756572812776, 45.320440645542746], [127.6721437637584, 45.32025305308161], [127.6718777514946, 45.317023325872036], [127.66729997420663, 45.317210897326085], [127.66756572812776, 45.320440645542746]]]}, "properties": {"biomass": 199.76397705078125}}, {"type": "Feature", "geometry": {"type": "Polygon", "coordinates": [[[127.6721437637584, 45.32025305308161], [127.67672175433071, 45.32006527772539], [127.67645548373353, 45.31683557154325], [127.6718777514946, 45.317023325872036], [127.6721437637584, 45.32025305308161]]]}, "properties": {"biomass": 180.03439331054688}}, {"type": "Feature", "geometry": {"type": "Polygon", "coordinates": [[[127.67672175433071, 45.32006527772539], [127.68129969980129, 45.31987731947887], [127.68103317088011, 45.316647634344505], [127.67645548373353, 45.31683557154325], [127.67672175433071, 45.32006527772539]]]}, "properties": {"biomass": 223.11181640625}}, {"type": "Feature", "geometry": {"type": "Polygon", "coordinates": [[[127.49331148454631, 45.32420305578843], [127.49789094154542, 45.324022437059874], [127.49763479618511, 45.320791922920925], [127.49305559783339, 45.32097252141837], [127.49331148454631, 45.32420305578843]]]}, "properties": {"biomass": 129.48426818847656}}, {"type": "Feature", "geometry": {"type": "Polygon", "coordinates": [[[127.50247035514496, 45.32384163527891], [127.50704972530144, 45.323660650450115], [127.50679306267331, 45.3204301768345], [127.50221395114623, 45.32061114139143], [127.50247035514496, 45.32384163527891]]]}, "properties": {"biomass": 106.03192138671875}}, {"type": "Feature", "geometry": {"type": "Polygon", "coordinates": [[[127.50704972530144, 45.323660650450115], [127.51162905197143, 45.32347948257809], [127.51137213072292, 45.32024902925471], [127.50679306267331, 45.3204301768345], [127.50704972530144, 45.323660650450115]]]}, "properties": {"biomass": 112.77427673339844}}, {"type": "Feature", "geometry": {"type": "Polygon", "coordinates": [[[127.51162905197143, 45.32347948257809], [127.51620833511146, 45.32329813166746], [127.51595115525157, 45.320067698656665], [127.51137213072292, 45.32024902925471], [127.51162905197143, 45.32347948257809]]]}, "properties": {"biomass": 98.1790542602539}}, {"type": "Feature", "geometry": {"type": "Polygon", "coordinates": [[[127.51620833511146, 45.32329813166746], [127.52078757467811, 45.32311659772279], [127.52053013621587, 45.31988618504498], [127.51595115525157, 45.320067698656665], [127.51620833511146, 45.32329813166746]]]}, "properties": {"biomass": 101.13072204589844}}, {"type": "Feature", "geometry": {"type": "Polygon", "coordinates": [[[127.52078757467811, 45.32311659772279], [127.5253667706279, 45.32293488074871], [127.52510907357237, 45.31970448842424], [127.52053013621587, 45.31988618504498], [127.52078757467811, 45.32311659772279]]]}, "properties": {"biomass": 104.77201080322266}}, {"type": "Feature", "geometry": {"type": "Polygon", "coordinates": [[[127.5253667706279, 45.32293488074871], [127.52994592291739, 45.32275298074984], [127.52968796727764, 45.31952260879908], [127.52510907357237, 45.31970448842424], [127.5253667706279, 45.32293488074871]]]}, "properties": {"biomass": 125.82931518554688}}, {"type": "Feature", "geometry": {"type": "Polygon", "coordinates": [[[127.52994592291739, 45.32275298074984], [127.53452503150318, 45.322570897730785], [127.53426681728824, 45.319340546174125], [127.52968796727764, 45.31952260879908], [127.52994592291739, 45.32275298074984]]]}, "properties": {"biomass": 98.07674407958984}}, {"type": "Feature", "geometry": {"type": "Polygon", "coordinates": [[[127.53452503150318, 45.322570897730785], [127.5391040963418, 45.32238863169618], [127.53884562356075, 45.319158300553966], [127.53426681728824, 45.319340546174125], [127.53452503150318, 45.322570897730785]]]}, "properties": {"biomass": 102.1591796875}}, {"type": "Feature", "geometry": {"type": "Polygon", "coordinates": [[[127.5391040963418, 45.32238863169618], [127.54368311738983, 45.322206182650646], [127.54342438605171, 45.318975871943245], [127.53884562356075, 45.319158300553966], [127.5391040963418, 45.32238863169618]]]}, "properties": {"biomass": 113.34268188476562}}, {"type": "Feature", "geometry": {"type": "Polygon", "coordinates": [[[127.54368311738983, 45.322206182650646], [127.54826209460384, 45.32202355059882], [127.54800310471775, 45.3187932603466], [127.54342438605171, 45.318975871943245], [127.54368311738983, 45.322206182650646]]]}, "properties": {"biomass": 109.05447387695312}}, {"type": "Feature", "geometry": {"type": "Polygon", "coordinates": [[[127.54826209460384, 45.32202355059882], [127.5528410279404, 45.32184073554534], [127.55258177951544, 45.31861046576867], [127.54800310471775, 45.3187932603466], [127.54826209460384, 45.32202355059882]]]}, "properties": {"biomass": 121.98184967041016}}, {"type": "Feature", "geometry": {"type": "Polygon", "coordinates": [[[127.5528410279404, 45.32184073554534], [127.55741991735607, 45.321657737494824], [127.55716041040132, 45.31842748821409], [127.55258177951544, 45.31861046576867], [127.5528410279404, 45.32184073554534]]]}, "properties": {"biomass": 128.5938262939453}}, {"type": "Feature", "geometry": {"type": "Polygon", "coordinates": [[[127.55741991735607, 45.321657737494824], [127.56199876280743, 45.32147455645195], [127.56173899733203, 45.318244327687495], [127.55716041040132, 45.31842748821409], [127.55741991735607, 45.321657737494824]]]}, "properties": {"biomass": 141.10702514648438}}, {"type": "Feature", "geometry": {"type": "Polygon", "coordinates": [[[127.56199876280743, 45.32147455645195], [127.56657756425106, 45.321291192421356], [127.56631754026412, 45.318060984193544], [127.56173899733203, 45.318244327687495], [127.56199876280743, 45.32147455645195]]]}, "properties": {"biomass": 145.41705322265625}}, {"type": "Feature", "geometry": {"type": "Polygon", "coordinates": [[[127.56657756425106, 45.321291192421356], [127.57115632164356, 45.3211076454077], [127.57089603915422, 45.31787745773689], [127.56631754026412, 45.318060984193544], [127.56657756425106, 45.321291192421356]]]}, "properties": {"biomass": 140.94802856445312}}, {"type": "Feature", "geometry": {"type": "Polygon", "coordinates": [[[127.57115632164356, 45.3211076454077], [127.57573503494149, 45.32092391541564], [127.5754744939589, 45.3176937483222], [127.57089603915422, 45.31787745773689], [127.57115632164356, 45.3211076454077]]]}, "properties": {"biomass": 143.71206665039062}}, {"type": "Feature", "geometry": {"type": "Polygon", "coordinates": [[[127.57573503494149, 45.32092391541564], [127.58031370410144, 45.32074000244983], [127.58005290463471, 45.317509855954114], [127.5754744939589, 45.3176937483222], [127.57573503494149, 45.32092391541564]]]}, "properties": {"biomass": 105.84645080566406}}, {"type": "Feature", "geometry": {"type": "Polygon", "coordinates": [[[127.58031370410144, 45.32074000244983], [127.58489232908005, 45.32055590651497], [127.58463127113833, 45.317325780637326], [127.58005290463471, 45.317509855954114], [127.58031370410144, 45.32074000244983]]]}, "properties": {"biomass": 125.75289916992188}}, {"type": "Feature", "geometry": {"type": "Polygon", "coordinates": [[[127.58489232908005, 45.32055590651497], [127.58947090983382, 45.32037162761571], [127.58920959342632, 45.3171415223765], [127.58463127113833, 45.317325780637326], [127.58489232908005, 45.32055590651497]]]}, "properties": {"biomass": 165.4845733642578}}, {"type": "Feature", "geometry": {"type": "Polygon", "coordinates": [[[127.58947090983382, 45.32037162761571], [127.5940494463194, 45.32018716575671], [127.59378787145528, 45.31695708117631], [127.58920959342632, 45.3171415223765], [127.58947090983382, 45.32037162761571]]]}, "properties": {"biomass": 168.10699462890625}}, {"type": "Feature", "geometry": {"type": "Polygon", "coordinates": [[[127.5940494463194, 45.32018716575671], [127.59862793849341, 45.32000252094269], [127.59836610518184, 45.316772457041445], [127.59378787145528, 45.31695708117631], [127.5940494463194, 45.32018716575671]]]}, "properties": {"biomass": 170.16510009765625}}, {"type": "Feature", "geometry": {"type": "Polygon", "coordinates": [[[127.59862793849341, 45.32000252094269], [127.60320638631242, 45.31981769317832], [127.60294429456258, 45.316587649976576], [127.59836610518184, 45.316772457041445], [127.59862793849341, 45.32000252094269]]]}, "properties": {"biomass": 200.20379638671875}}, {"type": "Feature", "geometry": {"type": "Polygon", "coordinates": [[[127.60320638631242, 45.31981769317832], [127.60778478973305, 45.31963268246828], [127.60752243955413, 45.31640265998641], [127.60294429456258, 45.316587649976576], [127.60320638631242, 45.31981769317832]]]}, "properties": {"biomass": 214.31695556640625}}, {"type": "Feature", "geometry": {"type": "Polygon", "coordinates": [[[127.60778478973305, 45.31963268246828], [127.61236314871185, 45.319447488817296], [127.6121005401131, 45.316217487075626], [127.60752243955413, 45.31640265998641], [127.60778478973305, 45.31963268246828]]]}, "properties": {"biomass": 196.42047119140625}}, {"type": "Feature", "geometry": {"type": "Polygon", "coordinates": [[[127.61236314871185, 45.319447488817296], [127.61694146320552, 45.31926211223004], [127.61667859619611, 45.31603213124895], [127.6121005401131, 45.316217487075626], [127.61236314871185, 45.319447488817296]]]}, "properties": {"biomass": 175.85943603515625}}, {"type": "Feature", "geometry": {"type": "Polygon", "coordinates": [[[127.61694146320552, 45.31926211223004], [127.62151973317057, 45.31907655271123], [127.6212566077598, 45.315846592511065], [127.61667859619611, 45.31603213124895], [127.61694146320552, 45.31926211223004]]]}, "properties": {"biomass": 131.6732635498047}}, {"type": "Feature", "geometry": {"type": "Polygon", "coordinates": [[[127.62151973317057, 45.31907655271123], [127.62609795856372, 45.31889081026558], [127.62583457476074, 45.315660870866694], [127.6212566077598, 45.315846592511065], [127.62151973317057, 45.31907655271123]]]}, "properties": {"biomass": 124.33511352539062}}, {"type": "Feature", "geometry": {"type": "Polygon", "coordinates": [[[127.62609795856372, 45.31889081026558], [127.6306761393415, 45.31870488489779], [127.63041249715563, 45.31547496632053], [127.62583457476074, 45.315660870866694], [127.62609795856372, 45.31889081026558]]]}, "properties": {"biomass": 148.5827178955078}}, {"type": "Feature", "geometry": {"type": "Polygon", "coordinates": [[[127.6306761393415, 45.31870488489779], [127.63525427546058, 45.318518776612606], [127.63499037490102, 45.3152888788773], [127.63041249715563, 45.31547496632053], [127.6306761393415, 45.31870488489779]]]}, "properties": {"biomass": 186.93797302246094}}, {"type": "Feature", "geometry": {"type": "Polygon", "coordinates": [[[127.63525427546058, 45.318518776612606], [127.63983236687757, 45.318332485414714], [127.63956820795359, 45.31510260854174], [127.63499037490102, 45.3152888788773], [127.63525427546058, 45.318518776612606]]]}, "properties": {"biomass": 221.5115509033203}}, {"type": "Feature", "geometry": {"type": "Polygon", "coordinates": [[[127.63983236687757, 45.318332485414714], [127.64441041354905, 45.318146011308876], [127.64414599626996, 45.31491615531857], [127.63956820795359, 45.31510260854174], [127.63983236687757, 45.318332485414714]]]}, "properties": {"biomass": 181.0598907470703}}, {"type": "Feature", "geometry": {"type": "Polygon", "coordinates": [[[127.64441041354905, 45.318146011308876], [127.64898841543173, 45.31795935429981], [127.64872373980675, 45.314729519212506], [127.64414599626996, 45.31491615531857], [127.64441041354905, 45.318146011308876]]]}, "properties": {"biomass": 204.2291717529297}}, {"type": "Feature", "geometry": {"type": "Polygon", "coordinates": [[[127.64898841543173, 45.31795935429981], [127.65356637248219, 45.317772514392246], [127.65330143852066, 45.31454270022831], [127.64872373980675, 45.314729519212506], [127.64898841543173, 45.31795935429981]]]}, "properties": {"biomass": 208.0978546142578}}, {"type": "Feature", "geometry": {"type": "Polygon", "coordinates": [[[127.65356637248219, 45.317772514392246], [127.65814428465706, 45.31758549159095], [127.65787909236825, 45.314355698370704], [127.65330143852066, 45.31454270022831], [127.65356637248219, 45.317772514392246]]]}, "properties": {"biomass": 223.67181396484375}}, {"type": "Feature", "geometry": {"type": "Polygon", "coordinates": [[[127.65814428465706, 45.31758549159095], [127.66272215191302, 45.317398285900644], [127.66245670130621, 45.31416851364444], [127.65787909236825, 45.314355698370704], [127.65814428465706, 45.31758549159095]]]}, "properties": {"biomass": 227.22506713867188}}, {"type": "Feature", "geometry": {"type": "Polygon", "coordinates": [[[127.66272215191302, 45.317398285900644], [127.66729997420663, 45.317210897326085], [127.66703426529118, 45.313981146054275], [127.66245670130621, 45.31416851364444], [127.66272215191302, 45.317398285900644]]]}, "properties": {"biomass": 226.84315490722656}}, {"type": "Feature", "geometry": {"type": "Polygon", "coordinates": [[[127.66729997420663, 45.317210897326085], [127.6718777514946, 45.317023325872036], [127.6716117842798, 45.31379359560495], [127.66703426529118, 45.313981146054275], [127.66729997420663, 45.317210897326085]]]}, "properties": {"biomass": 223.9154815673828}}, {"type": "Feature", "geometry": {"type": "Polygon", "coordinates": [[[127.49305559783339, 45.32097252141837], [127.49763479618511, 45.320791922920925], [127.49737869421541, 45.31756140581278], [127.49279975446765, 45.31774198408139], [127.49305559783339, 45.32097252141837]]]}, "properties": {"biomass": 97.62237548828125}}, {"type": "Feature", "geometry": {"type": "Polygon", "coordinates": [[[127.49763479618511, 45.320791922920925], [127.50221395114623, 45.32061114139143], [127.50195759058155, 45.317380644532484], [127.49737869421541, 45.31756140581278], [127.49763479618511, 45.320791922920925]]]}, "properties": {"biomass": 111.0938949584961}}, {"type": "Feature", "geometry": {"type": "Polygon", "coordinates": [[[127.50221395114623, 45.32061114139143], [127.50679306267331, 45.3204301768345], [127.5065364435227, 45.31719970024514], [127.50195759058155, 45.317380644532484], [127.50221395114623, 45.32061114139143]]]}, "properties": {"biomass": 119.17933654785156}}, {"type": "Feature", "geometry": {"type": "Polygon", "coordinates": [[[127.50679306267331, 45.3204301768345], [127.51137213072292, 45.32024902925471], [127.51111525299532, 45.3170185729553], [127.5065364435227, 45.31719970024514], [127.50679306267331, 45.3204301768345]]]}, "properties": {"biomass": 125.62444305419922}}, {"type": "Feature", "geometry": {"type": "Polygon", "coordinates": [[[127.51137213072292, 45.32024902925471], [127.51595115525157, 45.320067698656665], [127.51569401895605, 45.31683726266758], [127.51111525299532, 45.3170185729553], [127.51137213072292, 45.32024902925471]]]}, "properties": {"biomass": 124.15090942382812}}, {"type": "Feature", "geometry": {"type": "Polygon", "coordinates": [[[127.51595115525157, 45.320067698656665], [127.52053013621587, 45.31988618504498], [127.52027274136145, 45.31665576938658], [127.51569401895605, 45.31683726266758], [127.51595115525157, 45.320067698656665]]]}, "properties": {"biomass": 120.62194061279297}}, {"type": "Feature", "geometry": {"type": "Polygon", "coordinates": [[[127.52053013621587, 45.31988618504498], [127.52510907357237, 45.31970448842424], [127.52485142016809, 45.316474093116895], [127.52027274136145, 45.31665576938658], [127.52053013621587, 45.31988618504498]]]}, "properties": {"biomass": 122.11644744873047}}, {"type": "Feature", "geometry": {"type": "Polygon", "coordinates": [[[127.52510907357237, 45.31970448842424], [127.52968796727764, 45.31952260879908], [127.52943005533254, 45.31629223386317], [127.52485142016809, 45.316474093116895], [127.52510907357237, 45.31970448842424]]]}, "properties": {"biomass": 120.39474487304688}}, {"type": "Feature", "geometry": {"type": "Polygon", "coordinates": [[[127.52968796727764, 45.31952260879908], [127.53426681728824, 45.319340546174125], [127.53400864681137, 45.316110191629996], [127.52943005533254, 45.31629223386317], [127.52968796727764, 45.31952260879908]]]}, "properties": {"biomass": 106.80645751953125}}, {"type": "Feature", "geometry": {"type": "Polygon", "coordinates": [[[127.53426681728824, 45.319340546174125], [127.53884562356075, 45.319158300553966], [127.53858719456116, 45.315927966422], [127.53400864681137, 45.316110191629996], [127.53426681728824, 45.319340546174125]]]}, "properties": {"biomass": 103.4284439086914}}, {"type": "Feature", "geometry": {"type": "Polygon", "coordinates": [[[127.53884562356075, 45.319158300553966], [127.54342438605171, 45.318975871943245], [127.54316569853853, 45.315745558243805], [127.53858719456116, 45.315927966422], [127.53884562356075, 45.319158300553966]]]}, "properties": {"biomass": 125.21212768554688}}, {"type": "Feature", "geometry": {"type": "Polygon", "coordinates": [[[127.54342438605171, 45.318975871943245], [127.54800310471775, 45.3187932603466], [127.54774415870003, 45.31556296710005], [127.54316569853853, 45.315745558243805], [127.54342438605171, 45.318975871943245]]]}, "properties": {"biomass": 108.58661651611328}}, {"type": "Feature", "geometry": {"type": "Polygon", "coordinates": [[[127.54800310471775, 45.3187932603466], [127.55258177951544, 45.31861046576867], [127.55232257500225, 45.31538019299536], [127.54774415870003, 45.31556296710005], [127.54800310471775, 45.3187932603466]]]}, "properties": {"biomass": 114.91949462890625}}, {"type": "Feature", "geometry": {"type": "Polygon", "coordinates": [[[127.55258177951544, 45.31861046576867], [127.55716041040132, 45.31842748821409], [127.55690094740179, 45.31519723593439], [127.55232257500225, 45.31538019299536], [127.55258177951544, 45.31861046576867]]]}, "properties": {"biomass": 123.78986358642578}}, {"type": "Feature", "geometry": {"type": "Polygon", "coordinates": [[[127.55716041040132, 45.31842748821409], [127.56173899733203, 45.318244327687495], [127.56147927585526, 45.315014095921775], [127.55690094740179, 45.31519723593439], [127.55716041040132, 45.31842748821409]]]}, "properties": {"biomass": 129.46820068359375}}, {"type": "Feature", "geometry": {"type": "Polygon", "coordinates": [[[127.56173899733203, 45.318244327687495], [127.56631754026412, 45.318060984193544], [127.56605756031922, 45.314830772962154], [127.56147927585526, 45.315014095921775], [127.56173899733203, 45.318244327687495]]]}, "properties": {"biomass": 125.41554260253906}}, {"type": "Feature", "geometry": {"type": "Polygon", "coordinates": [[[127.56631754026412, 45.318060984193544], [127.57089603915422, 45.31787745773689], [127.57063580075031, 45.31464726706021], [127.56605756031922, 45.314830772962154], [127.56631754026412, 45.318060984193544]]]}, "properties": {"biomass": 114.86581420898438}}, {"type": "Feature", "geometry": {"type": "Polygon", "coordinates": [[[127.57089603915422, 45.31787745773689], [127.5754744939589, 45.3176937483222], [127.5752139971051, 45.31446357822056], [127.57063580075031, 45.31464726706021], [127.57089603915422, 45.31787745773689]]]}, "properties": {"biomass": 131.5569305419922}}, {"type": "Feature", "geometry": {"type": "Polygon", "coordinates": [[[127.5754744939589, 45.3176937483222], [127.58005290463471, 45.317509855954114], [127.57979214934022, 45.31427970644789], [127.5752139971051, 45.31446357822056], [127.5754744939589, 45.3176937483222]]]}, "properties": {"biomass": 112.03396606445312}}, {"type": "Feature", "geometry": {"type": "Polygon", "coordinates": [[[127.58005290463471, 45.317509855954114], [127.58463127113833, 45.317325780637326], [127.58437025741227, 45.31409565174687], [127.57979214934022, 45.31427970644789], [127.58005290463471, 45.317509855954114]]]}, "properties": {"biomass": 123.90386199951172}}, {"type": "Feature", "geometry": {"type": "Polygon", "coordinates": [[[127.58463127113833, 45.317325780637326], [127.58920959342632, 45.3171415223765], [127.58894832127784, 45.31391141412217], [127.58437025741227, 45.31409565174687], [127.58463127113833, 45.317325780637326]]]}, "properties": {"biomass": 159.6217041015625}}, {"type": "Feature", "geometry": {"type": "Polygon", "coordinates": [[[127.58920959342632, 45.3171415223765], [127.59378787145528, 45.31695708117631], [127.59352634089358, 45.31372699357845], [127.58894832127784, 45.31391141412217], [127.58920959342632, 45.3171415223765]]]}, "properties": {"biomass": 175.27560424804688}}, {"type": "Feature", "geometry": {"type": "Polygon", "coordinates": [[[127.59378787145528, 45.31695708117631], [127.59836610518184, 45.316772457041445], [127.59810431621608, 45.31354239012042], [127.59352634089358, 45.31372699357845], [127.59378787145528, 45.31695708117631]]]}, "properties": {"biomass": 153.7572479248047}}, {"type": "Feature", "geometry": {"type": "Polygon", "coordinates": [[[127.59836610518184, 45.316772457041445], [127.60294429456258, 45.316587649976576], [127.60268224720194, 45.31335760375273], [127.59810431621608, 45.31354239012042], [127.59836610518184, 45.316772457041445]]]}, "properties": {"biomass": 168.02513122558594}}, {"type": "Feature", "geometry": {"type": "Polygon", "coordinates": [[[127.60294429456258, 45.316587649976576], [127.60752243955413, 45.31640265998641], [127.60726013380783, 45.31317263448011], [127.60268224720194, 45.31335760375273], [127.60294429456258, 45.316587649976576]]]}, "properties": {"biomass": 203.3785858154297}}, {"type": "Feature", "geometry": {"type": "Polygon", "coordinates": [[[127.60752243955413, 45.31640265998641], [127.6121005401131, 45.316217487075626], [127.61183797599031, 45.31298748230723], [127.60726013380783, 45.31317263448011], [127.60752243955413, 45.31640265998641]]]}, "properties": {"biomass": 208.75537109375}}, {"type": "Feature", "geometry": {"type": "Polygon", "coordinates": [[[127.6121005401131, 45.316217487075626], [127.61667859619611, 45.31603213124895], [127.61641577370608, 45.312802147238784], [127.61183797599031, 45.31298748230723], [127.6121005401131, 45.316217487075626]]]}, "properties": {"biomass": 176.8946533203125}}, {"type": "Feature", "geometry": {"type": "Polygon", "coordinates": [[[127.61667859619611, 45.31603213124895], [127.6212566077598, 45.315846592511065], [127.62099352691173, 45.31261662927949], [127.61641577370608, 45.312802147238784], [127.61667859619611, 45.31603213124895]]]}, "properties": {"biomass": 134.18942260742188}}, {"type": "Feature", "geometry": {"type": "Polygon", "coordinates": [[[127.6212566077598, 45.315846592511065], [127.62583457476074, 45.315660870866694], [127.62557123556388, 45.31243092843404], [127.62099352691173, 45.31261662927949], [127.6212566077598, 45.315846592511065]]]}, "properties": {"biomass": 136.22642517089844}}, {"type": "Feature", "geometry": {"type": "Polygon", "coordinates": [[[127.62583457476074, 45.315660870866694], [127.63041249715563, 45.31547496632053], [127.6301488996192, 45.312245044707154], [127.62557123556388, 45.31243092843404], [127.62583457476074, 45.315660870866694]]]}, "properties": {"biomass": 134.885009765625}}, {"type": "Feature", "geometry": {"type": "Polygon", "coordinates": [[[127.63041249715563, 45.31547496632053], [127.63499037490102, 45.3152888788773], [127.6347265190343, 45.31205897810357], [127.6301488996192, 45.312245044707154], [127.63041249715563, 45.31547496632053]]]}, "properties": {"biomass": 150.44566345214844}}, {"type": "Feature", "geometry": {"type": "Polygon", "coordinates": [[[127.63499037490102, 45.3152888788773], [127.63956820795359, 45.31510260854174], [127.63930409376583, 45.31187272862798], [127.6347265190343, 45.31205897810357], [127.63499037490102, 45.3152888788773]]]}, "properties": {"biomass": 240.56919860839844}}, {"type": "Feature", "geometry": {"type": "Polygon", "coordinates": [[[127.63956820795359, 45.31510260854174], [127.64414599626996, 45.31491615531857], [127.64388162377041, 45.311686296285124], [127.63930409376583, 45.31187272862798], [127.63956820795359, 45.31510260854174]]]}, "properties": {"biomass": 223.26165771484375}}, {"type": "Feature", "geometry": {"type": "Polygon", "coordinates": [[[127.64414599626996, 45.31491615531857], [127.64872373980675, 45.314729519212506], [127.64845910900472, 45.31149968107974], [127.64388162377041, 45.311686296285124], [127.64414599626996, 45.31491615531857]]]}, "properties": {"biomass": 222.5352783203125}}, {"type": "Feature", "geometry": {"type": "Polygon", "coordinates": [[[127.64872373980675, 45.314729519212506], [127.65330143852066, 45.31454270022831], [127.65303654942537, 45.31131288301654], [127.64845910900472, 45.31149968107974], [127.64872373980675, 45.314729519212506]]]}, "properties": {"biomass": 199.17776489257812}}, {"type": "Feature", "geometry": {"type": "Polygon", "coordinates": [[[127.65330143852066, 45.31454270022831], [127.65787909236825, 45.314355698370704], [127.65761394498905, 45.31112590210029], [127.65303654942537, 45.31131288301654], [127.65330143852066, 45.31454270022831]]]}, "properties": {"biomass": 169.52210998535156}}, {"type": "Feature", "geometry": {"type": "Polygon", "coordinates": [[[127.65787909236825, 45.314355698370704], [127.66245670130621, 45.31416851364444], [127.66219129565242, 45.31093873833573], [127.65761394498905, 45.31112590210029], [127.65787909236825, 45.314355698370704]]]}, "properties": {"biomass": 181.61441040039062}}, {"type": "Feature", "geometry": {"type": "Polygon", "coordinates": [[[127.66245670130621, 45.31416851364444], [127.66703426529118, 45.313981146054275], [127.66676860137207, 45.31075139172759], [127.66219129565242, 45.31093873833573], [127.66245670130621, 45.31416851364444]]]}, "properties": {"biomass": 221.01022338867188}}, {"type": "Feature", "geometry": {"type": "Polygon", "coordinates": [[[127.66703426529118, 45.313981146054275], [127.6716117842798, 45.31379359560495], [127.67134586210472, 45.31056386228063], [127.66676860137207, 45.31075139172759], [127.66703426529118, 45.313981146054275]]]}, "properties": {"biomass": 239.80950927734375}}, {"type": "Feature", "geometry": {"type": "Polygon", "coordinates": [[[127.49279975446765, 45.31774198408139], [127.49737869421541, 45.31756140581278], [127.49712263562732, 45.31433088573568], [127.49254395444007, 45.31451144377774], [127.49279975446765, 45.31774198408139]]]}, "properties": {"biomass": 80.73308563232422}}, {"type": "Feature", "geometry": {"type": "Polygon", "coordinates": [[[127.49737869421541, 45.31756140581278], [127.50195759058155, 45.317380644532484], [127.50170127344195, 45.31415014470233], [127.49712263562732, 45.31433088573568], [127.49737869421541, 45.31756140581278]]]}, "properties": {"biomass": 129.850830078125}}, {"type": "Feature", "geometry": {"type": "Polygon", "coordinates": [[[127.50195759058155, 45.317380644532484], [127.5065364435227, 45.31719970024514], [127.50627986784053, 45.313969220682274], [127.50170127344195, 45.31415014470233], [127.50195759058155, 45.317380644532484]]]}, "properties": {"biomass": 144.98416137695312}}, {"type": "Feature", "geometry": {"type": "Polygon", "coordinates": [[[127.5065364435227, 45.31719970024514], [127.51111525299532, 45.3170185729553], [127.51085841877966, 45.313788113680104], [127.50627986784053, 45.313969220682274], [127.5065364435227, 45.31719970024514]]]}, "properties": {"biomass": 137.5640411376953}}, {"type": "Feature", "geometry": {"type": "Polygon", "coordinates": [[[127.51111525299532, 45.3170185729553], [127.51569401895605, 45.31683726266758], [127.5154369262159, 45.313606823700425], [127.51085841877966, 45.313788113680104], [127.51111525299532, 45.3170185729553]]]}, "properties": {"biomass": 130.7701873779297}}, {"type": "Feature", "geometry": {"type": "Polygon", "coordinates": [[[127.51569401895605, 45.31683726266758], [127.52027274136145, 45.31665576938658], [127.52001539010581, 45.31342535074783], [127.5154369262159, 45.313606823700425], [127.51569401895605, 45.31683726266758]]]}, "properties": {"biomass": 133.58352661132812}}, {"type": "Feature", "geometry": {"type": "Polygon", "coordinates": [[[127.52027274136145, 45.31665576938658], [127.52485142016809, 45.316474093116895], [127.52459381040599, 45.31324369482692], [127.52001539010581, 45.31342535074783], [127.52027274136145, 45.31665576938658]]]}, "properties": {"biomass": 133.28121948242188}}, {"type": "Feature", "geometry": {"type": "Polygon", "coordinates": [[[127.52485142016809, 45.316474093116895], [127.52943005533254, 45.31629223386317], [127.52917218707304, 45.31306185594232], [127.52459381040599, 45.31324369482692], [127.52485142016809, 45.316474093116895]]]}, "properties": {"biomass": 130.36219787597656}}, {"type": "Feature", "geometry": {"type": "Polygon", "coordinates": [[[127.52943005533254, 45.31629223386317], [127.53400864681137, 45.316110191629996], [127.53375052006353, 45.31287983409866], [127.52917218707304, 45.31306185594232], [127.52943005533254, 45.31629223386317]]]}, "properties": {"biomass": 107.02952575683594}}, {"type": "Feature", "geometry": {"type": "Polygon", "coordinates": [[[127.53400864681137, 45.316110191629996], [127.53858719456116, 45.315927966422], [127.53832880933406, 45.31269762930053], [127.53375052006353, 45.31287983409866], [127.53400864681137, 45.316110191629996]]]}, "properties": {"biomass": 110.49278259277344}}, {"type": "Feature", "geometry": {"type": "Polygon", "coordinates": [[[127.53858719456116, 45.315927966422], [127.54316569853853, 45.315745558243805], [127.54290705484118, 45.31251524155256], [127.53832880933406, 45.31269762930053], [127.53858719456116, 45.315927966422]]]}, "properties": {"biomass": 126.27281188964844}}, {"type": "Feature", "geometry": {"type": "Polygon", "coordinates": [[[127.54316569853853, 45.315745558243805], [127.54774415870003, 45.31556296710005], [127.54748525654156, 45.3123326708594], [127.54290705484118, 45.31251524155256], [127.54316569853853, 45.315745558243805]]]}, "properties": {"biomass": 133.12791442871094}}, {"type": "Feature", "geometry": {"type": "Polygon", "coordinates": [[[127.54774415870003, 45.31556296710005], [127.55232257500225, 45.31538019299536], [127.55206341439174, 45.31214991722567], [127.54748525654156, 45.3123326708594], [127.54774415870003, 45.31556296710005]]]}, "properties": {"biomass": 128.71836853027344}}, {"type": "Feature", "geometry": {"type": "Polygon", "coordinates": [[[127.55232257500225, 45.31538019299536], [127.55690094740179, 45.31519723593439], [127.55664152834832, 45.311966980655995], [127.55206341439174, 45.31214991722567], [127.55232257500225, 45.31538019299536]]]}, "properties": {"biomass": 127.39814758300781}}, {"type": "Feature", "geometry": {"type": "Polygon", "coordinates": [[[127.55690094740179, 45.31519723593439], [127.56147927585526, 45.315014095921775], [127.56121959836794, 45.31178386115506], [127.55664152834832, 45.311966980655995], [127.55690094740179, 45.31519723593439]]]}, "properties": {"biomass": 124.0980224609375}}, {"type": "Feature", "geometry": {"type": "Polygon", "coordinates": [[[127.56147927585526, 45.315014095921775], [127.56605756031922, 45.314830772962154], [127.56579762440721, 45.31160055872746], [127.56121959836794, 45.31178386115506], [127.56147927585526, 45.315014095921775]]]}, "properties": {"biomass": 128.6936798095703}}, {"type": "Feature", "geometry": {"type": "Polygon", "coordinates": [[[127.56605756031922, 45.314830772962154], [127.57063580075031, 45.31464726706021], [127.57037560642269, 45.3114170733779], [127.56579762440721, 45.31160055872746], [127.56605756031922, 45.314830772962154]]]}, "properties": {"biomass": 129.1759033203125}}, {"type": "Feature", "geometry": {"type": "Polygon", "coordinates": [[[127.57063580075031, 45.31464726706021], [127.5752139971051, 45.31446357822056], [127.57495354437101, 45.31123340511099], [127.57037560642269, 45.3114170733779], [127.57063580075031, 45.31464726706021]]]}, "properties": {"biomass": 142.93930053710938}}, {"type": "Feature", "geometry": {"type": "Polygon", "coordinates": [[[127.5752139971051, 45.31446357822056], [127.57979214934022, 45.31427970644789], [127.57953143820879, 45.311049553931426], [127.57495354437101, 45.31123340511099], [127.5752139971051, 45.31446357822056]]]}, "properties": {"biomass": 98.28939056396484}}, {"type": "Feature", "geometry": {"type": "Polygon", "coordinates": [[[127.57979214934022, 45.31427970644789], [127.58437025741227, 45.31409565174687], [127.58410928789266, 45.31086551984386], [127.57953143820879, 45.311049553931426], [127.57979214934022, 45.31427970644789]]]}, "properties": {"biomass": 127.48869323730469}}, {"type": "Feature", "geometry": {"type": "Polygon", "coordinates": [[[127.58437025741227, 45.31409565174687], [127.58894832127784, 45.31391141412217], [127.5886870933792, 45.310681302852956], [127.58410928789266, 45.31086551984386], [127.58437025741227, 45.31409565174687]]]}, "properties": {"biomass": 135.81040954589844}}, {"type": "Feature", "geometry": {"type": "Polygon", "coordinates": [[[127.58894832127784, 45.31391141412217], [127.59352634089358, 45.31372699357845], [127.59326485462508, 45.3104969029634], [127.5886870933792, 45.310681302852956], [127.58894832127784, 45.31391141412217]]]}, "properties": {"biomass": 150.4248809814453}}, {"type": "Feature", "geometry": {"type": "Polygon", "coordinates": [[[127.59352634089358, 45.31372699357845], [127.59810431621608, 45.31354239012042], [127.59784257158691, 45.31031232017987], [127.59326485462508, 45.3104969029634], [127.59352634089358, 45.31372699357845]]]}, "properties": {"biomass": 179.3115997314453}}, {"type": "Feature", "geometry": {"type": "Polygon", "coordinates": [[[127.59810431621608, 45.31354239012042], [127.60268224720194, 45.31335760375273], [127.60242024422129, 45.310127554507055], [127.59784257158691, 45.31031232017987], [127.59810431621608, 45.31354239012042]]]}, "properties": {"biomass": 139.8900146484375}}, {"type": "Feature", "geometry": {"type": "Polygon", "coordinates": [[[127.60268224720194, 45.31335760375273], [127.60726013380783, 45.31317263448011], [127.60699787248488, 45.30994260594964], [127.60242024422129, 45.310127554507055], [127.60268224720194, 45.31335760375273]]]}, "properties": {"biomass": 171.5040283203125}}, {"type": "Feature", "geometry": {"type": "Polygon", "coordinates": [[[127.60726013380783, 45.31317263448011], [127.61183797599031, 45.31298748230723], [127.61157545633428, 45.30975747451231], [127.60699787248488, 45.30994260594964], [127.60726013380783, 45.31317263448011]]]}, "properties": {"biomass": 207.65576171875}}, {"type": "Feature", "geometry": {"type": "Polygon", "coordinates": [[[127.61183797599031, 45.31298748230723], [127.61641577370608, 45.312802147238784], [127.61615299572615, 45.30957216019978], [127.61157545633428, 45.30975747451231], [127.61183797599031, 45.31298748230723]]]}, "properties": {"biomass": 191.10311889648438}}, {"type": "Feature", "geometry": {"type": "Polygon", "coordinates": [[[127.61641577370608, 45.312802147238784], [127.62099352691173, 45.31261662927949], [127.62073049061716, 45.30938666301673], [127.61615299572615, 45.30957216019978], [127.61641577370608, 45.312802147238784]]]}, "properties": {"biomass": 152.12677001953125}}, {"type": "Feature", "geometry": {"type": "Polygon", "coordinates": [[[127.62099352691173, 45.31261662927949], [127.62557123556388, 45.31243092843404], [127.62530794096389, 45.3092009829679], [127.62073049061716, 45.30938666301673], [127.62099352691173, 45.31261662927949]]]}, "properties": {"biomass": 120.39051818847656}}, {"type": "Feature", "geometry": {"type": "Polygon", "coordinates": [[[127.62557123556388, 45.31243092843404], [127.6301488996192, 45.312245044707154], [127.629885346723, 45.30901512005796], [127.62530794096389, 45.3092009829679], [127.62557123556388, 45.31243092843404]]]}, "properties": {"biomass": 128.5875701904297}}, {"type": "Feature", "geometry": {"type": "Polygon", "coordinates": [[[127.6301488996192, 45.312245044707154], [127.6347265190343, 45.31205897810357], [127.63446270785116, 45.30882907429166], [127.629885346723, 45.30901512005796], [127.6301488996192, 45.312245044707154]]]}, "properties": {"biomass": 168.75462341308594}}, {"type": "Feature", "geometry": {"type": "Polygon", "coordinates": [[[127.6347265190343, 45.31205897810357], [127.63930409376583, 45.31187272862798], [127.63904002430498, 45.3086428456737], [127.63446270785116, 45.30882907429166], [127.6347265190343, 45.31205897810357]]]}, "properties": {"biomass": 216.4376678466797}}, {"type": "Feature", "geometry": {"type": "Polygon", "coordinates": [[[127.63930409376583, 45.31187272862798], [127.64388162377041, 45.311686296285124], [127.64361729604114, 45.30845643420883], [127.63904002430498, 45.3086428456737], [127.63930409376583, 45.31187272862798]]]}, "properties": {"biomass": 185.7957305908203}}, {"type": "Feature", "geometry": {"type": "Polygon", "coordinates": [[[127.64388162377041, 45.311686296285124], [127.64845910900472, 45.31149968107974], [127.6481945230163, 45.308269839901754], [127.64361729604114, 45.30845643420883], [127.64388162377041, 45.311686296285124]]]}, "properties": {"biomass": 169.85362243652344}}, {"type": "Feature", "geometry": {"type": "Polygon", "coordinates": [[[127.64845910900472, 45.31149968107974], [127.65303654942537, 45.31131288301654], [127.6527717051871, 45.30808306275723], [127.6481945230163, 45.308269839901754], [127.64845910900472, 45.31149968107974]]]}, "properties": {"biomass": 147.13165283203125}}, {"type": "Feature", "geometry": {"type": "Polygon", "coordinates": [[[127.65303654942537, 45.31131288301654], [127.65761394498905, 45.31112590210029], [127.6573488425102, 45.307896102779964], [127.6527717051871, 45.30808306275723], [127.65303654942537, 45.31131288301654]]]}, "properties": {"biomass": 161.28965759277344}}, {"type": "Feature", "geometry": {"type": "Polygon", "coordinates": [[[127.65761394498905, 45.31112590210029], [127.66219129565242, 45.31093873833573], [127.66192593494227, 45.30770895997474], [127.6573488425102, 45.307896102779964], [127.65761394498905, 45.31112590210029]]]}, "properties": {"biomass": 148.52023315429688}}, {"type": "Feature", "geometry": {"type": "Polygon", "coordinates": [[[127.66219129565242, 45.31093873833573], [127.66676860137207, 45.31075139172759], [127.66650298243997, 45.30752163434628], [127.66192593494227, 45.30770895997474], [127.66219129565242, 45.31093873833573]]]}, "properties": {"biomass": 175.60186767578125}}, {"type": "Feature", "geometry": {"type": "Polygon", "coordinates": [[[127.66676860137207, 45.31075139172759], [127.67134586210472, 45.31056386228063], [127.67107998495996, 45.30733412589934], [127.66650298243997, 45.30752163434628], [127.66676860137207, 45.31075139172759]]]}, "properties": {"biomass": 223.14874267578125}}, {"type": "Feature", "geometry": {"type": "Polygon", "coordinates": [[[127.49712263562732, 45.31433088573568], [127.50170127344195, 45.31415014470233], [127.50144499971836, 45.310919641901215], [127.49686662041182, 45.311100362689906], [127.49712263562732, 45.31433088573568]]]}, "properties": {"biomass": 136.1145477294922}}, {"type": "Feature", "geometry": {"type": "Polygon", "coordinates": [[[127.50170127344195, 45.31415014470233], [127.50627986784053, 45.313969220682274], [127.50602333561784, 45.31073873814618], [127.50144499971836, 45.310919641901215], [127.50170127344195, 45.31415014470233]]]}, "properties": {"biomass": 166.02587890625}}, {"type": "Feature", "geometry": {"type": "Polygon", "coordinates": [[[127.50627986784053, 45.313969220682274], [127.51085841877966, 45.313788113680104], [127.51060162806688, 45.3105576514294], [127.50602333561784, 45.31073873814618], [127.50627986784053, 45.313969220682274]]]}, "properties": {"biomass": 152.4058380126953}}, {"type": "Feature", "geometry": {"type": "Polygon", "coordinates": [[[127.51085841877966, 45.313788113680104], [127.5154369262159, 45.313606823700425], [127.51517987702202, 45.310376381755475], [127.51060162806688, 45.3105576514294], [127.51085841877966, 45.313788113680104]]]}, "properties": {"biomass": 142.5428009033203}}, {"type": "Feature", "geometry": {"type": "Polygon", "coordinates": [[[127.5154369262159, 45.313606823700425], [127.52001539010581, 45.31342535074783], [127.51975808243989, 45.310194929129004], [127.51517987702202, 45.310376381755475], [127.5154369262159, 45.313606823700425]]]}, "properties": {"biomass": 142.0890350341797}}, {"type": "Feature", "geometry": {"type": "Polygon", "coordinates": [[[127.52001539010581, 45.31342535074783], [127.52459381040599, 45.31324369482692], [127.52433624427705, 45.31001329355459], [127.51975808243989, 45.310194929129004], [127.52001539010581, 45.31342535074783]]]}, "properties": {"biomass": 151.9203338623047}}, {"type": "Feature", "geometry": {"type": "Polygon", "coordinates": [[[127.52459381040599, 45.31324369482692], [127.52917218707304, 45.31306185594232], [127.52891436249011, 45.30983147503684], [127.52433624427705, 45.31001329355459], [127.52459381040599, 45.31324369482692]]]}, "properties": {"biomass": 148.96685791015625}}, {"type": "Feature", "geometry": {"type": "Polygon", "coordinates": [[[127.52917218707304, 45.31306185594232], [127.53375052006353, 45.31287983409866], [127.53349243703566, 45.30964947358038], [127.52891436249011, 45.30983147503684], [127.52917218707304, 45.31306185594232]]]}, "properties": {"biomass": 134.56703186035156}}, {"type": "Feature", "geometry": {"type": "Polygon", "coordinates": [[[127.53375052006353, 45.31287983409866], [127.53832880933406, 45.31269762930053], [127.53807046787031, 45.30946728918982], [127.53349243703566, 45.30964947358038], [127.53375052006353, 45.31287983409866]]]}, "properties": {"biomass": 113.4151611328125}}, {"type": "Feature", "geometry": {"type": "Polygon", "coordinates": [[[127.53832880933406, 45.31269762930053], [127.54290705484118, 45.31251524155256], [127.54264845495065, 45.30928492186979], [127.53807046787031, 45.30946728918982], [127.53832880933406, 45.31269762930053]]]}, "properties": {"biomass": 135.435302734375}}, {"type": "Feature", "geometry": {"type": "Polygon", "coordinates": [[[127.54748525654156, 45.3123326708594], [127.55206341439174, 45.31214991722567], [127.55180429767482, 45.30891963845984], [127.54722639823329, 45.309102371624924], [127.54748525654156, 45.3123326708594]]]}, "properties": {"biomass": 119.29438018798828}}, {"type": "Feature", "geometry": {"type": "Polygon", "coordinates": [[[127.55206341439174, 45.31214991722567], [127.55664152834832, 45.311966980655995], [127.55638215323187, 45.30873672237919], [127.55180429767482, 45.30891963845984], [127.55206341439174, 45.31214991722567]]]}, "properties": {"biomass": 142.83306884765625}}, {"type": "Feature", "geometry": {"type": "Polygon", "coordinates": [[[127.55664152834832, 45.311966980655995], [127.56121959836794, 45.31178386115506], [127.56095996486104, 45.30855362338761], [127.55638215323187, 45.30873672237919], [127.55664152834832, 45.311966980655995]]]}, "properties": {"biomass": 146.56410217285156}}, {"type": "Feature", "geometry": {"type": "Polygon", "coordinates": [[[127.56121959836794, 45.31178386115506], [127.56579762440721, 45.31160055872746], [127.56553773251893, 45.308370341489734], [127.56095996486104, 45.30855362338761], [127.56121959836794, 45.31178386115506]]]}, "properties": {"biomass": 146.63653564453125}}, {"type": "Feature", "geometry": {"type": "Polygon", "coordinates": [[[127.56579762440721, 45.31160055872746], [127.57037560642269, 45.3114170733779], [127.5701154561622, 45.308186876690236], [127.56553773251893, 45.308370341489734], [127.56579762440721, 45.31160055872746]]]}, "properties": {"biomass": 146.51649475097656}}, {"type": "Feature", "geometry": {"type": "Polygon", "coordinates": [[[127.57037560642269, 45.3114170733779], [127.57495354437101, 45.31123340511099], [127.57469313574745, 45.30800322899376], [127.5701154561622, 45.308186876690236], [127.57037560642269, 45.3114170733779]]]}, "properties": {"biomass": 149.76478576660156}}, {"type": "Feature", "geometry": {"type": "Polygon", "coordinates": [[[127.57495354437101, 45.31123340511099], [127.57953143820879, 45.311049553931426], [127.5792707712313, 45.30781939840499], [127.57469313574745, 45.30800322899376], [127.57495354437101, 45.31123340511099]]]}, "properties": {"biomass": 136.61813354492188}}, {"type": "Feature", "geometry": {"type": "Polygon", "coordinates": [[[127.57953143820879, 45.311049553931426], [127.58410928789266, 45.31086551984386], [127.58384836257036, 45.30763538492857], [127.5792707712313, 45.30781939840499], [127.57953143820879, 45.311049553931426]]]}, "properties": {"biomass": 85.57192993164062}}, {"type": "Feature", "geometry": {"type": "Polygon", "coordinates": [[[127.58410928789266, 45.31086551984386], [127.5886870933792, 45.310681302852956], [127.58842590972127, 45.307451188569146], [127.58384836257036, 45.30763538492857], [127.58410928789266, 45.31086551984386]]]}, "properties": {"biomass": 104.32275390625}}, {"type": "Feature", "geometry": {"type": "Polygon", "coordinates": [[[127.5886870933792, 45.310681302852956], [127.59326485462508, 45.3104969029634], [127.59300341264066, 45.30726680933144], [127.58842590972127, 45.307451188569146], [127.5886870933792, 45.310681302852956]]]}, "properties": {"biomass": 133.30740356445312}}, {"type": "Feature", "geometry": {"type": "Polygon", "coordinates": [[[127.59326485462508, 45.3104969029634], [127.59784257158691, 45.31031232017987], [127.59758087128517, 45.3070822472201], [127.59300341264066, 45.30726680933144], [127.59326485462508, 45.3104969029634]]]}, "properties": {"biomass": 166.54376220703125}}, {"type": "Feature", "geometry": {"type": "Polygon", "coordinates": [[[127.59784257158691, 45.31031232017987], [127.60242024422129, 45.310127554507055], [127.60215828561142, 45.30689750223981], [127.59758087128517, 45.3070822472201], [127.59784257158691, 45.31031232017987]]]}, "properties": {"biomass": 139.85491943359375}}, {"type": "Feature", "geometry": {"type": "Polygon", "coordinates": [[[127.60242024422129, 45.310127554507055], [127.60699787248488, 45.30994260594964], [127.6067356555761, 45.306712574395284], [127.60215828561142, 45.30689750223981], [127.60242024422129, 45.310127554507055]]]}, "properties": {"biomass": 163.5599365234375}}, {"type": "Feature", "geometry": {"type": "Polygon", "coordinates": [[[127.60699787248488, 45.30994260594964], [127.61157545633428, 45.30975747451231], [127.61131298113578, 45.306527463691175], [127.6067356555761, 45.306712574395284], [127.60699787248488, 45.30994260594964]]]}, "properties": {"biomass": 205.47024536132812}}, {"type": "Feature", "geometry": {"type": "Polygon", "coordinates": [[[127.61157545633428, 45.30975747451231], [127.61615299572615, 45.30957216019978], [127.61589026224715, 45.306342170132226], [127.61131298113578, 45.306527463691175], [127.61157545633428, 45.30975747451231]]]}, "properties": {"biomass": 180.51776123046875}}, {"type": "Feature", "geometry": {"type": "Polygon", "coordinates": [[[127.61615299572615, 45.30957216019978], [127.62073049061716, 45.30938666301673], [127.62046749886683, 45.3061566937231], [127.61589026224715, 45.306342170132226], [127.61615299572615, 45.30957216019978]]]}, "properties": {"biomass": 147.822021484375}}, {"type": "Feature", "geometry": {"type": "Polygon", "coordinates": [[[127.62073049061716, 45.30938666301673], [127.62530794096389, 45.3092009829679], [127.62504469095148, 45.305971034468534], [127.62046749886683, 45.3061566937231], [127.62073049061716, 45.30938666301673]]]}, "properties": {"biomass": 131.19210815429688}}, {"type": "Feature", "geometry": {"type": "Polygon", "coordinates": [[[127.62530794096389, 45.3092009829679], [127.629885346723, 45.30901512005796], [127.62962183845775, 45.30578519237321], [127.62504469095148, 45.305971034468534], [127.62530794096389, 45.3092009829679]]]}, "properties": {"biomass": 114.00837707519531}}, {"type": "Feature", "geometry": {"type": "Polygon", "coordinates": [[[127.629885346723, 45.30901512005796], [127.63446270785116, 45.30882907429166], [127.63419894134232, 45.30559916744185], [127.62962183845775, 45.30578519237321], [127.629885346723, 45.30901512005796]]]}, "properties": {"biomass": 151.25408935546875}}, {"type": "Feature", "geometry": {"type": "Polygon", "coordinates": [[[127.63446270785116, 45.30882907429166], [127.63904002430498, 45.3086428456737], [127.63877599956182, 45.30541295967919], [127.63419894134232, 45.30559916744185], [127.63446270785116, 45.30882907429166]]]}, "properties": {"biomass": 197.70919799804688}}, {"type": "Feature", "geometry": {"type": "Polygon", "coordinates": [[[127.63904002430498, 45.3086428456737], [127.64361729604114, 45.30845643420883], [127.6433530130729, 45.30522656908995], [127.63877599956182, 45.30541295967919], [127.63904002430498, 45.3086428456737]]]}, "properties": {"biomass": 168.0669708251953}}, {"type": "Feature", "geometry": {"type": "Polygon", "coordinates": [[[127.64361729604114, 45.30845643420883], [127.6481945230163, 45.308269839901754], [127.64792998183225, 45.30503999567885], [127.6433530130729, 45.30522656908995], [127.64361729604114, 45.30845643420883]]]}, "properties": {"biomass": 138.10284423828125}}, {"type": "Feature", "geometry": {"type": "Polygon", "coordinates": [[[127.6481945230163, 45.308269839901754], [127.6527717051871, 45.30808306275723], [127.65250690579651, 45.30485323945062], [127.64792998183225, 45.30503999567885], [127.6481945230163, 45.308269839901754]]]}, "properties": {"biomass": 117.31736755371094}}, {"type": "Feature", "geometry": {"type": "Polygon", "coordinates": [[[127.6527717051871, 45.30808306275723], [127.6573488425102, 45.307896102779964], [127.65708378492239, 45.30466630041002], [127.65250690579651, 45.30485323945062], [127.6527717051871, 45.30808306275723]]]}, "properties": {"biomass": 124.10215759277344}}, {"type": "Feature", "geometry": {"type": "Polygon", "coordinates": [[[127.6573488425102, 45.307896102779964], [127.66192593494227, 45.30770895997474], [127.66166061916651, 45.30447917856177], [127.65708378492239, 45.30466630041002], [127.6573488425102, 45.307896102779964]]]}, "properties": {"biomass": 136.37185668945312}}, {"type": "Feature", "geometry": {"type": "Polygon", "coordinates": [[[127.66192593494227, 45.30770895997474], [127.66650298243997, 45.30752163434628], [127.66623740848559, 45.30429187391062], [127.66166061916651, 45.30447917856177], [127.66192593494227, 45.30770895997474]]]}, "properties": {"biomass": 165.17547607421875}}, {"type": "Feature", "geometry": {"type": "Polygon", "coordinates": [[[127.66650298243997, 45.30752163434628], [127.67107998495996, 45.30733412589934], [127.67081415283627, 45.30410438646134], [127.66623740848559, 45.30429187391062], [127.66650298243997, 45.30752163434628]]]}, "properties": {"biomass": 211.6916046142578}}, {"type": "Feature", "geometry": {"type": "Polygon", "coordinates": [[[127.67107998495996, 45.30733412589934], [127.67565694245896, 45.30714643463868], [127.67539085217524, 45.30391671621867], [127.67081415283627, 45.30410438646134], [127.67107998495996, 45.30733412589934]]]}, "properties": {"biomass": 191.90463256835938}}, {"type": "Feature", "geometry": {"type": "Polygon", "coordinates": [[[127.49686662041182, 45.311100362689906], [127.50144499971836, 45.310919641901215], [127.5011887694018, 45.30768913612937], [127.49661064855995, 45.30786983667568], [127.49686662041182, 45.311100362689906]]]}, "properties": {"biomass": 153.75181579589844}}, {"type": "Feature", "geometry": {"type": "Polygon", "coordinates": [[[127.50144499971836, 45.310919641901215], [127.50602333561784, 45.31073873814618], [127.50576684684562, 45.307508252637085], [127.5011887694018, 45.30768913612937], [127.50144499971836, 45.310919641901215]]]}, "properties": {"biomass": 168.0937957763672}}, {"type": "Feature", "geometry": {"type": "Polygon", "coordinates": [[[127.50602333561784, 45.31073873814618], [127.51060162806688, 45.3105576514294], [127.51034488084797, 45.30732718620342], [127.50576684684562, 45.307508252637085], [127.50602333561784, 45.31073873814618]]]}, "properties": {"biomass": 163.75872802734375}}, {"type": "Feature", "geometry": {"type": "Polygon", "coordinates": [[[127.51060162806688, 45.3105576514294], [127.51517987702202, 45.310376381755475], [127.51492287136546, 45.30714593683297], [127.51034488084797, 45.30732718620342], [127.51060162806688, 45.3105576514294]]]}, "properties": {"biomass": 179.1432342529297}}, {"type": "Feature", "geometry": {"type": "Polygon", "coordinates": [[[127.51517987702202, 45.310376381755475], [127.51975808243989, 45.310194929129004], [127.51950081835467, 45.30696450453034], [127.51492287136546, 45.30714593683297], [127.51517987702202, 45.310376381755475]]]}, "properties": {"biomass": 150.29730224609375}}, {"type": "Feature", "geometry": {"type": "Polygon", "coordinates": [[[127.51975808243989, 45.310194929129004], [127.52433624427705, 45.31001329355459], [127.5240787217722, 45.306782889300116], [127.51950081835467, 45.30696450453034], [127.51975808243989, 45.310194929129004]]]}, "properties": {"biomass": 156.47933959960938}}, {"type": "Feature", "geometry": {"type": "Polygon", "coordinates": [[[127.52433624427705, 45.31001329355459], [127.52891436249011, 45.30983147503684], [127.5286565815747, 45.30660109114694], [127.5240787217722, 45.306782889300116], [127.52433624427705, 45.31001329355459]]]}, "properties": {"biomass": 139.21617126464844}}, {"type": "Feature", "geometry": {"type": "Polygon", "coordinates": [[[127.53349243703566, 45.30964947358038], [127.53807046787031, 45.30946728918982], [127.53781217016088, 45.306236946090124], [127.53323439771872, 45.306419110075396], [127.53349243703566, 45.30964947358038]]]}, "properties": {"biomass": 115.75994110107422}}, {"type": "Feature", "geometry": {"type": "Polygon", "coordinates": [[[127.53807046787031, 45.30946728918982], [127.54264845495065, 45.30928492186979], [127.54238989885782, 45.30605459919573], [127.53781217016088, 45.306236946090124], [127.53807046787031, 45.30946728918982]]]}, "properties": {"biomass": 112.98576354980469}}, {"type": "Feature", "geometry": {"type": "Polygon", "coordinates": [[[127.54264845495065, 45.30928492186979], [127.54722639823329, 45.309102371624924], [127.5469675837661, 45.305872069396855], [127.54238989885782, 45.30605459919573], [127.54264845495065, 45.30928492186979]]]}, "properties": {"biomass": 106.61315155029297}}, {"type": "Feature", "geometry": {"type": "Polygon", "coordinates": [[[127.54722639823329, 45.309102371624924], [127.55180429767482, 45.30891963845984], [127.55154522484237, 45.30568935669813], [127.5469675837661, 45.305872069396855], [127.54722639823329, 45.309102371624924]]]}, "properties": {"biomass": 114.33487701416016}}, {"type": "Feature", "geometry": {"type": "Polygon", "coordinates": [[[127.55180429767482, 45.30891963845984], [127.55638215323187, 45.30873672237919], [127.55612282204328, 45.305506461104194], [127.55154522484237, 45.30568935669813], [127.55180429767482, 45.30891963845984]]]}, "properties": {"biomass": 145.80831909179688}}, {"type": "Feature", "geometry": {"type": "Polygon", "coordinates": [[[127.55638215323187, 45.30873672237919], [127.56095996486104, 45.30855362338761], [127.56070037532537, 45.30532338261966], [127.55612282204328, 45.305506461104194], [127.55638215323187, 45.30873672237919]]]}, "properties": {"biomass": 163.59519958496094}}, {"type": "Feature", "geometry": {"type": "Polygon", "coordinates": [[[127.56095996486104, 45.30855362338761], [127.56553773251893, 45.308370341489734], [127.56527788464534, 45.305140121249224], [127.56070037532537, 45.30532338261966], [127.56095996486104, 45.30855362338761]]]}, "properties": {"biomass": 159.21527099609375}}, {"type": "Feature", "geometry": {"type": "Polygon", "coordinates": [[[127.56553773251893, 45.308370341489734], [127.5701154561622, 45.308186876690236], [127.56985534995975, 45.304956676997485], [127.56527788464534, 45.305140121249224], [127.56553773251893, 45.308370341489734]]]}, "properties": {"biomass": 153.29844665527344}}, {"type": "Feature", "geometry": {"type": "Polygon", "coordinates": [[[127.5701154561622, 45.308186876690236], [127.57469313574745, 45.30800322899376], [127.5744327712253, 45.30477304986914], [127.56985534995975, 45.304956676997485], [127.5701154561622, 45.308186876690236]]]}, "properties": {"biomass": 154.28756713867188}}, {"type": "Feature", "geometry": {"type": "Polygon", "coordinates": [[[127.57469313574745, 45.30800322899376], [127.5792707712313, 45.30781939840499], [127.57901014839855, 45.30458923986884], [127.5744327712253, 45.30477304986914], [127.57469313574745, 45.30800322899376]]]}, "properties": {"biomass": 140.38763427734375}}, {"type": "Feature", "geometry": {"type": "Polygon", "coordinates": [[[127.5792707712313, 45.30781939840499], [127.58384836257036, 45.30763538492857], [127.5835874814362, 45.30440524700123], [127.57901014839855, 45.30458923986884], [127.5792707712313, 45.30781939840499]]]}, "properties": {"biomass": 128.36476135253906}}, {"type": "Feature", "geometry": {"type": "Polygon", "coordinates": [[[127.58384836257036, 45.30763538492857], [127.58842590972127, 45.307451188569146], [127.58816477029484, 45.30422107127099], [127.5835874814362, 45.30440524700123], [127.58384836257036, 45.30763538492857]]]}, "properties": {"biomass": 88.08135223388672}}, {"type": "Feature", "geometry": {"type": "Polygon", "coordinates": [[[127.58842590972127, 45.307451188569146], [127.59300341264066, 45.30726680933144], [127.59274201493113, 45.304036712682795], [127.58816477029484, 45.30422107127099], [127.58842590972127, 45.307451188569146]]]}, "properties": {"biomass": 114.08808135986328}}, {"type": "Feature", "geometry": {"type": "Polygon", "coordinates": [[[127.59300341264066, 45.30726680933144], [127.59758087128517, 45.3070822472201], [127.59731921530171, 45.303852171241324], [127.59274201493113, 45.304036712682795], [127.59300341264066, 45.30726680933144]]]}, "properties": {"biomass": 144.26963806152344}}, {"type": "Feature", "geometry": {"type": "Polygon", "coordinates": [[[127.59758087128517, 45.3070822472201], [127.60215828561142, 45.30689750223981], [127.60189637136321, 45.303667446951245], [127.59731921530171, 45.303852171241324], [127.59758087128517, 45.3070822472201]]]}, "properties": {"biomass": 148.11843872070312}}, {"type": "Feature", "geometry": {"type": "Polygon", "coordinates": [[[127.60215828561142, 45.30689750223981], [127.6067356555761, 45.306712574395284], [127.60647348307229, 45.303482539817274], [127.60189637136321, 45.303667446951245], [127.60215828561142, 45.30689750223981]]]}, "properties": {"biomass": 134.46914672851562}}, {"type": "Feature", "geometry": {"type": "Polygon", "coordinates": [[[127.6067356555761, 45.306712574395284], [127.61131298113578, 45.306527463691175], [127.6110505503856, 45.30329744984409], [127.60647348307229, 45.303482539817274], [127.6067356555761, 45.306712574395284]]]}, "properties": {"biomass": 175.8927459716797}}, {"type": "Feature", "geometry": {"type": "Polygon", "coordinates": [[[127.61131298113578, 45.306527463691175], [127.61589026224715, 45.306342170132226], [127.6156275732598, 45.30311217703638], [127.6110505503856, 45.30329744984409], [127.61131298113578, 45.306527463691175]]]}, "properties": {"biomass": 164.48046875}}, {"type": "Feature", "geometry": {"type": "Polygon", "coordinates": [[[127.61589026224715, 45.306342170132226], [127.62046749886683, 45.3061566937231], [127.62020455165153, 45.30292672139885], [127.6156275732598, 45.30311217703638], [127.61589026224715, 45.306342170132226]]]}, "properties": {"biomass": 132.1183624267578}}, {"type": "Feature", "geometry": {"type": "Polygon", "coordinates": [[[127.62046749886683, 45.3061566937231], [127.62504469095148, 45.305971034468534], [127.62478148551745, 45.30274108293621], [127.62020455165153, 45.30292672139885], [127.62046749886683, 45.3061566937231]]]}, "properties": {"biomass": 119.82403564453125}}, {"type": "Feature", "geometry": {"type": "Polygon", "coordinates": [[[127.62504469095148, 45.305971034468534], [127.62962183845775, 45.30578519237321], [127.62935837481423, 45.30255526165315], [127.62478148551745, 45.30274108293621], [127.62504469095148, 45.305971034468534]]]}, "properties": {"biomass": 101.88512420654297}}, {"type": "Feature", "geometry": {"type": "Polygon", "coordinates": [[[127.62962183845775, 45.30578519237321], [127.63419894134232, 45.30559916744185], [127.63393521949854, 45.30236925755441], [127.62935837481423, 45.30255526165315], [127.62962183845775, 45.30578519237321]]]}, "properties": {"biomass": 113.0611343383789}}, {"type": "Feature", "geometry": {"type": "Polygon", "coordinates": [[[127.63419894134232, 45.30559916744185], [127.63877599956182, 45.30541295967919], [127.63851201952704, 45.3021830706447], [127.63393521949854, 45.30236925755441], [127.63419894134232, 45.30559916744185]]]}, "properties": {"biomass": 139.7234649658203}}, {"type": "Feature", "geometry": {"type": "Polygon", "coordinates": [[[127.63877599956182, 45.30541295967919], [127.6433530130729, 45.30522656908995], [127.6430887748564, 45.30199670092874], [127.63851201952704, 45.3021830706447], [127.63877599956182, 45.30541295967919]]]}, "properties": {"biomass": 126.74275970458984}}, {"type": "Feature", "geometry": {"type": "Polygon", "coordinates": [[[127.6433530130729, 45.30522656908995], [127.64792998183225, 45.30503999567885], [127.64766548544326, 45.30181014841127], [127.6430887748564, 45.30199670092874], [127.6433530130729, 45.30522656908995]]]}, "properties": {"biomass": 121.10184478759766}}, {"type": "Feature", "geometry": {"type": "Polygon", "coordinates": [[[127.64792998183225, 45.30503999567885], [127.65250690579651, 45.30485323945062], [127.65224215124434, 45.30162341309701], [127.64766548544326, 45.30181014841127], [127.64792998183225, 45.30503999567885]]]}, "properties": {"biomass": 134.0692138671875}}, {"type": "Feature", "geometry": {"type": "Polygon", "coordinates": [[[127.65250690579651, 45.30485323945062], [127.65708378492239, 45.30466630041002], [127.6568187722163, 45.3014364949907], [127.65224215124434, 45.30162341309701], [127.65250690579651, 45.30485323945062]]]}, "properties": {"biomass": 122.44248962402344}}, {"type": "Feature", "geometry": {"type": "Polygon", "coordinates": [[[127.65708378492239, 45.30466630041002], [127.66166061916651, 45.30447917856177], [127.66139534831582, 45.301249394097084], [127.6568187722163, 45.3014364949907], [127.65708378492239, 45.30466630041002]]]}, "properties": {"biomass": 124.85701751708984}}, {"type": "Feature", "geometry": {"type": "Polygon", "coordinates": [[[127.66166061916651, 45.30447917856177], [127.66623740848559, 45.30429187391062], [127.66597187949957, 45.30106211042091], [127.66139534831582, 45.301249394097084], [127.66166061916651, 45.30447917856177]]]}, "properties": {"biomass": 133.18157958984375}}, {"type": "Feature", "geometry": {"type": "Polygon", "coordinates": [[[127.66623740848559, 45.30429187391062], [127.67081415283627, 45.30410438646134], [127.67054836572427, 45.300874643966914], [127.66597187949957, 45.30106211042091], [127.66623740848559, 45.30429187391062]]]}, "properties": {"biomass": 161.9770965576172}}, {"type": "Feature", "geometry": {"type": "Polygon", "coordinates": [[[127.67081415283627, 45.30410438646134], [127.67539085217524, 45.30391671621867], [127.67512480694657, 45.30068699473987], [127.67054836572427, 45.300874643966914], [127.67081415283627, 45.30410438646134]]]}, "properties": {"biomass": 189.5544891357422}}, {"type": "Feature", "geometry": {"type": "Polygon", "coordinates": [[[127.5011887694018, 45.30768913612937], [127.50576684684562, 45.307508252637085], [127.50551040151484, 45.304277764155266], [127.50093258248333, 45.30445862738707], [127.5011887694018, 45.30768913612937]]]}, "properties": {"biomass": 176.49472045898438}}, {"type": "Feature", "geometry": {"type": "Polygon", "coordinates": [[[127.50576684684562, 45.307508252637085], [127.51034488084797, 45.30732718620342], [127.51008817711391, 45.30409671800243], [127.50551040151484, 45.304277764155266], [127.50576684684562, 45.307508252637085]]]}, "properties": {"biomass": 176.06390380859375}}, {"type": "Feature", "geometry": {"type": "Polygon", "coordinates": [[[127.51034488084797, 45.30732718620342], [127.51492287136546, 45.30714593683297], [127.51466590923714, 45.30391548893318], [127.51008817711391, 45.30409671800243], [127.51034488084797, 45.30732718620342]]]}, "properties": {"biomass": 168.870361328125}}, {"type": "Feature", "geometry": {"type": "Polygon", "coordinates": [[[127.51492287136546, 45.30714593683297], [127.51950081835467, 45.30696450453034], [127.51924359784113, 45.303734076952104], [127.51466590923714, 45.30391548893318], [127.51492287136546, 45.30714593683297]]]}, "properties": {"biomass": 136.09332275390625}}, {"type": "Feature", "geometry": {"type": "Polygon", "coordinates": [[[127.51950081835467, 45.30696450453034], [127.5240787217722, 45.306782889300116], [127.52382124288242, 45.30355248206381], [127.51924359784113, 45.303734076952104], [127.51950081835467, 45.30696450453034]]]}, "properties": {"biomass": 136.46865844726562}}, {"type": "Feature", "geometry": {"type": "Polygon", "coordinates": [[[127.5240787217722, 45.306782889300116], [127.5286565815747, 45.30660109114694], [127.52839884431773, 45.30337070427289], [127.52382124288242, 45.30355248206381], [127.5240787217722, 45.306782889300116]]]}, "properties": {"biomass": 133.39456176757812}}, {"type": "Feature", "geometry": {"type": "Polygon", "coordinates": [[[127.53323439771872, 45.306419110075396], [127.53781217016088, 45.306236946090124], [127.53755391619669, 45.30300660000171], [127.5329764021036, 45.303188743583995], [127.53323439771872, 45.306419110075396]]]}, "properties": {"biomass": 102.9776840209961}}, {"type": "Feature", "geometry": {"type": "Polygon", "coordinates": [[[127.53781217016088, 45.306236946090124], [127.54238989885782, 45.30605459919573], [127.54213138655358, 45.30282427353065], [127.53755391619669, 45.30300660000171], [127.53781217016088, 45.306236946090124]]]}, "properties": {"biomass": 119.21009063720703}}, {"type": "Feature", "geometry": {"type": "Polygon", "coordinates": [[[127.54238989885782, 45.30605459919573], [127.5469675837661, 45.305872069396855], [127.54670881313093, 45.30264176417548], [127.54213138655358, 45.30282427353065], [127.54238989885782, 45.30605459919573]]]}, "properties": {"biomass": 119.82962036132812}}, {"type": "Feature", "geometry": {"type": "Polygon", "coordinates": [[[127.5469675837661, 45.305872069396855], [127.55154522484237, 45.30568935669813], [127.55128619588535, 45.30245907194082], [127.54670881313093, 45.30264176417548], [127.5469675837661, 45.305872069396855]]]}, "properties": {"biomass": 143.8248291015625}}, {"type": "Feature", "geometry": {"type": "Polygon", "coordinates": [[[127.55154522484237, 45.30568935669813], [127.55612282204328, 45.305506461104194], [127.55586353477344, 45.30227619683128], [127.55128619588535, 45.30245907194082], [127.55154522484237, 45.30568935669813]]]}, "properties": {"biomass": 173.1174774169922}}, {"type": "Feature", "geometry": {"type": "Polygon", "coordinates": [[[127.55612282204328, 45.305506461104194], [127.56070037532537, 45.30532338261966], [127.56044082975187, 45.30209313885151], [127.55586353477344, 45.30227619683128], [127.55612282204328, 45.305506461104194]]]}, "properties": {"biomass": 162.68014526367188}}, {"type": "Feature", "geometry": {"type": "Polygon", "coordinates": [[[127.56070037532537, 45.30532338261966], [127.56527788464534, 45.305140121249224], [127.56501808077724, 45.30190989800618], [127.56044082975187, 45.30209313885151], [127.56070037532537, 45.30532338261966]]]}, "properties": {"biomass": 190.68759155273438}}, {"type": "Feature", "geometry": {"type": "Polygon", "coordinates": [[[127.56527788464534, 45.305140121249224], [127.56985534995975, 45.304956676997485], [127.56959528780621, 45.30172647429992], [127.56501808077724, 45.30190989800618], [127.56527788464534, 45.305140121249224]]]}, "properties": {"biomass": 203.167724609375}}, {"type": "Feature", "geometry": {"type": "Polygon", "coordinates": [[[127.56985534995975, 45.304956676997485], [127.5744327712253, 45.30477304986914], [127.5741724507954, 45.30154286773738], [127.56959528780621, 45.30172647429992], [127.56985534995975, 45.304956676997485]]]}, "properties": {"biomass": 181.5081329345703}}, {"type": "Feature", "geometry": {"type": "Polygon", "coordinates": [[[127.5744327712253, 45.30477304986914], [127.57901014839855, 45.30458923986884], [127.57874956970146, 45.30135907832324], [127.5741724507954, 45.30154286773738], [127.5744327712253, 45.30477304986914]]]}, "properties": {"biomass": 170.5971221923828}}, {"type": "Feature", "geometry": {"type": "Polygon", "coordinates": [[[127.57901014839855, 45.30458923986884], [127.5835874814362, 45.30440524700123], [127.58332664448103, 45.30117510606214], [127.57874956970146, 45.30135907832324], [127.57901014839855, 45.30458923986884]]]}, "properties": {"biomass": 137.5639190673828}}, {"type": "Feature", "geometry": {"type": "Polygon", "coordinates": [[[127.5835874814362, 45.30440524700123], [127.58816477029484, 45.30422107127099], [127.58790367509077, 45.300990950958756], [127.58332664448103, 45.30117510606214], [127.5835874814362, 45.30440524700123]]]}, "properties": {"biomass": 132.91445922851562}}, {"type": "Feature", "geometry": {"type": "Polygon", "coordinates": [[[127.58816477029484, 45.30422107127099], [127.59274201493113, 45.304036712682795], [127.5924806614873, 45.30080661301775], [127.58790367509077, 45.300990950958756], [127.58816477029484, 45.30422107127099]]]}, "properties": {"biomass": 121.23755645751953}}, {"type": "Feature", "geometry": {"type": "Polygon", "coordinates": [[[127.59274201493113, 45.304036712682795], [127.59731921530171, 45.303852171241324], [127.59705760362729, 45.300622092243835], [127.5924806614873, 45.30080661301775], [127.59274201493113, 45.304036712682795]]]}, "properties": {"biomass": 128.0403594970703}}, {"type": "Feature", "geometry": {"type": "Polygon", "coordinates": [[[127.59731921530171, 45.303852171241324], [127.60189637136321, 45.303667446951245], [127.6016345014674, 45.300437388641654], [127.59705760362729, 45.300622092243835], [127.59731921530171, 45.303852171241324]]]}, "properties": {"biomass": 154.29359436035156}}, {"type": "Feature", "geometry": {"type": "Polygon", "coordinates": [[[127.60189637136321, 45.303667446951245], [127.60647348307229, 45.303482539817274], [127.60621135496426, 45.300252502215905], [127.6016345014674, 45.300437388641654], [127.60189637136321, 45.303667446951245]]]}, "properties": {"biomass": 125.28121948242188}}, {"type": "Feature", "geometry": {"type": "Polygon", "coordinates": [[[127.60647348307229, 45.303482539817274], [127.6110505503856, 45.30329744984409], [127.61078816407452, 45.300067432971304], [127.60621135496426, 45.300252502215905], [127.60647348307229, 45.303482539817274]]]}, "properties": {"biomass": 145.099365234375}}, {"type": "Feature", "geometry": {"type": "Polygon", "coordinates": [[[127.6110505503856, 45.30329744984409], [127.6156275732598, 45.30311217703638], [127.61536492875491, 45.2998821809125], [127.61078816407452, 45.300067432971304], [127.6110505503856, 45.30329744984409]]]}, "properties": {"biomass": 157.49842834472656}}, {"type": "Feature", "geometry": {"type": "Polygon", "coordinates": [[[127.6156275732598, 45.30311217703638], [127.62020455165153, 45.30292672139885], [127.61994164896203, 45.29969674604423], [127.61536492875491, 45.2998821809125], [127.6156275732598, 45.30311217703638]]]}, "properties": {"biomass": 141.91476440429688}}, {"type": "Feature", "geometry": {"type": "Polygon", "coordinates": [[[127.62020455165153, 45.30292672139885], [127.62478148551745, 45.30274108293621], [127.62451832465258, 45.29951112837118], [127.61994164896203, 45.29969674604423], [127.62020455165153, 45.30292672139885]]]}, "properties": {"biomass": 116.96066284179688}}, {"type": "Feature", "geometry": {"type": "Polygon", "coordinates": [[[127.62478148551745, 45.30274108293621], [127.62935837481423, 45.30255526165315], [127.6290949557832, 45.29932532789807], [127.62451832465258, 45.29951112837118], [127.62478148551745, 45.30274108293621]]]}, "properties": {"biomass": 126.21123504638672}}, {"type": "Feature", "geometry": {"type": "Polygon", "coordinates": [[[127.62935837481423, 45.30255526165315], [127.63393521949854, 45.30236925755441], [127.6336715423106, 45.2991393446296], [127.6290949557832, 45.29932532789807], [127.62935837481423, 45.30255526165315]]]}, "properties": {"biomass": 94.96015167236328}}, {"type": "Feature", "geometry": {"type": "Polygon", "coordinates": [[[127.63393521949854, 45.30236925755441], [127.63851201952704, 45.3021830706447], [127.63824808419142, 45.29895317857049], [127.6336715423106, 45.2991393446296], [127.63393521949854, 45.30236925755441]]]}, "properties": {"biomass": 127.68502044677734}}, {"type": "Feature", "geometry": {"type": "Polygon", "coordinates": [[[127.63851201952704, 45.3021830706447], [127.6430887748564, 45.30199670092874], [127.64282458138234, 45.29876682972549], [127.63824808419142, 45.29895317857049], [127.63851201952704, 45.3021830706447]]]}, "properties": {"biomass": 128.1505584716797}}, {"type": "Feature", "geometry": {"type": "Polygon", "coordinates": [[[127.6430887748564, 45.30199670092874], [127.64766548544326, 45.30181014841127], [127.64740103384008, 45.2985802980993], [127.64282458138234, 45.29876682972549], [127.6430887748564, 45.30199670092874]]]}, "properties": {"biomass": 165.0773162841797}}, {"type": "Feature", "geometry": {"type": "Polygon", "coordinates": [[[127.64766548544326, 45.30181014841127], [127.65224215124434, 45.30162341309701], [127.6519774415213, 45.29839358369666], [127.64740103384008, 45.2985802980993], [127.64766548544326, 45.30181014841127]]]}, "properties": {"biomass": 183.45925903320312}}, {"type": "Feature", "geometry": {"type": "Polygon", "coordinates": [[[127.65224215124434, 45.30162341309701], [127.6568187722163, 45.3014364949907], [127.65655380438267, 45.29820668652229], [127.6519774415213, 45.29839358369666], [127.65224215124434, 45.30162341309701]]]}, "properties": {"biomass": 151.04673767089844}}, {"type": "Feature", "geometry": {"type": "Polygon", "coordinates": [[[127.6568187722163, 45.3014364949907], [127.66139534831582, 45.301249394097084], [127.66113012238088, 45.29801960658095], [127.65655380438267, 45.29820668652229], [127.6568187722163, 45.3014364949907]]]}, "properties": {"biomass": 164.9384765625}}, {"type": "Feature", "geometry": {"type": "Polygon", "coordinates": [[[127.66139534831582, 45.301249394097084], [127.66597187949957, 45.30106211042091], [127.66570639547265, 45.297832343877396], [127.66113012238088, 45.29801960658095], [127.66139534831582, 45.301249394097084]]]}, "properties": {"biomass": 142.14892578125}}, {"type": "Feature", "geometry": {"type": "Polygon", "coordinates": [[[127.66597187949957, 45.30106211042091], [127.67054836572427, 45.300874643966914], [127.67028262361465, 45.297644898416344], [127.66570639547265, 45.297832343877396], [127.66597187949957, 45.30106211042091]]]}, "properties": {"biomass": 143.57359313964844}}, {"type": "Feature", "geometry": {"type": "Polygon", "coordinates": [[[127.67054836572427, 45.300874643966914], [127.67512480694657, 45.30068699473987], [127.6748588067636, 45.29745727020258], [127.67028262361465, 45.297644898416344], [127.67054836572427, 45.300874643966914]]]}, "properties": {"biomass": 180.71835327148438}}, {"type": "Feature", "geometry": {"type": "Polygon", "coordinates": [[[127.50093258248333, 45.30445862738707], [127.50551040151484, 45.304277764155266], [127.50525399961654, 45.301047272700956], [127.50067643895389, 45.30122811567457], [127.50093258248333, 45.30445862738707]]]}, "properties": {"biomass": 148.2434844970703}}, {"type": "Feature", "geometry": {"type": "Polygon", "coordinates": [[[127.50551040151484, 45.304277764155266], [127.51008817711391, 45.30409671800243], [127.50983151685574, 45.300866246826686], [127.50525399961654, 45.301047272700956], [127.50551040151484, 45.304277764155266]]]}, "properties": {"biomass": 149.98330688476562}}, {"type": "Feature", "geometry": {"type": "Polygon", "coordinates": [[[127.51008817711391, 45.30409671800243], [127.51466590923714, 45.30391548893318], [127.51440899062808, 45.30068503805635], [127.50983151685574, 45.300866246826686], [127.51008817711391, 45.30409671800243]]]}, "properties": {"biomass": 137.40399169921875}}, {"type": "Feature", "geometry": {"type": "Polygon", "coordinates": [[[127.51466590923714, 45.30391548893318], [127.51924359784113, 45.303734076952104], [127.5189864208902, 45.300503646394546], [127.51440899062808, 45.30068503805635], [127.51466590923714, 45.30391548893318]]]}, "properties": {"biomass": 108.58439636230469}}, {"type": "Feature", "geometry": {"type": "Polygon", "coordinates": [[[127.52839884431773, 45.30337070427289], [127.5329764021036, 45.303188743583995], [127.53271845018132, 45.2999583741064], [127.52814115071018, 45.30014031441495], [127.52839884431773, 45.30337070427289]]]}, "properties": {"biomass": 120.84526062011719}}, {"type": "Feature", "geometry": {"type": "Polygon", "coordinates": [[[127.5329764021036, 45.303188743583995], [127.53755391619669, 45.30300660000171], [127.53729570596869, 45.29977625092481], [127.53271845018132, 45.2999583741064], [127.5329764021036, 45.303188743583995]]]}, "properties": {"biomass": 124.0984878540039}}, {"type": "Feature", "geometry": {"type": "Polygon", "coordinates": [[[127.53755391619669, 45.30300660000171], [127.54213138655358, 45.30282427353065], [127.54187291802894, 45.299593944874815], [127.53729570596869, 45.29977625092481], [127.53755391619669, 45.30300660000171]]]}, "properties": {"biomass": 124.3154067993164}}, {"type": "Feature", "geometry": {"type": "Polygon", "coordinates": [[[127.54213138655358, 45.30282427353065], [127.54670881313093, 45.30264176417548], [127.54645008631871, 45.29941145596105], [127.54187291802894, 45.299593944874815], [127.54213138655358, 45.30282427353065]]]}, "properties": {"biomass": 137.50596618652344}}, {"type": "Feature", "geometry": {"type": "Polygon", "coordinates": [[[127.54670881313093, 45.30264176417548], [127.55128619588535, 45.30245907194082], [127.55102721079462, 45.29922878418813], [127.54645008631871, 45.29941145596105], [127.54670881313093, 45.30264176417548]]]}, "properties": {"biomass": 144.36410522460938}}, {"type": "Feature", "geometry": {"type": "Polygon", "coordinates": [[[127.55128619588535, 45.30245907194082], [127.55586353477344, 45.30227619683128], [127.55560429141332, 45.299045929560705], [127.55102721079462, 45.29922878418813], [127.55128619588535, 45.30245907194082]]]}, "properties": {"biomass": 136.75962829589844}}, {"type": "Feature", "geometry": {"type": "Polygon", "coordinates": [[[127.55586353477344, 45.30227619683128], [127.56044082975187, 45.30209313885151], [127.56018132813139, 45.298862892083406], [127.55560429141332, 45.299045929560705], [127.55586353477344, 45.30227619683128]]]}, "properties": {"biomass": 152.88327026367188}}, {"type": "Feature", "geometry": {"type": "Polygon", "coordinates": [[[127.56044082975187, 45.30209313885151], [127.56501808077724, 45.30190989800618], [127.56475832090557, 45.29867967176087], [127.56018132813139, 45.298862892083406], [127.56044082975187, 45.30209313885151]]]}, "properties": {"biomass": 169.43911743164062}}, {"type": "Feature", "geometry": {"type": "Polygon", "coordinates": [[[127.56501808077724, 45.30190989800618], [127.56959528780621, 45.30172647429992], [127.56933526969243, 45.29849626859777], [127.56475832090557, 45.29867967176087], [127.56501808077724, 45.30190989800618]]]}, "properties": {"biomass": 199.01809692382812}}, {"type": "Feature", "geometry": {"type": "Polygon", "coordinates": [[[127.56959528780621, 45.30172647429992], [127.5741724507954, 45.30154286773738], [127.57391217444864, 45.298312682598734], [127.56933526969243, 45.29849626859777], [127.56959528780621, 45.30172647429992]]]}, "properties": {"biomass": 174.6884765625}}, {"type": "Feature", "geometry": {"type": "Polygon", "coordinates": [[[127.5741724507954, 45.30154286773738], [127.57874956970146, 45.30135907832324], [127.57848903513086, 45.29812891376844], [127.57391217444864, 45.298312682598734], [127.5741724507954, 45.30154286773738]]]}, "properties": {"biomass": 177.44903564453125}}, {"type": "Feature", "geometry": {"type": "Polygon", "coordinates": [[[127.57874956970146, 45.30135907832324], [127.58332664448103, 45.30117510606214], [127.58306585169574, 45.29794496211153], [127.57848903513086, 45.29812891376844], [127.57874956970146, 45.30135907832324]]]}, "properties": {"biomass": 151.18252563476562}}, {"type": "Feature", "geometry": {"type": "Polygon", "coordinates": [[[127.58332664448103, 45.30117510606214], [127.58790367509077, 45.300990950958756], [127.58764262409989, 45.29776082763269], [127.58306585169574, 45.29794496211153], [127.58332664448103, 45.30117510606214]]]}, "properties": {"biomass": 129.29541015625}}, {"type": "Feature", "geometry": {"type": "Polygon", "coordinates": [[[127.5924806614873, 45.30080661301775], [127.59705760362729, 45.300622092243835], [127.59679603625278, 45.29739201022788], [127.59221935230002, 45.297576510336576], [127.5924806614873, 45.30080661301775]]]}, "properties": {"biomass": 117.09644317626953}}, {"type": "Feature", "geometry": {"type": "Polygon", "coordinates": [[[127.59705760362729, 45.300622092243835], [127.6016345014674, 45.300437388641654], [127.6013726759148, 45.29720732731127], [127.59679603625278, 45.29739201022788], [127.59705760362729, 45.300622092243835]]]}, "properties": {"biomass": 107.60253143310547}}, {"type": "Feature", "geometry": {"type": "Polygon", "coordinates": [[[127.6016345014674, 45.300437388641654], [127.60621135496426, 45.300252502215905], [127.60594927124278, 45.29702246159144], [127.6013726759148, 45.29720732731127], [127.6016345014674, 45.300437388641654]]]}, "properties": {"biomass": 112.2560806274414}}, {"type": "Feature", "geometry": {"type": "Polygon", "coordinates": [[[127.60621135496426, 45.300252502215905], [127.61078816407452, 45.300067432971304], [127.61052582219338, 45.29683741307308], [127.60594927124278, 45.29702246159144], [127.60621135496426, 45.300252502215905]]]}, "properties": {"biomass": 139.03805541992188}}, {"type": "Feature", "geometry": {"type": "Polygon", "coordinates": [[[127.61078816407452, 45.300067432971304], [127.61536492875491, 45.2998821809125], [127.61510232872327, 45.29665218176086], [127.61052582219338, 45.29683741307308], [127.61078816407452, 45.300067432971304]]]}, "properties": {"biomass": 161.53790283203125}}, {"type": "Feature", "geometry": {"type": "Polygon", "coordinates": [[[127.61536492875491, 45.2998821809125], [127.61994164896203, 45.29969674604423], [127.61967879078912, 45.296466767659524], [127.61510232872327, 45.29665218176086], [127.61536492875491, 45.2998821809125]]]}, "properties": {"biomass": 148.4496307373047}}, {"type": "Feature", "geometry": {"type": "Polygon", "coordinates": [[[127.61994164896203, 45.29969674604423], [127.62451832465258, 45.29951112837118], [127.6242552083476, 45.29628117077373], [127.61967879078912, 45.296466767659524], [127.61994164896203, 45.29969674604423]]]}, "properties": {"biomass": 128.5668182373047}}, {"type": "Feature", "geometry": {"type": "Polygon", "coordinates": [[[127.62451832465258, 45.29951112837118], [127.6290949557832, 45.29932532789807], [127.6288315813554, 45.296095391108224], [127.6242552083476, 45.29628117077373], [127.62451832465258, 45.29951112837118]]]}, "properties": {"biomass": 83.90618896484375}}, {"type": "Feature", "geometry": {"type": "Polygon", "coordinates": [[[127.6290949557832, 45.29932532789807], [127.6336715423106, 45.2991393446296], [127.6334079097692, 45.29590942866769], [127.6288315813554, 45.296095391108224], [127.6290949557832, 45.29932532789807]]]}, "properties": {"biomass": 109.96678161621094}}, {"type": "Feature", "geometry": {"type": "Polygon", "coordinates": [[[127.6336715423106, 45.2991393446296], [127.63824808419142, 45.29895317857049], [127.63798419354568, 45.29572328345686], [127.6334079097692, 45.29590942866769], [127.6336715423106, 45.2991393446296]]]}, "properties": {"biomass": 157.26275634765625}}, {"type": "Feature", "geometry": {"type": "Polygon", "coordinates": [[[127.63824808419142, 45.29895317857049], [127.64282458138234, 45.29876682972549], [127.64256043264152, 45.29553695548046], [127.63798419354568, 45.29572328345686], [127.63824808419142, 45.29895317857049]]]}, "properties": {"biomass": 161.72161865234375}}, {"type": "Feature", "geometry": {"type": "Polygon", "coordinates": [[[127.64282458138234, 45.29876682972549], [127.64740103384008, 45.2985802980993], [127.64713662701342, 45.29535044474321], [127.64256043264152, 45.29553695548046], [127.64282458138234, 45.29876682972549]]]}, "properties": {"biomass": 163.36520385742188}}, {"type": "Feature", "geometry": {"type": "Polygon", "coordinates": [[[127.64740103384008, 45.2985802980993], [127.6519774415213, 45.29839358369666], [127.65171277661807, 45.29516375124982], [127.64713662701342, 45.29535044474321], [127.64740103384008, 45.2985802980993]]]}, "properties": {"biomass": 175.6075897216797}}, {"type": "Feature", "geometry": {"type": "Polygon", "coordinates": [[[127.6519774415213, 45.29839358369666], [127.65655380438267, 45.29820668652229], [127.65628888141217, 45.294976875005055], [127.65171277661807, 45.29516375124982], [127.6519774415213, 45.29839358369666]]]}, "properties": {"biomass": 157.3128204345703}}, {"type": "Feature", "geometry": {"type": "Polygon", "coordinates": [[[127.65655380438267, 45.29820668652229], [127.66113012238088, 45.29801960658095], [127.66086494135239, 45.29478981601365], [127.65628888141217, 45.294976875005055], [127.65655380438267, 45.29820668652229]]]}, "properties": {"biomass": 150.41250610351562}}, {"type": "Feature", "geometry": {"type": "Polygon", "coordinates": [[[127.66113012238088, 45.29801960658095], [127.66570639547265, 45.297832343877396], [127.66544095639547, 45.29460257428035], [127.66086494135239, 45.29478981601365], [127.66113012238088, 45.29801960658095]]]}, "properties": {"biomass": 146.9922637939453}}, {"type": "Feature", "geometry": {"type": "Polygon", "coordinates": [[[127.66570639547265, 45.297832343877396], [127.67028262361465, 45.297644898416344], [127.67001692649808, 45.294415149809886], [127.66544095639547, 45.29460257428035], [127.66570639547265, 45.297832343877396]]]}, "properties": {"biomass": 162.2816162109375}}, {"type": "Feature", "geometry": {"type": "Polygon", "coordinates": [[[127.67028262361465, 45.297644898416344], [127.6748588067636, 45.29745727020258], [127.67459285161696, 45.294227542607025], [127.67001692649808, 45.294415149809886], [127.67028262361465, 45.297644898416344]]]}, "properties": {"biomass": 160.5481414794922}}, {"type": "Feature", "geometry": {"type": "Polygon", "coordinates": [[[127.49609883491115, 45.30140877574293], [127.50067643895389, 45.30122811567457], [127.50042033880453, 45.2979976009921], [127.49584299309628, 45.298178240824896], [127.49609883491115, 45.30140877574293]]]}, "properties": {"biomass": 119.31779479980469}}, {"type": "Feature", "geometry": {"type": "Polygon", "coordinates": [[[127.50067643895389, 45.30122811567457], [127.50525399961654, 45.301047272700956], [127.5049976411417, 45.29781677827441], [127.50042033880453, 45.2979976009921], [127.50067643895389, 45.30122811567457]]]}, "properties": {"biomass": 135.12551879882812}}, {"type": "Feature", "geometry": {"type": "Polygon", "coordinates": [[[127.50525399961654, 45.301047272700956], [127.50983151685574, 45.300866246826686], [127.50957490006441, 45.29763577267641], [127.5049976411417, 45.29781677827441], [127.50525399961654, 45.301047272700956]]]}, "properties": {"biomass": 143.50474548339844}}, {"type": "Feature", "geometry": {"type": "Polygon", "coordinates": [[[127.50983151685574, 45.300866246826686], [127.51440899062808, 45.30068503805635], [127.51415211552926, 45.29745458420272], [127.50957490006441, 45.29763577267641], [127.50983151685574, 45.300866246826686]]]}, "properties": {"biomass": 129.56814575195312}}, {"type": "Feature", "geometry": {"type": "Polygon", "coordinates": [[[127.51440899062808, 45.30068503805635], [127.5189864208902, 45.300503646394546], [127.5187292874929, 45.2972732128579], [127.51415211552926, 45.29745458420272], [127.51440899062808, 45.30068503805635]]]}, "properties": {"biomass": 112.95098114013672}}, {"type": "Feature", "geometry": {"type": "Polygon", "coordinates": [[[127.52356380759868, 45.30032207184588], [127.52814115071018, 45.30014031441495], [127.52788350074303, 45.296909921573366], [127.52330641591192, 45.297091658646586], [127.52356380759868, 45.30032207184588]]]}, "properties": {"biomass": 115.62708282470703}}, {"type": "Feature", "geometry": {"type": "Polygon", "coordinates": [[[127.52814115071018, 45.30014031441495], [127.53271845018132, 45.2999583741064], [127.53246054194277, 45.29672800164287], [127.52788350074303, 45.296909921573366], [127.52814115071018, 45.30014031441495]]]}, "properties": {"biomass": 124.51148986816406}}, {"type": "Feature", "geometry": {"type": "Polygon", "coordinates": [[[127.53271845018132, 45.2999583741064], [127.53729570596869, 45.29977625092481], [127.53703753946779, 45.29654589885969], [127.53246054194277, 45.29672800164287], [127.53271845018132, 45.2999583741064]]]}, "properties": {"biomass": 133.05638122558594}}, {"type": "Feature", "geometry": {"type": "Polygon", "coordinates": [[[127.53729570596869, 45.29977625092481], [127.54187291802894, 45.299593944874815], [127.54161449327476, 45.29636361322846], [127.53703753946779, 45.29654589885969], [127.53729570596869, 45.29977625092481]]]}, "properties": {"biomass": 132.6326904296875}}, {"type": "Feature", "geometry": {"type": "Polygon", "coordinates": [[[127.54187291802894, 45.299593944874815], [127.54645008631871, 45.29941145596105], [127.54619140332035, 45.2961811447538], [127.54161449327476, 45.29636361322846], [127.54187291802894, 45.299593944874815]]]}, "properties": {"biomass": 138.59555053710938}}, {"type": "Feature", "geometry": {"type": "Polygon", "coordinates": [[[127.54645008631871, 45.29941145596105], [127.55102721079462, 45.29922878418813], [127.5507682695611, 45.295998493440344], [127.54619140332035, 45.2961811447538], [127.54645008631871, 45.29941145596105]]]}, "properties": {"biomass": 100.47666931152344}}, {"type": "Feature", "geometry": {"type": "Polygon", "coordinates": [[[127.55102721079462, 45.29922878418813], [127.55560429141332, 45.299045929560705], [127.55534509195375, 45.29581565929273], [127.5507682695611, 45.295998493440344], [127.55102721079462, 45.29922878418813]]]}, "properties": {"biomass": 129.390380859375}}, {"type": "Feature", "geometry": {"type": "Polygon", "coordinates": [[[127.55560429141332, 45.299045929560705], [127.56018132813139, 45.298862892083406], [127.55992187045489, 45.29563264231558], [127.55534509195375, 45.29581565929273], [127.55560429141332, 45.299045929560705]]]}, "properties": {"biomass": 159.16070556640625}}, {"type": "Feature", "geometry": {"type": "Polygon", "coordinates": [[[127.56018132813139, 45.298862892083406], [127.56475832090557, 45.29867967176087], [127.5644986050212, 45.295449442513565], [127.55992187045489, 45.29563264231558], [127.56018132813139, 45.298862892083406]]]}, "properties": {"biomass": 153.2019805908203}}, {"type": "Feature", "geometry": {"type": "Polygon", "coordinates": [[[127.56475832090557, 45.29867967176087], [127.56933526969243, 45.29849626859777], [127.56907529560931, 45.295266059891304], [127.5644986050212, 45.295449442513565], [127.56475832090557, 45.29867967176087]]]}, "properties": {"biomass": 170.32411193847656}}, {"type": "Feature", "geometry": {"type": "Polygon", "coordinates": [[[127.56933526969243, 45.29849626859777], [127.57391217444864, 45.298312682598734], [127.5736519421759, 45.295082494453474], [127.56907529560931, 45.295266059891304], [127.56933526969243, 45.29849626859777]]]}, "properties": {"biomass": 190.0899200439453}}, {"type": "Feature", "geometry": {"type": "Polygon", "coordinates": [[[127.57391217444864, 45.298312682598734], [127.57848903513086, 45.29812891376844], [127.57822854467761, 45.29489874620471], [127.5736519421759, 45.295082494453474], [127.57391217444864, 45.298312682598734]]]}, "properties": {"biomass": 183.95266723632812}}, {"type": "Feature", "geometry": {"type": "Polygon", "coordinates": [[[127.57848903513086, 45.29812891376844], [127.58306585169574, 45.29794496211153], [127.58280510307111, 45.29471481514969], [127.57822854467761, 45.29489874620471], [127.57848903513086, 45.29812891376844]]]}, "properties": {"biomass": 155.45008850097656}}, {"type": "Feature", "geometry": {"type": "Polygon", "coordinates": [[[127.58306585169574, 45.29794496211153], [127.58764262409989, 45.29776082763269], [127.58738161731304, 45.29453070129306], [127.58280510307111, 45.29471481514969], [127.58306585169574, 45.29794496211153]]]}, "properties": {"biomass": 147.30404663085938}}, {"type": "Feature", "geometry": {"type": "Polygon", "coordinates": [[[127.58764262409989, 45.29776082763269], [127.59221935230002, 45.297576510336576], [127.59195808736013, 45.29434640463952], [127.58738161731304, 45.29453070129306], [127.58764262409989, 45.29776082763269]]]}, "properties": {"biomass": 149.57276916503906}}, {"type": "Feature", "geometry": {"type": "Polygon", "coordinates": [[[127.59221935230002, 45.297576510336576], [127.59679603625278, 45.29739201022788], [127.59653451316898, 45.29416192519373], [127.59195808736013, 45.29434640463952], [127.59221935230002, 45.297576510336576]]]}, "properties": {"biomass": 129.94976806640625}}, {"type": "Feature", "geometry": {"type": "Polygon", "coordinates": [[[127.59679603625278, 45.29739201022788], [127.6013726759148, 45.29720732731127], [127.60111089469628, 45.29397726296037], [127.59653451316898, 45.29416192519373], [127.59679603625278, 45.29739201022788]]]}, "properties": {"biomass": 118.28628540039062}}, {"type": "Feature", "geometry": {"type": "Polygon", "coordinates": [[[127.6013726759148, 45.29720732731127], [127.60594927124278, 45.29702246159144], [127.60568723189871, 45.29379241794412], [127.60111089469628, 45.29397726296037], [127.6013726759148, 45.29720732731127]]]}, "properties": {"biomass": 102.36790466308594}}, {"type": "Feature", "geometry": {"type": "Polygon", "coordinates": [[[127.60594927124278, 45.29702246159144], [127.61052582219338, 45.29683741307308], [127.61026352473294, 45.29360739014967], [127.60568723189871, 45.29379241794412], [127.60594927124278, 45.29702246159144]]]}, "properties": {"biomass": 118.19633483886719}}, {"type": "Feature", "geometry": {"type": "Polygon", "coordinates": [[[127.61052582219338, 45.29683741307308], [127.61510232872327, 45.29665218176086], [127.61483977315567, 45.29342217958173], [127.61026352473294, 45.29360739014967], [127.61052582219338, 45.29683741307308]]]}, "properties": {"biomass": 132.08663940429688}}, {"type": "Feature", "geometry": {"type": "Polygon", "coordinates": [[[127.61510232872327, 45.29665218176086], [127.61967879078912, 45.296466767659524], [127.61941597712358, 45.293236786244975], [127.61483977315567, 45.29342217958173], [127.61510232872327, 45.29665218176086]]]}, "properties": {"biomass": 134.070556640625}}, {"type": "Feature", "geometry": {"type": "Polygon", "coordinates": [[[127.61967879078912, 45.296466767659524], [127.6242552083476, 45.29628117077373], [127.62399213659333, 45.293051210144114], [127.61941597712358, 45.293236786244975], [127.61967879078912, 45.296466767659524]]]}, "properties": {"biomass": 119.98281860351562}}, {"type": "Feature", "geometry": {"type": "Polygon", "coordinates": [[[127.6242552083476, 45.29628117077373], [127.6288315813554, 45.296095391108224], [127.62856825152161, 45.29286545128387], [127.62399213659333, 45.293051210144114], [127.6242552083476, 45.29628117077373]]]}, "properties": {"biomass": 98.18341827392578}}, {"type": "Feature", "geometry": {"type": "Polygon", "coordinates": [[[127.6288315813554, 45.296095391108224], [127.6334079097692, 45.29590942866769], [127.63314432186513, 45.29267950966894], [127.62856825152161, 45.29286545128387], [127.6288315813554, 45.296095391108224]]]}, "properties": {"biomass": 112.47657775878906}}, {"type": "Feature", "geometry": {"type": "Polygon", "coordinates": [[[127.6334079097692, 45.29590942866769], [127.63798419354568, 45.29572328345686], [127.63772034758057, 45.29249338530404], [127.63314432186513, 45.29267950966894], [127.6334079097692, 45.29590942866769]]]}, "properties": {"biomass": 146.61468505859375}}, {"type": "Feature", "geometry": {"type": "Polygon", "coordinates": [[[127.63798419354568, 45.29572328345686], [127.64256043264152, 45.29553695548046], [127.64229632862462, 45.29230707819389], [127.63772034758057, 45.29249338530404], [127.63798419354568, 45.29572328345686]]]}, "properties": {"biomass": 183.90972900390625}}, {"type": "Feature", "geometry": {"type": "Polygon", "coordinates": [[[127.64256043264152, 45.29553695548046], [127.64713662701342, 45.29535044474321], [127.64687226495401, 45.29212058834324], [127.64229632862462, 45.29230707819389], [127.64256043264152, 45.29553695548046]]]}, "properties": {"biomass": 177.231689453125}}, {"type": "Feature", "geometry": {"type": "Polygon", "coordinates": [[[127.64713662701342, 45.29535044474321], [127.65171277661807, 45.29516375124982], [127.6514481565254, 45.291933915756786], [127.64687226495401, 45.29212058834324], [127.64713662701342, 45.29535044474321]]]}, "properties": {"biomass": 183.6288299560547}}, {"type": "Feature", "geometry": {"type": "Polygon", "coordinates": [[[127.65171277661807, 45.29516375124982], [127.65628888141217, 45.294976875005055], [127.65602400329554, 45.291747060439256], [127.6514481565254, 45.291933915756786], [127.65171277661807, 45.29516375124982]]]}, "properties": {"biomass": 197.714599609375}}, {"type": "Feature", "geometry": {"type": "Polygon", "coordinates": [[[127.65628888141217, 45.294976875005055], [127.66086494135239, 45.29478981601365], [127.66059980522108, 45.29156002239543], [127.65602400329554, 45.291747060439256], [127.65628888141217, 45.294976875005055]]]}, "properties": {"biomass": 187.1248779296875}}, {"type": "Feature", "geometry": {"type": "Polygon", "coordinates": [[[127.66086494135239, 45.29478981601365], [127.66544095639547, 45.29460257428035], [127.66517556225877, 45.291372801630025], [127.66059980522108, 45.29156002239543], [127.66086494135239, 45.29478981601365]]]}, "properties": {"biomass": 199.06190490722656}}, {"type": "Feature", "geometry": {"type": "Polygon", "coordinates": [[[127.66544095639547, 45.29460257428035], [127.67001692649808, 45.294415149809886], [127.66975127436528, 45.291185398147796], [127.66517556225877, 45.291372801630025], [127.66544095639547, 45.29460257428035]]]}, "properties": {"biomass": 215.65089416503906}}, {"type": "Feature", "geometry": {"type": "Polygon", "coordinates": [[[127.49584299309628, 45.298178240824896], [127.50042033880453, 45.2979976009921], [127.50016428202625, 45.29476708333993], [127.49558719460907, 45.29494770293944], [127.49584299309628, 45.298178240824896]]]}, "properties": {"biomass": 114.25523376464844}}, {"type": "Feature", "geometry": {"type": "Polygon", "coordinates": [[[127.50042033880453, 45.2979976009921], [127.5049976411417, 45.29781677827441], [127.5047413260813, 45.29458628087588], [127.50016428202625, 45.29476708333993], [127.50042033880453, 45.2979976009921]]]}, "properties": {"biomass": 120.77094268798828}}, {"type": "Feature", "geometry": {"type": "Polygon", "coordinates": [[[127.5049976411417, 45.29781677827441], [127.50957490006441, 45.29763577267641], [127.5093183267309, 45.2944052955519], [127.5047413260813, 45.29458628087588], [127.5049976411417, 45.29781677827441]]]}, "properties": {"biomass": 133.5404052734375}}, {"type": "Feature", "geometry": {"type": "Polygon", "coordinates": [[[127.50957490006441, 45.29763577267641], [127.51415211552926, 45.29745458420272], [127.51389528393165, 45.294224127372566], [127.5093183267309, 45.2944052955519], [127.50957490006441, 45.29763577267641]]]}, "properties": {"biomass": 112.88590240478516}}, {"type": "Feature", "geometry": {"type": "Polygon", "coordinates": [[[127.51415211552926, 45.29745458420272], [127.5187292874929, 45.2972732128579], [127.5184721976402, 45.29404277634246], [127.51389528393165, 45.294224127372566], [127.51415211552926, 45.29745458420272]]]}, "properties": {"biomass": 140.11924743652344}}, {"type": "Feature", "geometry": {"type": "Polygon", "coordinates": [[[127.52330641591192, 45.297091658646586], [127.52788350074303, 45.296909921573366], [127.52762589440717, 45.2936795257484], [127.52304906781316, 45.293861242466214], [127.52330641591192, 45.297091658646586]]]}, "properties": {"biomass": 120.37477111816406}}, {"type": "Feature", "geometry": {"type": "Polygon", "coordinates": [[[127.52788350074303, 45.296909921573366], [127.53246054194277, 45.29672800164287], [127.5322026773789, 45.29349762619367], [127.52762589440717, 45.2936795257484], [127.52788350074303, 45.296909921573366]]]}, "properties": {"biomass": 124.67882537841797}}, {"type": "Feature", "geometry": {"type": "Polygon", "coordinates": [[[127.53246054194277, 45.29672800164287], [127.53703753946779, 45.29654589885969], [127.53677941668496, 45.293315543806614], [127.5322026773789, 45.29349762619367], [127.53246054194277, 45.29672800164287]]]}, "properties": {"biomass": 124.83181762695312}}, {"type": "Feature", "geometry": {"type": "Polygon", "coordinates": [[[127.53703753946779, 45.29654589885969], [127.54161449327476, 45.29636361322846], [127.54135611228205, 45.293133278591846], [127.53677941668496, 45.293315543806614], [127.53703753946779, 45.29654589885969]]]}, "properties": {"biomass": 113.62914276123047}}, {"type": "Feature", "geometry": {"type": "Polygon", "coordinates": [[[127.54161449327476, 45.29636361322846], [127.54619140332035, 45.2961811447538], [127.54593276412673, 45.292950830554005], [127.54135611228205, 45.293133278591846], [127.54161449327476, 45.29636361322846]]]}, "properties": {"biomass": 119.34976196289062}}, {"type": "Feature", "geometry": {"type": "Polygon", "coordinates": [[[127.54619140332035, 45.2961811447538], [127.5507682695611, 45.295998493440344], [127.55050937217574, 45.29276819969771], [127.54593276412673, 45.292950830554005], [127.54619140332035, 45.2961811447538]]]}, "properties": {"biomass": 125.93974304199219}}, {"type": "Feature", "geometry": {"type": "Polygon", "coordinates": [[[127.5507682695611, 45.295998493440344], [127.55534509195375, 45.29581565929273], [127.55508593638567, 45.29258538602761], [127.55050937217574, 45.29276819969771], [127.5507682695611, 45.295998493440344]]]}, "properties": {"biomass": 119.11483001708984}}, {"type": "Feature", "geometry": {"type": "Polygon", "coordinates": [[[127.55534509195375, 45.29581565929273], [127.55992187045489, 45.29563264231558], [127.55966245671321, 45.292402389548315], [127.55508593638567, 45.29258538602761], [127.55534509195375, 45.29581565929273]]]}, "properties": {"biomass": 131.90834045410156}}, {"type": "Feature", "geometry": {"type": "Polygon", "coordinates": [[[127.55992187045489, 45.29563264231558], [127.5644986050212, 45.295449442513565], [127.56423893311499, 45.2922192102645], [127.55966245671321, 45.292402389548315], [127.55992187045489, 45.29563264231558]]]}, "properties": {"biomass": 131.64651489257812}}, {"type": "Feature", "geometry": {"type": "Polygon", "coordinates": [[[127.5644986050212, 45.295449442513565], [127.56907529560931, 45.295266059891304], [127.56881536554772, 45.29203584818078], [127.56423893311499, 45.2922192102645], [127.5644986050212, 45.295449442513565]]]}, "properties": {"biomass": 143.94485473632812}}, {"type": "Feature", "geometry": {"type": "Polygon", "coordinates": [[[127.56907529560931, 45.295266059891304], [127.5736519421759, 45.295082494453474], [127.57339175396802, 45.29185230330183], [127.56881536554772, 45.29203584818078], [127.56907529560931, 45.295266059891304]]]}, "properties": {"biomass": 154.43914794921875}}, {"type": "Feature", "geometry": {"type": "Polygon", "coordinates": [[[127.5736519421759, 45.295082494453474], [127.57822854467761, 45.29489874620471], [127.57796809833258, 45.29166857563231], [127.57339175396802, 45.29185230330183], [127.5736519421759, 45.295082494453474]]]}, "properties": {"biomass": 193.44320678710938}}, {"type": "Feature", "geometry": {"type": "Polygon", "coordinates": [[[127.57822854467761, 45.29489874620471], [127.58280510307111, 45.29471481514969], [127.58254439859805, 45.29148466517684], [127.57796809833258, 45.29166857563231], [127.57822854467761, 45.29489874620471]]]}, "properties": {"biomass": 156.84437561035156}}, {"type": "Feature", "geometry": {"type": "Polygon", "coordinates": [[[127.58280510307111, 45.29471481514969], [127.58738161731304, 45.29453070129306], [127.58712065472112, 45.29130057194014], [127.58254439859805, 45.29148466517684], [127.58280510307111, 45.29471481514969]]]}, "properties": {"biomass": 164.57504272460938}}, {"type": "Feature", "geometry": {"type": "Polygon", "coordinates": [[[127.58738161731304, 45.29453070129306], [127.59195808736013, 45.29434640463952], [127.59169686665845, 45.29111629592684], [127.58712065472112, 45.29130057194014], [127.58738161731304, 45.29453070129306]]]}, "properties": {"biomass": 152.24343872070312}}, {"type": "Feature", "geometry": {"type": "Polygon", "coordinates": [[[127.59195808736013, 45.29434640463952], [127.59653451316898, 45.29416192519373], [127.5962730343667, 45.29093183714164], [127.59169686665845, 45.29111629592684], [127.59195808736013, 45.29434640463952]]]}, "properties": {"biomass": 143.1220245361328}}, {"type": "Feature", "geometry": {"type": "Polygon", "coordinates": [[[127.59653451316898, 45.29416192519373], [127.60111089469628, 45.29397726296037], [127.60084915780261, 45.290747195589205], [127.5962730343667, 45.29093183714164], [127.59653451316898, 45.29416192519373]]]}, "properties": {"biomass": 134.0673065185547}}, {"type": "Feature", "geometry": {"type": "Polygon", "coordinates": [[[127.60111089469628, 45.29397726296037], [127.60568723189871, 45.29379241794412], [127.60542523692283, 45.29056237127422], [127.60084915780261, 45.290747195589205], [127.60111089469628, 45.29397726296037]]]}, "properties": {"biomass": 123.3755111694336}}, {"type": "Feature", "geometry": {"type": "Polygon", "coordinates": [[[127.61941597712358, 45.293236786244975], [127.62399213659333, 45.293051210144114], [127.6237291093805, 45.28982124648262], [127.61915320795617, 45.29000680180088], [127.61941597712358, 45.293236786244975]]]}, "properties": {"biomass": 89.97601318359375}}, {"type": "Feature", "geometry": {"type": "Polygon", "coordinates": [[[127.62399213659333, 45.293051210144114], [127.62856825152161, 45.29286545128387], [127.6283049662726, 45.2896355084253], [127.6237291093805, 45.28982124648262], [127.62399213659333, 45.293051210144114]]]}, "properties": {"biomass": 98.27941131591797}}, {"type": "Feature", "geometry": {"type": "Polygon", "coordinates": [[[127.62856825152161, 45.29286545128387], [127.63314432186513, 45.29267950966894], [127.63288077858914, 45.28944958763363], [127.6283049662726, 45.2896355084253], [127.62856825152161, 45.29286545128387]]]}, "properties": {"biomass": 112.55028533935547}}, {"type": "Feature", "geometry": {"type": "Polygon", "coordinates": [[[127.63314432186513, 45.29267950966894], [127.63772034758057, 45.29249338530404], [127.63745654628684, 45.289263484112325], [127.63288077858914, 45.28944958763363], [127.63314432186513, 45.29267950966894]]]}, "properties": {"biomass": 127.04188537597656}}, {"type": "Feature", "geometry": {"type": "Polygon", "coordinates": [[[127.63772034758057, 45.29249338530404], [127.64229632862462, 45.29230707819389], [127.64203226932244, 45.2890771978661], [127.63745654628684, 45.289263484112325], [127.63772034758057, 45.29249338530404]]]}, "properties": {"biomass": 150.10159301757812}}, {"type": "Feature", "geometry": {"type": "Polygon", "coordinates": [[[127.64229632862462, 45.29230707819389], [127.64687226495401, 45.29212058834324], [127.6466079476526, 45.28889072889968], [127.64203226932244, 45.2890771978661], [127.64229632862462, 45.29230707819389]]]}, "properties": {"biomass": 159.0247802734375}}, {"type": "Feature", "geometry": {"type": "Polygon", "coordinates": [[[127.64687226495401, 45.29212058834324], [127.6514481565254, 45.291933915756786], [127.65118358123402, 45.288704077217794], [127.6466079476526, 45.28889072889968], [127.64687226495401, 45.29212058834324]]]}, "properties": {"biomass": 148.0926971435547}}, {"type": "Feature", "geometry": {"type": "Polygon", "coordinates": [[[127.6514481565254, 45.291933915756786], [127.65602400329554, 45.291747060439256], [127.65575917002347, 45.28851724282518], [127.65118358123402, 45.288704077217794], [127.6514481565254, 45.291933915756786]]]}, "properties": {"biomass": 161.8669891357422}}, {"type": "Feature", "geometry": {"type": "Polygon", "coordinates": [[[127.65602400329554, 45.291747060439256], [127.66059980522108, 45.29156002239543], [127.66033471397763, 45.28833022572658], [127.65575917002347, 45.28851724282518], [127.65602400329554, 45.291747060439256]]]}, "properties": {"biomass": 171.40562438964844}}, {"type": "Feature", "geometry": {"type": "Polygon", "coordinates": [[[127.66059980522108, 45.29156002239543], [127.66517556225877, 45.291372801630025], [127.66491021305319, 45.28814302592672], [127.66033471397763, 45.28833022572658], [127.66059980522108, 45.29156002239543]]]}, "properties": {"biomass": 170.62413024902344}}, {"type": "Feature", "geometry": {"type": "Polygon", "coordinates": [[[127.66517556225877, 45.291372801630025], [127.66975127436528, 45.291185398147796], [127.66948566720694, 45.287955643430365], [127.66491021305319, 45.28814302592672], [127.66517556225877, 45.291372801630025]]]}, "properties": {"biomass": 186.11546325683594}}, {"type": "Feature", "geometry": {"type": "Polygon", "coordinates": [[[127.49558719460907, 45.29494770293944], [127.50016428202625, 45.29476708333993], [127.49990826861006, 45.2915365627183], [127.49533143944062, 45.29171716208679], [127.49558719460907, 45.29494770293944]]]}, "properties": {"biomass": 109.55042266845703}}, {"type": "Feature", "geometry": {"type": "Polygon", "coordinates": [[[127.50016428202625, 45.29476708333993], [127.5047413260813, 45.29458628087588], [127.5044850544264, 45.291355780505626], [127.49990826861006, 45.2915365627183], [127.50016428202625, 45.29476708333993]]]}, "properties": {"biomass": 116.18072509765625}}, {"type": "Feature", "geometry": {"type": "Polygon", "coordinates": [[[127.5047413260813, 45.29458628087588], [127.5093183267309, 45.2944052955519], [127.50906179684625, 45.29117481545337], [127.5044850544264, 45.291355780505626], [127.5047413260813, 45.29458628087588]]]}, "properties": {"biomass": 108.45443725585938}}, {"type": "Feature", "geometry": {"type": "Polygon", "coordinates": [[[127.5093183267309, 45.2944052955519], [127.51389528393165, 45.294224127372566], [127.51363849582626, 45.290993667566106], [127.50906179684625, 45.29117481545337], [127.5093183267309, 45.2944052955519]]]}, "properties": {"biomass": 115.90982818603516}}, {"type": "Feature", "geometry": {"type": "Polygon", "coordinates": [[[127.51389528393165, 45.294224127372566], [127.5184721976402, 45.29404277634246], [127.51821515132305, 45.29081233684844], [127.51363849582626, 45.290993667566106], [127.51389528393165, 45.294224127372566]]]}, "properties": {"biomass": 102.02372741699219}}, {"type": "Feature", "geometry": {"type": "Polygon", "coordinates": [[[127.52304906781316, 45.293861242466214], [127.52762589440717, 45.2936795257484], [127.52736833169364, 45.29044912694031], [127.5227917632933, 45.29063082330497], [127.52304906781316, 45.293861242466214]]]}, "properties": {"biomass": 137.00135803222656}}, {"type": "Feature", "geometry": {"type": "Polygon", "coordinates": [[[127.52762589440717, 45.2936795257484], [127.5322026773789, 45.29349762619367], [127.53194485648072, 45.290267247759054], [127.52736833169364, 45.29044912694031], [127.52762589440717, 45.2936795257484]]]}, "properties": {"biomass": 118.19806671142578}}, {"type": "Feature", "geometry": {"type": "Polygon", "coordinates": [[[127.5322026773789, 45.29349762619367], [127.53677941668496, 45.293315543806614], [127.53652133761116, 45.290085185765825], [127.53194485648072, 45.290267247759054], [127.5322026773789, 45.29349762619367]]]}, "properties": {"biomass": 110.96537780761719}}, {"type": "Feature", "geometry": {"type": "Polygon", "coordinates": [[[127.53677941668496, 45.293315543806614], [127.54135611228205, 45.293133278591846], [127.54109777504168, 45.289902940965234], [127.53652133761116, 45.290085185765825], [127.53677941668496, 45.293315543806614]]]}, "properties": {"biomass": 111.58393096923828}}, {"type": "Feature", "geometry": {"type": "Polygon", "coordinates": [[[127.54135611228205, 45.293133278591846], [127.54593276412673, 45.292950830554005], [127.54567416872885, 45.28972051336192], [127.54109777504168, 45.289902940965234], [127.54135611228205, 45.293133278591846]]]}, "properties": {"biomass": 128.06358337402344}}, {"type": "Feature", "geometry": {"type": "Polygon", "coordinates": [[[127.54593276412673, 45.292950830554005], [127.55050937217574, 45.29276819969771], [127.55025051862941, 45.28953790296049], [127.54567416872885, 45.28972051336192], [127.54593276412673, 45.292950830554005]]]}, "properties": {"biomass": 142.845947265625}}, {"type": "Feature", "geometry": {"type": "Polygon", "coordinates": [[[127.55050937217574, 45.29276819969771], [127.55508593638567, 45.29258538602761], [127.5548268247, 45.28935510976559], [127.55025051862941, 45.28953790296049], [127.55050937217574, 45.29276819969771]]]}, "properties": {"biomass": 140.22035217285156}}, {"type": "Feature", "geometry": {"type": "Polygon", "coordinates": [[[127.55508593638567, 45.29258538602761], [127.55966245671321, 45.292402389548315], [127.55940308689726, 45.28917213378186], [127.5548268247, 45.28935510976559], [127.55508593638567, 45.29258538602761]]]}, "properties": {"biomass": 127.01094055175781}}, {"type": "Feature", "geometry": {"type": "Polygon", "coordinates": [[[127.55966245671321, 45.292402389548315], [127.56423893311499, 45.2922192102645], [127.5639793051779, 45.28898897501392], [127.55940308689726, 45.28917213378186], [127.55966245671321, 45.292402389548315]]]}, "properties": {"biomass": 132.2804718017578}}, {"type": "Feature", "geometry": {"type": "Polygon", "coordinates": [[[127.56423893311499, 45.2922192102645], [127.56881536554772, 45.29203584818078], [127.56855547949856, 45.28880563346646], [127.5639793051779, 45.28898897501392], [127.56423893311499, 45.2922192102645]]]}, "properties": {"biomass": 134.76768493652344}}, {"type": "Feature", "geometry": {"type": "Polygon", "coordinates": [[[127.56881536554772, 45.29203584818078], [127.57339175396802, 45.29185230330183], [127.57313160981589, 45.28862210914409], [127.56855547949856, 45.28880563346646], [127.56881536554772, 45.29203584818078]]]}, "properties": {"biomass": 142.73806762695312}}, {"type": "Feature", "geometry": {"type": "Polygon", "coordinates": [[[127.57339175396802, 45.29185230330183], [127.57796809833258, 45.29166857563231], [127.5777076960866, 45.28843840205148], [127.57313160981589, 45.28862210914409], [127.57339175396802, 45.29185230330183]]]}, "properties": {"biomass": 176.64320373535156}}, {"type": "Feature", "geometry": {"type": "Polygon", "coordinates": [[[127.57796809833258, 45.29166857563231], [127.58254439859805, 45.29148466517684], [127.58228373826738, 45.288254512193284], [127.5777076960866, 45.28843840205148], [127.57796809833258, 45.29166857563231]]]}, "properties": {"biomass": 174.26531982421875}}, {"type": "Feature", "geometry": {"type": "Polygon", "coordinates": [[[127.58254439859805, 45.29148466517684], [127.58712065472112, 45.29130057194014], [127.58685973631489, 45.28807043957417], [127.58228373826738, 45.288254512193284], [127.58254439859805, 45.29148466517684]]]}, "properties": {"biomass": 160.11317443847656}}, {"type": "Feature", "geometry": {"type": "Polygon", "coordinates": [[[127.58712065472112, 45.29130057194014], [127.59169686665845, 45.29111629592684], [127.59143569018582, 45.28788618419881], [127.58685973631489, 45.28807043957417], [127.58712065472112, 45.29130057194014]]]}, "properties": {"biomass": 150.0480194091797}}, {"type": "Feature", "geometry": {"type": "Polygon", "coordinates": [[[127.59169686665845, 45.29111629592684], [127.5962730343667, 45.29093183714164], [127.59601159983684, 45.28770174607188], [127.59143569018582, 45.28788618419881], [127.59169686665845, 45.29111629592684]]]}, "properties": {"biomass": 149.61734008789062}}, {"type": "Feature", "geometry": {"type": "Polygon", "coordinates": [[[127.5962730343667, 45.29093183714164], [127.60084915780261, 45.290747195589205], [127.60058746522465, 45.28751712519804], [127.59601159983684, 45.28770174607188], [127.5962730343667, 45.29093183714164]]]}, "properties": {"biomass": 144.2132110595703}}, {"type": "Feature", "geometry": {"type": "Polygon", "coordinates": [[[127.60084915780261, 45.290747195589205], [127.60542523692283, 45.29056237127422], [127.60516328630597, 45.28733232158199], [127.60058746522465, 45.28751712519804], [127.60084915780261, 45.290747195589205]]]}, "properties": {"biomass": 135.1778564453125}}, {"type": "Feature", "geometry": {"type": "Polygon", "coordinates": [[[127.60542523692283, 45.29056237127422], [127.61000127168403, 45.29037736420137], [127.60973906303744, 45.28714733522842], [127.60516328630597, 45.28733232158199], [127.60542523692283, 45.29056237127422]]]}, "properties": {"biomass": 119.1040267944336}}, {"type": "Feature", "geometry": {"type": "Polygon", "coordinates": [[[127.61000127168403, 45.29037736420137], [127.6145772620429, 45.290192174375356], [127.61431479537578, 45.28696216614201], [127.60973906303744, 45.28714733522842], [127.61000127168403, 45.29037736420137]]]}, "properties": {"biomass": 117.20940399169922}}, {"type": "Feature", "geometry": {"type": "Polygon", "coordinates": [[[127.6145772620429, 45.290192174375356], [127.61915320795617, 45.29000680180088], [127.61889048327771, 45.286776814327474], [127.61431479537578, 45.28696216614201], [127.6145772620429, 45.290192174375356]]]}, "properties": {"biomass": 105.96268463134766}}, {"type": "Feature", "geometry": {"type": "Polygon", "coordinates": [[[127.61915320795617, 45.29000680180088], [127.6237291093805, 45.28982124648262], [127.62346612669991, 45.28659127978948], [127.61889048327771, 45.286776814327474], [127.61915320795617, 45.29000680180088]]]}, "properties": {"biomass": 110.46490478515625}}, {"type": "Feature", "geometry": {"type": "Polygon", "coordinates": [[[127.6237291093805, 45.28982124648262], [127.6283049662726, 45.2896355084253], [127.62804172559912, 45.286405562532764], [127.62346612669991, 45.28659127978948], [127.6237291093805, 45.28982124648262]]]}, "properties": {"biomass": 107.54295349121094}}, {"type": "Feature", "geometry": {"type": "Polygon", "coordinates": [[[127.6283049662726, 45.2896355084253], [127.63288077858914, 45.28944958763363], [127.63261727993198, 45.286219662562004], [127.62804172559912, 45.286405562532764], [127.6283049662726, 45.2896355084253]]]}, "properties": {"biomass": 117.31198120117188}}, {"type": "Feature", "geometry": {"type": "Polygon", "coordinates": [[[127.63288077858914, 45.28944958763363], [127.63745654628684, 45.289263484112325], [127.63719278965526, 45.286033579881966], [127.63261727993198, 45.286219662562004], [127.63288077858914, 45.28944958763363]]]}, "properties": {"biomass": 120.53400421142578}}, {"type": "Feature", "geometry": {"type": "Polygon", "coordinates": [[[127.63745654628684, 45.289263484112325], [127.64203226932244, 45.2890771978661], [127.64176825472566, 45.285847314497296], [127.63719278965526, 45.286033579881966], [127.63745654628684, 45.289263484112325]]]}, "properties": {"biomass": 120.8497314453125}}, {"type": "Feature", "geometry": {"type": "Polygon", "coordinates": [[[127.64203226932244, 45.2890771978661], [127.6466079476526, 45.28889072889968], [127.64634367509987, 45.28566086641279], [127.64176825472566, 45.285847314497296], [127.64203226932244, 45.2890771978661]]]}, "properties": {"biomass": 126.40223693847656}}, {"type": "Feature", "geometry": {"type": "Polygon", "coordinates": [[[127.6466079476526, 45.28889072889968], [127.65118358123402, 45.288704077217794], [127.65091905073464, 45.285474235633146], [127.64634367509987, 45.28566086641279], [127.6466079476526, 45.28889072889968]]]}, "properties": {"biomass": 129.6561279296875}}, {"type": "Feature", "geometry": {"type": "Polygon", "coordinates": [[[127.65118358123402, 45.288704077217794], [127.65575917002347, 45.28851724282518], [127.65549438158668, 45.285287422163094], [127.65091905073464, 45.285474235633146], [127.65118358123402, 45.288704077217794]]]}, "properties": {"biomass": 128.916015625}}, {"type": "Feature", "geometry": {"type": "Polygon", "coordinates": [[[127.65575917002347, 45.28851724282518], [127.66033471397763, 45.28833022572658], [127.66006966761272, 45.28510042600736], [127.65549438158668, 45.285287422163094], [127.65575917002347, 45.28851724282518]]]}, "properties": {"biomass": 141.40406799316406}}, {"type": "Feature", "geometry": {"type": "Polygon", "coordinates": [[[127.66033471397763, 45.28833022572658], [127.66491021305319, 45.28814302592672], [127.6646449087695, 45.284913247170714], [127.66006966761272, 45.28510042600736], [127.66033471397763, 45.28833022572658]]]}, "properties": {"biomass": 155.614501953125}}, {"type": "Feature", "geometry": {"type": "Polygon", "coordinates": [[[127.66491021305319, 45.28814302592672], [127.66948566720694, 45.287955643430365], [127.6692201050137, 45.28472588565787], [127.6646449087695, 45.284913247170714], [127.66491021305319, 45.28814302592672]]]}, "properties": {"biomass": 187.66201782226562}}, {"type": "Feature", "geometry": {"type": "Polygon", "coordinates": [[[127.49533143944062, 45.29171716208679], [127.49990826861006, 45.2915365627183], [127.49965229854702, 45.28830603912748], [127.4950757275819, 45.288486618267214], [127.49533143944062, 45.29171716208679]]]}, "properties": {"biomass": 118.7148666381836}}, {"type": "Feature", "geometry": {"type": "Polygon", "coordinates": [[[127.49990826861006, 45.2915365627183], [127.5044850544264, 45.291355780505626], [127.50422882616796, 45.28812527716391], [127.49965229854702, 45.28830603912748], [127.49990826861006, 45.2915365627183]]]}, "properties": {"biomass": 116.87202453613281}}, {"type": "Feature", "geometry": {"type": "Polygon", "coordinates": [[[127.5044850544264, 45.291355780505626], [127.50906179684625, 45.29117481545337], [127.50880531040144, 45.2879443323811], [127.50422882616796, 45.28812527716391], [127.5044850544264, 45.291355780505626]]]}, "properties": {"biomass": 122.00047302246094}}, {"type": "Feature", "geometry": {"type": "Polygon", "coordinates": [[[127.50906179684625, 45.29117481545337], [127.51363849582626, 45.290993667566106], [127.51338175120408, 45.28776320478364], [127.50880531040144, 45.2879443323811], [127.50906179684625, 45.29117481545337]]]}, "properties": {"biomass": 109.52397918701172}}, {"type": "Feature", "geometry": {"type": "Polygon", "coordinates": [[[127.51363849582626, 45.290993667566106], [127.51821515132305, 45.29081233684844], [127.51795814853249, 45.287581894376125], [127.51338175120408, 45.28776320478364], [127.51363849582626, 45.290993667566106]]]}, "properties": {"biomass": 101.88684844970703}}, {"type": "Feature", "geometry": {"type": "Polygon", "coordinates": [[[127.53194485648072, 45.290267247759054], [127.53652133761116, 45.290085185765825], [127.53626330223732, 45.28685482473759], [127.53168707923913, 45.28703686633928], [127.53194485648072, 45.290267247759054]]]}, "properties": {"biomass": 116.05877685546875}}, {"type": "Feature", "geometry": {"type": "Polygon", "coordinates": [[[127.53652133761116, 45.290085185765825], [127.54109777504168, 45.289902940965234], [127.5408394815446, 45.286672600348886], [127.53626330223732, 45.28685482473759], [127.53652133761116, 45.290085185765825]]]}, "properties": {"biomass": 129.35052490234375}}, {"type": "Feature", "geometry": {"type": "Polygon", "coordinates": [[[127.54109777504168, 45.289902940965234], [127.54567416872885, 45.28972051336192], [127.54541561711763, 45.2864901931778], [127.5408394815446, 45.286672600348886], [127.54109777504168, 45.289902940965234]]]}, "properties": {"biomass": 124.18367767333984}}, {"type": "Feature", "geometry": {"type": "Polygon", "coordinates": [[[127.54567416872885, 45.28972051336192], [127.55025051862941, 45.28953790296049], [127.54999170891308, 45.28630760322894], [127.54541561711763, 45.2864901931778], [127.54567416872885, 45.28972051336192]]]}, "properties": {"biomass": 159.52061462402344}}, {"type": "Feature", "geometry": {"type": "Polygon", "coordinates": [[[127.55025051862941, 45.28953790296049], [127.5548268247, 45.28935510976559], [127.55456775688766, 45.28612483050696], [127.54999170891308, 45.28630760322894], [127.55025051862941, 45.28953790296049]]]}, "properties": {"biomass": 148.89378356933594}}, {"type": "Feature", "geometry": {"type": "Polygon", "coordinates": [[[127.5548268247, 45.28935510976559], [127.55940308689726, 45.28917213378186], [127.55914376099798, 45.28594187501648], [127.55456775688766, 45.28612483050696], [127.5548268247, 45.28935510976559]]]}, "properties": {"biomass": 139.87884521484375}}, {"type": "Feature", "geometry": {"type": "Polygon", "coordinates": [[[127.55940308689726, 45.28917213378186], [127.5639793051779, 45.28898897501392], [127.56371972120077, 45.28575873676215], [127.55914376099798, 45.28594187501648], [127.55940308689726, 45.28917213378186]]]}, "properties": {"biomass": 144.44845581054688}}, {"type": "Feature", "geometry": {"type": "Polygon", "coordinates": [[[127.5639793051779, 45.28898897501392], [127.56855547949856, 45.28880563346646], [127.56829563745268, 45.28557541574862], [127.56371972120077, 45.28575873676215], [127.5639793051779, 45.28898897501392]]]}, "properties": {"biomass": 148.0608367919922}}, {"type": "Feature", "geometry": {"type": "Polygon", "coordinates": [[[127.56855547949856, 45.28880563346646], [127.57313160981589, 45.28862210914409], [127.57287150971038, 45.28539191198051], [127.56829563745268, 45.28557541574862], [127.56855547949856, 45.28880563346646]]]}, "properties": {"biomass": 151.8992462158203}}, {"type": "Feature", "geometry": {"type": "Polygon", "coordinates": [[[127.57313160981589, 45.28862210914409], [127.5777076960866, 45.28843840205148], [127.5774473379306, 45.285208225462505], [127.57287150971038, 45.28539191198051], [127.57313160981589, 45.28862210914409]]]}, "properties": {"biomass": 154.75538635253906}}, {"type": "Feature", "geometry": {"type": "Polygon", "coordinates": [[[127.5777076960866, 45.28843840205148], [127.58228373826738, 45.288254512193284], [127.58202312206998, 45.28502435619927], [127.5774473379306, 45.285208225462505], [127.5777076960866, 45.28843840205148]]]}, "properties": {"biomass": 162.5098419189453}}, {"type": "Feature", "geometry": {"type": "Polygon", "coordinates": [[[127.58228373826738, 45.288254512193284], [127.58685973631489, 45.28807043957417], [127.58659886208527, 45.284840304195434], [127.58202312206998, 45.28502435619927], [127.58228373826738, 45.288254512193284]]]}, "properties": {"biomass": 158.894287109375}}, {"type": "Feature", "geometry": {"type": "Polygon", "coordinates": [[[127.58685973631489, 45.28807043957417], [127.59143569018582, 45.28788618419881], [127.59117455793307, 45.28465606945569], [127.58659886208527, 45.284840304195434], [127.58685973631489, 45.28807043957417]]]}, "properties": {"biomass": 161.6647491455078}}, {"type": "Feature", "geometry": {"type": "Polygon", "coordinates": [[[127.59143569018582, 45.28788618419881], [127.59601159983684, 45.28770174607188], [127.59575020957014, 45.2844716519847], [127.59117455793307, 45.28465606945569], [127.59143569018582, 45.28788618419881]]]}, "properties": {"biomass": 150.12432861328125}}, {"type": "Feature", "geometry": {"type": "Polygon", "coordinates": [[[127.59601159983684, 45.28770174607188], [127.60058746522465, 45.28751712519804], [127.60032581695319, 45.28428705178717], [127.59575020957014, 45.2844716519847], [127.59601159983684, 45.28770174607188]]]}, "properties": {"biomass": 153.2548828125}}, {"type": "Feature", "geometry": {"type": "Polygon", "coordinates": [[[127.60058746522465, 45.28751712519804], [127.60516328630597, 45.28733232158199], [127.6049013800389, 45.284102268867734], [127.60032581695319, 45.28428705178717], [127.60058746522465, 45.28751712519804]]]}, "properties": {"biomass": 142.63790893554688}}, {"type": "Feature", "geometry": {"type": "Polygon", "coordinates": [[[127.60516328630597, 45.28733232158199], [127.60973906303744, 45.28714733522842], [127.60947689878395, 45.28391730323111], [127.6049013800389, 45.284102268867734], [127.60516328630597, 45.28733232158199]]]}, "properties": {"biomass": 130.61619567871094}}, {"type": "Feature", "geometry": {"type": "Polygon", "coordinates": [[[127.60973906303744, 45.28714733522842], [127.61431479537578, 45.28696216614201], [127.61405237314506, 45.28373215488197], [127.60947689878395, 45.28391730323111], [127.60973906303744, 45.28714733522842]]]}, "properties": {"biomass": 115.4527816772461}}, {"type": "Feature", "geometry": {"type": "Polygon", "coordinates": [[[127.61431479537578, 45.28696216614201], [127.61889048327771, 45.286776814327474], [127.61862780307895, 45.28354682382503], [127.61405237314506, 45.28373215488197], [127.61431479537578, 45.28696216614201]]]}, "properties": {"biomass": 103.17546844482422}}, {"type": "Feature", "geometry": {"type": "Polygon", "coordinates": [[[127.61889048327771, 45.286776814327474], [127.62346612669991, 45.28659127978948], [127.62320318854233, 45.28336131006497], [127.61862780307895, 45.28354682382503], [127.61889048327771, 45.286776814327474]]]}, "properties": {"biomass": 110.95550537109375}}, {"type": "Feature", "geometry": {"type": "Polygon", "coordinates": [[[127.62346612669991, 45.28659127978948], [127.62804172559912, 45.286405562532764], [127.62777852949195, 45.28317561360652], [127.62320318854233, 45.28336131006497], [127.62346612669991, 45.28659127978948]]]}, "properties": {"biomass": 97.23587799072266}}, {"type": "Feature", "geometry": {"type": "Polygon", "coordinates": [[[127.62804172559912, 45.286405562532764], [127.63261727993198, 45.286219662562004], [127.63235382588442, 45.282989734454354], [127.62777852949195, 45.28317561360652], [127.62804172559912, 45.286405562532764]]]}, "properties": {"biomass": 109.99020385742188}}, {"type": "Feature", "geometry": {"type": "Polygon", "coordinates": [[[127.63261727993198, 45.286219662562004], [127.63719278965526, 45.286033579881966], [127.63692907767657, 45.28280367261322], [127.63235382588442, 45.282989734454354], [127.63261727993198, 45.286219662562004]]]}, "properties": {"biomass": 120.23599243164062}}, {"type": "Feature", "geometry": {"type": "Polygon", "coordinates": [[[127.63719278965526, 45.286033579881966], [127.64176825472566, 45.285847314497296], [127.64150428482505, 45.2826174280878], [127.63692907767657, 45.28280367261322], [127.63719278965526, 45.286033579881966]]]}, "properties": {"biomass": 117.40907287597656}}, {"type": "Feature", "geometry": {"type": "Polygon", "coordinates": [[[127.64176825472566, 45.285847314497296], [127.64634367509987, 45.28566086641279], [127.64607944728661, 45.282431000882866], [127.64150428482505, 45.2826174280878], [127.64176825472566, 45.285847314497296]]]}, "properties": {"biomass": 112.35359954833984}}, {"type": "Feature", "geometry": {"type": "Polygon", "coordinates": [[[127.64634367509987, 45.28566086641279], [127.65091905073464, 45.285474235633146], [127.650654565018, 45.28224439100309], [127.64607944728661, 45.282431000882866], [127.64634367509987, 45.28566086641279]]]}, "properties": {"biomass": 124.28739929199219}}, {"type": "Feature", "geometry": {"type": "Polygon", "coordinates": [[[127.65091905073464, 45.285474235633146], [127.65549438158668, 45.285287422163094], [127.65522963797592, 45.28205759845325], [127.650654565018, 45.28224439100309], [127.65091905073464, 45.285474235633146]]]}, "properties": {"biomass": 137.41943359375}}, {"type": "Feature", "geometry": {"type": "Polygon", "coordinates": [[[127.65549438158668, 45.285287422163094], [127.66006966761272, 45.28510042600736], [127.65980466611711, 45.28187062323805], [127.65522963797592, 45.28205759845325], [127.65549438158668, 45.285287422163094]]]}, "properties": {"biomass": 156.7992401123047}}, {"type": "Feature", "geometry": {"type": "Polygon", "coordinates": [[[127.66006966761272, 45.28510042600736], [127.6646449087695, 45.284913247170714], [127.66437964939831, 45.28168346536225], [127.65980466611711, 45.28187062323805], [127.66006966761272, 45.28510042600736]]]}, "properties": {"biomass": 174.25347900390625}}, {"type": "Feature", "geometry": {"type": "Polygon", "coordinates": [[[127.6646449087695, 45.284913247170714], [127.6692201050137, 45.28472588565787], [127.66895458777628, 45.281496124830575], [127.66437964939831, 45.28168346536225], [127.6646449087695, 45.284913247170714]]]}, "properties": {"biomass": 186.79489135742188}}, {"type": "Feature", "geometry": {"type": "Polygon", "coordinates": [[[127.4950757275819, 45.288486618267214], [127.49965229854702, 45.28830603912748], [127.4993963718281, 45.2850755125677], [127.49482005902398, 45.28525607148096], [127.4950757275819, 45.288486618267214]]]}, "properties": {"biomass": 115.197021484375}}, {"type": "Feature", "geometry": {"type": "Polygon", "coordinates": [[[127.49965229854702, 45.28830603912748], [127.50422882616796, 45.28812527716391], [127.50397264129707, 45.28489477085096], [127.4993963718281, 45.2850755125677], [127.49965229854702, 45.28830603912748]]]}, "properties": {"biomass": 114.26814270019531}}, {"type": "Feature", "geometry": {"type": "Polygon", "coordinates": [[[127.50880531040144, 45.2879443323811], [127.51338175120408, 45.28776320478364], [127.51312505005608, 45.2845327390254], [127.5085488673875, 45.28471384633533], [127.50880531040144, 45.2879443323811]]]}, "properties": {"biomass": 107.18280029296875}}, {"type": "Feature", "geometry": {"type": "Polygon", "coordinates": [[[127.51338175120408, 45.28776320478364], [127.51795814853249, 45.287581894376125], [127.5177011892595, 45.284351448925754], [127.51312505005608, 45.2845327390254], [127.51338175120408, 45.28776320478364]]]}, "properties": {"biomass": 103.86676788330078}}, {"type": "Feature", "geometry": {"type": "Polygon", "coordinates": [[[127.51795814853249, 45.287581894376125], [127.52253450234338, 45.287400401163154], [127.52227728495434, 45.284169976041014], [127.5177011892595, 45.284351448925754], [127.51795814853249, 45.287581894376125]]]}, "properties": {"biomass": 109.841796875}}, {"type": "Feature", "geometry": {"type": "Polygon", "coordinates": [[[127.53168707923913, 45.28703686633928], [127.53626330223732, 45.28685482473759], [127.53600531055436, 45.28362446072216], [127.53142934564511, 45.2838064819346], [127.53168707923913, 45.28703686633928]]]}, "properties": {"biomass": 112.16026306152344}}, {"type": "Feature", "geometry": {"type": "Polygon", "coordinates": [[[127.53626330223732, 45.28685482473759], [127.5408394815446, 45.286672600348886], [127.54058123178176, 45.28344225674305], [127.53600531055436, 45.28362446072216], [127.53626330223732, 45.28685482473759]]]}, "properties": {"biomass": 124.23789978027344}}, {"type": "Feature", "geometry": {"type": "Polygon", "coordinates": [[[127.5408394815446, 45.286672600348886], [127.54541561711763, 45.2864901931778], [127.54515710928398, 45.2832598700019], [127.54058123178176, 45.28344225674305], [127.5408394815446, 45.286672600348886]]]}, "properties": {"biomass": 126.54877471923828}}, {"type": "Feature", "geometry": {"type": "Polygon", "coordinates": [[[127.54541561711763, 45.2864901931778], [127.54999170891308, 45.28630760322894], [127.54973294301766, 45.28307730050332], [127.54515710928398, 45.2832598700019], [127.54541561711763, 45.2864901931778]]]}, "properties": {"biomass": 130.63693237304688}}, {"type": "Feature", "geometry": {"type": "Polygon", "coordinates": [[[127.54999170891308, 45.28630760322894], [127.55456775688766, 45.28612483050696], [127.55430873293953, 45.28289454825195], [127.54973294301766, 45.28307730050332], [127.54999170891308, 45.28630760322894]]]}, "properties": {"biomass": 141.32325744628906}}, {"type": "Feature", "geometry": {"type": "Polygon", "coordinates": [[[127.55456775688766, 45.28612483050696], [127.55914376099798, 45.28594187501648], [127.55888447900624, 45.28271161325244], [127.55430873293953, 45.28289454825195], [127.55456775688766, 45.28612483050696]]]}, "properties": {"biomass": 143.0716094970703}}, {"type": "Feature", "geometry": {"type": "Polygon", "coordinates": [[[127.55914376099798, 45.28594187501648], [127.56371972120077, 45.28575873676215], [127.56346018117449, 45.282528495509396], [127.55888447900624, 45.28271161325244], [127.55914376099798, 45.28594187501648]]]}, "properties": {"biomass": 147.70352172851562}}, {"type": "Feature", "geometry": {"type": "Polygon", "coordinates": [[[127.56371972120077, 45.28575873676215], [127.56829563745268, 45.28557541574862], [127.56803583940099, 45.28234519502748], [127.56346018117449, 45.282528495509396], [127.56371972120077, 45.28575873676215]]]}, "properties": {"biomass": 150.1703338623047}}, {"type": "Feature", "geometry": {"type": "Polygon", "coordinates": [[[127.56829563745268, 45.28557541574862], [127.57287150971038, 45.28539191198051], [127.57261145364238, 45.28216171181135], [127.56803583940099, 45.28234519502748], [127.56829563745268, 45.28557541574862]]]}, "properties": {"biomass": 149.45098876953125}}, {"type": "Feature", "geometry": {"type": "Polygon", "coordinates": [[[127.57287150971038, 45.28539191198051], [127.5774473379306, 45.285208225462505], [127.5771870238554, 45.28197804586565], [127.57261145364238, 45.28216171181135], [127.57287150971038, 45.28539191198051]]]}, "properties": {"biomass": 167.30929565429688}}, {"type": "Feature", "geometry": {"type": "Polygon", "coordinates": [[[127.5774473379306, 45.285208225462505], [127.58202312206998, 45.28502435619927], [127.58176254999672, 45.281794197195055], [127.5771870238554, 45.28197804586565], [127.5774473379306, 45.285208225462505]]]}, "properties": {"biomass": 163.86122131347656}}, {"type": "Feature", "geometry": {"type": "Polygon", "coordinates": [[[127.58202312206998, 45.28502435619927], [127.58659886208527, 45.284840304195434], [127.58633803202305, 45.28161016580419], [127.58176254999672, 45.281794197195055], [127.58202312206998, 45.28502435619927]]]}, "properties": {"biomass": 157.62161254882812}}, {"type": "Feature", "geometry": {"type": "Polygon", "coordinates": [[[127.58659886208527, 45.284840304195434], [127.59117455793307, 45.28465606945569], [127.59091346989108, 45.281425951697756], [127.58633803202305, 45.28161016580419], [127.58659886208527, 45.284840304195434]]]}, "properties": {"biomass": 166.04489135742188}}, {"type": "Feature", "geometry": {"type": "Polygon", "coordinates": [[[127.59117455793307, 45.28465606945569], [127.59575020957014, 45.2844716519847], [127.59548886355753, 45.281241554880395], [127.59091346989108, 45.281425951697756], [127.59117455793307, 45.28465606945569]]]}, "properties": {"biomass": 172.83575439453125}}, {"type": "Feature", "geometry": {"type": "Polygon", "coordinates": [[[127.59575020957014, 45.2844716519847], [127.60032581695319, 45.28428705178717], [127.6000642129791, 45.28105697535682], [127.59548886355753, 45.281241554880395], [127.59575020957014, 45.2844716519847]]]}, "properties": {"biomass": 155.64236450195312}}, {"type": "Feature", "geometry": {"type": "Polygon", "coordinates": [[[127.60032581695319, 45.28428705178717], [127.6049013800389, 45.284102268867734], [127.60463951811248, 45.28087221313168], [127.6000642129791, 45.28105697535682], [127.60032581695319, 45.28428705178717]]]}, "properties": {"biomass": 156.29981994628906}}, {"type": "Feature", "geometry": {"type": "Polygon", "coordinates": [[[127.6049013800389, 45.284102268867734], [127.60947689878395, 45.28391730323111], [127.6092147789144, 45.28068726820967], [127.60463951811248, 45.28087221313168], [127.6049013800389, 45.284102268867734]]]}, "properties": {"biomass": 148.33412170410156}}, {"type": "Feature", "geometry": {"type": "Polygon", "coordinates": [[[127.60947689878395, 45.28391730323111], [127.61405237314506, 45.28373215488197], [127.61378999534158, 45.28050214059549], [127.6092147789144, 45.28068726820967], [127.60947689878395, 45.28391730323111]]]}, "properties": {"biomass": 126.52207946777344}}, {"type": "Feature", "geometry": {"type": "Polygon", "coordinates": [[[127.61405237314506, 45.28373215488197], [127.61862780307895, 45.28354682382503], [127.61836516735073, 45.28031683029383], [127.61378999534158, 45.28050214059549], [127.61405237314506, 45.28373215488197]]]}, "properties": {"biomass": 96.0567855834961}}, {"type": "Feature", "geometry": {"type": "Polygon", "coordinates": [[[127.61862780307895, 45.28354682382503], [127.62320318854233, 45.28336131006497], [127.62294029489858, 45.28013133730937], [127.61836516735073, 45.28031683029383], [127.61862780307895, 45.28354682382503]]]}, "properties": {"biomass": 106.53668975830078}}, {"type": "Feature", "geometry": {"type": "Polygon", "coordinates": [[[127.62320318854233, 45.28336131006497], [127.62777852949195, 45.28317561360652], [127.62751537794185, 45.27994566164685], [127.62294029489858, 45.28013133730937], [127.62320318854233, 45.28336131006497]]]}, "properties": {"biomass": 107.94461822509766}}, {"type": "Feature", "geometry": {"type": "Polygon", "coordinates": [[[127.62777852949195, 45.28317561360652], [127.63235382588442, 45.282989734454354], [127.63209041643725, 45.27975980331095], [127.62751537794185, 45.27994566164685], [127.62777852949195, 45.28317561360652]]]}, "properties": {"biomass": 98.29792022705078}}, {"type": "Feature", "geometry": {"type": "Polygon", "coordinates": [[[127.63235382588442, 45.282989734454354], [127.63692907767657, 45.28280367261322], [127.6366654103415, 45.279573762306384], [127.63209041643725, 45.27975980331095], [127.63235382588442, 45.282989734454354]]]}, "properties": {"biomass": 105.42970275878906}}, {"type": "Feature", "geometry": {"type": "Polygon", "coordinates": [[[127.63692907767657, 45.28280367261322], [127.64150428482505, 45.2826174280878], [127.64124035961136, 45.27938753863787], [127.6366654103415, 45.279573762306384], [127.63692907767657, 45.28280367261322]]]}, "properties": {"biomass": 103.61741638183594}}, {"type": "Feature", "geometry": {"type": "Polygon", "coordinates": [[[127.64150428482505, 45.2826174280878], [127.64607944728661, 45.282431000882866], [127.64581526420355, 45.279201132310135], [127.64124035961136, 45.27938753863787], [127.64150428482505, 45.2826174280878]]]}, "properties": {"biomass": 115.21776580810547}}, {"type": "Feature", "geometry": {"type": "Polygon", "coordinates": [[[127.64607944728661, 45.282431000882866], [127.650654565018, 45.28224439100309], [127.65039012407483, 45.27901454332792], [127.64581526420355, 45.279201132310135], [127.64607944728661, 45.282431000882866]]]}, "properties": {"biomass": 128.7137451171875}}, {"type": "Feature", "geometry": {"type": "Polygon", "coordinates": [[[127.650654565018, 45.28224439100309], [127.65522963797592, 45.28205759845325], [127.65496493918188, 45.27882777169594], [127.65039012407483, 45.27901454332792], [127.650654565018, 45.28224439100309]]]}, "properties": {"biomass": 135.6909637451172}}, {"type": "Feature", "geometry": {"type": "Polygon", "coordinates": [[[127.65522963797592, 45.28205759845325], [127.65980466611711, 45.28187062323805], [127.6595397094815, 45.27864081741891], [127.65496493918188, 45.27882777169594], [127.65522963797592, 45.28205759845325]]]}, "properties": {"biomass": 165.934814453125}}, {"type": "Feature", "geometry": {"type": "Polygon", "coordinates": [[[127.65980466611711, 45.28187062323805], [127.66437964939831, 45.28168346536225], [127.66411443493043, 45.2784536805016], [127.6595397094815, 45.27864081741891], [127.65980466611711, 45.28187062323805]]]}, "properties": {"biomass": 177.1145782470703}}, {"type": "Feature", "geometry": {"type": "Polygon", "coordinates": [[[127.66437964939831, 45.28168346536225], [127.66895458777628, 45.281496124830575], [127.66868911548536, 45.27826636094875], [127.66411443493043, 45.2784536805016], [127.66437964939831, 45.28168346536225]]]}, "properties": {"biomass": 181.5813446044922}}, {"type": "Feature", "geometry": {"type": "Polygon", "coordinates": [[[127.66895458777628, 45.281496124830575], [127.67352948120771, 45.281308601647794], [127.67326375110311, 45.27807885876511], [127.66868911548536, 45.27826636094875], [127.66895458777628, 45.281496124830575]]]}, "properties": {"biomass": 204.33969116210938}}, {"type": "Feature", "geometry": {"type": "Polygon", "coordinates": [[[127.67810432964939, 45.28112089581866], [127.68267913305803, 45.280933007347926], [127.68241288735396, 45.27770330652443], [127.6778383417404, 45.27789117395541], [127.67810432964939, 45.28112089581866]]]}, "properties": {"biomass": 214.95242309570312}}, {"type": "Feature", "geometry": {"type": "Polygon", "coordinates": [[[127.49482005902398, 45.28525607148096], [127.4993963718281, 45.2850755125677], [127.49914048844434, 45.28184498303921], [127.49456443375786, 45.282025521728265], [127.49482005902398, 45.28525607148096]]]}, "properties": {"biomass": 102.67545318603516}}, {"type": "Feature", "geometry": {"type": "Polygon", "coordinates": [[[127.4993963718281, 45.2850755125677], [127.50397264129707, 45.28489477085096], [127.50371649980463, 45.28166426156702], [127.49914048844434, 45.28184498303921], [127.4993963718281, 45.2850755125677]]]}, "properties": {"biomass": 118.55118560791016}}, {"type": "Feature", "geometry": {"type": "Polygon", "coordinates": [[[127.50397264129707, 45.28489477085096], [127.5085488673875, 45.28471384633533], [127.5082924677954, 45.2814833573163], [127.50371649980463, 45.28166426156702], [127.50397264129707, 45.28489477085096]]]}, "properties": {"biomass": 126.92559814453125}}, {"type": "Feature", "geometry": {"type": "Polygon", "coordinates": [[[127.53142934564511, 45.2838064819346], [127.53600531055436, 45.28362446072216], [127.5357473625533, 45.280394093719785], [127.53117165568965, 45.28057609454525], [127.53142934564511, 45.2838064819346]]]}, "properties": {"biomass": 101.62830352783203}}, {"type": "Feature", "geometry": {"type": "Polygon", "coordinates": [[[127.53600531055436, 45.28362446072216], [127.54058123178176, 45.28344225674305], [127.5403230257441, 45.280211910147976], [127.5357473625533, 45.280394093719785], [127.53600531055436, 45.28362446072216]]]}, "properties": {"biomass": 109.25262451171875}}, {"type": "Feature", "geometry": {"type": "Polygon", "coordinates": [[[127.54058123178176, 45.28344225674305], [127.54515710928398, 45.2832598700019], [127.54489864521881, 45.280029543834466], [127.5403230257441, 45.280211910147976], [127.54058123178176, 45.28344225674305]]]}, "properties": {"biomass": 104.83834075927734}}, {"type": "Feature", "geometry": {"type": "Polygon", "coordinates": [[[127.54515710928398, 45.2832598700019], [127.54973294301766, 45.28307730050332], [127.54947422093406, 45.279846994783874], [127.54489864521881, 45.280029543834466], [127.54515710928398, 45.2832598700019]]]}, "properties": {"biomass": 112.30653381347656}}, {"type": "Feature", "geometry": {"type": "Polygon", "coordinates": [[[127.54973294301766, 45.28307730050332], [127.55430873293953, 45.28289454825195], [127.55404975284654, 45.27966426300082], [127.54947422093406, 45.279846994783874], [127.54973294301766, 45.28307730050332]]]}, "properties": {"biomass": 123.39468383789062}}, {"type": "Feature", "geometry": {"type": "Polygon", "coordinates": [[[127.55430873293953, 45.28289454825195], [127.55888447900624, 45.28271161325244], [127.55862524091296, 45.27948134848996], [127.55404975284654, 45.27966426300082], [127.55430873293953, 45.28289454825195]]]}, "properties": {"biomass": 134.00238037109375}}, {"type": "Feature", "geometry": {"type": "Polygon", "coordinates": [[[127.55888447900624, 45.28271161325244], [127.56346018117449, 45.282528495509396], [127.56320068509001, 45.27929825125591], [127.55862524091296, 45.27948134848996], [127.55888447900624, 45.28271161325244]]]}, "properties": {"biomass": 129.5887908935547}}, {"type": "Feature", "geometry": {"type": "Polygon", "coordinates": [[[127.56346018117449, 45.282528495509396], [127.56803583940099, 45.28234519502748], [127.5677760853344, 45.279114971303336], [127.56320068509001, 45.27929825125591], [127.56346018117449, 45.282528495509396]]]}, "properties": {"biomass": 135.62030029296875}}, {"type": "Feature", "geometry": {"type": "Polygon", "coordinates": [[[127.56803583940099, 45.28234519502748], [127.57261145364238, 45.28216171181135], [127.57235144160278, 45.278931508636866], [127.5677760853344, 45.279114971303336], [127.56803583940099, 45.28234519502748]]]}, "properties": {"biomass": 148.30816650390625}}, {"type": "Feature", "geometry": {"type": "Polygon", "coordinates": [[[127.57261145364238, 45.28216171181135], [127.5771870238554, 45.28197804586565], [127.57692675385191, 45.27874786326116], [127.57235144160278, 45.278931508636866], [127.57261145364238, 45.28216171181135]]]}, "properties": {"biomass": 170.6000213623047}}, {"type": "Feature", "geometry": {"type": "Polygon", "coordinates": [[[127.5771870238554, 45.28197804586565], [127.58176254999672, 45.281794197195055], [127.58150202203846, 45.27856403518087], [127.57692675385191, 45.27874786326116], [127.5771870238554, 45.28197804586565]]]}, "properties": {"biomass": 158.58453369140625}}, {"type": "Feature", "geometry": {"type": "Polygon", "coordinates": [[[127.58176254999672, 45.281794197195055], [127.58633803202305, 45.28161016580419], [127.58607724611915, 45.27838002440067], [127.58150202203846, 45.27856403518087], [127.58176254999672, 45.281794197195055]]]}, "properties": {"biomass": 152.96624755859375}}, {"type": "Feature", "geometry": {"type": "Polygon", "coordinates": [[[127.58633803202305, 45.28161016580419], [127.59091346989108, 45.281425951697756], [127.59065242605068, 45.27819583092522], [127.58607724611915, 45.27838002440067], [127.58633803202305, 45.28161016580419]]]}, "properties": {"biomass": 143.66571044921875}}, {"type": "Feature", "geometry": {"type": "Polygon", "coordinates": [[[127.59091346989108, 45.281425951697756], [127.59548886355753, 45.281241554880395], [127.59522756178978, 45.27801145475918], [127.59065242605068, 45.27819583092522], [127.59091346989108, 45.281425951697756]]]}, "properties": {"biomass": 161.48114013671875}}, {"type": "Feature", "geometry": {"type": "Polygon", "coordinates": [[[127.59548886355753, 45.281241554880395], [127.6000642129791, 45.28105697535682], [127.59980265329317, 45.27782689590724], [127.59522756178978, 45.27801145475918], [127.59548886355753, 45.281241554880395]]]}, "properties": {"biomass": 158.99549865722656}}, {"type": "Feature", "geometry": {"type": "Polygon", "coordinates": [[[127.6000642129791, 45.28105697535682], [127.60463951811248, 45.28087221313168], [127.60437770051753, 45.27764215437409], [127.59980265329317, 45.27782689590724], [127.6000642129791, 45.28105697535682]]]}, "properties": {"biomass": 158.92694091796875}}, {"type": "Feature", "geometry": {"type": "Polygon", "coordinates": [[[127.60463951811248, 45.28087221313168], [127.6092147789144, 45.28068726820967], [127.60895270341962, 45.27745723016438], [127.60437770051753, 45.27764215437409], [127.60463951811248, 45.28087221313168]]]}, "properties": {"biomass": 145.04949951171875}}, {"type": "Feature", "geometry": {"type": "Polygon", "coordinates": [[[127.6092147789144, 45.28068726820967], [127.61378999534158, 45.28050214059549], [127.61352766195613, 45.27727212328283], [127.60895270341962, 45.27745723016438], [127.6092147789144, 45.28068726820967]]]}, "properties": {"biomass": 125.40215301513672}}, {"type": "Feature", "geometry": {"type": "Polygon", "coordinates": [[[127.61378999534158, 45.28050214059549], [127.61836516735073, 45.28031683029383], [127.61810257608381, 45.27708683373411], [127.61352766195613, 45.27727212328283], [127.61378999534158, 45.28050214059549]]]}, "properties": {"biomass": 97.38086700439453}}, {"type": "Feature", "geometry": {"type": "Polygon", "coordinates": [[[127.61836516735073, 45.28031683029383], [127.62294029489858, 45.28013133730937], [127.6226774457594, 45.27690136152293], [127.61810257608381, 45.27708683373411], [127.61836516735073, 45.28031683029383]]]}, "properties": {"biomass": 103.34573364257812}}, {"type": "Feature", "geometry": {"type": "Polygon", "coordinates": [[[127.62294029489858, 45.28013133730937], [127.62751537794185, 45.27994566164685], [127.62725227093962, 45.276715706654], [127.6226774457594, 45.27690136152293], [127.62294029489858, 45.28013133730937]]]}, "properties": {"biomass": 111.31425476074219}}, {"type": "Feature", "geometry": {"type": "Polygon", "coordinates": [[[127.62751537794185, 45.27994566164685], [127.63209041643725, 45.27975980331095], [127.63182705158117, 45.27652986913201], [127.62725227093962, 45.276715706654], [127.62751537794185, 45.27994566164685]]]}, "properties": {"biomass": 102.48248291015625}}, {"type": "Feature", "geometry": {"type": "Polygon", "coordinates": [[[127.63209041643725, 45.27975980331095], [127.6366654103415, 45.279573762306384], [127.63640178764085, 45.27634384896169], [127.63182705158117, 45.27652986913201], [127.63209041643725, 45.27975980331095]]]}, "properties": {"biomass": 102.09478759765625}}, {"type": "Feature", "geometry": {"type": "Polygon", "coordinates": [[[127.6366654103415, 45.279573762306384], [127.64124035961136, 45.27938753863787], [127.64097647907533, 45.276157646147745], [127.63640178764085, 45.27634384896169], [127.6366654103415, 45.279573762306384]]]}, "properties": {"biomass": 108.8823013305664}}, {"type": "Feature", "geometry": {"type": "Polygon", "coordinates": [[[127.64124035961136, 45.27938753863787], [127.64581526420355, 45.279201132310135], [127.64555112584141, 45.275971260694895], [127.64097647907533, 45.276157646147745], [127.64124035961136, 45.27938753863787]]]}, "properties": {"biomass": 126.78572845458984}}, {"type": "Feature", "geometry": {"type": "Polygon", "coordinates": [[[127.64581526420355, 45.279201132310135], [127.65039012407483, 45.27901454332792], [127.65012572789583, 45.27578469260788], [127.64555112584141, 45.275971260694895], [127.64581526420355, 45.279201132310135]]]}, "properties": {"biomass": 123.49977111816406}}, {"type": "Feature", "geometry": {"type": "Polygon", "coordinates": [[[127.65039012407483, 45.27901454332792], [127.65496493918188, 45.27882777169594], [127.6547002851953, 45.2755979418914], [127.65012572789583, 45.27578469260788], [127.65039012407483, 45.27901454332792]]]}, "properties": {"biomass": 137.31605529785156}}, {"type": "Feature", "geometry": {"type": "Polygon", "coordinates": [[[127.65496493918188, 45.27882777169594], [127.6595397094815, 45.27864081741891], [127.6592747976966, 45.275411008550215], [127.6547002851953, 45.2755979418914], [127.65496493918188, 45.27882777169594]]]}, "properties": {"biomass": 148.50265502929688}}, {"type": "Feature", "geometry": {"type": "Polygon", "coordinates": [[[127.6595397094815, 45.27864081741891], [127.66411443493043, 45.2784536805016], [127.66384926535648, 45.275223892589054], [127.6592747976966, 45.275411008550215], [127.6595397094815, 45.27864081741891]]]}, "properties": {"biomass": 130.51438903808594}}, {"type": "Feature", "geometry": {"type": "Polygon", "coordinates": [[[127.66411443493043, 45.2784536805016], [127.66868911548536, 45.27826636094875], [127.66842368813168, 45.275036594012654], [127.66384926535648, 45.275223892589054], [127.66411443493043, 45.2784536805016]]]}, "properties": {"biomass": 179.2479248046875}}, {"type": "Feature", "geometry": {"type": "Polygon", "coordinates": [[[127.66868911548536, 45.27826636094875], [127.67326375110311, 45.27807885876511], [127.67299806597897, 45.27484911282578], [127.66842368813168, 45.275036594012654], [127.66868911548536, 45.27826636094875]]]}, "properties": {"biomass": 166.59828186035156}}, {"type": "Feature", "geometry": {"type": "Polygon", "coordinates": [[[127.67326375110311, 45.27807885876511], [127.6778383417404, 45.27789117395541], [127.6775723988551, 45.27466144903318], [127.67299806597897, 45.27484911282578], [127.67326375110311, 45.27807885876511]]]}, "properties": {"biomass": 165.0751953125}}, {"type": "Feature", "geometry": {"type": "Polygon", "coordinates": [[[127.6778383417404, 45.27789117395541], [127.68241288735396, 45.27770330652443], [127.68214668671688, 45.2744736026396], [127.6775723988551, 45.27466144903318], [127.6778383417404, 45.27789117395541]]]}, "properties": {"biomass": 205.40858459472656}}, {"type": "Feature", "geometry": {"type": "Polygon", "coordinates": [[[127.68241288735396, 45.27770330652443], [127.68698738790061, 45.27751525647693], [127.686720929521, 45.27428557364981], [127.68214668671688, 45.2744736026396], [127.68241288735396, 45.27770330652443]]]}, "properties": {"biomass": 183.15505981445312}}, {"type": "Feature", "geometry": {"type": "Polygon", "coordinates": [[[127.49914048844434, 45.28184498303921], [127.50371649980463, 45.28166426156702], [127.50346040168174, 45.278433749312384], [127.49888464838678, 45.278614450542285], [127.49914048844434, 45.28184498303921]]]}, "properties": {"biomass": 105.41596221923828}}, {"type": "Feature", "geometry": {"type": "Polygon", "coordinates": [[[127.50371649980463, 45.28166426156702], [127.5082924677954, 45.2814833573163], [127.50803611161615, 45.27825286532428], [127.50346040168174, 45.278433749312384], [127.50371649980463, 45.28166426156702]]]}, "properties": {"biomass": 100.69699096679688}}, {"type": "Feature", "geometry": {"type": "Polygon", "coordinates": [[[127.53117165568965, 45.28057609454525], [127.5357473625533, 45.280394093719785], [127.53548945822502, 45.27716372373072], [127.53091400936366, 45.27734570417152], [127.53117165568965, 45.28057609454525]]]}, "properties": {"biomass": 88.92595672607422}}, {"type": "Feature", "geometry": {"type": "Polygon", "coordinates": [[[127.5357473625533, 45.280394093719785], [127.5403230257441, 45.280211910147976], [127.54006486342261, 45.27698156056393], [127.53548945822502, 45.27716372373072], [127.5357473625533, 45.280394093719785]]]}, "properties": {"biomass": 98.9687271118164}}, {"type": "Feature", "geometry": {"type": "Polygon", "coordinates": [[[127.5403230257441, 45.280211910147976], [127.54489864521881, 45.280029543834466], [127.54464022491311, 45.27679921467577], [127.54006486342261, 45.27698156056393], [127.5403230257441, 45.280211910147976]]]}, "properties": {"biomass": 96.31100463867188}}, {"type": "Feature", "geometry": {"type": "Polygon", "coordinates": [[[127.54489864521881, 45.280029543834466], [127.54947422093406, 45.279846994783874], [127.54921554265322, 45.276616686070874], [127.54464022491311, 45.27679921467577], [127.54489864521881, 45.280029543834466]]]}, "properties": {"biomass": 106.0909652709961}}, {"type": "Feature", "geometry": {"type": "Polygon", "coordinates": [[[127.54947422093406, 45.279846994783874], [127.55404975284654, 45.27966426300082], [127.55379081659963, 45.27643397475385], [127.54921554265322, 45.276616686070874], [127.54947422093406, 45.279846994783874]]]}, "properties": {"biomass": 118.09174346923828}}, {"type": "Feature", "geometry": {"type": "Polygon", "coordinates": [[[127.55404975284654, 45.27966426300082], [127.55862524091296, 45.27948134848996], [127.55836604670907, 45.27625108072934], [127.55379081659963, 45.27643397475385], [127.55404975284654, 45.27966426300082]]]}, "properties": {"biomass": 119.57568359375}}, {"type": "Feature", "geometry": {"type": "Polygon", "coordinates": [[[127.55862524091296, 45.27948134848996], [127.56320068509001, 45.27929825125591], [127.5629412329382, 45.276068004001985], [127.55836604670907, 45.27625108072934], [127.55862524091296, 45.27948134848996]]]}, "properties": {"biomass": 109.3680648803711}}, {"type": "Feature", "geometry": {"type": "Polygon", "coordinates": [[[127.56320068509001, 45.27929825125591], [127.5677760853344, 45.279114971303336], [127.56751637524378, 45.27588474457643], [127.5629412329382, 45.276068004001985], [127.56320068509001, 45.27929825125591]]]}, "properties": {"biomass": 122.074462890625}}, {"type": "Feature", "geometry": {"type": "Polygon", "coordinates": [[[127.5677760853344, 45.279114971303336], [127.57235144160278, 45.278931508636866], [127.57209147358246, 45.275701302457314], [127.56751637524378, 45.27588474457643], [127.5677760853344, 45.279114971303336]]]}, "properties": {"biomass": 126.30765533447266}}, {"type": "Feature", "geometry": {"type": "Polygon", "coordinates": [[[127.57235144160278, 45.278931508636866], [127.57692675385191, 45.27874786326116], [127.57666652791099, 45.2755176776493], [127.57209147358246, 45.275701302457314], [127.57235144160278, 45.278931508636866]]]}, "properties": {"biomass": 117.26145935058594}}, {"type": "Feature", "geometry": {"type": "Polygon", "coordinates": [[[127.57692675385191, 45.27874786326116], [127.58150202203846, 45.27856403518087], [127.58124153818606, 45.275333870157034], [127.57666652791099, 45.2755176776493], [127.57692675385191, 45.27874786326116]]]}, "properties": {"biomass": 122.85508728027344}}, {"type": "Feature", "geometry": {"type": "Polygon", "coordinates": [[[127.58150202203846, 45.27856403518087], [127.58607724611915, 45.27838002440067], [127.58581650436439, 45.27514987998518], [127.58124153818606, 45.275333870157034], [127.58150202203846, 45.27856403518087]]]}, "properties": {"biomass": 118.21036529541016}}, {"type": "Feature", "geometry": {"type": "Polygon", "coordinates": [[[127.58607724611915, 45.27838002440067], [127.59065242605068, 45.27819583092522], [127.59039142640272, 45.2749657071384], [127.58581650436439, 45.27514987998518], [127.58607724611915, 45.27838002440067]]]}, "properties": {"biomass": 128.95079040527344}}, {"type": "Feature", "geometry": {"type": "Polygon", "coordinates": [[[127.59065242605068, 45.27819583092522], [127.59522756178978, 45.27801145475918], [127.59496630425775, 45.274781351621364], [127.59039142640272, 45.2749657071384], [127.59065242605068, 45.27819583092522]]]}, "properties": {"biomass": 146.72071838378906}}, {"type": "Feature", "geometry": {"type": "Polygon", "coordinates": [[[127.59522756178978, 45.27801145475918], [127.59980265329317, 45.27782689590724], [127.59954113788622, 45.27459681343875], [127.59496630425775, 45.274781351621364], [127.59522756178978, 45.27801145475918]]]}, "properties": {"biomass": 138.48074340820312}}, {"type": "Feature", "geometry": {"type": "Polygon", "coordinates": [[[127.59980265329317, 45.27782689590724], [127.60437770051753, 45.27764215437409], [127.60411592724485, 45.274412092595234], [127.59954113788622, 45.27459681343875], [127.59980265329317, 45.27782689590724]]]}, "properties": {"biomass": 138.92120361328125}}, {"type": "Feature", "geometry": {"type": "Polygon", "coordinates": [[[127.60437770051753, 45.27764215437409], [127.60895270341962, 45.27745723016438], [127.60869067229036, 45.274227189095505], [127.60411592724485, 45.274412092595234], [127.60437770051753, 45.27764215437409]]]}, "properties": {"biomass": 121.83472442626953}}, {"type": "Feature", "geometry": {"type": "Polygon", "coordinates": [[[127.60895270341962, 45.27745723016438], [127.61352766195613, 45.27727212328283], [127.61326537297951, 45.27404210294426], [127.60869067229036, 45.274227189095505], [127.60895270341962, 45.27745723016438]]]}, "properties": {"biomass": 106.447021484375}}, {"type": "Feature", "geometry": {"type": "Polygon", "coordinates": [[[127.61352766195613, 45.27727212328283], [127.61810257608381, 45.27708683373411], [127.617840029269, 45.273856834146166], [127.61326537297951, 45.27404210294426], [127.61352766195613, 45.27727212328283]]]}, "properties": {"biomass": 96.83929443359375}}, {"type": "Feature", "geometry": {"type": "Polygon", "coordinates": [[[127.61810257608381, 45.27708683373411], [127.6226774457594, 45.27690136152293], [127.62241464111561, 45.27367138270593], [127.617840029269, 45.273856834146166], [127.61810257608381, 45.27708683373411]]]}, "properties": {"biomass": 114.0274429321289}}, {"type": "Feature", "geometry": {"type": "Polygon", "coordinates": [[[127.6226774457594, 45.27690136152293], [127.62725227093962, 45.276715706654], [127.62698920847602, 45.27348574862826], [127.62241464111561, 45.27367138270593], [127.6226774457594, 45.27690136152293]]]}, "properties": {"biomass": 121.88815307617188}}, {"type": "Feature", "geometry": {"type": "Polygon", "coordinates": [[[127.62725227093962, 45.276715706654], [127.63182705158117, 45.27652986913201], [127.63156373130703, 45.273299931917855], [127.62698920847602, 45.27348574862826], [127.62725227093962, 45.276715706654]]]}, "properties": {"biomass": 124.2911376953125}}, {"type": "Feature", "geometry": {"type": "Polygon", "coordinates": [[[127.63182705158117, 45.27652986913201], [127.63640178764085, 45.27634384896169], [127.63613820956535, 45.27311393257944], [127.63156373130703, 45.273299931917855], [127.63182705158117, 45.27652986913201]]]}, "properties": {"biomass": 118.77945709228516}}, {"type": "Feature", "geometry": {"type": "Polygon", "coordinates": [[[127.63640178764085, 45.27634384896169], [127.64097647907533, 45.276157646147745], [127.64071264320773, 45.27292775061772], [127.63613820956535, 45.27311393257944], [127.63640178764085, 45.27634384896169]]]}, "properties": {"biomass": 120.16810607910156}}, {"type": "Feature", "geometry": {"type": "Polygon", "coordinates": [[[127.64097647907533, 45.276157646147745], [127.64555112584141, 45.275971260694895], [127.64528703219096, 45.2727413860374], [127.64071264320773, 45.27292775061772], [127.64097647907533, 45.276157646147745]]]}, "properties": {"biomass": 124.48017120361328}}, {"type": "Feature", "geometry": {"type": "Polygon", "coordinates": [[[127.64555112584141, 45.275971260694895], [127.65012572789583, 45.27578469260788], [127.64986137647176, 45.272554838843234], [127.64528703219096, 45.2727413860374], [127.64555112584141, 45.275971260694895]]]}, "properties": {"biomass": 135.18289184570312}}, {"type": "Feature", "geometry": {"type": "Polygon", "coordinates": [[[127.65012572789583, 45.27578469260788], [127.6547002851953, 45.2755979418914], [127.6544356760069, 45.27236810903993], [127.64986137647176, 45.272554838843234], [127.65012572789583, 45.27578469260788]]]}, "properties": {"biomass": 143.52752685546875}}, {"type": "Feature", "geometry": {"type": "Polygon", "coordinates": [[[127.6547002851953, 45.2755979418914], [127.6592747976966, 45.275411008550215], [127.65900993075311, 45.272181196632225], [127.6544356760069, 45.27236810903993], [127.6547002851953, 45.2755979418914]]]}, "properties": {"biomass": 138.03509521484375}}, {"type": "Feature", "geometry": {"type": "Polygon", "coordinates": [[[127.6592747976966, 45.275411008550215], [127.66384926535648, 45.275223892589054], [127.6635841406672, 45.27199410162486], [127.65900993075311, 45.272181196632225], [127.6592747976966, 45.275411008550215]]]}, "properties": {"biomass": 117.91094207763672}}, {"type": "Feature", "geometry": {"type": "Polygon", "coordinates": [[[127.66384926535648, 45.275223892589054], [127.66842368813168, 45.275036594012654], [127.6681583057059, 45.271806824022576], [127.6635841406672, 45.27199410162486], [127.66384926535648, 45.275223892589054]]]}, "properties": {"biomass": 153.31077575683594}}, {"type": "Feature", "geometry": {"type": "Polygon", "coordinates": [[[127.66842368813168, 45.275036594012654], [127.67299806597897, 45.27484911282578], [127.67273242582598, 45.27161936383013], [127.6681583057059, 45.271806824022576], [127.66842368813168, 45.275036594012654]]]}, "properties": {"biomass": 146.41336059570312}}, {"type": "Feature", "geometry": {"type": "Polygon", "coordinates": [[[127.67299806597897, 45.27484911282578], [127.6775723988551, 45.27466144903318], [127.67730650098422, 45.27143172105225], [127.67273242582598, 45.27161936383013], [127.67299806597897, 45.27484911282578]]]}, "properties": {"biomass": 144.8820343017578}}, {"type": "Feature", "geometry": {"type": "Polygon", "coordinates": [[[127.6775723988551, 45.27466144903318], [127.68214668671688, 45.2744736026396], [127.6818805311374, 45.271243895693715], [127.67730650098422, 45.27143172105225], [127.6775723988551, 45.27466144903318]]]}, "properties": {"biomass": 159.51409912109375}}, {"type": "Feature", "geometry": {"type": "Polygon", "coordinates": [[[127.68214668671688, 45.2744736026396], [127.686720929521, 45.27428557364981], [127.68645451624226, 45.271055887759275], [127.6818805311374, 45.271243895693715], [127.68214668671688, 45.2744736026396]]]}, "properties": {"biomass": 155.78147888183594}}, {"type": "Feature", "geometry": {"type": "Polygon", "coordinates": [[[127.686720929521, 45.27428557364981], [127.69129512722431, 45.274097362068574], [127.69102845625562, 45.270867697253706], [127.68645451624226, 45.271055887759275], [127.686720929521, 45.27428557364981]]]}, "properties": {"biomass": 163.5785369873047}}, {"type": "Feature", "geometry": {"type": "Polygon", "coordinates": [[[127.50346040168174, 45.278433749312384], [127.50803611161615, 45.27825286532428], [127.50777979884079, 45.27502237035953], [127.50320434691942, 45.27520323408728], [127.50346040168174, 45.278433749312384]]]}, "properties": {"biomass": 103.45355987548828}}, {"type": "Feature", "geometry": {"type": "Polygon", "coordinates": [[[127.50803611161615, 45.27825286532428], [127.51261177814669, 45.27807179858257], [127.5123552073673, 45.27484132389852], [127.50777979884079, 45.27502237035953], [127.50803611161615, 45.27825286532428]]]}, "properties": {"biomass": 115.82321166992188}}, {"type": "Feature", "geometry": {"type": "Polygon", "coordinates": [[[127.51261177814669, 45.27807179858257], [127.51718740123003, 45.27789054909185], [127.51693057245559, 45.27466009470882], [127.5123552073673, 45.27484132389852], [127.51261177814669, 45.27807179858257]]]}, "properties": {"biomass": 115.56271362304688}}, {"type": "Feature", "geometry": {"type": "Polygon", "coordinates": [[[127.51718740123003, 45.27789054909185], [127.52176298082287, 45.2777091168567], [127.52150589406237, 45.27447868279505], [127.51693057245559, 45.27466009470882], [127.51718740123003, 45.27789054909185]]]}, "properties": {"biomass": 115.65750885009766}}, {"type": "Feature", "geometry": {"type": "Polygon", "coordinates": [[[127.52176298082287, 45.2777091168567], [127.52633851688185, 45.277527501881714], [127.52608117214432, 45.27429708816178], [127.52150589406237, 45.27447868279505], [127.52176298082287, 45.2777091168567]]]}, "properties": {"biomass": 116.58757781982422}}, {"type": "Feature", "geometry": {"type": "Polygon", "coordinates": [[[127.52633851688185, 45.277527501881714], [127.53091400936366, 45.27734570417152], [127.53065640665814, 45.27411531081365], [127.52608117214432, 45.27429708816178], [127.52633851688185, 45.277527501881714]]]}, "properties": {"biomass": 95.63611602783203}}, {"type": "Feature", "geometry": {"type": "Polygon", "coordinates": [[[127.53091400936366, 45.27734570417152], [127.53548945822502, 45.27716372373072], [127.53523159756053, 45.273933350755236], [127.53065640665814, 45.27411531081365], [127.53091400936366, 45.27734570417152]]]}, "properties": {"biomass": 99.430419921875}}, {"type": "Feature", "geometry": {"type": "Polygon", "coordinates": [[[127.53548945822502, 45.27716372373072], [127.54006486342261, 45.27698156056393], [127.53980674480817, 45.273751207991175], [127.53523159756053, 45.273933350755236], [127.53548945822502, 45.27716372373072]]]}, "properties": {"biomass": 99.57764434814453}}, {"type": "Feature", "geometry": {"type": "Polygon", "coordinates": [[[127.54006486342261, 45.27698156056393], [127.54464022491311, 45.27679921467577], [127.5443818483578, 45.27356888252607], [127.53980674480817, 45.273751207991175], [127.54006486342261, 45.27698156056393]]]}, "properties": {"biomass": 102.29302215576172}}, {"type": "Feature", "geometry": {"type": "Polygon", "coordinates": [[[127.54464022491311, 45.27679921467577], [127.54921554265322, 45.276616686070874], [127.54895690816606, 45.273386374364556], [127.5443818483578, 45.27356888252607], [127.54464022491311, 45.27679921467577]]]}, "properties": {"biomass": 111.14608764648438}}, {"type": "Feature", "geometry": {"type": "Polygon", "coordinates": [[[127.54921554265322, 45.276616686070874], [127.55379081659963, 45.27643397475385], [127.55353192418973, 45.27320368351127], [127.54895690816606, 45.273386374364556], [127.54921554265322, 45.276616686070874]]]}, "properties": {"biomass": 117.23506164550781}}, {"type": "Feature", "geometry": {"type": "Polygon", "coordinates": [[[127.55379081659963, 45.27643397475385], [127.55836604670907, 45.27625108072934], [127.55810689638544, 45.273020809970824], [127.55353192418973, 45.27320368351127], [127.55379081659963, 45.27643397475385]]]}, "properties": {"biomass": 108.6454849243164}}, {"type": "Feature", "geometry": {"type": "Polygon", "coordinates": [[[127.55836604670907, 45.27625108072934], [127.5629412329382, 45.276068004001985], [127.56268182470998, 45.27283775374785], [127.55810689638544, 45.273020809970824], [127.55836604670907, 45.27625108072934]]]}, "properties": {"biomass": 118.98094940185547}}, {"type": "Feature", "geometry": {"type": "Polygon", "coordinates": [[[127.5629412329382, 45.276068004001985], [127.56751637524378, 45.27588474457643], [127.56725670912003, 45.27265451484702], [127.56268182470998, 45.27283775374785], [127.5629412329382, 45.276068004001985]]]}, "properties": {"biomass": 111.50070190429688}}, {"type": "Feature", "geometry": {"type": "Polygon", "coordinates": [[[127.56751637524378, 45.27588474457643], [127.57209147358246, 45.275701302457314], [127.57183154957228, 45.27247109327296], [127.56725670912003, 45.27265451484702], [127.56751637524378, 45.27588474457643]]]}, "properties": {"biomass": 111.0023193359375}}, {"type": "Feature", "geometry": {"type": "Polygon", "coordinates": [[[127.57209147358246, 45.275701302457314], [127.57666652791099, 45.2755176776493], [127.5764063460235, 45.27228748903032], [127.57183154957228, 45.27247109327296], [127.57209147358246, 45.275701302457314]]]}, "properties": {"biomass": 101.37065124511719}}, {"type": "Feature", "geometry": {"type": "Polygon", "coordinates": [[[127.57666652791099, 45.2755176776493], [127.58124153818606, 45.275333870157034], [127.58098109843037, 45.27210370212376], [127.5764063460235, 45.27228748903032], [127.57666652791099, 45.2755176776493]]]}, "properties": {"biomass": 112.038818359375}}, {"type": "Feature", "geometry": {"type": "Polygon", "coordinates": [[[127.58124153818606, 45.275333870157034], [127.58581650436439, 45.27514987998518], [127.58555580674967, 45.27191973255793], [127.58098109843037, 45.27210370212376], [127.58124153818606, 45.275333870157034]]]}, "properties": {"biomass": 100.47405242919922}}, {"type": "Feature", "geometry": {"type": "Polygon", "coordinates": [[[127.58581650436439, 45.27514987998518], [127.59039142640272, 45.2749657071384], [127.59013047093805, 45.27173558033752], [127.58555580674967, 45.27191973255793], [127.58581650436439, 45.27514987998518]]]}, "properties": {"biomass": 112.12580108642578}}, {"type": "Feature", "geometry": {"type": "Polygon", "coordinates": [[[127.59039142640272, 45.2749657071384], [127.59496630425775, 45.274781351621364], [127.59470509095232, 45.271551245467165], [127.59013047093805, 45.27173558033752], [127.59039142640272, 45.2749657071384]]]}, "properties": {"biomass": 143.25184631347656}}, {"type": "Feature", "geometry": {"type": "Polygon", "coordinates": [[[127.59496630425775, 45.274781351621364], [127.59954113788622, 45.27459681343875], [127.59927966674914, 45.271366727951566], [127.59470509095232, 45.271551245467165], [127.59496630425775, 45.274781351621364]]]}, "properties": {"biomass": 140.8625030517578}}, {"type": "Feature", "geometry": {"type": "Polygon", "coordinates": [[[127.59954113788622, 45.27459681343875], [127.60411592724485, 45.274412092595234], [127.60385419828529, 45.27118202779538], [127.59927966674914, 45.271366727951566], [127.59954113788622, 45.27459681343875]]]}, "properties": {"biomass": 134.1765899658203}}, {"type": "Feature", "geometry": {"type": "Polygon", "coordinates": [[[127.60411592724485, 45.274412092595234], [127.60869067229036, 45.274227189095505], [127.60842868551751, 45.270997145003314], [127.60385419828529, 45.27118202779538], [127.60411592724485, 45.274412092595234]]]}, "properties": {"biomass": 129.24119567871094}}, {"type": "Feature", "geometry": {"type": "Polygon", "coordinates": [[[127.60869067229036, 45.274227189095505], [127.61326537297951, 45.27404210294426], [127.61300312840255, 45.27081207958003], [127.60842868551751, 45.270997145003314], [127.60869067229036, 45.274227189095505]]]}, "properties": {"biomass": 110.434326171875}}, {"type": "Feature", "geometry": {"type": "Polygon", "coordinates": [[[127.61326537297951, 45.27404210294426], [127.617840029269, 45.273856834146166], [127.61757752689711, 45.27062683153024], [127.61300312840255, 45.27081207958003], [127.61326537297951, 45.27404210294426]]]}, "properties": {"biomass": 113.50867462158203}}, {"type": "Feature", "geometry": {"type": "Polygon", "coordinates": [[[127.617840029269, 45.273856834146166], [127.62241464111561, 45.27367138270593], [127.62215188095796, 45.270441400858616], [127.61757752689711, 45.27062683153024], [127.617840029269, 45.273856834146166]]]}, "properties": {"biomass": 123.25995635986328}}, {"type": "Feature", "geometry": {"type": "Polygon", "coordinates": [[[127.62241464111561, 45.27367138270593], [127.62698920847602, 45.27348574862826], [127.62672619054185, 45.27025578756989], [127.62215188095796, 45.270441400858616], [127.62241464111561, 45.27367138270593]]]}, "properties": {"biomass": 125.09877014160156}}, {"type": "Feature", "geometry": {"type": "Polygon", "coordinates": [[[127.62698920847602, 45.27348574862826], [127.63156373130703, 45.273299931917855], [127.63130045560555, 45.270069991668734], [127.62672619054185, 45.27025578756989], [127.62698920847602, 45.27348574862826]]]}, "properties": {"biomass": 119.73194885253906}}, {"type": "Feature", "geometry": {"type": "Polygon", "coordinates": [[[127.63156373130703, 45.273299931917855], [127.63613820956535, 45.27311393257944], [127.63587467610577, 45.26988401315988], [127.63130045560555, 45.270069991668734], [127.63156373130703, 45.273299931917855]]]}, "properties": {"biomass": 126.63448333740234}}, {"type": "Feature", "geometry": {"type": "Polygon", "coordinates": [[[127.63613820956535, 45.27311393257944], [127.64071264320773, 45.27292775061772], [127.64044885199932, 45.26969785204804], [127.63587467610577, 45.26988401315988], [127.63613820956535, 45.27311393257944]]]}, "properties": {"biomass": 124.20865631103516}}, {"type": "Feature", "geometry": {"type": "Polygon", "coordinates": [[[127.64071264320773, 45.27292775061772], [127.64528703219096, 45.2727413860374], [127.64502298324292, 45.26951150833792], [127.64044885199932, 45.26969785204804], [127.64071264320773, 45.27292775061772]]]}, "properties": {"biomass": 143.26673889160156}}, {"type": "Feature", "geometry": {"type": "Polygon", "coordinates": [[[127.64528703219096, 45.2727413860374], [127.64986137647176, 45.272554838843234], [127.64959706979336, 45.26932498203426], [127.64502298324292, 45.26951150833792], [127.64528703219096, 45.2727413860374]]]}, "properties": {"biomass": 145.03277587890625}}, {"type": "Feature", "geometry": {"type": "Polygon", "coordinates": [[[127.64986137647176, 45.272554838843234], [127.6544356760069, 45.27236810903993], [127.6541711116074, 45.26913827314178], [127.64959706979336, 45.26932498203426], [127.64986137647176, 45.272554838843234]]]}, "properties": {"biomass": 139.59141540527344}}, {"type": "Feature", "geometry": {"type": "Polygon", "coordinates": [[[127.6544356760069, 45.27236810903993], [127.65900993075311, 45.272181196632225], [127.65874510864177, 45.26895138166522], [127.6541711116074, 45.26913827314178], [127.6544356760069, 45.27236810903993]]]}, "properties": {"biomass": 130.01165771484375}}, {"type": "Feature", "geometry": {"type": "Polygon", "coordinates": [[[127.65900993075311, 45.272181196632225], [127.6635841406672, 45.27199410162486], [127.6633190608533, 45.2687643076093], [127.65874510864177, 45.26895138166522], [127.65900993075311, 45.272181196632225]]]}, "properties": {"biomass": 127.38948822021484}}, {"type": "Feature", "geometry": {"type": "Polygon", "coordinates": [[[127.6635841406672, 45.27199410162486], [127.6681583057059, 45.271806824022576], [127.66789296819871, 45.26857705097878], [127.6633190608533, 45.2687643076093], [127.6635841406672, 45.27199410162486]]]}, "properties": {"biomass": 113.95849609375}}, {"type": "Feature", "geometry": {"type": "Polygon", "coordinates": [[[127.6681583057059, 45.271806824022576], [127.67273242582598, 45.27161936383013], [127.6724668306348, 45.26838961177839], [127.66789296819871, 45.26857705097878], [127.6681583057059, 45.271806824022576]]]}, "properties": {"biomass": 117.08326721191406}}, {"type": "Feature", "geometry": {"type": "Polygon", "coordinates": [[[127.67273242582598, 45.27161936383013], [127.67730650098422, 45.27143172105225], [127.67704064811839, 45.26820199001289], [127.6724668306348, 45.26838961177839], [127.67273242582598, 45.27161936383013]]]}, "properties": {"biomass": 112.47635650634766}}, {"type": "Feature", "geometry": {"type": "Polygon", "coordinates": [[[127.67730650098422, 45.27143172105225], [127.6818805311374, 45.271243895693715], [127.68161442060618, 45.268014185687036], [127.67704064811839, 45.26820199001289], [127.67730650098422, 45.27143172105225]]]}, "properties": {"biomass": 117.81607818603516}}, {"type": "Feature", "geometry": {"type": "Polygon", "coordinates": [[[127.6818805311374, 45.271243895693715], [127.68645451624226, 45.271055887759275], [127.68618814805501, 45.26782619880559], [127.68161442060618, 45.268014185687036], [127.6818805311374, 45.271243895693715]]]}, "properties": {"biomass": 118.68596649169922}}, {"type": "Feature", "geometry": {"type": "Polygon", "coordinates": [[[127.68645451624226, 45.271055887759275], [127.69102845625562, 45.270867697253706], [127.69076183042166, 45.267638029373316], [127.68618814805501, 45.26782619880559], [127.68645451624226, 45.271055887759275]]]}, "properties": {"biomass": 130.8788299560547}}, {"type": "Feature", "geometry": {"type": "Polygon", "coordinates": [[[127.69102845625562, 45.270867697253706], [127.69560235113424, 45.270679324181756], [127.6953354676629, 45.26744967739496], [127.69076183042166, 45.267638029373316], [127.69102845625562, 45.270867697253706]]]}, "properties": {"biomass": 126.30130767822266}}, {"type": "Feature", "geometry": {"type": "Polygon", "coordinates": [[[127.50777979884079, 45.27502237035953], [127.5123552073673, 45.27484132389852], [127.51209868002611, 45.271610846239696], [127.50752352946033, 45.27179187242228], [127.50777979884079, 45.27502237035953]]]}, "properties": {"biomass": 120.91496276855469}}, {"type": "Feature", "geometry": {"type": "Polygon", "coordinates": [[[127.5123552073673, 45.27484132389852], [127.51693057245559, 45.27466009470882], [127.51667378716266, 45.27142963734875], [127.51209868002611, 45.271610846239696], [127.5123552073673, 45.27484132389852]]]}, "properties": {"biomass": 121.50146484375}}, {"type": "Feature", "geometry": {"type": "Polygon", "coordinates": [[[127.51693057245559, 45.27466009470882], [127.52150589406237, 45.27447868279505], [127.52124885082672, 45.27124824575407], [127.51667378716266, 45.27142963734875], [127.51693057245559, 45.27466009470882]]]}, "properties": {"biomass": 121.27508544921875}}, {"type": "Feature", "geometry": {"type": "Polygon", "coordinates": [[[127.52150589406237, 45.27447868279505], [127.52608117214432, 45.27429708816178], [127.52582387097496, 45.271066671460254], [127.52124885082672, 45.27124824575407], [127.52150589406237, 45.27447868279505]]]}, "properties": {"biomass": 112.4742431640625}}, {"type": "Feature", "geometry": {"type": "Polygon", "coordinates": [[[127.52608117214432, 45.27429708816178], [127.53065640665814, 45.27411531081365], [127.53039884756406, 45.27088491447188], [127.52582387097496, 45.271066671460254], [127.52608117214432, 45.27429708816178]]]}, "properties": {"biomass": 93.11279296875}}, {"type": "Feature", "geometry": {"type": "Polygon", "coordinates": [[[127.53065640665814, 45.27411531081365], [127.53523159756053, 45.273933350755236], [127.53497378055079, 45.27070297479357], [127.53039884756406, 45.27088491447188], [127.53065640665814, 45.27411531081365]]]}, "properties": {"biomass": 103.77774047851562}}, {"type": "Feature", "geometry": {"type": "Polygon", "coordinates": [[[127.53523159756053, 45.273933350755236], [127.53980674480817, 45.273751207991175], [127.53954866989179, 45.270520852429954], [127.53497378055079, 45.27070297479357], [127.53523159756053, 45.273933350755236]]]}, "properties": {"biomass": 106.24612426757812}}, {"type": "Feature", "geometry": {"type": "Polygon", "coordinates": [[[127.53980674480817, 45.273751207991175], [127.5443818483578, 45.27356888252607], [127.54412351554379, 45.27033854738561], [127.53954866989179, 45.270520852429954], [127.53980674480817, 45.273751207991175]]]}, "properties": {"biomass": 122.76090240478516}}, {"type": "Feature", "geometry": {"type": "Polygon", "coordinates": [[[127.5443818483578, 45.27356888252607], [127.54895690816606, 45.273386374364556], [127.54869831746355, 45.270156059665204], [127.54412351554379, 45.27033854738561], [127.5443818483578, 45.27356888252607]]]}, "properties": {"biomass": 105.96257781982422}}, {"type": "Feature", "geometry": {"type": "Polygon", "coordinates": [[[127.54895690816606, 45.273386374364556], [127.55353192418973, 45.27320368351127], [127.5532730756077, 45.269973389273346], [127.54869831746355, 45.270156059665204], [127.54895690816606, 45.273386374364556]]]}, "properties": {"biomass": 104.57815551757812}}, {"type": "Feature", "geometry": {"type": "Polygon", "coordinates": [[[127.55353192418973, 45.27320368351127], [127.55810689638544, 45.273020809970824], [127.55784778993304, 45.269790536214664], [127.5532730756077, 45.269973389273346], [127.55353192418973, 45.27320368351127]]]}, "properties": {"biomass": 102.07140350341797}}, {"type": "Feature", "geometry": {"type": "Polygon", "coordinates": [[[127.55810689638544, 45.273020809970824], [127.56268182470998, 45.27283775374785], [127.56242246039625, 45.26960750049379], [127.55784778993304, 45.269790536214664], [127.55810689638544, 45.273020809970824]]]}, "properties": {"biomass": 100.33271789550781}}, {"type": "Feature", "geometry": {"type": "Polygon", "coordinates": [[[127.56268182470998, 45.27283775374785], [127.56725670912003, 45.27265451484702], [127.56699708695403, 45.269424282115374], [127.56242246039625, 45.26960750049379], [127.56268182470998, 45.27283775374785]]]}, "properties": {"biomass": 101.98135375976562}}, {"type": "Feature", "geometry": {"type": "Polygon", "coordinates": [[[127.56725670912003, 45.27265451484702], [127.57183154957228, 45.27247109327296], [127.57157166956318, 45.26924088108406], [127.56699708695403, 45.269424282115374], [127.56725670912003, 45.27265451484702]]]}, "properties": {"biomass": 95.78620147705078}}, {"type": "Feature", "geometry": {"type": "Polygon", "coordinates": [[[127.57183154957228, 45.27247109327296], [127.5764063460235, 45.27228748903032], [127.57614620818036, 45.269057297404494], [127.57157166956318, 45.26924088108406], [127.57183154957228, 45.27247109327296]]]}, "properties": {"biomass": 106.3555679321289}}, {"type": "Feature", "geometry": {"type": "Polygon", "coordinates": [[[127.5764063460235, 45.27228748903032], [127.58098109843037, 45.27210370212376], [127.5807207027623, 45.26887353108133], [127.57614620818036, 45.269057297404494], [127.5764063460235, 45.27228748903032]]]}, "properties": {"biomass": 99.55149841308594}}, {"type": "Feature", "geometry": {"type": "Polygon", "coordinates": [[[127.58098109843037, 45.27210370212376], [127.58555580674967, 45.27191973255793], [127.58529515326579, 45.26868958211924], [127.5807207027623, 45.26887353108133], [127.58098109843037, 45.27210370212376]]]}, "properties": {"biomass": 103.27349090576172}}, {"type": "Feature", "geometry": {"type": "Polygon", "coordinates": [[[127.58555580674967, 45.27191973255793], [127.59013047093805, 45.27173558033752], [127.58986955964754, 45.26850545052286], [127.58529515326579, 45.26868958211924], [127.58555580674967, 45.27191973255793]]]}, "properties": {"biomass": 105.02359008789062}}, {"type": "Feature", "geometry": {"type": "Polygon", "coordinates": [[[127.59013047093805, 45.27173558033752], [127.59470509095232, 45.271551245467165], [127.59444392186427, 45.26832113629688], [127.58986955964754, 45.26850545052286], [127.59013047093805, 45.27173558033752]]]}, "properties": {"biomass": 119.56900787353516}}, {"type": "Feature", "geometry": {"type": "Polygon", "coordinates": [[[127.59470509095232, 45.271551245467165], [127.59927966674914, 45.271366727951566], [127.59901823987273, 45.26813663944597], [127.59444392186427, 45.26832113629688], [127.59470509095232, 45.271551245467165]]]}, "properties": {"biomass": 150.93218994140625}}, {"type": "Feature", "geometry": {"type": "Polygon", "coordinates": [[[127.59927966674914, 45.271366727951566], [127.60385419828529, 45.27118202779538], [127.60359251362969, 45.26795195997481], [127.59901823987273, 45.26813663944597], [127.59927966674914, 45.271366727951566]]]}, "properties": {"biomass": 142.10012817382812}}, {"type": "Feature", "geometry": {"type": "Polygon", "coordinates": [[[127.60385419828529, 45.27118202779538], [127.60842868551751, 45.270997145003314], [127.60816674309187, 45.26776709788807], [127.60359251362969, 45.26795195997481], [127.60385419828529, 45.27118202779538]]]}, "properties": {"biomass": 135.6133575439453}}, {"type": "Feature", "geometry": {"type": "Polygon", "coordinates": [[[127.60842868551751, 45.270997145003314], [127.61300312840255, 45.27081207958003], [127.61274092821603, 45.26758205319043], [127.60816674309187, 45.26776709788807], [127.60842868551751, 45.270997145003314]]]}, "properties": {"biomass": 116.90478515625}}, {"type": "Feature", "geometry": {"type": "Polygon", "coordinates": [[[127.61300312840255, 45.27081207958003], [127.61757752689711, 45.27062683153024], [127.6173150689589, 45.26739682588661], [127.61274092821603, 45.26758205319043], [127.61300312840255, 45.27081207958003]]]}, "properties": {"biomass": 110.3165054321289}}, {"type": "Feature", "geometry": {"type": "Polygon", "coordinates": [[[127.61757752689711, 45.27062683153024], [127.62215188095796, 45.270441400858616], [127.62188916527728, 45.26721141598127], [127.6173150689589, 45.26739682588661], [127.61757752689711, 45.27062683153024]]]}, "properties": {"biomass": 119.93209075927734}}, {"type": "Feature", "geometry": {"type": "Polygon", "coordinates": [[[127.62215188095796, 45.270441400858616], [127.62672619054185, 45.27025578756989], [127.6264632171279, 45.267025823479145], [127.62188916527728, 45.26721141598127], [127.62215188095796, 45.270441400858616]]]}, "properties": {"biomass": 123.341064453125}}, {"type": "Feature", "geometry": {"type": "Polygon", "coordinates": [[[127.62672619054185, 45.27025578756989], [127.63130045560555, 45.270069991668734], [127.63103722446752, 45.26684004838491], [127.6264632171279, 45.267025823479145], [127.62672619054185, 45.27025578756989]]]}, "properties": {"biomass": 122.61727142333984}}, {"type": "Feature", "geometry": {"type": "Polygon", "coordinates": [[[127.63130045560555, 45.270069991668734], [127.63587467610577, 45.26988401315988], [127.63561118725292, 45.266654090703284], [127.63103722446752, 45.26684004838491], [127.63130045560555, 45.270069991668734]]]}, "properties": {"biomass": 113.50019073486328}}, {"type": "Feature", "geometry": {"type": "Polygon", "coordinates": [[[127.63587467610577, 45.26988401315988], [127.64044885199932, 45.26969785204804], [127.64018510544082, 45.26646795043899], [127.63561118725292, 45.266654090703284], [127.63587467610577, 45.26988401315988]]]}, "properties": {"biomass": 117.89971160888672}}, {"type": "Feature", "geometry": {"type": "Polygon", "coordinates": [[[127.64044885199932, 45.26969785204804], [127.64502298324292, 45.26951150833792], [127.64475897898808, 45.26628162759673], [127.64018510544082, 45.26646795043899], [127.64044885199932, 45.26969785204804]]]}, "properties": {"biomass": 132.8933868408203}}, {"type": "Feature", "geometry": {"type": "Polygon", "coordinates": [[[127.64502298324292, 45.26951150833792], [127.64959706979336, 45.26932498203426], [127.64933280785138, 45.266095122181234], [127.64475897898808, 45.26628162759673], [127.64502298324292, 45.26951150833792]]]}, "properties": {"biomass": 127.26566314697266}}, {"type": "Feature", "geometry": {"type": "Polygon", "coordinates": [[[127.64959706979336, 45.26932498203426], [127.6541711116074, 45.26913827314178], [127.65390659198754, 45.26590843419725], [127.64933280785138, 45.266095122181234], [127.64959706979336, 45.26932498203426]]]}, "properties": {"biomass": 127.80552673339844}}, {"type": "Feature", "geometry": {"type": "Polygon", "coordinates": [[[127.6541711116074, 45.26913827314178], [127.65874510864177, 45.26895138166522], [127.6584803313533, 45.265721563649464], [127.65390659198754, 45.26590843419725], [127.6541711116074, 45.26913827314178]]]}, "properties": {"biomass": 148.21690368652344}}, {"type": "Feature", "geometry": {"type": "Polygon", "coordinates": [[[127.65874510864177, 45.26895138166522], [127.6633190608533, 45.2687643076093], [127.66305402590551, 45.26553451054264], [127.6584803313533, 45.265721563649464], [127.65874510864177, 45.26895138166522]]]}, "properties": {"biomass": 134.828125}}, {"type": "Feature", "geometry": {"type": "Polygon", "coordinates": [[[127.6633190608533, 45.2687643076093], [127.66789296819871, 45.26857705097878], [127.66762767560085, 45.265347274881535], [127.66305402590551, 45.26553451054264], [127.6633190608533, 45.2687643076093]]]}, "properties": {"biomass": 136.69825744628906}}, {"type": "Feature", "geometry": {"type": "Polygon", "coordinates": [[[127.66789296819871, 45.26857705097878], [127.6724668306348, 45.26838961177839], [127.6722012803962, 45.26515985667086], [127.66762767560085, 45.265347274881535], [127.66789296819871, 45.26857705097878]]]}, "properties": {"biomass": 122.81472778320312}}, {"type": "Feature", "geometry": {"type": "Polygon", "coordinates": [[[127.6724668306348, 45.26838961177839], [127.67704064811839, 45.26820199001289], [127.67677484024831, 45.26497225591538], [127.6722012803962, 45.26515985667086], [127.6724668306348, 45.26838961177839]]]}, "properties": {"biomass": 113.84147644042969}}, {"type": "Feature", "geometry": {"type": "Polygon", "coordinates": [[[127.67704064811839, 45.26820199001289], [127.68161442060618, 45.268014185687036], [127.68134835511398, 45.26478447261985], [127.67677484024831, 45.26497225591538], [127.67704064811839, 45.26820199001289]]]}, "properties": {"biomass": 115.48358154296875}}, {"type": "Feature", "geometry": {"type": "Polygon", "coordinates": [[[127.68161442060618, 45.268014185687036], [127.68618814805501, 45.26782619880559], [127.68592182494999, 45.26459650678902], [127.68134835511398, 45.26478447261985], [127.68161442060618, 45.268014185687036]]]}, "properties": {"biomass": 115.38202667236328}}, {"type": "Feature", "geometry": {"type": "Polygon", "coordinates": [[[127.68618814805501, 45.26782619880559], [127.69076183042166, 45.267638029373316], [127.69049524971312, 45.26440835842768], [127.68592182494999, 45.26459650678902], [127.68618814805501, 45.26782619880559]]]}, "properties": {"biomass": 121.83878326416016}}, {"type": "Feature", "geometry": {"type": "Polygon", "coordinates": [[[127.69076183042166, 45.267638029373316], [127.6953354676629, 45.26744967739496], [127.69506862936021, 45.26422002754057], [127.69049524971312, 45.26440835842768], [127.69076183042166, 45.267638029373316]]]}, "properties": {"biomass": 120.43804168701172}}, {"type": "Feature", "geometry": {"type": "Polygon", "coordinates": [[[127.53497378055079, 45.27070297479357], [127.53954866989179, 45.270520852429954], [127.53929063866438, 45.267290493880516], [127.53471600718673, 45.267472595845994], [127.53497378055079, 45.27070297479357]]]}, "properties": {"biomass": 114.06334686279297}}, {"type": "Feature", "geometry": {"type": "Polygon", "coordinates": [[[127.53954866989179, 45.270520852429954], [127.54412351554379, 45.27033854738561], [127.5438652264621, 45.267108209254665], [127.53929063866438, 45.267290493880516], [127.53954866989179, 45.270520852429954]]]}, "properties": {"biomass": 121.27174377441406}}, {"type": "Feature", "geometry": {"type": "Polygon", "coordinates": [[[127.54412351554379, 45.27033854738561], [127.54869831746355, 45.270156059665204], [127.54843977053659, 45.266925741973076], [127.5438652264621, 45.267108209254665], [127.54412351554379, 45.27033854738561]]]}, "properties": {"biomass": 95.91142272949219}}, {"type": "Feature", "geometry": {"type": "Polygon", "coordinates": [[[127.54869831746355, 45.270156059665204], [127.5532730756077, 45.269973389273346], [127.55301427084456, 45.26674309204035], [127.54843977053659, 45.266925741973076], [127.54869831746355, 45.270156059665204]]]}, "properties": {"biomass": 99.47537231445312}}, {"type": "Feature", "geometry": {"type": "Polygon", "coordinates": [[[127.5532730756077, 45.269973389273346], [127.55784778993304, 45.269790536214664], [127.55758872734276, 45.26656025946113], [127.55301427084456, 45.26674309204035], [127.5532730756077, 45.269973389273346]]]}, "properties": {"biomass": 98.92887878417969}}, {"type": "Feature", "geometry": {"type": "Polygon", "coordinates": [[[127.55784778993304, 45.269790536214664], [127.56242246039625, 45.26960750049379], [127.5621631399879, 45.26637724424004], [127.55758872734276, 45.26656025946113], [127.55784778993304, 45.269790536214664]]]}, "properties": {"biomass": 90.71503448486328}}, {"type": "Feature", "geometry": {"type": "Polygon", "coordinates": [[[127.56242246039625, 45.26960750049379], [127.56699708695403, 45.269424282115374], [127.56673750873675, 45.266194046381756], [127.5621631399879, 45.26637724424004], [127.56242246039625, 45.26960750049379]]]}, "properties": {"biomass": 93.2403335571289}}, {"type": "Feature", "geometry": {"type": "Polygon", "coordinates": [[[127.56699708695403, 45.269424282115374], [127.57157166956318, 45.26924088108406], [127.571311833546, 45.266010665890875], [127.56673750873675, 45.266194046381756], [127.56699708695403, 45.269424282115374]]]}, "properties": {"biomass": 99.32196044921875}}, {"type": "Feature", "geometry": {"type": "Polygon", "coordinates": [[[127.57157166956318, 45.26924088108406], [127.57614620818036, 45.269057297404494], [127.57588611437241, 45.265827102772086], [127.571311833546, 45.266010665890875], [127.57157166956318, 45.26924088108406]]]}, "properties": {"biomass": 98.8868408203125}}, {"type": "Feature", "geometry": {"type": "Polygon", "coordinates": [[[127.57614620818036, 45.269057297404494], [127.5807207027623, 45.26887353108133], [127.58046035117275, 45.26564335703001], [127.57588611437241, 45.265827102772086], [127.57614620818036, 45.269057297404494]]]}, "properties": {"biomass": 96.4895248413086}}, {"type": "Feature", "geometry": {"type": "Polygon", "coordinates": [[[127.5807207027623, 45.26887353108133], [127.58529515326579, 45.26868958211924], [127.58503454390369, 45.26545942866931], [127.58046035117275, 45.26564335703001], [127.5807207027623, 45.26887353108133]]]}, "properties": {"biomass": 100.25349426269531}}, {"type": "Feature", "geometry": {"type": "Polygon", "coordinates": [[[127.58529515326579, 45.26868958211924], [127.58986955964754, 45.26850545052286], [127.58960869252202, 45.26527531769469], [127.58503454390369, 45.26545942866931], [127.58529515326579, 45.26868958211924]]]}, "properties": {"biomass": 106.85308074951172}}, {"type": "Feature", "geometry": {"type": "Polygon", "coordinates": [[[127.58986955964754, 45.26850545052286], [127.59444392186427, 45.26832113629688], [127.59418279698448, 45.26509102411076], [127.58960869252202, 45.26527531769469], [127.58986955964754, 45.26850545052286]]]}, "properties": {"biomass": 120.830078125}}, {"type": "Feature", "geometry": {"type": "Polygon", "coordinates": [[[127.59444392186427, 45.26832113629688], [127.59901823987273, 45.26813663944597], [127.59875685724785, 45.26490654792222], [127.59418279698448, 45.26509102411076], [127.59444392186427, 45.26832113629688]]]}, "properties": {"biomass": 127.64276885986328}}, {"type": "Feature", "geometry": {"type": "Polygon", "coordinates": [[[127.59901823987273, 45.26813663944597], [127.60359251362969, 45.26795195997481], [127.60333087326883, 45.264721889133746], [127.59875685724785, 45.26490654792222], [127.59901823987273, 45.26813663944597]]]}, "properties": {"biomass": 118.55711364746094}}, {"type": "Feature", "geometry": {"type": "Polygon", "coordinates": [[[127.60359251362969, 45.26795195997481], [127.60816674309187, 45.26776709788807], [127.60790484500423, 45.26453704775002], [127.60333087326883, 45.264721889133746], [127.60359251362969, 45.26795195997481]]]}, "properties": {"biomass": 128.83554077148438}}, {"type": "Feature", "geometry": {"type": "Polygon", "coordinates": [[[127.60816674309187, 45.26776709788807], [127.61274092821603, 45.26758205319043], [127.61247877241075, 45.26435202377571], [127.60790484500423, 45.26453704775002], [127.60816674309187, 45.26776709788807]]]}, "properties": {"biomass": 128.30433654785156}}, {"type": "Feature", "geometry": {"type": "Polygon", "coordinates": [[[127.61274092821603, 45.26758205319043], [127.6173150689589, 45.26739682588661], [127.61705265544522, 45.26416681721553], [127.61247877241075, 45.26435202377571], [127.61274092821603, 45.26758205319043]]]}, "properties": {"biomass": 108.06575775146484}}, {"type": "Feature", "geometry": {"type": "Polygon", "coordinates": [[[127.6173150689589, 45.26739682588661], [127.62188916527728, 45.26721141598127], [127.62162649406436, 45.26398142807416], [127.61705265544522, 45.26416681721553], [127.6173150689589, 45.26739682588661]]]}, "properties": {"biomass": 106.9395980834961}}, {"type": "Feature", "geometry": {"type": "Polygon", "coordinates": [[[127.62188916527728, 45.26721141598127], [127.6264632171279, 45.267025823479145], [127.62620028822494, 45.26379585635629], [127.62162649406436, 45.26398142807416], [127.62188916527728, 45.26721141598127]]]}, "properties": {"biomass": 111.36183166503906}}, {"type": "Feature", "geometry": {"type": "Polygon", "coordinates": [[[127.6264632171279, 45.267025823479145], [127.63103722446752, 45.26684004838491], [127.63077403788373, 45.26361010206666], [127.62620028822494, 45.26379585635629], [127.6264632171279, 45.267025823479145]]]}, "properties": {"biomass": 129.77151489257812}}, {"type": "Feature", "geometry": {"type": "Polygon", "coordinates": [[[127.63103722446752, 45.26684004838491], [127.63561118725292, 45.266654090703284], [127.63534774299752, 45.263424165209926], [127.63077403788373, 45.26361010206666], [127.63103722446752, 45.26684004838491]]]}, "properties": {"biomass": 126.68270111083984}}, {"type": "Feature", "geometry": {"type": "Polygon", "coordinates": [[[127.63561118725292, 45.266654090703284], [127.64018510544082, 45.26646795043899], [127.63992140352305, 45.26323804579083], [127.63534774299752, 45.263424165209926], [127.63561118725292, 45.266654090703284]]]}, "properties": {"biomass": 126.96858978271484}}, {"type": "Feature", "geometry": {"type": "Polygon", "coordinates": [[[127.64018510544082, 45.26646795043899], [127.64475897898808, 45.26628162759673], [127.64449501941715, 45.2630517438141], [127.63992140352305, 45.26323804579083], [127.64018510544082, 45.26646795043899]]]}, "properties": {"biomass": 133.07569885253906}}, {"type": "Feature", "geometry": {"type": "Polygon", "coordinates": [[[127.64475897898808, 45.26628162759673], [127.64933280785138, 45.266095122181234], [127.64906859063655, 45.262865259284425], [127.64449501941715, 45.2630517438141], [127.64475897898808, 45.26628162759673]]]}, "properties": {"biomass": 122.46187591552734}}, {"type": "Feature", "geometry": {"type": "Polygon", "coordinates": [[[127.64933280785138, 45.266095122181234], [127.65390659198754, 45.26590843419725], [127.65364211713805, 45.26267859220657], [127.64906859063655, 45.262865259284425], [127.64933280785138, 45.266095122181234]]]}, "properties": {"biomass": 118.28827667236328}}, {"type": "Feature", "geometry": {"type": "Polygon", "coordinates": [[[127.65390659198754, 45.26590843419725], [127.6584803313533, 45.265721563649464], [127.65821559887844, 45.26249174258524], [127.65364211713805, 45.26267859220657], [127.65390659198754, 45.26590843419725]]]}, "properties": {"biomass": 126.40687561035156}}, {"type": "Feature", "geometry": {"type": "Polygon", "coordinates": [[[127.6584803313533, 45.265721563649464], [127.66305402590551, 45.26553451054264], [127.6627890358145, 45.26230471042517], [127.65821559887844, 45.26249174258524], [127.6584803313533, 45.265721563649464]]]}, "properties": {"biomass": 120.06778717041016}}, {"type": "Feature", "geometry": {"type": "Polygon", "coordinates": [[[127.66305402590551, 45.26553451054264], [127.66762767560085, 45.265347274881535], [127.66736242790304, 45.26211749573111], [127.6627890358145, 45.26230471042517], [127.66305402590551, 45.26553451054264]]]}, "properties": {"biomass": 120.36753845214844}}, {"type": "Feature", "geometry": {"type": "Polygon", "coordinates": [[[127.66762767560085, 45.265347274881535], [127.6722012803962, 45.26515985667086], [127.67193577510083, 45.26193009850779], [127.66736242790304, 45.26211749573111], [127.66762767560085, 45.265347274881535]]]}, "properties": {"biomass": 114.2948989868164}}, {"type": "Feature", "geometry": {"type": "Polygon", "coordinates": [[[127.6722012803962, 45.26515985667086], [127.67677484024831, 45.26497225591538], [127.67650907736468, 45.26174251875998], [127.67193577510083, 45.26193009850779], [127.6722012803962, 45.26515985667086]]]}, "properties": {"biomass": 116.38229370117188}}, {"type": "Feature", "geometry": {"type": "Polygon", "coordinates": [[[127.67677484024831, 45.26497225591538], [127.68134835511398, 45.26478447261985], [127.68108233465142, 45.26155475649242], [127.67650907736468, 45.26174251875998], [127.67677484024831, 45.26497225591538]]]}, "properties": {"biomass": 124.87049865722656}}, {"type": "Feature", "geometry": {"type": "Polygon", "coordinates": [[[127.68134835511398, 45.26478447261985], [127.68592182494999, 45.26459650678902], [127.68565554691779, 45.26136681170986], [127.68108233465142, 45.26155475649242], [127.68134835511398, 45.26478447261985]]]}, "properties": {"biomass": 115.92062377929688}}, {"type": "Feature", "geometry": {"type": "Polygon", "coordinates": [[[127.68592182494999, 45.26459650678902], [127.69049524971312, 45.26440835842768], [127.69022871412064, 45.26117868441709], [127.68565554691779, 45.26136681170986], [127.68592182494999, 45.26459650678902]]]}, "properties": {"biomass": 107.8868408203125}}, {"type": "Feature", "geometry": {"type": "Polygon", "coordinates": [[[127.69049524971312, 45.26440835842768], [127.69506862936021, 45.26422002754057], [127.69480183621673, 45.26099037461884], [127.69022871412064, 45.26117868441709], [127.69049524971312, 45.26440835842768]]]}, "properties": {"biomass": 116.60287475585938}}, {"type": "Feature", "geometry": {"type": "Polygon", "coordinates": [[[127.69506862936021, 45.26422002754057], [127.69964196384801, 45.26403151413247], [127.69937491316294, 45.26080188231991], [127.69480183621673, 45.26099037461884], [127.69506862936021, 45.26422002754057]]]}, "properties": {"biomass": 188.39947509765625}}, {"type": "Feature", "geometry": {"type": "Polygon", "coordinates": [[[127.54843977053659, 45.266925741973076], [127.55301427084456, 45.26674309204035], [127.55275550989117, 45.26351279181251], [127.54818126737612, 45.26369542128839], [127.54843977053659, 45.266925741973076]]]}, "properties": {"biomass": 75.31031036376953}}, {"type": "Feature", "geometry": {"type": "Polygon", "coordinates": [[[127.55301427084456, 45.26674309204035], [127.55758872734276, 45.26656025946113], [127.55732970860552, 45.26332997971045], [127.55275550989117, 45.26351279181251], [127.55301427084456, 45.26674309204035]]]}, "properties": {"biomass": 91.67439270019531}}, {"type": "Feature", "geometry": {"type": "Polygon", "coordinates": [[[127.55758872734276, 45.26656025946113], [127.5621631399879, 45.26637724424004], [127.56190386347589, 45.263146984986875], [127.55732970860552, 45.26332997971045], [127.55758872734276, 45.26656025946113]]]}, "properties": {"biomass": 104.32427215576172}}, {"type": "Feature", "geometry": {"type": "Polygon", "coordinates": [[[127.5621631399879, 45.26637724424004], [127.56673750873675, 45.266194046381756], [127.56647797445902, 45.26296380764639], [127.56190386347589, 45.263146984986875], [127.5621631399879, 45.26637724424004]]]}, "properties": {"biomass": 109.70907592773438}}, {"type": "Feature", "geometry": {"type": "Polygon", "coordinates": [[[127.56673750873675, 45.266194046381756], [127.571311833546, 45.266010665890875], [127.57105204151168, 45.262780447693665], [127.56647797445902, 45.26296380764639], [127.56673750873675, 45.266194046381756]]]}, "properties": {"biomass": 110.8377914428711}}, {"type": "Feature", "geometry": {"type": "Polygon", "coordinates": [[[127.571311833546, 45.266010665890875], [127.57588611437241, 45.265827102772086], [127.5756260645906, 45.26259690513332], [127.57105204151168, 45.262780447693665], [127.571311833546, 45.266010665890875]]]}, "properties": {"biomass": 114.74337768554688}}, {"type": "Feature", "geometry": {"type": "Polygon", "coordinates": [[[127.57588611437241, 45.265827102772086], [127.58046035117275, 45.26564335703001], [127.58020004365251, 45.26241317997003], [127.5756260645906, 45.26259690513332], [127.57588611437241, 45.265827102772086]]]}, "properties": {"biomass": 88.67444610595703}}, {"type": "Feature", "geometry": {"type": "Polygon", "coordinates": [[[127.58046035117275, 45.26564335703001], [127.58503454390369, 45.26545942866931], [127.58477397865418, 45.26222927220845], [127.58020004365251, 45.26241317997003], [127.58046035117275, 45.26564335703001]]]}, "properties": {"biomass": 106.01471710205078}}, {"type": "Feature", "geometry": {"type": "Polygon", "coordinates": [[[127.58503454390369, 45.26545942866931], [127.58960869252202, 45.26527531769469], [127.58934786955237, 45.26204518185324], [127.58477397865418, 45.26222927220845], [127.58503454390369, 45.26545942866931]]]}, "properties": {"biomass": 105.83234405517578}}, {"type": "Feature", "geometry": {"type": "Polygon", "coordinates": [[[127.58960869252202, 45.26527531769469], [127.59418279698448, 45.26509102411076], [127.59392171630383, 45.26186090890906], [127.58934786955237, 45.26204518185324], [127.58960869252202, 45.26527531769469]]]}, "properties": {"biomass": 112.24691772460938}}, {"type": "Feature", "geometry": {"type": "Polygon", "coordinates": [[[127.59418279698448, 45.26509102411076], [127.59875685724785, 45.26490654792222], [127.59849551886532, 45.26167645338058], [127.59392171630383, 45.26186090890906], [127.59418279698448, 45.26509102411076]]]}, "properties": {"biomass": 123.42401123046875}}, {"type": "Feature", "geometry": {"type": "Polygon", "coordinates": [[[127.59875685724785, 45.26490654792222], [127.60333087326883, 45.264721889133746], [127.60306927719361, 45.261491815272464], [127.59849551886532, 45.26167645338058], [127.59875685724785, 45.26490654792222]]]}, "properties": {"biomass": 115.23274993896484}}, {"type": "Feature", "geometry": {"type": "Polygon", "coordinates": [[[127.60333087326883, 45.264721889133746], [127.60790484500423, 45.26453704775002], [127.60764299124546, 45.26130699458944], [127.60306927719361, 45.261491815272464], [127.60333087326883, 45.264721889133746]]]}, "properties": {"biomass": 109.13961791992188}}, {"type": "Feature", "geometry": {"type": "Polygon", "coordinates": [[[127.60790484500423, 45.26453704775002], [127.61247877241075, 45.26435202377571], [127.6122166609776, 45.26112199133614], [127.60764299124546, 45.26130699458944], [127.60790484500423, 45.26453704775002]]]}, "properties": {"biomass": 104.06082916259766}}, {"type": "Feature", "geometry": {"type": "Polygon", "coordinates": [[[127.61247877241075, 45.26435202377571], [127.61705265544522, 45.26416681721553], [127.61679028634687, 45.26093680551727], [127.6122166609776, 45.26112199133614], [127.61247877241075, 45.26435202377571]]]}, "properties": {"biomass": 105.93804168701172}}, {"type": "Feature", "geometry": {"type": "Polygon", "coordinates": [[[127.61705265544522, 45.26416681721553], [127.62162649406436, 45.26398142807416], [127.62136386730998, 45.26075143713753], [127.61679028634687, 45.26093680551727], [127.61705265544522, 45.26416681721553]]]}, "properties": {"biomass": 117.894775390625}}, {"type": "Feature", "geometry": {"type": "Polygon", "coordinates": [[[127.62162649406436, 45.26398142807416], [127.62620028822494, 45.26379585635629], [127.62593740382374, 45.260565886201604], [127.62136386730998, 45.26075143713753], [127.62162649406436, 45.26398142807416]]]}, "properties": {"biomass": 111.10523223876953}}, {"type": "Feature", "geometry": {"type": "Polygon", "coordinates": [[[127.62620028822494, 45.26379585635629], [127.63077403788373, 45.26361010206666], [127.63051089584494, 45.260380152714205], [127.62593740382374, 45.260565886201604], [127.62620028822494, 45.26379585635629]]]}, "properties": {"biomass": 121.78419494628906}}, {"type": "Feature", "geometry": {"type": "Polygon", "coordinates": [[[127.63077403788373, 45.26361010206666], [127.63534774299752, 45.263424165209926], [127.63508434333035, 45.26019423668005], [127.63051089584494, 45.260380152714205], [127.63077403788373, 45.26361010206666]]]}, "properties": {"biomass": 152.63088989257812}}, {"type": "Feature", "geometry": {"type": "Polygon", "coordinates": [[[127.63534774299752, 45.263424165209926], [127.63992140352305, 45.26323804579083], [127.63965774623672, 45.26000813810383], [127.63508434333035, 45.26019423668005], [127.63534774299752, 45.263424165209926]]]}, "properties": {"biomass": 152.5589599609375}}, {"type": "Feature", "geometry": {"type": "Polygon", "coordinates": [[[127.63992140352305, 45.26323804579083], [127.64449501941715, 45.2630517438141], [127.64423110452087, 45.25982185699027], [127.63965774623672, 45.26000813810383], [127.63992140352305, 45.26323804579083]]]}, "properties": {"biomass": 132.413330078125}}, {"type": "Feature", "geometry": {"type": "Polygon", "coordinates": [[[127.64449501941715, 45.2630517438141], [127.64906859063655, 45.262865259284425], [127.64880441813959, 45.2596353933441], [127.64423110452087, 45.25982185699027], [127.64449501941715, 45.2630517438141]]]}, "properties": {"biomass": 122.45260620117188}}, {"type": "Feature", "geometry": {"type": "Polygon", "coordinates": [[[127.64906859063655, 45.262865259284425], [127.65364211713805, 45.26267859220657], [127.65337768704967, 45.25944874717003], [127.64880441813959, 45.2596353933441], [127.64906859063655, 45.262865259284425]]]}, "properties": {"biomass": 109.22323608398438}}, {"type": "Feature", "geometry": {"type": "Polygon", "coordinates": [[[127.65364211713805, 45.26267859220657], [127.65821559887844, 45.26249174258524], [127.65795091120788, 45.25926191847279], [127.65337768704967, 45.25944874717003], [127.65364211713805, 45.26267859220657]]]}, "properties": {"biomass": 104.57525634765625}}, {"type": "Feature", "geometry": {"type": "Polygon", "coordinates": [[[127.65821559887844, 45.26249174258524], [127.6627890358145, 45.26230471042517], [127.66252409057105, 45.25907490725712], [127.65795091120788, 45.25926191847279], [127.65821559887844, 45.26249174258524]]]}, "properties": {"biomass": 116.97254943847656}}, {"type": "Feature", "geometry": {"type": "Polygon", "coordinates": [[[127.6627890358145, 45.26230471042517], [127.66736242790304, 45.26211749573111], [127.66709722509597, 45.25888771352777], [127.66252409057105, 45.25907490725712], [127.6627890358145, 45.26230471042517]]]}, "properties": {"biomass": 117.12088775634766}}, {"type": "Feature", "geometry": {"type": "Polygon", "coordinates": [[[127.66736242790304, 45.26211749573111], [127.67193577510083, 45.26193009850779], [127.6716703147394, 45.25870033728947], [127.66709722509597, 45.25888771352777], [127.66736242790304, 45.26211749573111]]]}, "properties": {"biomass": 112.04576873779297}}, {"type": "Feature", "geometry": {"type": "Polygon", "coordinates": [[[127.67193577510083, 45.26193009850779], [127.67650907736468, 45.26174251875998], [127.67624335945823, 45.258512778546965], [127.6716703147394, 45.25870033728947], [127.67193577510083, 45.26193009850779]]]}, "properties": {"biomass": 115.85482025146484}}, {"type": "Feature", "geometry": {"type": "Polygon", "coordinates": [[[127.68108233465142, 45.26155475649242], [127.68565554691779, 45.26136681170986], [127.68538931394913, 45.258137113568374], [127.68081635920919, 45.258325037305], [127.68108233465142, 45.26155475649242]]]}, "properties": {"biomass": 140.39881896972656}}, {"type": "Feature", "geometry": {"type": "Polygon", "coordinates": [[[127.68565554691779, 45.26136681170986], [127.69022871412064, 45.26117868441709], [127.68996222363488, 45.2579490073418], [127.68538931394913, 45.258137113568374], [127.68565554691779, 45.26136681170986]]]}, "properties": {"biomass": 117.124755859375}}, {"type": "Feature", "geometry": {"type": "Polygon", "coordinates": [[[127.69022871412064, 45.26117868441709], [127.69480183621673, 45.26099037461884], [127.6945350882232, 45.25776071863007], [127.68996222363488, 45.2579490073418], [127.69022871412064, 45.26117868441709]]]}, "properties": {"biomass": 113.56715393066406}}, {"type": "Feature", "geometry": {"type": "Polygon", "coordinates": [[[127.69480183621673, 45.26099037461884], [127.69937491316294, 45.26080188231991], [127.69910790767095, 45.25757224743794], [127.6945350882232, 45.25776071863007], [127.69480183621673, 45.26099037461884]]]}, "properties": {"biomass": 107.91117858886719}}, {"type": "Feature", "geometry": {"type": "Polygon", "coordinates": [[[127.56190386347589, 45.263146984986875], [127.56647797445902, 45.26296380764639], [127.5662184841118, 45.259733565909585], [127.5616446308511, 45.25991672273454], [127.56190386347589, 45.263146984986875]]]}, "properties": {"biomass": 173.60536193847656}}, {"type": "Feature", "geometry": {"type": "Polygon", "coordinates": [[[127.57105204151168, 45.262780447693665], [127.5756260645906, 45.26259690513332], [127.57536605882576, 45.25936670448851], [127.5707922934511, 45.259550226492685], [127.57105204151168, 45.262780447693665]]]}, "properties": {"biomass": 79.87440490722656}}, {"type": "Feature", "geometry": {"type": "Polygon", "coordinates": [[[127.5756260645906, 45.26259690513332], [127.58020004365251, 45.26241317997003], [127.57993978019252, 45.2591829999017], [127.57536605882576, 45.25936670448851], [127.5756260645906, 45.26259690513332]]]}, "properties": {"biomass": 123.56575775146484}}, {"type": "Feature", "geometry": {"type": "Polygon", "coordinates": [[[127.58934786955237, 45.26204518185324], [127.59392171630383, 45.26186090890906], [127.59366067981315, 45.258630790692045], [127.58908709072945, 45.2588150429988], [127.58934786955237, 45.26204518185324]]]}, "properties": {"biomass": 146.04762268066406}}, {"type": "Feature", "geometry": {"type": "Polygon", "coordinates": [[[127.59392171630383, 45.26186090890906], [127.59849551886532, 45.26167645338058], [127.598234224716, 45.25844635582131], [127.59366067981315, 45.258630790692045], [127.59392171630383, 45.26186090890906]]]}, "properties": {"biomass": 148.92921447753906}}, {"type": "Feature", "geometry": {"type": "Polygon", "coordinates": [[[127.59849551886532, 45.26167645338058], [127.60306927719361, 45.261491815272464], [127.60280772539481, 45.25826173839126], [127.598234224716, 45.25844635582131], [127.59849551886532, 45.26167645338058]]]}, "properties": {"biomass": 132.28564453125}}, {"type": "Feature", "geometry": {"type": "Polygon", "coordinates": [[[127.60306927719361, 45.261491815272464], [127.60764299124546, 45.26130699458944], [127.60738118180633, 45.258076938406596], [127.60280772539481, 45.25826173839126], [127.60306927719361, 45.261491815272464]]]}, "properties": {"biomass": 95.681884765625}}, {"type": "Feature", "geometry": {"type": "Polygon", "coordinates": [[[127.60764299124546, 45.26130699458944], [127.6122166609776, 45.26112199133614], [127.61195459390733, 45.25789195587197], [127.60738118180633, 45.258076938406596], [127.60764299124546, 45.26130699458944]]]}, "properties": {"biomass": 108.28244018554688}}, {"type": "Feature", "geometry": {"type": "Polygon", "coordinates": [[[127.62136386730998, 45.26075143713753], [127.62593740382374, 45.260565886201604], [127.62567456391517, 45.257335913015346], [127.62110128500498, 45.257521443171655], [127.62136386730998, 45.26075143713753]]]}, "properties": {"biomass": 104.61372375488281}}, {"type": "Feature", "geometry": {"type": "Polygon", "coordinates": [[[127.62593740382374, 45.260565886201604], [127.63051089584494, 45.260380152714205], [127.63024779834195, 45.25715020032788], [127.62567456391517, 45.257335913015346], [127.62593740382374, 45.260565886201604]]]}, "properties": {"biomass": 114.97933959960938}}, {"type": "Feature", "geometry": {"type": "Polygon", "coordinates": [[[127.63051089584494, 45.260380152714205], [127.63508434333035, 45.26019423668005], [127.63482098824218, 45.25696430511394], [127.63024779834195, 45.25715020032788], [127.63051089584494, 45.260380152714205]]]}, "properties": {"biomass": 146.84445190429688}}, {"type": "Feature", "geometry": {"type": "Polygon", "coordinates": [[[127.63508434333035, 45.26019423668005], [127.63965774623672, 45.26000813810383], [127.63939413357264, 45.25677822737826], [127.63482098824218, 45.25696430511394], [127.63508434333035, 45.26019423668005]]]}, "properties": {"biomass": 156.19329833984375}}, {"type": "Feature", "geometry": {"type": "Polygon", "coordinates": [[[127.63965774623672, 45.26000813810383], [127.64423110452087, 45.25982185699027], [127.64396723429005, 45.256591967125544], [127.63939413357264, 45.25677822737826], [127.63965774623672, 45.26000813810383]]]}, "properties": {"biomass": 132.9298095703125}}, {"type": "Feature", "geometry": {"type": "Polygon", "coordinates": [[[127.64423110452087, 45.25982185699027], [127.64880441813959, 45.2596353933441], [127.6485402903513, 45.25640552436051], [127.64396723429005, 45.256591967125544], [127.64423110452087, 45.25982185699027]]]}, "properties": {"biomass": 126.66122436523438}}, {"type": "Feature", "geometry": {"type": "Polygon", "coordinates": [[[127.64880441813959, 45.2596353933441], [127.65337768704967, 45.25944874717003], [127.65311330171313, 45.2562188990879], [127.6485402903513, 45.25640552436051], [127.64880441813959, 45.2596353933441]]]}, "properties": {"biomass": 124.39435577392578}}, {"type": "Feature", "geometry": {"type": "Polygon", "coordinates": [[[127.65337768704967, 45.25944874717003], [127.65795091120788, 45.25926191847279], [127.65768626833238, 45.256032091312406], [127.65311330171313, 45.2562188990879], [127.65337768704967, 45.25944874717003]]]}, "properties": {"biomass": 105.00525665283203}}, {"type": "Feature", "geometry": {"type": "Polygon", "coordinates": [[[127.65795091120788, 45.25926191847279], [127.66252409057105, 45.25907490725712], [127.66225919016584, 45.2558451010388], [127.65768626833238, 45.256032091312406], [127.65795091120788, 45.25926191847279]]]}, "properties": {"biomass": 112.55652618408203}}, {"type": "Feature", "geometry": {"type": "Polygon", "coordinates": [[[127.66252409057105, 45.25907490725712], [127.66709722509597, 45.25888771352777], [127.66683206717033, 45.2556579282718], [127.66225919016584, 45.2558451010388], [127.66252409057105, 45.25907490725712]]]}, "properties": {"biomass": 114.30770111083984}}, {"type": "Feature", "geometry": {"type": "Polygon", "coordinates": [[[127.66709722509597, 45.25888771352777], [127.6716703147394, 45.25870033728947], [127.67140489930263, 45.255470573016154], [127.66683206717033, 45.2556579282718], [127.66709722509597, 45.25888771352777]]]}, "properties": {"biomass": 105.48011779785156}}, {"type": "Feature", "geometry": {"type": "Polygon", "coordinates": [[[127.6716703147394, 45.25870033728947], [127.67624335945823, 45.258512778546965], [127.67597768651959, 45.255283035276605], [127.67140489930263, 45.255470573016154], [127.6716703147394, 45.25870033728947]]]}, "properties": {"biomass": 114.84943389892578}}, {"type": "Feature", "geometry": {"type": "Polygon", "coordinates": [[[127.68996222363488, 45.2579490073418], [127.6945350882232, 45.25776071863007], [127.69426838537024, 45.25453105957452], [127.6896957782465, 45.254719327202096], [127.68996222363488, 45.2579490073418]]]}, "properties": {"biomass": 111.8853759765625}}, {"type": "Feature", "geometry": {"type": "Polygon", "coordinates": [[[127.6945350882232, 45.25776071863007], [127.69910790767095, 45.25757224743794], [127.69884094736273, 45.25434260948682], [127.69426838537024, 45.25453105957452], [127.6945350882232, 45.25776071863007]]]}, "properties": {"biomass": 113.34728240966797}}, {"type": "Feature", "geometry": {"type": "Polygon", "coordinates": [[[127.62110128500498, 45.257521443171655], [127.62567456391517, 45.257335913015346], [127.62541176848994, 45.25410593679778], [127.62083874714014, 45.25429144617681], [127.62110128500498, 45.257521443171655]]]}, "properties": {"biomass": 104.17488861083984}}, {"type": "Feature", "geometry": {"type": "Polygon", "coordinates": [[[127.62567456391517, 45.257335913015346], [127.63024779834195, 45.25715020032788], [127.62998474536558, 45.25392024490789], [127.62541176848994, 45.25410593679778], [127.62567456391517, 45.257335913015346]]]}, "properties": {"biomass": 105.4454574584961}}, {"type": "Feature", "geometry": {"type": "Polygon", "coordinates": [[[127.63024779834195, 45.25715020032788], [127.63482098824218, 45.25696430511394], [127.63455767772385, 45.25373437051185], [127.62998474536558, 45.25392024490789], [127.63024779834195, 45.25715020032788]]]}, "properties": {"biomass": 122.23745727539062}}, {"type": "Feature", "geometry": {"type": "Polygon", "coordinates": [[[127.63482098824218, 45.25696430511394], [127.63939413357264, 45.25677822737826], [127.63913056552153, 45.253548313614374], [127.63455767772385, 45.25373437051185], [127.63482098824218, 45.25696430511394]]]}, "properties": {"biomass": 142.79957580566406}}, {"type": "Feature", "geometry": {"type": "Polygon", "coordinates": [[[127.63939413357264, 45.25677822737826], [127.64396723429005, 45.256591967125544], [127.64370340871544, 45.25336207422016], [127.63913056552153, 45.253548313614374], [127.63939413357264, 45.25677822737826]]]}, "properties": {"biomass": 136.48974609375}}, {"type": "Feature", "geometry": {"type": "Polygon", "coordinates": [[[127.64396723429005, 45.256591967125544], [127.6485402903513, 45.25640552436051], [127.6482762072624, 45.25317565233394], [127.64370340871544, 45.25336207422016], [127.64396723429005, 45.256591967125544]]]}, "properties": {"biomass": 126.14598083496094}}, {"type": "Feature", "geometry": {"type": "Polygon", "coordinates": [[[127.6485402903513, 45.25640552436051], [127.65311330171313, 45.2562188990879], [127.65284896111922, 45.252989047960426], [127.6482762072624, 45.25317565233394], [127.6485402903513, 45.25640552436051]]]}, "properties": {"biomass": 120.83890533447266}}, {"type": "Feature", "geometry": {"type": "Polygon", "coordinates": [[[127.65311330171313, 45.2562188990879], [127.65768626833238, 45.256032091312406], [127.65742167024267, 45.25280226110436], [127.65284896111922, 45.252989047960426], [127.65311330171313, 45.2562188990879]]]}, "properties": {"biomass": 113.77507781982422}}, {"type": "Feature", "geometry": {"type": "Polygon", "coordinates": [[[127.65768626833238, 45.256032091312406], [127.66225919016584, 45.2558451010388], [127.66199433458961, 45.252615291770454], [127.65742167024267, 45.25280226110436], [127.65768626833238, 45.256032091312406]]]}, "properties": {"biomass": 113.64197540283203}}, {"type": "Feature", "geometry": {"type": "Polygon", "coordinates": [[[127.66225919016584, 45.2558451010388], [127.66683206717033, 45.2556579282718], [127.66656695411685, 45.25242813996346], [127.66199433458961, 45.252615291770454], [127.66225919016584, 45.2558451010388]]]}, "properties": {"biomass": 117.2494125366211}}, {"type": "Feature", "geometry": {"type": "Polygon", "coordinates": [[[127.62083874714014, 45.25429144617681], [127.62541176848994, 45.25410593679778], [127.62514901753887, 45.25087595754917], [127.62057625370625, 45.25106144615324], [127.62083874714014, 45.25429144617681]]]}, "properties": {"biomass": 104.6827621459961}}, {"type": "Feature", "geometry": {"type": "Polygon", "coordinates": [[[127.62541176848994, 45.25410593679778], [127.62998474536558, 45.25392024490789], [127.62972173690655, 45.25069028645456], [127.62514901753887, 45.25087595754917], [127.62541176848994, 45.25410593679778]]]}, "properties": {"biomass": 104.5147476196289}}, {"type": "Feature", "geometry": {"type": "Polygon", "coordinates": [[[127.62998474536558, 45.25392024490789], [127.63455767772385, 45.25373437051185], [127.63429441176604, 45.250504432874074], [127.62972173690655, 45.25069028645456], [127.62998474536558, 45.25392024490789]]]}, "properties": {"biomass": 102.74251556396484}}, {"type": "Feature", "geometry": {"type": "Polygon", "coordinates": [[[127.63455767772385, 45.25373437051185], [127.63913056552153, 45.253548313614374], [127.63886704207418, 45.25031839681246], [127.63429441176604, 45.250504432874074], [127.63455767772385, 45.25373437051185]]]}, "properties": {"biomass": 118.04293823242188}}, {"type": "Feature", "geometry": {"type": "Polygon", "coordinates": [[[127.63913056552153, 45.253548313614374], [127.64370340871544, 45.25336207422016], [127.64343962778779, 45.250132178274406], [127.63886704207418, 45.25031839681246], [127.63913056552153, 45.253548313614374]]]}, "properties": {"biomass": 122.8825454711914}}, {"type": "Feature", "geometry": {"type": "Polygon", "coordinates": [[[127.64370340871544, 45.25336207422016], [127.6482762072624, 45.25317565233394], [127.64801216886366, 45.24994577726466], [127.64343962778779, 45.250132178274406], [127.64370340871544, 45.25336207422016]]]}, "properties": {"biomass": 118.24221801757812}}, {"type": "Feature", "geometry": {"type": "Polygon", "coordinates": [[[127.6482762072624, 45.25317565233394], [127.65284896111922, 45.252989047960426], [127.65258466525862, 45.24975919378791], [127.64801216886366, 45.24994577726466], [127.6482762072624, 45.25317565233394]]]}, "properties": {"biomass": 110.53160095214844}}, {"type": "Feature", "geometry": {"type": "Polygon", "coordinates": [[[127.65284896111922, 45.252989047960426], [127.65742167024267, 45.25280226110436], [127.65715711692951, 45.249572427848896], [127.65258466525862, 45.24975919378791], [127.65284896111922, 45.252989047960426]]]}, "properties": {"biomass": 131.32850646972656}}, {"type": "Feature", "geometry": {"type": "Polygon", "coordinates": [[[127.65742167024267, 45.25280226110436], [127.66199433458961, 45.252615291770454], [127.66172952383312, 45.249385479452364], [127.65715711692951, 45.249572427848896], [127.65742167024267, 45.25280226110436]]]}, "properties": {"biomass": 142.87330627441406}}, {"type": "Feature", "geometry": {"type": "Polygon", "coordinates": [[[127.62057625370625, 45.25106144615324], [127.62514901753887, 45.25087595754917], [127.6248863110528, 45.2476459752698], [127.62031380469415, 45.247831443101234], [127.62057625370625, 45.25106144615324]]]}, "properties": {"biomass": 113.13323211669922}}, {"type": "Feature", "geometry": {"type": "Polygon", "coordinates": [[[127.62514901753887, 45.25087595754917], [127.62972173690655, 45.25069028645456], [127.6294587729557, 45.2474603249681], [127.6248863110528, 45.2476459752698], [127.62514901753887, 45.25087595754917]]]}, "properties": {"biomass": 115.57405853271484}}, {"type": "Feature", "geometry": {"type": "Polygon", "coordinates": [[[127.62972173690655, 45.25069028645456], [127.63429441176604, 45.250504432874074], [127.63403119035962, 45.247274492200866], [127.6294587729557, 45.2474603249681], [127.62972173690655, 45.25069028645456]]]}, "properties": {"biomass": 115.3542709350586}}, {"type": "Feature", "geometry": {"type": "Polygon", "coordinates": [[[127.63429441176604, 45.250504432874074], [127.63886704207418, 45.25031839681246], [127.6386035632214, 45.24708847697277], [127.63403119035962, 45.247274492200866], [127.63429441176604, 45.250504432874074]]]}, "properties": {"biomass": 105.38339233398438}}, {"type": "Feature", "geometry": {"type": "Polygon", "coordinates": [[[127.63886704207418, 45.25031839681246], [127.64343962778779, 45.250132178274406], [127.64317589149786, 45.246902279288555], [127.6386035632214, 45.24708847697277], [127.63886704207418, 45.25031839681246]]]}, "properties": {"biomass": 127.9090347290039}}, {"type": "Feature", "geometry": {"type": "Polygon", "coordinates": [[[127.64343962778779, 45.250132178274406], [127.64801216886366, 45.24994577726466], [127.64774817514582, 45.24671589915292], [127.64317589149786, 45.246902279288555], [127.64343962778779, 45.250132178274406]]]}, "properties": {"biomass": 116.22561645507812}}, {"type": "Feature", "geometry": {"type": "Polygon", "coordinates": [[[127.64801216886366, 45.24994577726466], [127.65258466525862, 45.24975919378791], [127.65232041412213, 45.246529336570596], [127.64774817514582, 45.24671589915292], [127.64801216886366, 45.24994577726466]]]}, "properties": {"biomass": 101.93074035644531}}, {"type": "Feature", "geometry": {"type": "Polygon", "coordinates": [[[127.62031380469415, 45.247831443101234], [127.6248863110528, 45.2476459752698], [127.6246236490225, 45.244415989959904], [127.62005140009464, 45.24460143702104], [127.62031380469415, 45.247831443101234]]]}, "properties": {"biomass": 106.01163482666016}}, {"type": "Feature", "geometry": {"type": "Polygon", "coordinates": [[[127.6248863110528, 45.2476459752698], [127.6294587729557, 45.2474603249681], [127.6291958535038, 45.24423036044881], [127.6246236490225, 45.244415989959904], [127.6248863110528, 45.2476459752698]]]}, "properties": {"biomass": 102.619873046875}}, {"type": "Feature", "geometry": {"type": "Polygon", "coordinates": [[[127.6294587729557, 45.2474603249681], [127.63403119035962, 45.247274492200866], [127.63376801349534, 45.244044548492454], [127.6291958535038, 45.24423036044881], [127.6294587729557, 45.2474603249681]]]}, "properties": {"biomass": 109.51205444335938}}]}