{
  "type": "FeatureCollection",
  "features": [
    {
      "type": "Feature",
      "geometry": {
        "type": "Polygon",
        "coordinates": [
          [
            [
              121.64444729033491,
              45.48665646054774
            ],
            [
              121.65363050821333,
              45.48628188596129
            ],
            [
              121.65309755734542,
              45.479822446141654
            ],
            [
              121.643915381925,
              45.48019693683425
            ],
            [
              121.64444729033491,
              45.48665646054774
            ]
          ]
        ]
      },
      "properties": {
        "biomass": 237.487548828125,
        "min_biomass": 133.19277954101562,
        "max_biomass": 355.3338928222656,
        "timestamp": "20260406_133449",
        "grid_id": "0_432"
      }
    },
    {
      "type": "Feature",
      "geometry": {
        "type": "Polygon",
        "coordinates": [
          [
            [
              121.65363050821333,
              45.48628188596129
            ],
            [
              121.66281354516656,
              45.48590657549843
            ],
            [
              121.66227955191594,
              45.479447219736365
            ],
            [
              121.65309755734542,
              45.479822446141654
            ],
            [
              121.65363050821333,
              45.48628188596129
            ]
          ]
        ]
      },
      "properties": {
        "biomass": 281.966796875,
        "min_biomass": 129.19735717773438,
        "max_biomass": 351.9129638671875,
        "timestamp": "20260406_133449",
        "grid_id": "0_456"
      }
    },
    {
      "type": "Feature",
      "geometry": {
        "type": "Polygon",
        "coordinates": [
          [
            [
              121.63473302600529,
              45.48057069177597
            ],
            [
              121.643915381925,
              45.48019693683425
            ],
            [
              121.64338365401439,
              45.473737400921706
            ],
            [
              121.63420234027721,
              45.4741110721522
            ],
            [
              121.63473302600529,
              45.48057069177597
            ]
          ]
        ]
      },
      "properties": {
        "biomass": 214.9492645263672,
        "min_biomass": 175.9436492919922,
        "max_biomass": 238.9043731689453,
        "timestamp": "20260406_133449",
        "grid_id": "24_408"
      }
    },
    {
      "type": "Feature",
      "geometry": {
        "type": "Polygon",
        "coordinates": [
          [
            [
              121.643915381925,
              45.48019693683425
            ],
            [
              121.65309755734542,
              45.479822446141654
            ],
            [
              121.65256478732738,
              45.47336299410403
            ],
            [
              121.64338365401439,
              45.473737400921706
            ],
            [
              121.643915381925,
              45.48019693683425
            ]
          ]
        ]
      },
      "properties": {
        "biomass": 232.29043579101562,
        "min_biomass": 156.3313751220703,
        "max_biomass": 357.21942138671875,
        "timestamp": "20260406_133449",
        "grid_id": "24_432"
      }
    },
    {
      "type": "Feature",
      "geometry": {
        "type": "Polygon",
        "coordinates": [
          [
            [
              121.65309755734542,
              45.479822446141654
            ],
            [
              121.66227955191594,
              45.479447219736365
            ],
            [
              121.66174573986574,
              45.472987851737315
            ],
            [
              121.65256478732738,
              45.47336299410403
            ],
            [
              121.65309755734542,
              45.479822446141654
            ]
          ]
        ]
      },
      "properties": {
        "biomass": 302.52825927734375,
        "min_biomass": 131.84019470214844,
        "max_biomass": 353.7049560546875,
        "timestamp": "20260406_133449",
        "grid_id": "24_456"
      }
    },
    {
      "type": "Feature",
      "geometry": {
        "type": "Polygon",
        "coordinates": [
          [
            [
              121.63420234027721,
              45.4741110721522
            ],
            [
              121.64338365401439,
              45.473737400921706
            ],
            [
              121.642852106528,
              45.46727785281228
            ],
            [
              121.63367183462285,
              45.467651440350465
            ],
            [
              121.63420234027721,
              45.4741110721522
            ]
          ]
        ]
      },
      "properties": {
        "biomass": 221.85638427734375,
        "min_biomass": 118.3867416381836,
        "max_biomass": 307.6639099121094,
        "timestamp": "20260406_133449",
        "grid_id": "48_408"
      }
    },
    {
      "type": "Feature",
      "geometry": {
        "type": "Polygon",
        "coordinates": [
          [
            [
              121.64338365401439,
              45.473737400921706
            ],
            [
              121.65256478732738,
              45.47336299410403
            ],
            [
              121.65203219808402,
              45.46690352985057
            ],
            [
              121.642852106528,
              45.46727785281228
            ],
            [
              121.64338365401439,
              45.473737400921706
            ]
          ]
        ]
      },
      "properties": {
        "biomass": 223.58189392089844,
        "min_biomass": 144.730224609375,
        "max_biomass": 357.4774475097656,
        "timestamp": "20260406_133449",
        "grid_id": "48_432"
      }
    },
    {
      "type": "Feature",
      "geometry": {
        "type": "Polygon",
        "coordinates": [
          [
            [
              121.65256478732738,
              45.47336299410403
            ],
            [
              121.66174573986574,
              45.472987851737315
            ],
            [
              121.66121210894059,
              45.466528471503466
            ],
            [
              121.65203219808402,
              45.46690352985057
            ],
            [
              121.65256478732738,
              45.47336299410403
            ]
          ]
        ]
      },
      "properties": {
        "biomass": 281.0412292480469,
        "min_biomass": 131.3136749267578,
        "max_biomass": 356.5947570800781,
        "timestamp": "20260406_133449",
        "grid_id": "48_456"
      }
    },
    {
      "type": "Feature",
      "geometry": {
        "type": "Polygon",
        "coordinates": [
          [
            [
              121.66174573986574,
              45.472987851737315
            ],
            [
              121.67092651127906,
              45.472611973859834
            ],
            [
              121.67039183874746,
              45.46615267780919
            ],
            [
              121.66121210894059,
              45.466528471503466
            ],
            [
              121.66174573986574,
              45.472987851737315
            ]
          ]
        ]
      },
      "properties": {
        "biomass": 284.4631042480469,
        "min_biomass": 212.24581909179688,
        "max_biomass": 356.6803894042969,
        "timestamp": "20260406_133449",
        "grid_id": "48_480"
      }
    },
    {
      "type": "Feature",
      "geometry": {
        "type": "Polygon",
        "coordinates": [
          [
            [
              121.6244913827189,
              45.468024292427
            ],
            [
              121.63367183462285,
              45.467651440350465
            ],
            [
              121.63314150896731,
              45.46119179637289
            ],
            [
              121.62396209861996,
              45.461564564939636
            ],
            [
              121.6244913827189,
              45.468024292427
            ]
          ]
        ]
      },
      "properties": {
        "biomass": 247.80625915527344,
        "min_biomass": 159.83804321289062,
        "max_biomass": 356.2592468261719,
        "timestamp": "20260406_133449",
        "grid_id": "72_384"
      }
    },
    {
      "type": "Feature",
      "geometry": {
        "type": "Polygon",
        "coordinates": [
          [
            [
              121.63367183462285,
              45.467651440350465
            ],
            [
              121.642852106528,
              45.46727785281228
            ],
            [
              121.64232073939075,
              45.460818292508144
            ],
            [
              121.63314150896731,
              45.46119179637289
            ],
            [
              121.63367183462285,
              45.467651440350465
            ]
          ]
        ]
      },
      "properties": {
        "biomass": 256.0708312988281,
        "min_biomass": 142.00787353515625,
        "max_biomass": 357.4572448730469,
        "timestamp": "20260406_133449",
        "grid_id": "72_408"
      }
    },
    {
      "type": "Feature",
      "geometry": {
        "type": "Polygon",
        "coordinates": [
          [
            [
              121.642852106528,
              45.46727785281228
            ],
            [
              121.65203219808402,
              45.46690352985057
            ],
            [
              121.65149978954007,
              45.46044405338347
            ],
            [
              121.64232073939075,
              45.460818292508144
            ],
            [
              121.642852106528,
              45.46727785281228
            ]
          ]
        ]
      },
      "properties": {
        "biomass": 215.63894653320312,
        "min_biomass": 145.26210021972656,
        "max_biomass": 297.0489196777344,
        "timestamp": "20260406_133449",
        "grid_id": "72_432"
      }
    },
    {
      "type": "Feature",
      "geometry": {
        "type": "Polygon",
        "coordinates": [
          [
            [
              121.65203219808402,
              45.46690352985057
            ],
            [
              121.66121210894059,
              45.466528471503466
            ],
            [
              121.6606786590651,
              45.46006907903699
            ],
            [
              121.65149978954007,
              45.46044405338347
            ],
            [
              121.65203219808402,
              45.46690352985057
            ]
          ]
        ]
      },
      "properties": {
        "biomass": 253.75328063964844,
        "min_biomass": 155.4009246826172,
        "max_biomass": 357.1331481933594,
        "timestamp": "20260406_133449",
        "grid_id": "72_456"
      }
    },
    {
      "type": "Feature",
      "geometry": {
        "type": "Polygon",
        "coordinates": [
          [
            [
              121.66121210894059,
              45.466528471503466
            ],
            [
              121.67039183874746,
              45.46615267780919
            ],
            [
              121.66985734761576,
              45.45969336950693
            ],
            [
              121.6606786590651,
              45.46006907903699
            ],
            [
              121.66121210894059,
              45.466528471503466
            ]
          ]
        ]
      },
      "properties": {
        "biomass": 259.4267272949219,
        "min_biomass": 121.30860137939453,
        "max_biomass": 357.1331481933594,
        "timestamp": "20260406_133449",
        "grid_id": "72_480"
      }
    },
    {
      "type": "Feature",
      "geometry": {
        "type": "Polygon",
        "coordinates": [
          [
            [
              121.62396209861996,
              45.461564564939636
            ],
            [
              121.63314150896731,
              45.46119179637289
            ],
            [
              121.63261136323571,
              45.45473214022164
            ],
            [
              121.62343299409469,
              45.45510482529745
            ],
            [
              121.62396209861996,
              45.461564564939636
            ]
          ]
        ]
      },
      "properties": {
        "biomass": 224.2075958251953,
        "min_biomass": 131.33416748046875,
        "max_biomass": 355.12725830078125,
        "timestamp": "20260406_133449",
        "grid_id": "96_384"
      }
    },
    {
      "type": "Feature",
      "geometry": {
        "type": "Polygon",
        "coordinates": [
          [
            [
              121.63314150896731,
              45.46119179637289
            ],
            [
              121.64232073939075,
              45.460818292508144
            ],
            [
              121.64178955252763,
              45.45435872001143
            ],
            [
              121.63261136323571,
              45.45473214022164
            ],
            [
              121.63314150896731,
              45.46119179637289
            ]
          ]
        ]
      },
      "properties": {
        "biomass": 248.22930908203125,
        "min_biomass": 110.91032409667969,
        "max_biomass": 355.33502197265625,
        "timestamp": "20260406_133449",
        "grid_id": "96_408"
      }
    },
    {
      "type": "Feature",
      "geometry": {
        "type": "Polygon",
        "coordinates": [
          [
            [
              121.64232073939075,
              45.460818292508144
            ],
            [
              121.65149978954007,
              45.46044405338347
            ],
            [
              121.65096756162038,
              45.45398456470485
            ],
            [
              121.64178955252763,
              45.45435872001143
            ],
            [
              121.64232073939075,
              45.460818292508144
            ]
          ]
        ]
      },
      "properties": {
        "biomass": 241.06591796875,
        "min_biomass": 156.48223876953125,
        "max_biomass": 356.0238952636719,
        "timestamp": "20260406_133449",
        "grid_id": "96_432"
      }
    },
    {
      "type": "Feature",
      "geometry": {
        "type": "Polygon",
        "coordinates": [
          [
            [
              121.65149978954007,
              45.46044405338347
            ],
            [
              121.6606786590651,
              45.46006907903699
            ],
            [
              121.66014539016399,
              45.45360967434004
            ],
            [
              121.65096756162038,
              45.45398456470485
            ],
            [
              121.65149978954007,
              45.46044405338347
            ]
          ]
        ]
      },
      "properties": {
        "biomass": 216.8350372314453,
        "min_biomass": 102.58922576904297,
        "max_biomass": 356.8846130371094,
        "timestamp": "20260406_133449",
        "grid_id": "96_456"
      }
    },
    {
      "type": "Feature",
      "geometry": {
        "type": "Polygon",
        "coordinates": [
          [
            [
              121.6606786590651,
              45.46006907903699
            ],
            [
              121.66985734761576,
              45.45969336950693
            ],
            [
              121.66932303780848,
              45.453234048955196
            ],
            [
              121.66014539016399,
              45.45360967434004
            ],
            [
              121.6606786590651,
              45.46006907903699
            ]
          ]
        ]
      },
      "properties": {
        "biomass": 253.11695861816406,
        "min_biomass": 160.1114501953125,
        "max_biomass": 356.5831604003906,
        "timestamp": "20260406_133449",
        "grid_id": "96_480"
      }
    },
    {
      "type": "Feature",
      "geometry": {
        "type": "Polygon",
        "coordinates": [
          [
            [
              121.67903585484197,
              45.45931692483156
            ],
            [
              121.68821418039373,
              45.45893974504925
            ],
            [
              121.68767778900047,
              45.452480593278516
            ],
            [
              121.67850050420392,
              45.45285768858857
            ],
            [
              121.67903585484197,
              45.45931692483156
            ]
          ]
        ]
      },
      "properties": {
        "biomass": 239.1295166015625,
        "min_biomass": 140.20248413085938,
        "max_biomass": 355.1476745605469,
        "timestamp": "20260406_133449",
        "grid_id": "96_528"
      }
    },
    {
      "type": "Feature",
      "geometry": {
        "type": "Polygon",
        "coordinates": [
          [
            [
              121.68821418039373,
              45.45893974504925
            ],
            [
              121.69739232392111,
              45.458561830198434
            ],
            [
              121.69685489184826,
              45.45210276306343
            ],
            [
              121.68767778900047,
              45.452480593278516
            ],
            [
              121.68821418039373,
              45.45893974504925
            ]
          ]
        ]
      },
      "properties": {
        "biomass": 250.51539611816406,
        "min_biomass": 122.94670867919922,
        "max_biomass": 336.42193603515625,
        "timestamp": "20260406_133449",
        "grid_id": "96_552"
      }
    },
    {
      "type": "Feature",
      "geometry": {
        "type": "Polygon",
        "coordinates": [
          [
            [
              121.69739232392111,
              45.458561830198434
            ],
            [
              121.7065702850741,
              45.45818318031759
            ],
            [
              121.70603181239757,
              45.45172419798184
            ],
            [
              121.69685489184826,
              45.45210276306343
            ],
            [
              121.69739232392111,
              45.458561830198434
            ]
          ]
        ]
      },
      "properties": {
        "biomass": 240.31219482421875,
        "min_biomass": 131.72752380371094,
        "max_biomass": 329.1268615722656,
        "timestamp": "20260406_133449",
        "grid_id": "96_576"
      }
    },
    {
      "type": "Feature",
      "geometry": {
        "type": "Polygon",
        "coordinates": [
          [
            [
              121.7065702850741,
              45.45818318031759
            ],
            [
              121.71574806350287,
              45.45780379544533
            ],
            [
              121.7152085502986,
              45.45134489807228
            ],
            [
              121.70603181239757,
              45.45172419798184
            ],
            [
              121.7065702850741,
              45.45818318031759
            ]
          ]
        ]
      },
      "properties": {
        "biomass": 267.6902160644531,
        "min_biomass": 267.6902160644531,
        "max_biomass": 267.6902160644531,
        "timestamp": "20260406_133449",
        "grid_id": "96_600"
      }
    },
    {
      "type": "Feature",
      "geometry": {
        "type": "Polygon",
        "coordinates": [
          [
            [
              121.62343299409469,
              45.45510482529745
            ],
            [
              121.63261136323571,
              45.45473214022164
            ],
            [
              121.63208139735323,
              45.44827247189884
            ],
            [
              121.62290406906847,
              45.448645073502554
            ],
            [
              121.62343299409469,
              45.45510482529745
            ]
          ]
        ]
      },
      "properties": {
        "biomass": 234.4059295654297,
        "min_biomass": 151.57177734375,
        "max_biomass": 355.62884521484375,
        "timestamp": "20260406_133449",
        "grid_id": "120_384"
      }
    },
    {
      "type": "Feature",
      "geometry": {
        "type": "Polygon",
        "coordinates": [
          [
            [
              121.63261136323571,
              45.45473214022164
            ],
            [
              121.64178955252763,
              45.45435872001143
            ],
            [
              121.64125854586366,
              45.44789913532428
            ],
            [
              121.63208139735323,
              45.44827247189884
            ],
            [
              121.63261136323571,
              45.45473214022164
            ]
          ]
        ]
      },
      "properties": {
        "biomass": 173.7836151123047,
        "min_biomass": 112.67170715332031,
        "max_biomass": 355.79296875,
        "timestamp": "20260406_133449",
        "grid_id": "120_408"
      }
    },
    {
      "type": "Feature",
      "geometry": {
        "type": "Polygon",
        "coordinates": [
          [
            [
              121.64178955252763,
              45.45435872001143
            ],
            [
              121.65096756162038,
              45.45398456470485
            ],
            [
              121.65043551424989,
              45.447525063816904
            ],
            [
              121.64125854586366,
              45.44789913532428
            ],
            [
              121.64178955252763,
              45.45435872001143
            ]
          ]
        ]
      },
      "properties": {
        "biomass": 191.739990234375,
        "min_biomass": 101.89507293701172,
        "max_biomass": 344.76837158203125,
        "timestamp": "20260406_133449",
        "grid_id": "120_432"
      }
    },
    {
      "type": "Feature",
      "geometry": {
        "type": "Polygon",
        "coordinates": [
          [
            [
              121.65096756162038,
              45.45398456470485
            ],
            [
              121.66014539016399,
              45.45360967434004
            ],
            [
              121.65961230216202,
              45.44715025741481
            ],
            [
              121.65043551424989,
              45.447525063816904
            ],
            [
              121.65096756162038,
              45.45398456470485
            ]
          ]
        ]
      },
      "properties": {
        "biomass": 193.5497283935547,
        "min_biomass": 101.42460632324219,
        "max_biomass": 325.27764892578125,
        "timestamp": "20260406_133449",
        "grid_id": "120_456"
      }
    },
    {
      "type": "Feature",
      "geometry": {
        "type": "Polygon",
        "coordinates": [
          [
            [
              121.66014539016399,
              45.45360967434004
            ],
            [
              121.66932303780848,
              45.453234048955196
            ],
            [
              121.66878890925024,
              45.44677471615618
            ],
            [
              121.65961230216202,
              45.44715025741481
            ],
            [
              121.66014539016399,
              45.45360967434004
            ]
          ]
        ]
      },
      "properties": {
        "biomass": 186.96554565429688,
        "min_biomass": 105.99954986572266,
        "max_biomass": 321.639404296875,
        "timestamp": "20260406_133449",
        "grid_id": "120_480"
      }
    },
    {
      "type": "Feature",
      "geometry": {
        "type": "Polygon",
        "coordinates": [
          [
            [
              121.66932303780848,
              45.453234048955196
            ],
            [
              121.67850050420392,
              45.45285768858857
            ],
            [
              121.67796533516477,
              45.44639844007926
            ],
            [
              121.66878890925024,
              45.44677471615618
            ],
            [
              121.66932303780848,
              45.453234048955196
            ]
          ]
        ]
      },
      "properties": {
        "biomass": 238.28671264648438,
        "min_biomass": 158.20616149902344,
        "max_biomass": 318.54437255859375,
        "timestamp": "20260406_133449",
        "grid_id": "120_504"
      }
    },
    {
      "type": "Feature",
      "geometry": {
        "type": "Polygon",
        "coordinates": [
          [
            [
              121.67850050420392,
              45.45285768858857
            ],
            [
              121.68767778900047,
              45.452480593278516
            ],
            [
              121.68714157955593,
              45.446021429222405
            ],
            [
              121.67796533516477,
              45.44639844007926
            ],
            [
              121.67850050420392,
              45.45285768858857
            ]
          ]
        ]
      },
      "properties": {
        "biomass": 223.80502319335938,
        "min_biomass": 159.255859375,
        "max_biomass": 355.1476745605469,
        "timestamp": "20260406_133449",
        "grid_id": "120_528"
      }
    },
    {
      "type": "Feature",
      "geometry": {
        "type": "Polygon",
        "coordinates": [
          [
            [
              121.68767778900047,
              45.452480593278516
            ],
            [
              121.69685489184826,
              45.45210276306343
            ],
            [
              121.69631764207398,
              45.445643683623985
            ],
            [
              121.68714157955593,
              45.446021429222405
            ],
            [
              121.68767778900047,
              45.452480593278516
            ]
          ]
        ]
      },
      "properties": {
        "biomass": 227.27040100097656,
        "min_biomass": 157.73342895507812,
        "max_biomass": 323.9333190917969,
        "timestamp": "20260406_133449",
        "grid_id": "120_552"
      }
    },
    {
      "type": "Feature",
      "geometry": {
        "type": "Polygon",
        "coordinates": [
          [
            [
              121.69685489184826,
              45.45210276306343
            ],
            [
              121.70603181239757,
              45.45172419798184
            ],
            [
              121.7054935223693,
              45.445265203322485
            ],
            [
              121.69631764207398,
              45.445643683623985
            ],
            [
              121.69685489184826,
              45.45210276306343
            ]
          ]
        ]
      },
      "properties": {
        "biomass": 244.68072509765625,
        "min_biomass": 168.7992401123047,
        "max_biomass": 335.1876220703125,
        "timestamp": "20260406_133449",
        "grid_id": "120_576"
      }
    },
    {
      "type": "Feature",
      "geometry": {
        "type": "Polygon",
        "coordinates": [
          [
            [
              121.70603181239757,
              45.45172419798184
            ],
            [
              121.7152085502986,
              45.45134489807228
            ],
            [
              121.71466922009228,
              45.444885988356454
            ],
            [
              121.7054935223693,
              45.445265203322485
            ],
            [
              121.70603181239757,
              45.45172419798184
            ]
          ]
        ]
      },
      "properties": {
        "biomass": 251.821044921875,
        "min_biomass": 127.96501159667969,
        "max_biomass": 333.48858642578125,
        "timestamp": "20260406_133449",
        "grid_id": "120_600"
      }
    },
    {
      "type": "Feature",
      "geometry": {
        "type": "Polygon",
        "coordinates": [
          [
            [
              121.61372656135931,
              45.44901694009744
            ],
            [
              121.62290406906847,
              45.448645073502554
            ],
            [
              121.62237532346663,
              45.442185309557104
            ],
            [
              121.61319885633839,
              45.44255709286226
            ],
            [
              121.61372656135931,
              45.44901694009744
            ]
          ]
        ]
      },
      "properties": {
        "biomass": 236.97384643554688,
        "min_biomass": 138.25320434570312,
        "max_biomass": 354.1602478027344,
        "timestamp": "20260406_133449",
        "grid_id": "144_360"
      }
    },
    {
      "type": "Feature",
      "geometry": {
        "type": "Polygon",
        "coordinates": [
          [
            [
              121.62290406906847,
              45.448645073502554
            ],
            [
              121.63208139735323,
              45.44827247189884
            ],
            [
              121.63155161124507,
              45.44181279140666
            ],
            [
              121.62237532346663,
              45.442185309557104
            ],
            [
              121.62290406906847,
              45.448645073502554
            ]
          ]
        ]
      },
      "properties": {
        "biomass": 176.1223602294922,
        "min_biomass": 91.25016021728516,
        "max_biomass": 354.2137756347656,
        "timestamp": "20260406_133449",
        "grid_id": "144_384"
      }
    },
    {
      "type": "Feature",
      "geometry": {
        "type": "Polygon",
        "coordinates": [
          [
            [
              121.63208139735323,
              45.44827247189884
            ],
            [
              121.64125854586366,
              45.44789913532428
            ],
            [
              121.64072771932396,
              45.441439538448876
            ],
            [
              121.63155161124507,
              45.44181279140666
            ],
            [
              121.63208139735323,
              45.44827247189884
            ]
          ]
        ]
      },
      "properties": {
        "biomass": 214.9395294189453,
        "min_biomass": 105.14677429199219,
        "max_biomass": 356.4349060058594,
        "timestamp": "20260406_133449",
        "grid_id": "144_408"
      }
    },
    {
      "type": "Feature",
      "geometry": {
        "type": "Polygon",
        "coordinates": [
          [
            [
              121.64125854586366,
              45.44789913532428
            ],
            [
              121.65043551424989,
              45.447525063816904
            ],
            [
              121.6499036473535,
              45.44106555072177
            ],
            [
              121.64072771932396,
              45.441439538448876
            ],
            [
              121.64125854586366,
              45.44789913532428
            ]
          ]
        ]
      },
      "properties": {
        "biomass": 140.8486785888672,
        "min_biomass": 93.95071411132812,
        "max_biomass": 308.37060546875,
        "timestamp": "20260406_133449",
        "grid_id": "144_432"
      }
    },
    {
      "type": "Feature",
      "geometry": {
        "type": "Polygon",
        "coordinates": [
          [
            [
              121.65043551424989,
              45.447525063816904
            ],
            [
              121.65961230216202,
              45.44715025741481
            ],
            [
              121.65907939498396,
              45.44069082826344
            ],
            [
              121.6499036473535,
              45.44106555072177
            ],
            [
              121.65043551424989,
              45.447525063816904
            ]
          ]
        ]
      },
      "properties": {
        "biomass": 136.5059356689453,
        "min_biomass": 74.63484954833984,
        "max_biomass": 241.93167114257812,
        "timestamp": "20260406_133449",
        "grid_id": "144_456"
      }
    },
    {
      "type": "Feature",
      "geometry": {
        "type": "Polygon",
        "coordinates": [
          [
            [
              121.65961230216202,
              45.44715025741481
            ],
            [
              121.66878890925024,
              45.44677471615618
            ],
            [
              121.6682549618657,
              45.44031537111205
            ],
            [
              121.65907939498396,
              45.44069082826344
            ],
            [
              121.65961230216202,
              45.44715025741481
            ]
          ]
        ]
      },
      "properties": {
        "biomass": 208.47268676757812,
        "min_biomass": 106.39391326904297,
        "max_biomass": 355.8802795410156,
        "timestamp": "20260406_133449",
        "grid_id": "144_480"
      }
    },
    {
      "type": "Feature",
      "geometry": {
        "type": "Polygon",
        "coordinates": [
          [
            [
              121.66878890925024,
              45.44677471615618
            ],
            [
              121.67796533516477,
              45.44639844007926
            ],
            [
              121.67743034764906,
              45.439939179305846
            ],
            [
              121.6682549618657,
              45.44031537111205
            ],
            [
              121.66878890925024,
              45.44677471615618
            ]
          ]
        ]
      },
      "properties": {
        "biomass": 245.3071746826172,
        "min_biomass": 152.2980194091797,
        "max_biomass": 355.2875061035156,
        "timestamp": "20260406_133449",
        "grid_id": "144_504"
      }
    },
    {
      "type": "Feature",
      "geometry": {
        "type": "Polygon",
        "coordinates": [
          [
            [
              121.67796533516477,
              45.44639844007926
            ],
            [
              121.68714157955593,
              45.446021429222405
            ],
            [
              121.68660555198447,
              45.439562252883114
            ],
            [
              121.67743034764906,
              45.439939179305846
            ],
            [
              121.67796533516477,
              45.44639844007926
            ]
          ]
        ]
      },
      "properties": {
        "biomass": 230.8605499267578,
        "min_biomass": 150.5264892578125,
        "max_biomass": 335.39617919921875,
        "timestamp": "20260406_133449",
        "grid_id": "144_528"
      }
    },
    {
      "type": "Feature",
      "geometry": {
        "type": "Polygon",
        "coordinates": [
          [
            [
              121.68714157955593,
              45.446021429222405
            ],
            [
              121.69631764207398,
              45.445643683623985
            ],
            [
              121.69578057452242,
              45.43918459188225
            ],
            [
              121.68660555198447,
              45.439562252883114
            ],
            [
              121.68714157955593,
              45.446021429222405
            ]
          ]
        ]
      },
      "properties": {
        "biomass": 229.94528198242188,
        "min_biomass": 148.70179748535156,
        "max_biomass": 332.3843994140625,
        "timestamp": "20260406_133449",
        "grid_id": "144_552"
      }
    },
    {
      "type": "Feature",
      "geometry": {
        "type": "Polygon",
        "coordinates": [
          [
            [
              121.69631764207398,
              45.445643683623985
            ],
            [
              121.7054935223693,
              45.445265203322485
            ],
            [
              121.70495541491334,
              45.43880619634172
            ],
            [
              121.69578057452242,
              45.43918459188225
            ],
            [
              121.69631764207398,
              45.445643683623985
            ]
          ]
        ]
      },
      "properties": {
        "biomass": 233.20358276367188,
        "min_biomass": 114.90531158447266,
        "max_biomass": 332.9502868652344,
        "timestamp": "20260406_133449",
        "grid_id": "144_576"
      }
    },
    {
      "type": "Feature",
      "geometry": {
        "type": "Polygon",
        "coordinates": [
          [
            [
              121.7054935223693,
              45.445265203322485
            ],
            [
              121.71466922009228,
              45.444885988356454
            ],
            [
              121.71413007280783,
              45.438427066300065
            ],
            [
              121.70495541491334,
              45.43880619634172
            ],
            [
              121.7054935223693,
              45.445265203322485
            ]
          ]
        ]
      },
      "properties": {
        "biomass": 244.55897521972656,
        "min_biomass": 126.17499542236328,
        "max_biomass": 331.45074462890625,
        "timestamp": "20260406_133449",
        "grid_id": "144_600"
      }
    },
    {
      "type": "Feature",
      "geometry": {
        "type": "Polygon",
        "coordinates": [
          [
            [
              121.61319885633839,
              45.44255709286226
            ],
            [
              121.62237532346663,
              45.442185309557104
            ],
            [
              121.62184675721457,
              45.43572553346321
            ],
            [
              121.61267133031737,
              45.436097233497435
            ],
            [
              121.61319885633839,
              45.44255709286226
            ]
          ]
        ]
      },
      "properties": {
        "biomass": 205.60841369628906,
        "min_biomass": 123.35941314697266,
        "max_biomass": 354.03948974609375,
        "timestamp": "20260406_133449",
        "grid_id": "168_360"
      }
    },
    {
      "type": "Feature",
      "geometry": {
        "type": "Polygon",
        "coordinates": [
          [
            [
              121.62237532346663,
              45.442185309557104
            ],
            [
              121.63155161124507,
              45.44181279140666
            ],
            [
              121.63102200483651,
              45.43535309874721
            ],
            [
              121.62184675721457,
              45.43572553346321
            ],
            [
              121.62237532346663,
              45.442185309557104
            ]
          ]
        ]
      },
      "properties": {
        "biomass": 136.09788513183594,
        "min_biomass": 107.96605682373047,
        "max_biomass": 238.722900390625,
        "timestamp": "20260406_133449",
        "grid_id": "168_384"
      }
    },
    {
      "type": "Feature",
      "geometry": {
        "type": "Polygon",
        "coordinates": [
          [
            [
              121.63155161124507,
              45.44181279140666
            ],
            [
              121.64072771932396,
              45.441439538448876
            ],
            [
              121.64019707283359,
              45.43497992938734
            ],
            [
              121.63102200483651,
              45.43535309874721
            ],
            [
              121.63155161124507,
              45.44181279140666
            ]
          ]
        ]
      },
      "properties": {
        "biomass": 198.29144287109375,
        "min_biomass": 80.25159454345703,
        "max_biomass": 354.1396179199219,
        "timestamp": "20260406_133449",
        "grid_id": "168_408"
      }
    },
    {
      "type": "Feature",
      "geometry": {
        "type": "Polygon",
        "coordinates": [
          [
            [
              121.64072771932396,
              45.441439538448876
            ],
            [
              121.6499036473535,
              45.44106555072177
            ],
            [
              121.64937196085616,
              45.434606025421616
            ],
            [
              121.64019707283359,
              45.43497992938734
            ],
            [
              121.64072771932396,
              45.441439538448876
            ]
          ]
        ]
      },
      "properties": {
        "biomass": 150.32666015625,
        "min_biomass": 80.33700561523438,
        "max_biomass": 354.076171875,
        "timestamp": "20260406_133449",
        "grid_id": "168_432"
      }
    },
    {
      "type": "Feature",
      "geometry": {
        "type": "Polygon",
        "coordinates": [
          [
            [
              121.6499036473535,
              45.44106555072177
            ],
            [
              121.65907939498396,
              45.44069082826344
            ],
            [
              121.65854666855465,
              45.43423138688813
            ],
            [
              121.64937196085616,
              45.434606025421616
            ],
            [
              121.6499036473535,
              45.44106555072177
            ]
          ]
        ]
      },
      "properties": {
        "biomass": 143.2483673095703,
        "min_biomass": 72.92610931396484,
        "max_biomass": 249.0770263671875,
        "timestamp": "20260406_133449",
        "grid_id": "168_456"
      }
    },
    {
      "type": "Feature",
      "geometry": {
        "type": "Polygon",
        "coordinates": [
          [
            [
              121.65907939498396,
              45.44069082826344
            ],
            [
              121.6682549618657,
              45.44031537111205
            ],
            [
              121.66772119557952,
              45.433856013825
            ],
            [
              121.65854666855465,
              45.43423138688813
            ],
            [
              121.65907939498396,
              45.44069082826344
            ]
          ]
        ]
      },
      "properties": {
        "biomass": 224.6396484375,
        "min_biomass": 123.41958618164062,
        "max_biomass": 351.82281494140625,
        "timestamp": "20260406_133449",
        "grid_id": "168_480"
      }
    },
    {
      "type": "Feature",
      "geometry": {
        "type": "Polygon",
        "coordinates": [
          [
            [
              121.6682549618657,
              45.44031537111205
            ],
            [
              121.67743034764906,
              45.439939179305846
            ],
            [
              121.67689554158129,
              45.43347990627047
            ],
            [
              121.66772119557952,
              45.433856013825
            ],
            [
              121.6682549618657,
              45.44031537111205
            ]
          ]
        ]
      },
      "properties": {
        "biomass": 212.86231994628906,
        "min_biomass": 150.04981994628906,
        "max_biomass": 343.25115966796875,
        "timestamp": "20260406_133449",
        "grid_id": "168_504"
      }
    },
    {
      "type": "Feature",
      "geometry": {
        "type": "Polygon",
        "coordinates": [
          [
            [
              121.67743034764906,
              45.439939179305846
            ],
            [
              121.68660555198447,
              45.439562252883114
            ],
            [
              121.68606970621053,
              45.43310306426284
            ],
            [
              121.67689554158129,
              45.43347990627047
            ],
            [
              121.67743034764906,
              45.439939179305846
            ]
          ]
        ]
      },
      "properties": {
        "biomass": 208.76220703125,
        "min_biomass": 123.81367492675781,
        "max_biomass": 307.55767822265625,
        "timestamp": "20260406_133449",
        "grid_id": "168_528"
      }
    },
    {
      "type": "Feature",
      "geometry": {
        "type": "Polygon",
        "coordinates": [
          [
            [
              121.68660555198447,
              45.439562252883114
            ],
            [
              121.69578057452242,
              45.43918459188225
            ],
            [
              121.69524368911785,
              45.43272548784046
            ],
            [
              121.68606970621053,
              45.43310306426284
            ],
            [
              121.68660555198447,
              45.439562252883114
            ]
          ]
        ]
      },
      "properties": {
        "biomass": 193.38217163085938,
        "min_biomass": 109.23627471923828,
        "max_biomass": 303.1047668457031,
        "timestamp": "20260406_133449",
        "grid_id": "168_552"
      }
    },
    {
      "type": "Feature",
      "geometry": {
        "type": "Polygon",
        "coordinates": [
          [
            [
              121.69578057452242,
              45.43918459188225
            ],
            [
              121.70495541491334,
              45.43880619634172
            ],
            [
              121.70441748995385,
              45.43234717704179
            ],
            [
              121.69524368911785,
              45.43272548784046
            ],
            [
              121.69578057452242,
              45.43918459188225
            ]
          ]
        ]
      },
      "properties": {
        "biomass": 168.97708129882812,
        "min_biomass": 110.44428253173828,
        "max_biomass": 330.2086181640625,
        "timestamp": "20260406_133449",
        "grid_id": "168_576"
      }
    },
    {
      "type": "Feature",
      "geometry": {
        "type": "Polygon",
        "coordinates": [
          [
            [
              121.70495541491334,
              45.43880619634172
            ],
            [
              121.71413007280783,
              45.438427066300065
            ],
            [
              121.71359110836927,
              45.43196813190534
            ],
            [
              121.70441748995385,
              45.43234717704179
            ],
            [
              121.70495541491334,
              45.43880619634172
            ]
          ]
        ]
      },
      "properties": {
        "biomass": 236.1047821044922,
        "min_biomass": 122.6162338256836,
        "max_biomass": 334.5765686035156,
        "timestamp": "20260406_133449",
        "grid_id": "168_600"
      }
    },
    {
      "type": "Feature",
      "geometry": {
        "type": "Polygon",
        "coordinates": [
          [
            [
              121.71413007280783,
              45.438427066300065
            ],
            [
              121.72292228171793,
              45.438063044146794
            ],
            [
              121.72238232118319,
              45.43160419127285
            ],
            [
              121.71359110836927,
              45.43196813190534
            ],
            [
              121.71413007280783,
              45.438427066300065
            ]
          ]
        ]
      },
      "properties": {
        "biomass": 220.67906188964844,
        "min_biomass": 196.59829711914062,
        "max_biomass": 254.22708129882812,
        "timestamp": "20260406_133449",
        "grid_id": "168_624"
      }
    },
    {
      "type": "Feature",
      "geometry": {
        "type": "Polygon",
        "coordinates": [
          [
            [
              121.61267133031737,
              45.436097233497435
            ],
            [
              121.62184675721457,
              45.43572553346321
            ],
            [
              121.62131837023774,
              45.429265745223034
            ],
            [
              121.61214398322191,
              45.429637362005096
            ],
            [
              121.61267133031737,
              45.436097233497435
            ]
          ]
        ]
      },
      "properties": {
        "biomass": 207.4748077392578,
        "min_biomass": 118.90184783935547,
        "max_biomass": 327.079345703125,
        "timestamp": "20260406_133449",
        "grid_id": "192_360"
      }
    },
    {
      "type": "Feature",
      "geometry": {
        "type": "Polygon",
        "coordinates": [
          [
            [
              121.62184675721457,
              45.43572553346321
            ],
            [
              121.63102200483651,
              45.43535309874721
            ],
            [
              121.63049257805287,
              45.42889339392263
            ],
            [
              121.62131837023774,
              45.429265745223034
            ],
            [
              121.62184675721457,
              45.43572553346321
            ]
          ]
        ]
      },
      "properties": {
        "biomass": 174.91477966308594,
        "min_biomass": 115.24320983886719,
        "max_biomass": 318.5022888183594,
        "timestamp": "20260406_133449",
        "grid_id": "192_384"
      }
    },
    {
      "type": "Feature",
      "geometry": {
        "type": "Polygon",
        "coordinates": [
          [
            [
              121.63102200483651,
              45.43535309874721
            ],
            [
              121.64019707283359,
              45.43497992938734
            ],
            [
              121.63966660631776,
              45.42852030814183
            ],
            [
              121.63049257805287,
              45.42889339392263
            ],
            [
              121.63102200483651,
              45.43535309874721
            ]
          ]
        ]
      },
      "properties": {
        "biomass": 149.97926330566406,
        "min_biomass": 82.99516296386719,
        "max_biomass": 271.9517822265625,
        "timestamp": "20260406_133449",
        "grid_id": "192_408"
      }
    },
    {
      "type": "Feature",
      "geometry": {
        "type": "Polygon",
        "coordinates": [
          [
            [
              121.64019707283359,
              45.43497992938734
            ],
            [
              121.64937196085616,
              45.434606025421616
            ],
            [
              121.64884045468293,
              45.42814648791859
            ],
            [
              121.63966660631776,
              45.42852030814183
            ],
            [
              121.64019707283359,
              45.43497992938734
            ]
          ]
        ]
      },
      "properties": {
        "biomass": 136.31007385253906,
        "min_biomass": 74.20825958251953,
        "max_biomass": 276.03240966796875,
        "timestamp": "20260406_133449",
        "grid_id": "192_432"
      }
    },
    {
      "type": "Feature",
      "geometry": {
        "type": "Polygon",
        "coordinates": [
          [
            [
              121.64937196085616,
              45.434606025421616
            ],
            [
              121.65854666855465,
              45.43423138688813
            ],
            [
              121.65801412279895,
              45.427771933291005
            ],
            [
              121.64884045468293,
              45.42814648791859
            ],
            [
              121.64937196085616,
              45.434606025421616
            ]
          ]
        ]
      },
      "properties": {
        "biomass": 178.9893035888672,
        "min_biomass": 82.57923889160156,
        "max_biomass": 277.91217041015625,
        "timestamp": "20260406_133449",
        "grid_id": "192_456"
      }
    },
    {
      "type": "Feature",
      "geometry": {
        "type": "Polygon",
        "coordinates": [
          [
            [
              121.65854666855465,
              45.43423138688813
            ],
            [
              121.66772119557952,
              45.433856013825
            ],
            [
              121.66718761031645,
              45.427396644297175
            ],
            [
              121.65801412279895,
              45.427771933291005
            ],
            [
              121.65854666855465,
              45.43423138688813
            ]
          ]
        ]
      },
      "properties": {
        "biomass": 246.7936553955078,
        "min_biomass": 144.3013458251953,
        "max_biomass": 350.5168762207031,
        "timestamp": "20260406_133449",
        "grid_id": "192_480"
      }
    },
    {
      "type": "Feature",
      "geometry": {
        "type": "Polygon",
        "coordinates": [
          [
            [
              121.66772119557952,
              45.433856013825
            ],
            [
              121.67689554158129,
              45.43347990627047
            ],
            [
              121.67636091688608,
              45.42702062097534
            ],
            [
              121.66718761031645,
              45.427396644297175
            ],
            [
              121.66772119557952,
              45.433856013825
            ]
          ]
        ]
      },
      "properties": {
        "biomass": 171.80596923828125,
        "min_biomass": 111.91404724121094,
        "max_biomass": 327.99420166015625,
        "timestamp": "20260406_133449",
        "grid_id": "192_504"
      }
    },
    {
      "type": "Feature",
      "geometry": {
        "type": "Polygon",
        "coordinates": [
          [
            [
              121.67689554158129,
              45.43347990627047
            ],
            [
              121.68606970621053,
              45.43310306426284
            ],
            [
              121.68553404215855,
              45.42664386336376
            ],
            [
              121.67636091688608,
              45.42702062097534
            ],
            [
              121.67689554158129,
              45.43347990627047
            ]
          ]
        ]
      },
      "properties": {
        "biomass": 164.15435791015625,
        "min_biomass": 109.53791809082031,
        "max_biomass": 305.7587890625,
        "timestamp": "20260406_133449",
        "grid_id": "192_528"
      }
    },
    {
      "type": "Feature",
      "geometry": {
        "type": "Polygon",
        "coordinates": [
          [
            [
              121.68606970621053,
              45.43310306426284
            ],
            [
              121.69524368911785,
              45.43272548784046
            ],
            [
              121.69470698578458,
              45.426266371500795
            ],
            [
              121.68553404215855,
              45.42664386336376
            ],
            [
              121.68606970621053,
              45.43310306426284
            ]
          ]
        ]
      },
      "properties": {
        "biomass": 154.94871520996094,
        "min_biomass": 111.69242858886719,
        "max_biomass": 297.776123046875,
        "timestamp": "20260406_133449",
        "grid_id": "192_552"
      }
    },
    {
      "type": "Feature",
      "geometry": {
        "type": "Polygon",
        "coordinates": [
          [
            [
              121.69524368911785,
              45.43272548784046
            ],
            [
              121.70441748995385,
              45.43234717704179
            ],
            [
              121.70387974741496,
              45.42588814542487
            ],
            [
              121.69470698578458,
              45.426266371500795
            ],
            [
              121.69524368911785,
              45.43272548784046
            ]
          ]
        ]
      },
      "properties": {
        "biomass": 218.8160858154297,
        "min_biomass": 114.46758270263672,
        "max_biomass": 287.2979736328125,
        "timestamp": "20260406_133449",
        "grid_id": "192_576"
      }
    },
    {
      "type": "Feature",
      "geometry": {
        "type": "Polygon",
        "coordinates": [
          [
            [
              121.70441748995385,
              45.43234717704179
            ],
            [
              121.71359110836927,
              45.43196813190534
            ],
            [
              121.71305232670053,
              45.425509185174505
            ],
            [
              121.70387974741496,
              45.42588814542487
            ],
            [
              121.70441748995385,
              45.43234717704179
            ]
          ]
        ]
      },
      "properties": {
        "biomass": 232.66668701171875,
        "min_biomass": 114.34241485595703,
        "max_biomass": 332.5772399902344,
        "timestamp": "20260406_133449",
        "grid_id": "192_600"
      }
    },
    {
      "type": "Feature",
      "geometry": {
        "type": "Polygon",
        "coordinates": [
          [
            [
              121.71359110836927,
              45.43196813190534
            ],
            [
              121.72238232118319,
              45.43160419127285
            ],
            [
              121.72184254375298,
              45.4251453260444
            ],
            [
              121.71305232670053,
              45.425509185174505
            ],
            [
              121.71359110836927,
              45.43196813190534
            ]
          ]
        ]
      },
      "properties": {
        "biomass": 255.19998168945312,
        "min_biomass": 134.38824462890625,
        "max_biomass": 332.61956787109375,
        "timestamp": "20260406_133449",
        "grid_id": "192_624"
      }
    },
    {
      "type": "Feature",
      "geometry": {
        "type": "Polygon",
        "coordinates": [
          [
            [
              121.61214398322191,
              45.429637362005096
            ],
            [
              121.62131837023774,
              45.429265745223034
            ],
            [
              121.62079016246165,
              45.422805944838665
            ],
            [
              121.6116168149776,
              45.423177478387345
            ],
            [
              121.61214398322191,
              45.429637362005096
            ]
          ]
        ]
      },
      "properties": {
        "biomass": 229.70091247558594,
        "min_biomass": 161.36402893066406,
        "max_biomass": 314.7358703613281,
        "timestamp": "20260406_133449",
        "grid_id": "216_360"
      }
    },
    {
      "type": "Feature",
      "geometry": {
        "type": "Polygon",
        "coordinates": [
          [
            [
              121.62131837023774,
              45.429265745223034
            ],
            [
              121.63049257805287,
              45.42889339392263
            ],
            [
              121.62996333081944,
              45.42243367693507
            ],
            [
              121.62079016246165,
              45.422805944838665
            ],
            [
              121.62131837023774,
              45.429265745223034
            ]
          ]
        ]
      },
      "properties": {
        "biomass": 174.55496215820312,
        "min_biomass": 116.37101745605469,
        "max_biomass": 289.22021484375,
        "timestamp": "20260406_133449",
        "grid_id": "216_384"
      }
    },
    {
      "type": "Feature",
      "geometry": {
        "type": "Polygon",
        "coordinates": [
          [
            [
              121.63049257805287,
              45.42889339392263
            ],
            [
              121.63966660631776,
              45.42852030814183
            ],
            [
              121.6391363197016,
              45.42206067471449
            ],
            [
              121.62996333081944,
              45.42243367693507
            ],
            [
              121.63049257805287,
              45.42889339392263
            ]
          ]
        ]
      },
      "properties": {
        "biomass": 125.50554656982422,
        "min_biomass": 80.23106384277344,
        "max_biomass": 247.51698303222656,
        "timestamp": "20260406_133449",
        "grid_id": "216_408"
      }
    },
    {
      "type": "Feature",
      "geometry": {
        "type": "Polygon",
        "coordinates": [
          [
            [
              121.63966660631776,
              45.42852030814183
            ],
            [
              121.64884045468293,
              45.42814648791859
            ],
            [
              121.64830912875883,
              45.42168693821487
            ],
            [
              121.6391363197016,
              45.42206067471449
            ],
            [
              121.63966660631776,
              45.42852030814183
            ]
          ]
        ]
      },
      "properties": {
        "biomass": 127.69944763183594,
        "min_biomass": 74.46002960205078,
        "max_biomass": 239.1026153564453,
        "timestamp": "20260406_133449",
        "grid_id": "216_432"
      }
    },
    {
      "type": "Feature",
      "geometry": {
        "type": "Polygon",
        "coordinates": [
          [
            [
              121.64884045468293,
              45.42814648791859
            ],
            [
              121.65801412279895,
              45.427771933291005
            ],
            [
              121.65748175764179,
              45.42131246747425
            ],
            [
              121.64830912875883,
              45.42168693821487
            ],
            [
              121.64884045468293,
              45.42814648791859
            ]
          ]
        ]
      },
      "properties": {
        "biomass": 219.76397705078125,
        "min_biomass": 112.46039581298828,
        "max_biomass": 307.73333740234375,
        "timestamp": "20260406_133449",
        "grid_id": "216_456"
      }
    },
    {
      "type": "Feature",
      "geometry": {
        "type": "Polygon",
        "coordinates": [
          [
            [
              121.65801412279895,
              45.427771933291005
            ],
            [
              121.66718761031645,
              45.427396644297175
            ],
            [
              121.66665420600125,
              45.42093726253078
            ],
            [
              121.65748175764179,
              45.42131246747425
            ],
            [
              121.65801412279895,
              45.427771933291005
            ]
          ]
        ]
      },
      "properties": {
        "biomass": 222.11280822753906,
        "min_biomass": 114.76040649414062,
        "max_biomass": 339.2103271484375,
        "timestamp": "20260406_133449",
        "grid_id": "216_480"
      }
    },
    {
      "type": "Feature",
      "geometry": {
        "type": "Polygon",
        "coordinates": [
          [
            [
              121.66718761031645,
              45.427396644297175
            ],
            [
              121.67636091688608,
              45.42702062097534
            ],
            [
              121.67582647348803,
              45.42056132342263
            ],
            [
              121.66665420600125,
              45.42093726253078
            ],
            [
              121.66718761031645,
              45.427396644297175
            ]
          ]
        ]
      },
      "properties": {
        "biomass": 140.33612060546875,
        "min_biomass": 75.11190795898438,
        "max_biomass": 263.6726379394531,
        "timestamp": "20260406_133449",
        "grid_id": "216_504"
      }
    },
    {
      "type": "Feature",
      "geometry": {
        "type": "Polygon",
        "coordinates": [
          [
            [
              121.67636091688608,
              45.42702062097534
            ],
            [
              121.68553404215855,
              45.42664386336376
            ],
            [
              121.68499855975297,
              45.42018465018808
            ],
            [
              121.67582647348803,
              45.42056132342263
            ],
            [
              121.67636091688608,
              45.42702062097534
            ]
          ]
        ]
      },
      "properties": {
        "biomass": 155.18505859375,
        "min_biomass": 110.9599838256836,
        "max_biomass": 235.2051239013672,
        "timestamp": "20260406_133449",
        "grid_id": "216_528"
      }
    },
    {
      "type": "Feature",
      "geometry": {
        "type": "Polygon",
        "coordinates": [
          [
            [
              121.68553404215855,
              45.42664386336376
            ],
            [
              121.69470698578458,
              45.426266371500795
            ],
            [
              121.69417046444694,
              45.41980724286546
            ],
            [
              121.68499855975297,
              45.42018465018808
            ],
            [
              121.68553404215855,
              45.42664386336376
            ]
          ]
        ]
      },
      "properties": {
        "biomass": 218.54202270507812,
        "min_biomass": 114.18238067626953,
        "max_biomass": 309.6956481933594,
        "timestamp": "20260406_133449",
        "grid_id": "216_552"
      }
    },
    {
      "type": "Feature",
      "geometry": {
        "type": "Polygon",
        "coordinates": [
          [
            [
              121.69470698578458,
              45.426266371500795
            ],
            [
              121.70387974741496,
              45.42588814542487
            ],
            [
              121.70334218722088,
              45.419429101493186
            ],
            [
              121.69417046444694,
              45.41980724286546
            ],
            [
              121.69470698578458,
              45.426266371500795
            ]
          ]
        ]
      },
      "properties": {
        "biomass": 248.10330200195312,
        "min_biomass": 124.01403045654297,
        "max_biomass": 336.49462890625,
        "timestamp": "20260406_133449",
        "grid_id": "216_576"
      }
    },
    {
      "type": "Feature",
      "geometry": {
        "type": "Polygon",
        "coordinates": [
          [
            [
              121.70387974741496,
              45.42588814542487
            ],
            [
              121.71305232670053,
              45.425509185174505
            ],
            [
              121.71251372772576,
              45.41905022610975
            ],
            [
              121.70334218722088,
              45.419429101493186
            ],
            [
              121.70387974741496,
              45.42588814542487
            ]
          ]
        ]
      },
      "properties": {
        "biomass": 225.96530151367188,
        "min_biomass": 117.905517578125,
        "max_biomass": 332.3229064941406,
        "timestamp": "20260406_133449",
        "grid_id": "216_600"
      }
    },
    {
      "type": "Feature",
      "geometry": {
        "type": "Polygon",
        "coordinates": [
          [
            [
              121.71305232670053,
              45.425509185174505
            ],
            [
              121.72184254375298,
              45.4251453260444
            ],
            [
              121.72130294935124,
              45.41868644846367
            ],
            [
              121.71251372772576,
              45.41905022610975
            ],
            [
              121.71305232670053,
              45.425509185174505
            ]
          ]
        ]
      },
      "properties": {
        "biomass": 239.30157470703125,
        "min_biomass": 120.06040954589844,
        "max_biomass": 316.18731689453125,
        "timestamp": "20260406_133449",
        "grid_id": "216_624"
      }
    },
    {
      "type": "Feature",
      "geometry": {
        "type": "Polygon",
        "coordinates": [
          [
            [
              121.6116168149776,
              45.423177478387345
            ],
            [
              121.62079016246165,
              45.422805944838665
            ],
            [
              121.62026213381179,
              45.41634613231228
            ],
            [
              121.61108982551012,
              45.41671758264635
            ],
            [
              121.6116168149776,
              45.423177478387345
            ]
          ]
        ]
      },
      "properties": {
        "biomass": 165.4783172607422,
        "min_biomass": 125.1453857421875,
        "max_biomass": 240.0288543701172,
        "timestamp": "20260406_133449",
        "grid_id": "240_360"
      }
    },
    {
      "type": "Feature",
      "geometry": {
        "type": "Polygon",
        "coordinates": [
          [
            [
              121.62079016246165,
              45.422805944838665
            ],
            [
              121.62996333081944,
              45.42243367693507
            ],
            [
              121.62943426306165,
              45.41597394778669
            ],
            [
              121.62026213381179,
              45.41634613231228
            ],
            [
              121.62079016246165,
              45.422805944838665
            ]
          ]
        ]
      },
      "properties": {
        "biomass": 136.67237854003906,
        "min_biomass": 88.82294464111328,
        "max_biomass": 260.4314270019531,
        "timestamp": "20260406_133449",
        "grid_id": "240_384"
      }
    },
    {
      "type": "Feature",
      "geometry": {
        "type": "Polygon",
        "coordinates": [
          [
            [
              121.62996333081944,
              45.42243367693507
            ],
            [
              121.6391363197016,
              45.42206067471449
            ],
            [
              121.63860621291045,
              45.41560102910747
            ],
            [
              121.62943426306165,
              45.41597394778669
            ],
            [
              121.62996333081944,
              45.42243367693507
            ]
          ]
        ]
      },
      "properties": {
        "biomass": 104.89801788330078,
        "min_biomass": 78.23005676269531,
        "max_biomass": 166.6070556640625,
        "timestamp": "20260406_133449",
        "grid_id": "240_408"
      }
    },
    {
      "type": "Feature",
      "geometry": {
        "type": "Polygon",
        "coordinates": [
          [
            [
              121.6391363197016,
              45.42206067471449
            ],
            [
              121.64830912875883,
              45.42168693821487
            ],
            [
              121.64777798300898,
              45.41522737631258
            ],
            [
              121.63860621291045,
              45.41560102910747
            ],
            [
              121.6391363197016,
              45.42206067471449
            ]
          ]
        ]
      },
      "properties": {
        "biomass": 158.97940063476562,
        "min_biomass": 80.29603576660156,
        "max_biomass": 308.8057861328125,
        "timestamp": "20260406_133449",
        "grid_id": "240_432"
      }
    },
    {
      "type": "Feature",
      "geometry": {
        "type": "Polygon",
        "coordinates": [
          [
            [
              121.64830912875883,
              45.42168693821487
            ],
            [
              121.65748175764179,
              45.42131246747425
            ],
            [
              121.65694957300813,
              45.414852989440035
            ],
            [
              121.64777798300898,
              45.41522737631258
            ],
            [
              121.64830912875883,
              45.42168693821487
            ]
          ]
        ]
      },
      "properties": {
        "biomass": 220.39588928222656,
        "min_biomass": 116.77781677246094,
        "max_biomass": 307.4191589355469,
        "timestamp": "20260406_133449",
        "grid_id": "240_456"
      }
    },
    {
      "type": "Feature",
      "geometry": {
        "type": "Polygon",
        "coordinates": [
          [
            [
              121.65748175764179,
              45.42131246747425
            ],
            [
              121.66665420600125,
              45.42093726253078
            ],
            [
              121.66612098255878,
              45.41447786852797
            ],
            [
              121.65694957300813,
              45.414852989440035
            ],
            [
              121.65748175764179,
              45.42131246747425
            ]
          ]
        ]
      },
      "properties": {
        "biomass": 138.23316955566406,
        "min_biomass": 80.08647918701172,
        "max_biomass": 304.1183166503906,
        "timestamp": "20260406_133449",
        "grid_id": "240_480"
      }
    },
    {
      "type": "Feature",
      "geometry": {
        "type": "Polygon",
        "coordinates": [
          [
            [
              121.66665420600125,
              45.42093726253078
            ],
            [
              121.67582647348803,
              45.42056132342263
            ],
            [
              121.67529221131186,
              45.41410201361453
            ],
            [
              121.66612098255878,
              45.41447786852797
            ],
            [
              121.66665420600125,
              45.42093726253078
            ]
          ]
        ]
      },
      "properties": {
        "biomass": 192.7985382080078,
        "min_biomass": 77.6981430053711,
        "max_biomass": 351.8557434082031,
        "timestamp": "20260406_133449",
        "grid_id": "240_504"
      }
    },
    {
      "type": "Feature",
      "geometry": {
        "type": "Polygon",
        "coordinates": [
          [
            [
              121.67582647348803,
              45.42056132342263
            ],
            [
              121.68499855975297,
              45.42018465018808
            ],
            [
              121.68446325891837,
              45.41372542473798
            ],
            [
              121.67529221131186,
              45.41410201361453
            ],
            [
              121.67582647348803,
              45.42056132342263
            ]
          ]
        ]
      },
      "properties": {
        "biomass": 222.11471557617188,
        "min_biomass": 114.6326675415039,
        "max_biomass": 355.25775146484375,
        "timestamp": "20260406_133449",
        "grid_id": "240_528"
      }
    },
    {
      "type": "Feature",
      "geometry": {
        "type": "Polygon",
        "coordinates": [
          [
            [
              121.68499855975297,
              45.42018465018808
            ],
            [
              121.69417046444694,
              45.41980724286546
            ],
            [
              121.69363412502933,
              45.413348101936656
            ],
            [
              121.68446325891837,
              45.41372542473798
            ],
            [
              121.68499855975297,
              45.42018465018808
            ]
          ]
        ]
      },
      "properties": {
        "biomass": 204.01536560058594,
        "min_biomass": 113.22868347167969,
        "max_biomass": 318.3411865234375,
        "timestamp": "20260406_133449",
        "grid_id": "240_552"
      }
    },
    {
      "type": "Feature",
      "geometry": {
        "type": "Polygon",
        "coordinates": [
          [
            [
              121.69417046444694,
              45.41980724286546
            ],
            [
              121.70334218722088,
              45.419429101493186
            ],
            [
              121.70280480929586,
              45.41297004524895
            ],
            [
              121.69363412502933,
              45.413348101936656
            ],
            [
              121.69417046444694,
              45.41980724286546
            ]
          ]
        ]
      },
      "properties": {
        "biomass": 235.25062561035156,
        "min_biomass": 136.46200561523438,
        "max_biomass": 330.6737365722656,
        "timestamp": "20260406_133449",
        "grid_id": "240_576"
      }
    },
    {
      "type": "Feature",
      "geometry": {
        "type": "Polygon",
        "coordinates": [
          [
            [
              121.70334218722088,
              45.419429101493186
            ],
            [
              121.71251372772576,
              45.41905022610975
            ],
            [
              121.71197531136903,
              45.41259125471332
            ],
            [
              121.70280480929586,
              45.41297004524895
            ],
            [
              121.70334218722088,
              45.419429101493186
            ]
          ]
        ]
      },
      "properties": {
        "biomass": 218.7444305419922,
        "min_biomass": 116.9212875366211,
        "max_biomass": 313.2303466796875,
        "timestamp": "20260406_133449",
        "grid_id": "240_600"
      }
    },
    {
      "type": "Feature",
      "geometry": {
        "type": "Polygon",
        "coordinates": [
          [
            [
              121.71251372772576,
              45.41905022610975
            ],
            [
              121.72130294935124,
              45.41868644846367
            ],
            [
              121.72076353790195,
              45.4122275585329
            ],
            [
              121.71197531136903,
              45.41259125471332
            ],
            [
              121.71251372772576,
              45.41905022610975
            ]
          ]
        ]
      },
      "properties": {
        "biomass": 198.0575408935547,
        "min_biomass": 116.96308898925781,
        "max_biomass": 263.6553039550781,
        "timestamp": "20260406_133449",
        "grid_id": "240_624"
      }
    },
    {
      "type": "Feature",
      "geometry": {
        "type": "Polygon",
        "coordinates": [
          [
            [
              121.60191733850588,
              45.41708829875108
            ],
            [
              121.61108982551012,
              45.41671758264635
            ],
            [
              121.61056301474521,
              45.41025767478419
            ],
            [
              121.6013915666483,
              45.41062830785644
            ],
            [
              121.60191733850588,
              45.41708829875108
            ]
          ]
        ]
      },
      "properties": {
        "biomass": 142.37579345703125,
        "min_biomass": 91.05772399902344,
        "max_biomass": 186.00184631347656,
        "timestamp": "20260406_133449",
        "grid_id": "264_336"
      }
    },
    {
      "type": "Feature",
      "geometry": {
        "type": "Polygon",
        "coordinates": [
          [
            [
              121.61108982551012,
              45.41671758264635
            ],
            [
              121.62026213381179,
              45.41634613231228
            ],
            [
              121.61973428421382,
              45.409886307645976
            ],
            [
              121.61056301474521,
              45.41025767478419
            ],
            [
              121.61108982551012,
              45.41671758264635
            ]
          ]
        ]
      },
      "properties": {
        "biomass": 155.942626953125,
        "min_biomass": 90.08580017089844,
        "max_biomass": 224.9456787109375,
        "timestamp": "20260406_133449",
        "grid_id": "264_360"
      }
    },
    {
      "type": "Feature",
      "geometry": {
        "type": "Polygon",
        "coordinates": [
          [
            [
              121.62026213381179,
              45.41634613231228
            ],
            [
              121.62943426306165,
              45.41597394778669
            ],
            [
              121.62890537470496,
              45.4095142064796
            ],
            [
              121.61973428421382,
              45.409886307645976
            ],
            [
              121.62026213381179,
              45.41634613231228
            ]
          ]
        ]
      },
      "properties": {
        "biomass": 110.34473419189453,
        "min_biomass": 74.83007049560547,
        "max_biomass": 172.68829345703125,
        "timestamp": "20260406_133449",
        "grid_id": "264_384"
      }
    },
    {
      "type": "Feature",
      "geometry": {
        "type": "Polygon",
        "coordinates": [
          [
            [
              121.62943426306165,
              45.41597394778669
            ],
            [
              121.63860621291045,
              45.41560102910747
            ],
            [
              121.63807628586954,
              45.409141371322924
            ],
            [
              121.62890537470496,
              45.4095142064796
            ],
            [
              121.62943426306165,
              45.41597394778669
            ]
          ]
        ]
      },
      "properties": {
        "biomass": 99.53427124023438,
        "min_biomass": 74.81291961669922,
        "max_biomass": 168.46026611328125,
        "timestamp": "20260406_133449",
        "grid_id": "264_408"
      }
    },
    {
      "type": "Feature",
      "geometry": {
        "type": "Polygon",
        "coordinates": [
          [
            [
              121.63860621291045,
              45.41560102910747
            ],
            [
              121.64777798300898,
              45.41522737631258
            ],
            [
              121.64724701735855,
              45.408767802213895
            ],
            [
              121.63807628586954,
              45.409141371322924
            ],
            [
              121.63860621291045,
              45.41560102910747
            ]
          ]
        ]
      },
      "properties": {
        "biomass": 123.01616668701172,
        "min_biomass": 77.97023010253906,
        "max_biomass": 233.3858642578125,
        "timestamp": "20260406_133449",
        "grid_id": "264_432"
      }
    },
    {
      "type": "Feature",
      "geometry": {
        "type": "Polygon",
        "coordinates": [
          [
            [
              121.64777798300898,
              45.41522737631258
            ],
            [
              121.65694957300813,
              45.414852989440035
            ],
            [
              121.65641756882296,
              45.40839349919053
            ],
            [
              121.64724701735855,
              45.408767802213895
            ],
            [
              121.64777798300898,
              45.41522737631258
            ]
          ]
        ]
      },
      "properties": {
        "biomass": 139.42330932617188,
        "min_biomass": 79.4598159790039,
        "max_biomass": 305.06878662109375,
        "timestamp": "20260406_133449",
        "grid_id": "264_456"
      }
    },
    {
      "type": "Feature",
      "geometry": {
        "type": "Polygon",
        "coordinates": [
          [
            [
              121.65694957300813,
              45.414852989440035
            ],
            [
              121.66612098255878,
              45.41447786852797
            ],
            [
              121.66558793991385,
              45.40801846229091
            ],
            [
              121.65641756882296,
              45.40839349919053
            ],
            [
              121.65694957300813,
              45.414852989440035
            ]
          ]
        ]
      },
      "properties": {
        "biomass": 124.00862121582031,
        "min_biomass": 78.50533294677734,
        "max_biomass": 234.1803741455078,
        "timestamp": "20260406_133449",
        "grid_id": "264_480"
      }
    },
    {
      "type": "Feature",
      "geometry": {
        "type": "Polygon",
        "coordinates": [
          [
            [
              121.66612098255878,
              45.41447786852797
            ],
            [
              121.67529221131186,
              45.41410201361453
            ],
            [
              121.67475813028224,
              45.40764269155322
            ],
            [
              121.66558793991385,
              45.40801846229091
            ],
            [
              121.66612098255878,
              45.41447786852797
            ]
          ]
        ]
      },
      "properties": {
        "biomass": 188.48077392578125,
        "min_biomass": 113.02678680419922,
        "max_biomass": 354.9623107910156,
        "timestamp": "20260406_133449",
        "grid_id": "264_504"
      }
    },
    {
      "type": "Feature",
      "geometry": {
        "type": "Polygon",
        "coordinates": [
          [
            [
              121.67529221131186,
              45.41410201361453
            ],
            [
              121.68446325891837,
              45.41372542473798
            ],
            [
              121.68392813957932,
              45.40726618701568
            ],
            [
              121.67475813028224,
              45.40764269155322
            ],
            [
              121.67529221131186,
              45.41410201361453
            ]
          ]
        ]
      },
      "properties": {
        "biomass": 236.04568481445312,
        "min_biomass": 117.91730499267578,
        "max_biomass": 334.98492431640625,
        "timestamp": "20260406_133449",
        "grid_id": "264_528"
      }
    },
    {
      "type": "Feature",
      "geometry": {
        "type": "Polygon",
        "coordinates": [
          [
            [
              121.68446325891837,
              45.41372542473798
            ],
            [
              121.69363412502933,
              45.413348101936656
            ],
            [
              121.69309796745623,
              45.40688894871659
            ],
            [
              121.68392813957932,
              45.40726618701568
            ],
            [
              121.68446325891837,
              45.41372542473798
            ]
          ]
        ]
      },
      "properties": {
        "biomass": 211.9559326171875,
        "min_biomass": 118.11283874511719,
        "max_biomass": 270.0812072753906,
        "timestamp": "20260406_133449",
        "grid_id": "264_552"
      }
    },
    {
      "type": "Feature",
      "geometry": {
        "type": "Polygon",
        "coordinates": [
          [
            [
              121.50049394800874,
              45.41465681256123
            ],
            [
              121.50966733796199,
              45.41429425668816
            ],
            [
              121.5091521340142,
              45.407833432541786
            ],
            [
              121.49997978342577,
              45.40819590719868
            ],
            [
              121.50049394800874,
              45.41465681256123
            ]
          ]
        ]
      },
      "properties": {
        "biomass": 243.0847625732422,
        "min_biomass": 228.96778869628906,
        "max_biomass": 266.04107666015625,
        "timestamp": "20260406_133449",
        "grid_id": "288_72"
      }
    },
    {
      "type": "Feature",
      "geometry": {
        "type": "Polygon",
        "coordinates": [
          [
            [
              121.50966733796199,
              45.41429425668816
            ],
            [
              121.51884055313023,
              45.413930966338214
            ],
            [
              121.51832430989023,
              45.4074702235715
            ],
            [
              121.5091521340142,
              45.407833432541786
            ],
            [
              121.50966733796199,
              45.41429425668816
            ]
          ]
        ]
      },
      "properties": {
        "biomass": 222.99957275390625,
        "min_biomass": 106.5192642211914,
        "max_biomass": 357.8934326171875,
        "timestamp": "20260406_133449",
        "grid_id": "288_96"
      }
    },
    {
      "type": "Feature",
      "geometry": {
        "type": "Polygon",
        "coordinates": [
          [
            [
              121.51884055313023,
              45.413930966338214
            ],
            [
              121.52801359316386,
              45.413566941548375
            ],
            [
              121.52749631070441,
              45.40710628032481
            ],
            [
              121.51832430989023,
              45.4074702235715
            ],
            [
              121.51884055313023,
              45.413930966338214
            ]
          ]
        ]
      },
      "properties": {
        "biomass": 257.4042663574219,
        "min_biomass": 158.31874084472656,
        "max_biomass": 355.83465576171875,
        "timestamp": "20260406_133449",
        "grid_id": "288_120"
      }
    },
    {
      "type": "Feature",
      "geometry": {
        "type": "Polygon",
        "coordinates": [
          [
            [
              121.52801359316386,
              45.413566941548375
            ],
            [
              121.53718645771333,
              45.41320218235568
            ],
            [
              121.53666813610734,
              45.40674160283875
            ],
            [
              121.52749631070441,
              45.40710628032481
            ],
            [
              121.52801359316386,
              45.413566941548375
            ]
          ]
        ]
      },
      "properties": {
        "biomass": 155.82464599609375,
        "min_biomass": 102.2193603515625,
        "max_biomass": 264.80963134765625,
        "timestamp": "20260406_133449",
        "grid_id": "288_144"
      }
    },
    {
      "type": "Feature",
      "geometry": {
        "type": "Polygon",
        "coordinates": [
          [
            [
              121.53718645771333,
              45.41320218235568
            ],
            [
              121.5463591464291,
              45.41283668879733
            ],
            [
              121.5458397857496,
              45.406376191150436
            ],
            [
              121.53666813610734,
              45.40674160283875
            ],
            [
              121.53718645771333,
              45.41320218235568
            ]
          ]
        ]
      },
      "properties": {
        "biomass": 197.33277893066406,
        "min_biomass": 121.12667083740234,
        "max_biomass": 305.3490295410156,
        "timestamp": "20260406_133449",
        "grid_id": "288_168"
      }
    },
    {
      "type": "Feature",
      "geometry": {
        "type": "Polygon",
        "coordinates": [
          [
            [
              121.59221994027226,
              45.410998206825
            ],
            [
              121.6013915666483,
              45.41062830785644
            ],
            [
              121.60086597306987,
              45.40416830486146
            ],
            [
              121.59169538532603,
              45.40453812097959
            ],
            [
              121.59221994027226,
              45.410998206825
            ]
          ]
        ]
      },
      "properties": {
        "biomass": 217.31556701660156,
        "min_biomass": 155.29969787597656,
        "max_biomass": 270.1102600097656,
        "timestamp": "20260406_133449",
        "grid_id": "288_312"
      }
    },
    {
      "type": "Feature",
      "geometry": {
        "type": "Polygon",
        "coordinates": [
          [
            [
              121.6013915666483,
              45.41062830785644
            ],
            [
              121.61056301474521,
              45.41025767478419
            ],
            [
              121.61003638260863,
              45.403797754803
            ],
            [
              121.60086597306987,
              45.40416830486146
            ],
            [
              121.6013915666483,
              45.41062830785644
            ]
          ]
        ]
      },
      "properties": {
        "biomass": 160.29881286621094,
        "min_biomass": 113.53009033203125,
        "max_biomass": 276.63238525390625,
        "timestamp": "20260406_133449",
        "grid_id": "288_336"
      }
    },
    {
      "type": "Feature",
      "geometry": {
        "type": "Polygon",
        "coordinates": [
          [
            [
              121.61056301474521,
              45.41025767478419
            ],
            [
              121.61973428421382,
              45.409886307645976
            ],
            [
              121.61920661359325,
              45.40342647084189
            ],
            [
              121.61003638260863,
              45.403797754803
            ],
            [
              121.61056301474521,
              45.41025767478419
            ]
          ]
        ]
      },
      "properties": {
        "biomass": 114.50025939941406,
        "min_biomass": 79.6863784790039,
        "max_biomass": 191.66900634765625,
        "timestamp": "20260406_133449",
        "grid_id": "288_360"
      }
    },
    {
      "type": "Feature",
      "geometry": {
        "type": "Polygon",
        "coordinates": [
          [
            [
              121.61973428421382,
              45.409886307645976
            ],
            [
              121.62890537470496,
              45.4095142064796
            ],
            [
              121.62837666567478,
              45.40305445301593
            ],
            [
              121.61920661359325,
              45.40342647084189
            ],
            [
              121.61973428421382,
              45.409886307645976
            ]
          ]
        ]
      },
      "properties": {
        "biomass": 111.1179428100586,
        "min_biomass": 75.74742126464844,
        "max_biomass": 170.44317626953125,
        "timestamp": "20260406_133449",
        "grid_id": "288_384"
      }
    },
    {
      "type": "Feature",
      "geometry": {
        "type": "Polygon",
        "coordinates": [
          [
            [
              121.62890537470496,
              45.4095142064796
            ],
            [
              121.63807628586954,
              45.409141371322924
            ],
            [
              121.63754653850422,
              45.40268170136299
            ],
            [
              121.62837666567478,
              45.40305445301593
            ],
            [
              121.62890537470496,
              45.4095142064796
            ]
          ]
        ]
      },
      "properties": {
        "biomass": 90.42941284179688,
        "min_biomass": 72.39335632324219,
        "max_biomass": 157.9978485107422,
        "timestamp": "20260406_133449",
        "grid_id": "288_408"
      }
    },
    {
      "type": "Feature",
      "geometry": {
        "type": "Polygon",
        "coordinates": [
          [
            [
              121.63807628586954,
              45.409141371322924
            ],
            [
              121.64724701735855,
              45.408767802213895
            ],
            [
              121.6467162317327,
              45.40230821592097
            ],
            [
              121.63754653850422,
              45.40268170136299
            ],
            [
              121.63807628586954,
              45.409141371322924
            ]
          ]
        ]
      },
      "properties": {
        "biomass": 99.694580078125,
        "min_biomass": 72.88497924804688,
        "max_biomass": 175.39576721191406,
        "timestamp": "20260406_133449",
        "grid_id": "288_432"
      }
    },
    {
      "type": "Feature",
      "geometry": {
        "type": "Polygon",
        "coordinates": [
          [
            [
              121.64724701735855,
              45.408767802213895
            ],
            [
              121.65641756882296,
              45.40839349919053
            ],
            [
              121.65588574501137,
              45.40193399672788
            ],
            [
              121.6467162317327,
              45.40230821592097
            ],
            [
              121.64724701735855,
              45.408767802213895
            ]
          ]
        ]
      },
      "properties": {
        "biomass": 96.867919921875,
        "min_biomass": 73.01670837402344,
        "max_biomass": 174.5323486328125,
        "timestamp": "20260406_133449",
        "grid_id": "288_456"
      }
    },
    {
      "type": "Feature",
      "geometry": {
        "type": "Polygon",
        "coordinates": [
          [
            [
              121.65641756882296,
              45.40839349919053
            ],
            [
              121.66558793991385,
              45.40801846229091
            ],
            [
              121.66505507799138,
              45.401559043821806
            ],
            [
              121.65588574501137,
              45.40193399672788
            ],
            [
              121.65641756882296,
              45.40839349919053
            ]
          ]
        ]
      },
      "properties": {
        "biomass": 138.11953735351562,
        "min_biomass": 77.31581115722656,
        "max_biomass": 224.5557098388672,
        "timestamp": "20260406_133449",
        "grid_id": "288_480"
      }
    },
    {
      "type": "Feature",
      "geometry": {
        "type": "Polygon",
        "coordinates": [
          [
            [
              121.66558793991385,
              45.40801846229091
            ],
            [
              121.67475813028224,
              45.40764269155322
            ],
            [
              121.67422423032399,
              45.40118335724088
            ],
            [
              121.66505507799138,
              45.401559043821806
            ],
            [
              121.66558793991385,
              45.40801846229091
            ]
          ]
        ]
      },
      "properties": {
        "biomass": 162.66091918945312,
        "min_biomass": 88.2253646850586,
        "max_biomass": 229.77952575683594,
        "timestamp": "20260406_133449",
        "grid_id": "288_504"
      }
    },
    {
      "type": "Feature",
      "geometry": {
        "type": "Polygon",
        "coordinates": [
          [
            [
              121.67475813028224,
              45.40764269155322
            ],
            [
              121.68392813957932,
              45.40726618701568
            ],
            [
              121.68339320166045,
              45.400806937023326
            ],
            [
              121.67422423032399,
              45.40118335724088
            ],
            [
              121.67475813028224,
              45.40764269155322
            ]
          ]
        ]
      },
      "properties": {
        "biomass": 179.9667510986328,
        "min_biomass": 115.5477294921875,
        "max_biomass": 286.1453552246094,
        "timestamp": "20260406_133449",
        "grid_id": "288_528"
      }
    },
    {
      "type": "Feature",
      "geometry": {
        "type": "Polygon",
        "coordinates": [
          [
            [
              121.68392813957932,
              45.40726618701568
            ],
            [
              121.69309796745623,
              45.40688894871659
            ],
            [
              121.69256199165206,
              45.40042978320744
            ],
            [
              121.68339320166045,
              45.400806937023326
            ],
            [
              121.68392813957932,
              45.40726618701568
            ]
          ]
        ]
      },
      "properties": {
        "biomass": 181.3838348388672,
        "min_biomass": 113.31867980957031,
        "max_biomass": 274.8350830078125,
        "timestamp": "20260406_133449",
        "grid_id": "288_552"
      }
    },
    {
      "type": "Feature",
      "geometry": {
        "type": "Polygon",
        "coordinates": [
          [
            [
              121.49997978342577,
              45.40819590719868
            ],
            [
              121.5091521340142,
              45.407833432541786
            ],
            [
              121.5086371047788,
              45.401372596482254
            ],
            [
              121.4994657932057,
              45.40173498994128
            ],
            [
              121.49997978342577,
              45.40819590719868
            ]
          ]
        ]
      },
      "properties": {
        "biomass": 250.4595947265625,
        "min_biomass": 177.1458740234375,
        "max_biomass": 339.9330749511719,
        "timestamp": "20260406_133449",
        "grid_id": "312_72"
      }
    },
    {
      "type": "Feature",
      "geometry": {
        "type": "Polygon",
        "coordinates": [
          [
            [
              121.5091521340142,
              45.407833432541786
            ],
            [
              121.51832430989023,
              45.4074702235715
            ],
            [
              121.51780824171209,
              45.401009468873305
            ],
            [
              121.5086371047788,
              45.401372596482254
            ],
            [
              121.5091521340142,
              45.407833432541786
            ]
          ]
        ]
      },
      "properties": {
        "biomass": 183.78961181640625,
        "min_biomass": 106.26861572265625,
        "max_biomass": 357.8695068359375,
        "timestamp": "20260406_133449",
        "grid_id": "312_96"
      }
    },
    {
      "type": "Feature",
      "geometry": {
        "type": "Polygon",
        "coordinates": [
          [
            [
              121.51832430989023,
              45.4074702235715
            ],
            [
              121.52749631070441,
              45.40710628032481
            ],
            [
              121.52697920365624,
              45.40064560715137
            ],
            [
              121.51780824171209,
              45.401009468873305
            ],
            [
              121.51832430989023,
              45.4074702235715
            ]
          ]
        ]
      },
      "properties": {
        "biomass": 243.1652069091797,
        "min_biomass": 144.55099487304688,
        "max_biomass": 353.86639404296875,
        "timestamp": "20260406_133449",
        "grid_id": "312_120"
      }
    },
    {
      "type": "Feature",
      "geometry": {
        "type": "Polygon",
        "coordinates": [
          [
            [
              121.52749631070441,
              45.40710628032481
            ],
            [
              121.53666813610734,
              45.40674160283875
            ],
            [
              121.53614999026199,
              45.400281011353506
            ],
            [
              121.52697920365624,
              45.40064560715137
            ],
            [
              121.52749631070441,
              45.40710628032481
            ]
          ]
        ]
      },
      "properties": {
        "biomass": 146.4092559814453,
        "min_biomass": 77.7091064453125,
        "max_biomass": 256.4219665527344,
        "timestamp": "20260406_133449",
        "grid_id": "312_144"
      }
    },
    {
      "type": "Feature",
      "geometry": {
        "type": "Polygon",
        "coordinates": [
          [
            [
              121.53666813610734,
              45.40674160283875
            ],
            [
              121.5458397857496,
              45.406376191150436
            ],
            [
              121.54532060118011,
              45.39991568151681
            ],
            [
              121.53614999026199,
              45.400281011353506
            ],
            [
              121.53666813610734,
              45.40674160283875
            ]
          ]
        ]
      },
      "properties": {
        "biomass": 191.26783752441406,
        "min_biomass": 80.6091537475586,
        "max_biomass": 344.5501708984375,
        "timestamp": "20260406_133449",
        "grid_id": "312_168"
      }
    },
    {
      "type": "Feature",
      "geometry": {
        "type": "Polygon",
        "coordinates": [
          [
            [
              121.5458397857496,
              45.406376191150436
            ],
            [
              121.55501125928188,
              45.40601004529708
            ],
            [
              121.55449103606138,
              45.399549617678446
            ],
            [
              121.54532060118011,
              45.39991568151681
            ],
            [
              121.5458397857496,
              45.406376191150436
            ]
          ]
        ]
      },
      "properties": {
        "biomass": 299.7276916503906,
        "min_biomass": 197.2914581298828,
        "max_biomass": 351.34539794921875,
        "timestamp": "20260406_133449",
        "grid_id": "312_192"
      }
    },
    {
      "type": "Feature",
      "geometry": {
        "type": "Polygon",
        "coordinates": [
          [
            [
              121.59169538532603,
              45.40453812097959
            ],
            [
              121.60086597306987,
              45.40416830486146
            ],
            [
              121.60034055769654,
              45.39770828976829
            ],
            [
              121.59117100823582,
              45.398078023054644
            ],
            [
              121.59169538532603,
              45.40453812097959
            ]
          ]
        ]
      },
      "properties": {
        "biomass": 242.74928283691406,
        "min_biomass": 167.4977264404297,
        "max_biomass": 318.4459533691406,
        "timestamp": "20260406_133449",
        "grid_id": "312_312"
      }
    },
    {
      "type": "Feature",
      "geometry": {
        "type": "Polygon",
        "coordinates": [
          [
            [
              121.60086597306987,
              45.40416830486146
            ],
            [
              121.61003638260863,
              45.403797754803
            ],
            [
              121.60950992902619,
              45.39733782270489
            ],
            [
              121.60034055769654,
              45.39770828976829
            ],
            [
              121.60086597306987,
              45.40416830486146
            ]
          ]
        ]
      },
      "properties": {
        "biomass": 184.44972229003906,
        "min_biomass": 122.89022064208984,
        "max_biomass": 304.77935791015625,
        "timestamp": "20260406_133449",
        "grid_id": "312_336"
      }
    },
    {
      "type": "Feature",
      "geometry": {
        "type": "Polygon",
        "coordinates": [
          [
            [
              121.61003638260863,
              45.403797754803
            ],
            [
              121.61920661359325,
              45.40342647084189
            ],
            [
              121.61867912187584,
              45.39696662190216
            ],
            [
              121.60950992902619,
              45.39733782270489
            ],
            [
              121.61003638260863,
              45.403797754803
            ]
          ]
        ]
      },
      "properties": {
        "biomass": 130.14419555664062,
        "min_biomass": 82.96141815185547,
        "max_biomass": 217.0074005126953,
        "timestamp": "20260406_133449",
        "grid_id": "312_360"
      }
    },
    {
      "type": "Feature",
      "geometry": {
        "type": "Polygon",
        "coordinates": [
          [
            [
              121.61920661359325,
              45.40342647084189
            ],
            [
              121.62837666567478,
              45.40305445301593
            ],
            [
              121.62784813589668,
              45.396594687397844
            ],
            [
              121.61867912187584,
              45.39696662190216
            ],
            [
              121.61920661359325,
              45.40342647084189
            ]
          ]
        ]
      },
      "properties": {
        "biomass": 101.03009033203125,
        "min_biomass": 72.37051391601562,
        "max_biomass": 171.02633666992188,
        "timestamp": "20260406_133449",
        "grid_id": "312_384"
      }
    },
    {
      "type": "Feature",
      "geometry": {
        "type": "Polygon",
        "coordinates": [
          [
            [
              121.62837666567478,
              45.40305445301593
            ],
            [
              121.63754653850422,
              45.40268170136299
            ],
            [
              121.6370169707399,
              45.396222019229796
            ],
            [
              121.62784813589668,
              45.396594687397844
            ],
            [
              121.62837666567478,
              45.40305445301593
            ]
          ]
        ]
      },
      "properties": {
        "biomass": 91.07994079589844,
        "min_biomass": 72.39051055908203,
        "max_biomass": 147.5288848876953,
        "timestamp": "20260406_133449",
        "grid_id": "312_408"
      }
    },
    {
      "type": "Feature",
      "geometry": {
        "type": "Polygon",
        "coordinates": [
          [
            [
              121.63754653850422,
              45.40268170136299
            ],
            [
              121.6467162317327,
              45.40230821592097
            ],
            [
              121.64618562605672,
              45.395848617435945
            ],
            [
              121.6370169707399,
              45.396222019229796
            ],
            [
              121.63754653850422,
              45.40268170136299
            ]
          ]
        ]
      },
      "properties": {
        "biomass": 104.24421691894531,
        "min_biomass": 72.90890502929688,
        "max_biomass": 163.81982421875,
        "timestamp": "20260406_133449",
        "grid_id": "312_432"
      }
    },
    {
      "type": "Feature",
      "geometry": {
        "type": "Polygon",
        "coordinates": [
          [
            [
              121.6467162317327,
              45.40230821592097
            ],
            [
              121.65588574501137,
              45.40193399672788
            ],
            [
              121.65535410149842,
              45.39547448205424
            ],
            [
              121.64618562605672,
              45.395848617435945
            ],
            [
              121.6467162317327,
              45.40230821592097
            ]
          ]
        ]
      },
      "properties": {
        "biomass": 143.290283203125,
        "min_biomass": 76.60748291015625,
        "max_biomass": 268.130126953125,
        "timestamp": "20260406_133449",
        "grid_id": "312_456"
      }
    },
    {
      "type": "Feature",
      "geometry": {
        "type": "Polygon",
        "coordinates": [
          [
            [
              121.65588574501137,
              45.40193399672788
            ],
            [
              121.66505507799138,
              45.401559043821806
            ],
            [
              121.66452239671635,
              45.39509961312278
            ],
            [
              121.65535410149842,
              45.39547448205424
            ],
            [
              121.65588574501137,
              45.40193399672788
            ]
          ]
        ]
      },
      "properties": {
        "biomass": 110.27579498291016,
        "min_biomass": 76.63944244384766,
        "max_biomass": 242.357666015625,
        "timestamp": "20260406_133449",
        "grid_id": "312_480"
      }
    },
    {
      "type": "Feature",
      "geometry": {
        "type": "Polygon",
        "coordinates": [
          [
            [
              121.66505507799138,
              45.401559043821806
            ],
            [
              121.67422423032399,
              45.40118335724088
            ],
            [
              121.67369051136187,
              45.39472401067967
            ],
            [
              121.66452239671635,
              45.39509961312278
            ],
            [
              121.66505507799138,
              45.401559043821806
            ]
          ]
        ]
      },
      "properties": {
        "biomass": 137.2049560546875,
        "min_biomass": 81.50321960449219,
        "max_biomass": 243.94802856445312,
        "timestamp": "20260406_133449",
        "grid_id": "312_504"
      }
    },
    {
      "type": "Feature",
      "geometry": {
        "type": "Polygon",
        "coordinates": [
          [
            [
              121.67422423032399,
              45.40118335724088
            ],
            [
              121.68339320166045,
              45.400806937023326
            ],
            [
              121.68285844508638,
              45.39434767476311
            ],
            [
              121.67369051136187,
              45.39472401067967
            ],
            [
              121.67422423032399,
              45.40118335724088
            ]
          ]
        ]
      },
      "properties": {
        "biomass": 146.98956298828125,
        "min_biomass": 90.135986328125,
        "max_biomass": 210.9370574951172,
        "timestamp": "20260406_133449",
        "grid_id": "312_528"
      }
    },
    {
      "type": "Feature",
      "geometry": {
        "type": "Polygon",
        "coordinates": [
          [
            [
              121.68339320166045,
              45.400806937023326
            ],
            [
              121.69256199165206,
              45.40042978320744
            ],
            [
              121.69202619754138,
              45.39397060541141
            ],
            [
              121.68285844508638,
              45.39434767476311
            ],
            [
              121.68339320166045,
              45.400806937023326
            ]
          ]
        ]
      },
      "properties": {
        "biomass": 176.56874084472656,
        "min_biomass": 125.91478729248047,
        "max_biomass": 267.93927001953125,
        "timestamp": "20260406_133449",
        "grid_id": "312_552"
      }
    },
    {
      "type": "Feature",
      "geometry": {
        "type": "Polygon",
        "coordinates": [
          [
            [
              121.49029430734218,
              45.40209664921348
            ],
            [
              121.4994657932057,
              45.40173498994128
            ],
            [
              121.49895197727608,
              45.39527406079106
            ],
            [
              121.4897815301509,
              45.395635639047114
            ],
            [
              121.49029430734218,
              45.40209664921348
            ]
          ]
        ]
      },
      "properties": {
        "biomass": 179.8463592529297,
        "min_biomass": 106.16839599609375,
        "max_biomass": 251.4356231689453,
        "timestamp": "20260406_133449",
        "grid_id": "336_48"
      }
    },
    {
      "type": "Feature",
      "geometry": {
        "type": "Polygon",
        "coordinates": [
          [
            [
              121.4994657932057,
              45.40173498994128
            ],
            [
              121.5086371047788,
              45.401372596482254
            ],
            [
              121.50812225018322,
              45.3949117485116
            ],
            [
              121.49895197727608,
              45.39527406079106
            ],
            [
              121.4994657932057,
              45.40173498994128
            ]
          ]
        ]
      },
      "properties": {
        "biomass": 168.90176391601562,
        "min_biomass": 97.67501068115234,
        "max_biomass": 272.0065612792969,
        "timestamp": "20260406_133449",
        "grid_id": "336_72"
      }
    },
    {
      "type": "Feature",
      "geometry": {
        "type": "Polygon",
        "coordinates": [
          [
            [
              121.5086371047788,
              45.401372596482254
            ],
            [
              121.51780824171209,
              45.401009468873305
            ],
            [
              121.51729234852307,
              45.39454870224564
            ],
            [
              121.50812225018322,
              45.3949117485116
            ],
            [
              121.5086371047788,
              45.401372596482254
            ]
          ]
        ]
      },
      "properties": {
        "biomass": 156.94635009765625,
        "min_biomass": 86.58220672607422,
        "max_biomass": 253.07757568359375,
        "timestamp": "20260406_133449",
        "grid_id": "336_96"
      }
    },
    {
      "type": "Feature",
      "geometry": {
        "type": "Polygon",
        "coordinates": [
          [
            [
              121.51780824171209,
              45.401009468873305
            ],
            [
              121.52697920365624,
              45.40064560715137
            ],
            [
              121.52646227194649,
              45.39418492203012
            ],
            [
              121.51729234852307,
              45.39454870224564
            ],
            [
              121.51780824171209,
              45.401009468873305
            ]
          ]
        ]
      },
      "properties": {
        "biomass": 223.4280548095703,
        "min_biomass": 133.4314422607422,
        "max_biomass": 353.93218994140625,
        "timestamp": "20260406_133449",
        "grid_id": "336_120"
      }
    },
    {
      "type": "Feature",
      "geometry": {
        "type": "Polygon",
        "coordinates": [
          [
            [
              121.52697920365624,
              45.40064560715137
            ],
            [
              121.53614999026199,
              45.400281011353506
            ],
            [
              121.53563202010432,
              45.39382040790203
            ],
            [
              121.52646227194649,
              45.39418492203012
            ],
            [
              121.52697920365624,
              45.40064560715137
            ]
          ]
        ]
      },
      "properties": {
        "biomass": 144.1682891845703,
        "min_biomass": 80.49796295166016,
        "max_biomass": 226.11878967285156,
        "timestamp": "20260406_133449",
        "grid_id": "336_144"
      }
    },
    {
      "type": "Feature",
      "geometry": {
        "type": "Polygon",
        "coordinates": [
          [
            [
              121.53614999026199,
              45.400281011353506
            ],
            [
              121.54532060118011,
              45.39991568151681
            ],
            [
              121.54480159264746,
              45.3934551598985
            ],
            [
              121.53563202010432,
              45.39382040790203
            ],
            [
              121.53614999026199,
              45.400281011353506
            ]
          ]
        ]
      },
      "properties": {
        "biomass": 182.34130859375,
        "min_biomass": 108.02101135253906,
        "max_biomass": 354.28814697265625,
        "timestamp": "20260406_133449",
        "grid_id": "336_168"
      }
    },
    {
      "type": "Feature",
      "geometry": {
        "type": "Polygon",
        "coordinates": [
          [
            [
              121.54532060118011,
              45.39991568151681
            ],
            [
              121.55449103606138,
              45.399549617678446
            ],
            [
              121.55397098922687,
              45.393089178056655
            ],
            [
              121.54480159264746,
              45.3934551598985
            ],
            [
              121.54532060118011,
              45.39991568151681
            ]
          ]
        ]
      },
      "properties": {
        "biomass": 225.63522338867188,
        "min_biomass": 98.8441162109375,
        "max_biomass": 341.1381530761719,
        "timestamp": "20260406_133449",
        "grid_id": "336_192"
      }
    },
    {
      "type": "Feature",
      "geometry": {
        "type": "Polygon",
        "coordinates": [
          [
            [
              121.55449103606138,
              45.399549617678446
            ],
            [
              121.56366129455668,
              45.39918281987568
            ],
            [
              121.56314020949354,
              45.392722462413765
            ],
            [
              121.55397098922687,
              45.393089178056655
            ],
            [
              121.55449103606138,
              45.399549617678446
            ]
          ]
        ]
      },
      "properties": {
        "biomass": 139.4735107421875,
        "min_biomass": 117.0553970336914,
        "max_biomass": 202.08213806152344,
        "timestamp": "20260406_133449",
        "grid_id": "336_216"
      }
    },
    {
      "type": "Feature",
      "geometry": {
        "type": "Polygon",
        "coordinates": [
          [
            [
              121.56366129455668,
              45.39918281987568
            ],
            [
              121.57283137631688,
              45.39881528814586
            ],
            [
              121.57230925309854,
              45.39235501300714
            ],
            [
              121.56314020949354,
              45.392722462413765
            ],
            [
              121.56366129455668,
              45.39918281987568
            ]
          ]
        ]
      },
      "properties": {
        "biomass": 148.13882446289062,
        "min_biomass": 109.25069427490234,
        "max_biomass": 207.1855926513672,
        "timestamp": "20260406_133449",
        "grid_id": "336_240"
      }
    },
    {
      "type": "Feature",
      "geometry": {
        "type": "Polygon",
        "coordinates": [
          [
            [
              121.57283137631688,
              45.39881528814586
            ],
            [
              121.58200128099294,
              45.39844702252635
            ],
            [
              121.5814781196929,
              45.39198682987414
            ],
            [
              121.57230925309854,
              45.39235501300714
            ],
            [
              121.57283137631688,
              45.39881528814586
            ]
          ]
        ]
      },
      "properties": {
        "biomass": 213.7692108154297,
        "min_biomass": 187.87625122070312,
        "max_biomass": 260.0758361816406,
        "timestamp": "20260406_133449",
        "grid_id": "336_264"
      }
    },
    {
      "type": "Feature",
      "geometry": {
        "type": "Polygon",
        "coordinates": [
          [
            [
              121.58200128099294,
              45.39844702252635
            ],
            [
              121.59117100823582,
              45.398078023054644
            ],
            [
              121.59064680892777,
              45.39161791305225
            ],
            [
              121.5814781196929,
              45.39198682987414
            ],
            [
              121.58200128099294,
              45.39844702252635
            ]
          ]
        ]
      },
      "properties": {
        "biomass": 258.1595458984375,
        "min_biomass": 133.5395965576172,
        "max_biomass": 354.7203674316406,
        "timestamp": "20260406_133449",
        "grid_id": "336_288"
      }
    },
    {
      "type": "Feature",
      "geometry": {
        "type": "Polygon",
        "coordinates": [
          [
            [
              121.59117100823582,
              45.398078023054644
            ],
            [
              121.60034055769654,
              45.39770828976829
            ],
            [
              121.59981532045431,
              45.39124826257899
            ],
            [
              121.59064680892777,
              45.39161791305225
            ],
            [
              121.59117100823582,
              45.398078023054644
            ]
          ]
        ]
      },
      "properties": {
        "biomass": 225.25909423828125,
        "min_biomass": 117.37339782714844,
        "max_biomass": 355.3167724609375,
        "timestamp": "20260406_133449",
        "grid_id": "336_312"
      }
    },
    {
      "type": "Feature",
      "geometry": {
        "type": "Polygon",
        "coordinates": [
          [
            [
              121.60034055769654,
              45.39770828976829
            ],
            [
              121.60950992902619,
              45.39733782270489
            ],
            [
              121.60898365392372,
              45.39087787849199
            ],
            [
              121.59981532045431,
              45.39124826257899
            ],
            [
              121.60034055769654,
              45.39770828976829
            ]
          ]
        ]
      },
      "properties": {
        "biomass": 141.5383758544922,
        "min_biomass": 88.53804779052734,
        "max_biomass": 230.41871643066406,
        "timestamp": "20260406_133449",
        "grid_id": "336_336"
      }
    },
    {
      "type": "Feature",
      "geometry": {
        "type": "Polygon",
        "coordinates": [
          [
            [
              121.60950992902619,
              45.39733782270489
            ],
            [
              121.61867912187584,
              45.39696662190216
            ],
            [
              121.61815180898728,
              45.390506760828885
            ],
            [
              121.60898365392372,
              45.39087787849199
            ],
            [
              121.60950992902619,
              45.39733782270489
            ]
          ]
        ]
      },
      "properties": {
        "biomass": 116.6120834350586,
        "min_biomass": 72.48983764648438,
        "max_biomass": 214.69847106933594,
        "timestamp": "20260406_133449",
        "grid_id": "336_360"
      }
    },
    {
      "type": "Feature",
      "geometry": {
        "type": "Polygon",
        "coordinates": [
          [
            [
              121.61867912187584,
              45.39696662190216
            ],
            [
              121.62784813589668,
              45.396594687397844
            ],
            [
              121.62731978529622,
              45.39013490962745
            ],
            [
              121.61815180898728,
              45.390506760828885
            ],
            [
              121.61867912187584,
              45.39696662190216
            ]
          ]
        ]
      },
      "properties": {
        "biomass": 84.64618682861328,
        "min_biomass": 72.38250732421875,
        "max_biomass": 167.20172119140625,
        "timestamp": "20260406_133449",
        "grid_id": "336_384"
      }
    },
    {
      "type": "Feature",
      "geometry": {
        "type": "Polygon",
        "coordinates": [
          [
            [
              121.62784813589668,
              45.396594687397844
            ],
            [
              121.6370169707399,
              45.396222019229796
            ],
            [
              121.63648758250194,
              45.38976232492552
            ],
            [
              121.62731978529622,
              45.39013490962745
            ],
            [
              121.62784813589668,
              45.396594687397844
            ]
          ]
        ]
      },
      "properties": {
        "biomass": 94.49893951416016,
        "min_biomass": 72.41739654541016,
        "max_biomass": 158.23101806640625,
        "timestamp": "20260406_133449",
        "grid_id": "336_408"
      }
    },
    {
      "type": "Feature",
      "geometry": {
        "type": "Polygon",
        "coordinates": [
          [
            [
              121.6370169707399,
              45.396222019229796
            ],
            [
              121.64618562605672,
              45.395848617435945
            ],
            [
              121.64565520025583,
              45.38938900676098
            ],
            [
              121.63648758250194,
              45.38976232492552
            ],
            [
              121.6370169707399,
              45.396222019229796
            ]
          ]
        ]
      },
      "properties": {
        "biomass": 114.10836791992188,
        "min_biomass": 72.47886657714844,
        "max_biomass": 224.0296630859375,
        "timestamp": "20260406_133449",
        "grid_id": "336_432"
      }
    },
    {
      "type": "Feature",
      "geometry": {
        "type": "Polygon",
        "coordinates": [
          [
            [
              121.64618562605672,
              45.395848617435945
            ],
            [
              121.65535410149842,
              45.39547448205424
            ],
            [
              121.65482263820927,
              45.389014955171795
            ],
            [
              121.64565520025583,
              45.38938900676098
            ],
            [
              121.64618562605672,
              45.395848617435945
            ]
          ]
        ]
      },
      "properties": {
        "biomass": 208.39895629882812,
        "min_biomass": 123.24979400634766,
        "max_biomass": 329.6046447753906,
        "timestamp": "20260406_133449",
        "grid_id": "336_456"
      }
    },
    {
      "type": "Feature",
      "geometry": {
        "type": "Polygon",
        "coordinates": [
          [
            [
              121.65535410149842,
              45.39547448205424
            ],
            [
              121.66452239671635,
              45.39509961312278
            ],
            [
              121.66398989601375,
              45.388640170196005
            ],
            [
              121.65482263820927,
              45.389014955171795
            ],
            [
              121.65535410149842,
              45.39547448205424
            ]
          ]
        ]
      },
      "properties": {
        "biomass": 190.62779235839844,
        "min_biomass": 108.63772583007812,
        "max_biomass": 323.763916015625,
        "timestamp": "20260406_133449",
        "grid_id": "336_480"
      }
    },
    {
      "type": "Feature",
      "geometry": {
        "type": "Polygon",
        "coordinates": [
          [
            [
              121.66452239671635,
              45.39509961312278
            ],
            [
              121.67369051136187,
              45.39472401067967
            ],
            [
              121.67315697332074,
              45.38826465187178
            ],
            [
              121.66398989601375,
              45.388640170196005
            ],
            [
              121.66452239671635,
              45.39509961312278
            ]
          ]
        ]
      },
      "properties": {
        "biomass": 135.35353088378906,
        "min_biomass": 92.0511245727539,
        "max_biomass": 221.3815460205078,
        "timestamp": "20260406_133449",
        "grid_id": "336_504"
      }
    },
    {
      "type": "Feature",
      "geometry": {
        "type": "Polygon",
        "coordinates": [
          [
            [
              121.67369051136187,
              45.39472401067967
            ],
            [
              121.68285844508638,
              45.39434767476311
            ],
            [
              121.68232386978187,
              45.38788840023725
            ],
            [
              121.67315697332074,
              45.38826465187178
            ],
            [
              121.67369051136187,
              45.39472401067967
            ]
          ]
        ]
      },
      "properties": {
        "biomass": 182.495361328125,
        "min_biomass": 126.0030517578125,
        "max_biomass": 207.15614318847656,
        "timestamp": "20260406_133449",
        "grid_id": "336_528"
      }
    },
    {
      "type": "Feature",
      "geometry": {
        "type": "Polygon",
        "coordinates": [
          [
            [
              121.4714401146435,
              45.39635659334196
            ],
            [
              121.48061090915695,
              45.395996483242996
            ],
            [
              121.48009934429577,
              45.38953538036961
            ],
            [
              121.47092958831568,
              45.38989540979754
            ],
            [
              121.4714401146435,
              45.39635659334196
            ]
          ]
        ]
      },
      "properties": {
        "biomass": 209.33404541015625,
        "min_biomass": 105.75314331054688,
        "max_biomass": 375.3008117675781,
        "timestamp": "20260406_133449",
        "grid_id": "360_0"
      }
    },
    {
      "type": "Feature",
      "geometry": {
        "type": "Polygon",
        "coordinates": [
          [
            [
              121.48061090915695,
              45.395996483242996
            ],
            [
              121.4897815301509,
              45.395635639047114
            ],
            [
              121.48926892682844,
              45.3891746170082
            ],
            [
              121.48009934429577,
              45.38953538036961
            ],
            [
              121.48061090915695,
              45.395996483242996
            ]
          ]
        ]
      },
      "properties": {
        "biomass": 156.6727752685547,
        "min_biomass": 100.0964584350586,
        "max_biomass": 269.84869384765625,
        "timestamp": "20260406_133449",
        "grid_id": "360_24"
      }
    },
    {
      "type": "Feature",
      "geometry": {
        "type": "Polygon",
        "coordinates": [
          [
            [
              121.4897815301509,
              45.395635639047114
            ],
            [
              121.49895197727608,
              45.39527406079106
            ],
            [
              121.49843833556453,
              45.38881311975003
            ],
            [
              121.48926892682844,
              45.3891746170082
            ],
            [
              121.4897815301509,
              45.395635639047114
            ]
          ]
        ]
      },
      "properties": {
        "biomass": 122.96430969238281,
        "min_biomass": 78.2880859375,
        "max_biomass": 222.48394775390625,
        "timestamp": "20260406_133449",
        "grid_id": "360_48"
      }
    },
    {
      "type": "Feature",
      "geometry": {
        "type": "Polygon",
        "coordinates": [
          [
            [
              121.49895197727608,
              45.39527406079106
            ],
            [
              121.50812225018322,
              45.3949117485116
            ],
            [
              121.50760757015492,
              45.38845088863186
            ],
            [
              121.49843833556453,
              45.38881311975003
            ],
            [
              121.49895197727608,
              45.39527406079106
            ]
          ]
        ]
      },
      "properties": {
        "biomass": 142.46435546875,
        "min_biomass": 75.64484405517578,
        "max_biomass": 244.414306640625,
        "timestamp": "20260406_133449",
        "grid_id": "360_72"
      }
    },
    {
      "type": "Feature",
      "geometry": {
        "type": "Polygon",
        "coordinates": [
          [
            [
              121.50812225018322,
              45.3949117485116
            ],
            [
              121.51729234852307,
              45.39454870224564
            ],
            [
              121.51677663025052,
              45.38808792369056
            ],
            [
              121.50760757015492,
              45.38845088863186
            ],
            [
              121.50812225018322,
              45.3949117485116
            ]
          ]
        ]
      },
      "properties": {
        "biomass": 146.13131713867188,
        "min_biomass": 78.69046020507812,
        "max_biomass": 247.068603515625,
        "timestamp": "20260406_133449",
        "grid_id": "360_96"
      }
    },
    {
      "type": "Feature",
      "geometry": {
        "type": "Polygon",
        "coordinates": [
          [
            [
              121.51729234852307,
              45.39454870224564
            ],
            [
              121.52646227194649,
              45.39418492203012
            ],
            [
              121.52594551550231,
              45.387724224963065
            ],
            [
              121.51677663025052,
              45.38808792369056
            ],
            [
              121.51729234852307,
              45.39454870224564
            ]
          ]
        ]
      },
      "properties": {
        "biomass": 222.1669158935547,
        "min_biomass": 98.41559600830078,
        "max_biomass": 323.0678405761719,
        "timestamp": "20260406_133449",
        "grid_id": "360_120"
      }
    },
    {
      "type": "Feature",
      "geometry": {
        "type": "Polygon",
        "coordinates": [
          [
            [
              121.52646227194649,
              45.39418492203012
            ],
            [
              121.53563202010432,
              45.39382040790203
            ],
            [
              121.53511422556129,
              45.38735979248637
            ],
            [
              121.52594551550231,
              45.387724224963065
            ],
            [
              121.52646227194649,
              45.39418492203012
            ]
          ]
        ]
      },
      "properties": {
        "biomass": 135.1586456298828,
        "min_biomass": 72.57707977294922,
        "max_biomass": 190.86660766601562,
        "timestamp": "20260406_133449",
        "grid_id": "360_144"
      }
    },
    {
      "type": "Feature",
      "geometry": {
        "type": "Polygon",
        "coordinates": [
          [
            [
              121.53563202010432,
              45.39382040790203
            ],
            [
              121.54480159264746,
              45.3934551598985
            ],
            [
              121.5442827600785,
              45.38699462629756
            ],
            [
              121.53511422556129,
              45.38735979248637
            ],
            [
              121.53563202010432,
              45.39382040790203
            ]
          ]
        ]
      },
      "properties": {
        "biomass": 133.6310577392578,
        "min_biomass": 73.20701599121094,
        "max_biomass": 190.14462280273438,
        "timestamp": "20260406_133449",
        "grid_id": "360_168"
      }
    },
    {
      "type": "Feature",
      "geometry": {
        "type": "Polygon",
        "coordinates": [
          [
            [
              121.54480159264746,
              45.3934551598985
            ],
            [
              121.55397098922687,
              45.393089178056655
            ],
            [
              121.55345111870507,
              45.38662872643377
            ],
            [
              121.5442827600785,
              45.38699462629756
            ],
            [
              121.54480159264746,
              45.3934551598985
            ]
          ]
        ]
      },
      "properties": {
        "biomass": 132.5860137939453,
        "min_biomass": 73.24913787841797,
        "max_biomass": 221.0926513671875,
        "timestamp": "20260406_133449",
        "grid_id": "360_192"
      }
    },
    {
      "type": "Feature",
      "geometry": {
        "type": "Polygon",
        "coordinates": [
          [
            [
              121.55397098922687,
              45.393089178056655
            ],
            [
              121.56314020949354,
              45.392722462413765
            ],
            [
              121.56261930109211,
              45.38626209293224
            ],
            [
              121.55345111870507,
              45.38662872643377
            ],
            [
              121.55397098922687,
              45.393089178056655
            ]
          ]
        ]
      },
      "properties": {
        "biomass": 166.24305725097656,
        "min_biomass": 101.50299835205078,
        "max_biomass": 284.86474609375,
        "timestamp": "20260406_133449",
        "grid_id": "360_216"
      }
    },
    {
      "type": "Feature",
      "geometry": {
        "type": "Polygon",
        "coordinates": [
          [
            [
              121.56314020949354,
              45.392722462413765
            ],
            [
              121.57230925309854,
              45.39235501300714
            ],
            [
              121.5717873068908,
              45.38589472583027
            ],
            [
              121.56261930109211,
              45.38626209293224
            ],
            [
              121.56314020949354,
              45.392722462413765
            ]
          ]
        ]
      },
      "properties": {
        "biomass": 106.91799926757812,
        "min_biomass": 72.72294616699219,
        "max_biomass": 177.89474487304688,
        "timestamp": "20260406_133449",
        "grid_id": "360_240"
      }
    },
    {
      "type": "Feature",
      "geometry": {
        "type": "Polygon",
        "coordinates": [
          [
            [
              121.57230925309854,
              45.39235501300714
            ],
            [
              121.5814781196929,
              45.39198682987414
            ],
            [
              121.58095513575236,
              45.38552662516521
            ],
            [
              121.5717873068908,
              45.38589472583027
            ],
            [
              121.57230925309854,
              45.39235501300714
            ]
          ]
        ]
      },
      "properties": {
        "biomass": 157.93020629882812,
        "min_biomass": 74.68067169189453,
        "max_biomass": 305.3431091308594,
        "timestamp": "20260406_133449",
        "grid_id": "360_264"
      }
    },
    {
      "type": "Feature",
      "geometry": {
        "type": "Polygon",
        "coordinates": [
          [
            [
              121.5814781196929,
              45.39198682987414
            ],
            [
              121.59064680892777,
              45.39161791305225
            ],
            [
              121.59012278732806,
              45.385157790974525
            ],
            [
              121.58095513575236,
              45.38552662516521
            ],
            [
              121.5814781196929,
              45.39198682987414
            ]
          ]
        ]
      },
      "properties": {
        "biomass": 190.19607543945312,
        "min_biomass": 89.06489562988281,
        "max_biomass": 308.35894775390625,
        "timestamp": "20260406_133449",
        "grid_id": "360_288"
      }
    },
    {
      "type": "Feature",
      "geometry": {
        "type": "Polygon",
        "coordinates": [
          [
            [
              121.59064680892777,
              45.39161791305225
            ],
            [
              121.59981532045431,
              45.39124826257899
            ],
            [
              121.59929026126919,
              45.38478822329573
            ],
            [
              121.59012278732806,
              45.385157790974525
            ],
            [
              121.59064680892777,
              45.39161791305225
            ]
          ]
        ]
      },
      "properties": {
        "biomass": 172.14404296875,
        "min_biomass": 98.73628997802734,
        "max_biomass": 311.3280029296875,
        "timestamp": "20260406_133449",
        "grid_id": "360_312"
      }
    },
    {
      "type": "Feature",
      "geometry": {
        "type": "Polygon",
        "coordinates": [
          [
            [
              121.59981532045431,
              45.39124826257899
            ],
            [
              121.60898365392372,
              45.39087787849199
            ],
            [
              121.60845755722715,
              45.3844179221664
            ],
            [
              121.59929026126919,
              45.38478822329573
            ],
            [
              121.59981532045431,
              45.39124826257899
            ]
          ]
        ]
      },
      "properties": {
        "biomass": 119.42208862304688,
        "min_biomass": 72.62137603759766,
        "max_biomass": 197.35565185546875,
        "timestamp": "20260406_133449",
        "grid_id": "360_336"
      }
    },
    {
      "type": "Feature",
      "geometry": {
        "type": "Polygon",
        "coordinates": [
          [
            [
              121.60898365392372,
              45.39087787849199
            ],
            [
              121.61815180898728,
              45.390506760828885
            ],
            [
              121.61762467485326,
              45.38404688762421
            ],
            [
              121.60845755722715,
              45.3844179221664
            ],
            [
              121.60898365392372,
              45.39087787849199
            ]
          ]
        ]
      },
      "properties": {
        "biomass": 90.39237976074219,
        "min_biomass": 72.76516723632812,
        "max_biomass": 160.07205200195312,
        "timestamp": "20260406_133449",
        "grid_id": "360_360"
      }
    },
    {
      "type": "Feature",
      "geometry": {
        "type": "Polygon",
        "coordinates": [
          [
            [
              121.61815180898728,
              45.390506760828885
            ],
            [
              121.62731978529622,
              45.39013490962745
            ],
            [
              121.62679161379901,
              45.38367511970689
            ],
            [
              121.61762467485326,
              45.38404688762421
            ],
            [
              121.61815180898728,
              45.390506760828885
            ]
          ]
        ]
      },
      "properties": {
        "biomass": 91.60664367675781,
        "min_biomass": 72.98414611816406,
        "max_biomass": 142.45899963378906,
        "timestamp": "20260406_133449",
        "grid_id": "360_384"
      }
    },
    {
      "type": "Feature",
      "geometry": {
        "type": "Polygon",
        "coordinates": [
          [
            [
              121.62731978529622,
              45.39013490962745
            ],
            [
              121.63648758250194,
              45.38976232492552
            ],
            [
              121.63595837371588,
              45.38330261845227
            ],
            [
              121.62679161379901,
              45.38367511970689
            ],
            [
              121.62731978529622,
              45.39013490962745
            ]
          ]
        ]
      },
      "properties": {
        "biomass": 97.19011688232422,
        "min_biomass": 72.48526763916016,
        "max_biomass": 158.9952392578125,
        "timestamp": "20260406_133449",
        "grid_id": "360_408"
      }
    },
    {
      "type": "Feature",
      "geometry": {
        "type": "Polygon",
        "coordinates": [
          [
            [
              121.63648758250194,
              45.38976232492552
            ],
            [
              121.64565520025583,
              45.38938900676098
            ],
            [
              121.64512495425538,
              45.38292938389821
            ],
            [
              121.63595837371588,
              45.38330261845227
            ],
            [
              121.63648758250194,
              45.38976232492552
            ]
          ]
        ]
      },
      "properties": {
        "biomass": 143.81082153320312,
        "min_biomass": 76.11165618896484,
        "max_biomass": 245.2534637451172,
        "timestamp": "20260406_133449",
        "grid_id": "360_432"
      }
    },
    {
      "type": "Feature",
      "geometry": {
        "type": "Polygon",
        "coordinates": [
          [
            [
              121.64565520025583,
              45.38938900676098
            ],
            [
              121.65482263820927,
              45.389014955171795
            ],
            [
              121.65429135506906,
              45.38255541608268
            ],
            [
              121.64512495425538,
              45.38292938389821
            ],
            [
              121.64565520025583,
              45.38938900676098
            ]
          ]
        ]
      },
      "properties": {
        "biomass": 201.16070556640625,
        "min_biomass": 111.8261947631836,
        "max_biomass": 286.6269836425781,
        "timestamp": "20260406_133449",
        "grid_id": "360_456"
      }
    },
    {
      "type": "Feature",
      "geometry": {
        "type": "Polygon",
        "coordinates": [
          [
            [
              121.65482263820927,
              45.389014955171795
            ],
            [
              121.66398989601375,
              45.388640170196005
            ],
            [
              121.66345757580858,
              45.3821807150437
            ],
            [
              121.65429135506906,
              45.38255541608268
            ],
            [
              121.65482263820927,
              45.389014955171795
            ]
          ]
        ]
      },
      "properties": {
        "biomass": 209.9638671875,
        "min_biomass": 126.23223114013672,
        "max_biomass": 281.39117431640625,
        "timestamp": "20260406_133449",
        "grid_id": "360_480"
      }
    },
    {
      "type": "Feature",
      "geometry": {
        "type": "Polygon",
        "coordinates": [
          [
            [
              121.66398989601375,
              45.388640170196005
            ],
            [
              121.67315697332074,
              45.38826465187178
            ],
            [
              121.67262361612553,
              45.38180528081938
            ],
            [
              121.66345757580858,
              45.3821807150437
            ],
            [
              121.66398989601375,
              45.388640170196005
            ]
          ]
        ]
      },
      "properties": {
        "biomass": 239.29556274414062,
        "min_biomass": 122.83000946044922,
        "max_biomass": 321.01361083984375,
        "timestamp": "20260406_133449",
        "grid_id": "360_504"
      }
    },
    {
      "type": "Feature",
      "geometry": {
        "type": "Polygon",
        "coordinates": [
          [
            [
              121.47092958831568,
              45.38989540979754
            ],
            [
              121.48009934429577,
              45.38953538036961
            ],
            [
              121.47958795288204,
              45.383074265643906
            ],
            [
              121.4704192350861,
              45.38343421441895
            ],
            [
              121.47092958831568,
              45.38989540979754
            ]
          ]
        ]
      },
      "properties": {
        "biomass": 153.49661254882812,
        "min_biomass": 96.40631866455078,
        "max_biomass": 268.94122314453125,
        "timestamp": "20260406_133449",
        "grid_id": "384_0"
      }
    },
    {
      "type": "Feature",
      "geometry": {
        "type": "Polygon",
        "coordinates": [
          [
            [
              121.48009934429577,
              45.38953538036961
            ],
            [
              121.48926892682844,
              45.3891746170082
            ],
            [
              121.48875649730256,
              45.382713583098756
            ],
            [
              121.47958795288204,
              45.383074265643906
            ],
            [
              121.48009934429577,
              45.38953538036961
            ]
          ]
        ]
      },
      "properties": {
        "biomass": 129.08111572265625,
        "min_biomass": 80.18234252929688,
        "max_biomass": 273.1243896484375,
        "timestamp": "20260406_133449",
        "grid_id": "384_24"
      }
    },
    {
      "type": "Feature",
      "geometry": {
        "type": "Polygon",
        "coordinates": [
          [
            [
              121.48926892682844,
              45.3891746170082
            ],
            [
              121.49843833556453,
              45.38881311975003
            ],
            [
              121.49792486799868,
              45.38235216682021
            ],
            [
              121.48875649730256,
              45.382713583098756
            ],
            [
              121.48926892682844,
              45.3891746170082
            ]
          ]
        ]
      },
      "properties": {
        "biomass": 121.32183074951172,
        "min_biomass": 74.05430603027344,
        "max_biomass": 271.86639404296875,
        "timestamp": "20260406_133449",
        "grid_id": "384_48"
      }
    },
    {
      "type": "Feature",
      "geometry": {
        "type": "Polygon",
        "coordinates": [
          [
            [
              121.49843833556453,
              45.38881311975003
            ],
            [
              121.50760757015492,
              45.38845088863186
            ],
            [
              121.5070930646214,
              45.38199001684505
            ],
            [
              121.49792486799868,
              45.38235216682021
            ],
            [
              121.49843833556453,
              45.38881311975003
            ]
          ]
        ]
      },
      "properties": {
        "biomass": 123.65913391113281,
        "min_biomass": 72.47859191894531,
        "max_biomass": 231.27259826660156,
        "timestamp": "20260406_133449",
        "grid_id": "384_72"
      }
    },
    {
      "type": "Feature",
      "geometry": {
        "type": "Polygon",
        "coordinates": [
          [
            [
              121.50760757015492,
              45.38845088863186
            ],
            [
              121.51677663025052,
              45.38808792369056
            ],
            [
              121.51626108682179,
              45.3816271332101
            ],
            [
              121.5070930646214,
              45.38199001684505
            ],
            [
              121.50760757015492,
              45.38845088863186
            ]
          ]
        ]
      },
      "properties": {
        "biomass": 120.5119857788086,
        "min_biomass": 73.30516052246094,
        "max_biomass": 228.6701202392578,
        "timestamp": "20260406_133449",
        "grid_id": "384_96"
      }
    },
    {
      "type": "Feature",
      "geometry": {
        "type": "Polygon",
        "coordinates": [
          [
            [
              121.51677663025052,
              45.38808792369056
            ],
            [
              121.52594551550231,
              45.387724224963065
            ],
            [
              121.52542893425095,
              45.38126351595228
            ],
            [
              121.51626108682179,
              45.3816271332101
            ],
            [
              121.51677663025052,
              45.38808792369056
            ]
          ]
        ]
      },
      "properties": {
        "biomass": 122.09117889404297,
        "min_biomass": 72.46898651123047,
        "max_biomass": 243.05099487304688,
        "timestamp": "20260406_133449",
        "grid_id": "384_120"
      }
    },
    {
      "type": "Feature",
      "geometry": {
        "type": "Polygon",
        "coordinates": [
          [
            [
              121.52594551550231,
              45.387724224963065
            ],
            [
              121.53511422556129,
              45.38735979248637
            ],
            [
              121.53459660656004,
              45.38089916510858
            ],
            [
              121.52542893425095,
              45.38126351595228
            ],
            [
              121.52594551550231,
              45.387724224963065
            ]
          ]
        ]
      },
      "properties": {
        "biomass": 109.44281768798828,
        "min_biomass": 72.48352813720703,
        "max_biomass": 164.9983367919922,
        "timestamp": "20260406_133449",
        "grid_id": "384_144"
      }
    },
    {
      "type": "Feature",
      "geometry": {
        "type": "Polygon",
        "coordinates": [
          [
            [
              121.53511422556129,
              45.38735979248637
            ],
            [
              121.5442827600785,
              45.38699462629756
            ],
            [
              121.54376410340026,
              45.38053408071607
            ],
            [
              121.53459660656004,
              45.38089916510858
            ],
            [
              121.53511422556129,
              45.38735979248637
            ]
          ]
        ]
      },
      "properties": {
        "biomass": 116.34415435791016,
        "min_biomass": 72.4628677368164,
        "max_biomass": 160.51490783691406,
        "timestamp": "20260406_133449",
        "grid_id": "384_168"
      }
    },
    {
      "type": "Feature",
      "geometry": {
        "type": "Polygon",
        "coordinates": [
          [
            [
              121.5442827600785,
              45.38699462629756
            ],
            [
              121.55345111870507,
              45.38662872643377
            ],
            [
              121.55293142442284,
              45.38016826281187
            ],
            [
              121.54376410340026,
              45.38053408071607
            ],
            [
              121.5442827600785,
              45.38699462629756
            ]
          ]
        ]
      },
      "properties": {
        "biomass": 181.14149475097656,
        "min_biomass": 106.50933837890625,
        "max_biomass": 351.2182312011719,
        "timestamp": "20260406_133449",
        "grid_id": "384_192"
      }
    },
    {
      "type": "Feature",
      "geometry": {
        "type": "Polygon",
        "coordinates": [
          [
            [
              121.55345111870507,
              45.38662872643377
            ],
            [
              121.56261930109211,
              45.38626209293224
            ],
            [
              121.56209856927906,
              45.379801711433196
            ],
            [
              121.55293142442284,
              45.38016826281187
            ],
            [
              121.55345111870507,
              45.38662872643377
            ]
          ]
        ]
      },
      "properties": {
        "biomass": 166.9475860595703,
        "min_biomass": 100.90533447265625,
        "max_biomass": 288.3640441894531,
        "timestamp": "20260406_133449",
        "grid_id": "384_216"
      }
    },
    {
      "type": "Feature",
      "geometry": {
        "type": "Polygon",
        "coordinates": [
          [
            [
              121.56261930109211,
              45.38626209293224
            ],
            [
              121.5717873068908,
              45.38589472583027
            ],
            [
              121.5712655376202,
              45.37943442661734
            ],
            [
              121.56209856927906,
              45.379801711433196
            ],
            [
              121.56261930109211,
              45.38626209293224
            ]
          ]
        ]
      },
      "properties": {
        "biomass": 109.83262634277344,
        "min_biomass": 72.5551528930664,
        "max_biomass": 184.02365112304688,
        "timestamp": "20260406_133449",
        "grid_id": "384_240"
      }
    },
    {
      "type": "Feature",
      "geometry": {
        "type": "Polygon",
        "coordinates": [
          [
            [
              121.5717873068908,
              45.38589472583027
            ],
            [
              121.58095513575236,
              45.38552662516521
            ],
            [
              121.58043232909769,
              45.37906640840166
            ],
            [
              121.5712655376202,
              45.37943442661734
            ],
            [
              121.5717873068908,
              45.38589472583027
            ]
          ]
        ]
      },
      "properties": {
        "biomass": 103.18438720703125,
        "min_biomass": 72.73959350585938,
        "max_biomass": 180.43862915039062,
        "timestamp": "20260406_133449",
        "grid_id": "384_264"
      }
    },
    {
      "type": "Feature",
      "geometry": {
        "type": "Polygon",
        "coordinates": [
          [
            [
              121.58095513575236,
              45.38552662516521
            ],
            [
              121.59012278732806,
              45.385157790974525
            ],
            [
              121.5895989433629,
              45.37869765682357
            ],
            [
              121.58043232909769,
              45.37906640840166
            ],
            [
              121.58095513575236,
              45.38552662516521
            ]
          ]
        ]
      },
      "properties": {
        "biomass": 193.86048889160156,
        "min_biomass": 105.77684783935547,
        "max_biomass": 307.1238098144531,
        "timestamp": "20260406_133449",
        "grid_id": "384_288"
      }
    },
    {
      "type": "Feature",
      "geometry": {
        "type": "Polygon",
        "coordinates": [
          [
            [
              121.59012278732806,
              45.385157790974525
            ],
            [
              121.59929026126919,
              45.38478822329573
            ],
            [
              121.59876538006729,
              45.37832817192058
            ],
            [
              121.5895989433629,
              45.37869765682357
            ],
            [
              121.59012278732806,
              45.385157790974525
            ]
          ]
        ]
      },
      "properties": {
        "biomass": 127.48748779296875,
        "min_biomass": 72.74758911132812,
        "max_biomass": 192.82254028320312,
        "timestamp": "20260406_133449",
        "grid_id": "384_312"
      }
    },
    {
      "type": "Feature",
      "geometry": {
        "type": "Polygon",
        "coordinates": [
          [
            [
              121.59929026126919,
              45.38478822329573
            ],
            [
              121.60845755722715,
              45.3844179221664
            ],
            [
              121.60793163886238,
              45.37795795373026
            ],
            [
              121.59876538006729,
              45.37832817192058
            ],
            [
              121.59929026126919,
              45.38478822329573
            ]
          ]
        ]
      },
      "properties": {
        "biomass": 92.17208862304688,
        "min_biomass": 72.3724365234375,
        "max_biomass": 243.8170166015625,
        "timestamp": "20260406_133449",
        "grid_id": "384_336"
      }
    },
    {
      "type": "Feature",
      "geometry": {
        "type": "Polygon",
        "coordinates": [
          [
            [
              121.60845755722715,
              45.3844179221664
            ],
            [
              121.61762467485326,
              45.38404688762421
            ],
            [
              121.61709771939965,
              45.37758700229026
            ],
            [
              121.60793163886238,
              45.37795795373026
            ],
            [
              121.60845755722715,
              45.3844179221664
            ]
          ]
        ]
      },
      "properties": {
        "biomass": 144.29713439941406,
        "min_biomass": 76.0040512084961,
        "max_biomass": 354.3199768066406,
        "timestamp": "20260406_133449",
        "grid_id": "384_360"
      }
    },
    {
      "type": "Feature",
      "geometry": {
        "type": "Polygon",
        "coordinates": [
          [
            [
              121.61762467485326,
              45.38404688762421
            ],
            [
              121.62679161379901,
              45.38367511970689
            ],
            [
              121.6262636213307,
              45.37721531763832
            ],
            [
              121.61709771939965,
              45.37758700229026
            ],
            [
              121.61762467485326,
              45.38404688762421
            ]
          ]
        ]
      },
      "properties": {
        "biomass": 213.88194274902344,
        "min_biomass": 80.9557113647461,
        "max_biomass": 355.24627685546875,
        "timestamp": "20260406_133449",
        "grid_id": "384_384"
      }
    },
    {
      "type": "Feature",
      "geometry": {
        "type": "Polygon",
        "coordinates": [
          [
            [
              121.62679161379901,
              45.38367511970689
            ],
            [
              121.63595837371588,
              45.38330261845227
            ],
            [
              121.63542934430718,
              45.37684289981222
            ],
            [
              121.6262636213307,
              45.37721531763832
            ],
            [
              121.62679161379901,
              45.38367511970689
            ]
          ]
        ]
      },
      "properties": {
        "biomass": 130.92446899414062,
        "min_biomass": 78.96221923828125,
        "max_biomass": 247.66006469726562,
        "timestamp": "20260406_133449",
        "grid_id": "384_408"
      }
    },
    {
      "type": "Feature",
      "geometry": {
        "type": "Polygon",
        "coordinates": [
          [
            [
              121.63595837371588,
              45.38330261845227
            ],
            [
              121.64512495425538,
              45.38292938389821
            ],
            [
              121.64459488798073,
              45.376469748849814
            ],
            [
              121.63542934430718,
              45.37684289981222
            ],
            [
              121.63595837371588,
              45.38330261845227
            ]
          ]
        ]
      },
      "properties": {
        "biomass": 106.2401123046875,
        "min_biomass": 79.89508819580078,
        "max_biomass": 204.3018035888672,
        "timestamp": "20260406_133449",
        "grid_id": "384_432"
      }
    },
    {
      "type": "Feature",
      "geometry": {
        "type": "Polygon",
        "coordinates": [
          [
            [
              121.64512495425538,
              45.38292938389821
            ],
            [
              121.65429135506906,
              45.38255541608268
            ],
            [
              121.65376025200308,
              45.37609586478907
            ],
            [
              121.64459488798073,
              45.376469748849814
            ],
            [
              121.64512495425538,
              45.38292938389821
            ]
          ]
        ]
      },
      "properties": {
        "biomass": 136.94601440429688,
        "min_biomass": 81.67044067382812,
        "max_biomass": 275.46160888671875,
        "timestamp": "20260406_133449",
        "grid_id": "384_456"
      }
    },
    {
      "type": "Feature",
      "geometry": {
        "type": "Polygon",
        "coordinates": [
          [
            [
              121.65429135506906,
              45.38255541608268
            ],
            [
              121.66345757580858,
              45.3821807150437
            ],
            [
              121.66292543602596,
              45.37572124766799
            ],
            [
              121.65376025200308,
              45.37609586478907
            ],
            [
              121.65429135506906,
              45.38255541608268
            ]
          ]
        ]
      },
      "properties": {
        "biomass": 173.86935424804688,
        "min_biomass": 85.50982666015625,
        "max_biomass": 279.2557373046875,
        "timestamp": "20260406_133449",
        "grid_id": "384_480"
      }
    },
    {
      "type": "Feature",
      "geometry": {
        "type": "Polygon",
        "coordinates": [
          [
            [
              121.66345757580858,
              45.3821807150437
            ],
            [
              121.67262361612553,
              45.38180528081938
            ],
            [
              121.67209043970118,
              45.375345897524674
            ],
            [
              121.66292543602596,
              45.37572124766799
            ],
            [
              121.66345757580858,
              45.3821807150437
            ]
          ]
        ]
      },
      "properties": {
        "biomass": 219.07179260253906,
        "min_biomass": 122.24942779541016,
        "max_biomass": 312.19134521484375,
        "timestamp": "20260406_133449",
        "grid_id": "384_504"
      }
    },
    {
      "type": "Feature",
      "geometry": {
        "type": "Polygon",
        "coordinates": [
          [
            [
              121.67262361612553,
              45.38180528081938
            ],
            [
              121.68178947567169,
              45.3814291134479
            ],
            [
              121.68125526268058,
              45.37496981439727
            ],
            [
              121.67209043970118,
              45.375345897524674
            ],
            [
              121.67262361612553,
              45.38180528081938
            ]
          ]
        ]
      },
      "properties": {
        "biomass": 228.76795959472656,
        "min_biomass": 173.1157684326172,
        "max_biomass": 269.9923095703125,
        "timestamp": "20260406_133449",
        "grid_id": "384_528"
      }
    },
    {
      "type": "Feature",
      "geometry": {
        "type": "Polygon",
        "coordinates": [
          [
            [
              121.4704192350861,
              45.38343421441895
            ],
            [
              121.47958795288204,
              45.383074265643906
            ],
            [
              121.47907673484372,
              45.376613139067835
            ],
            [
              121.46990905488286,
              45.37697300720819
            ],
            [
              121.4704192350861,
              45.38343421441895
            ]
          ]
        ]
      },
      "properties": {
        "biomass": 203.12088012695312,
        "min_biomass": 128.6930694580078,
        "max_biomass": 251.60902404785156,
        "timestamp": "20260406_133449",
        "grid_id": "408_0"
      }
    },
    {
      "type": "Feature",
      "geometry": {
        "type": "Polygon",
        "coordinates": [
          [
            [
              121.47958795288204,
              45.383074265643906
            ],
            [
              121.48875649730256,
              45.382713583098756
            ],
            [
              121.48824424150112,
              45.37625253732076
            ],
            [
              121.47907673484372,
              45.376613139067835
            ],
            [
              121.47958795288204,
              45.383074265643906
            ]
          ]
        ]
      },
      "properties": {
        "biomass": 162.60191345214844,
        "min_biomass": 82.90830993652344,
        "max_biomass": 301.0348815917969,
        "timestamp": "20260406_133449",
        "grid_id": "408_24"
      }
    },
    {
      "type": "Feature",
      "geometry": {
        "type": "Polygon",
        "coordinates": [
          [
            [
              121.48875649730256,
              45.382713583098756
            ],
            [
              121.49792486799868,
              45.38235216682021
            ],
            [
              121.49741157450623,
              45.37589120200362
            ],
            [
              121.48824424150112,
              45.37625253732076
            ],
            [
              121.48875649730256,
              45.382713583098756
            ]
          ]
        ]
      },
      "properties": {
        "biomass": 142.4256134033203,
        "min_biomass": 73.42538452148438,
        "max_biomass": 375.5588684082031,
        "timestamp": "20260406_133449",
        "grid_id": "408_48"
      }
    },
    {
      "type": "Feature",
      "geometry": {
        "type": "Polygon",
        "coordinates": [
          [
            [
              121.49792486799868,
              45.38235216682021
            ],
            [
              121.5070930646214,
              45.38199001684505
            ],
            [
              121.50657873351021,
              45.37552913315319
            ],
            [
              121.49741157450623,
              45.37589120200362
            ],
            [
              121.49792486799868,
              45.38235216682021
            ]
          ]
        ]
      },
      "properties": {
        "biomass": 113.33328247070312,
        "min_biomass": 72.39945983886719,
        "max_biomass": 253.88824462890625,
        "timestamp": "20260406_133449",
        "grid_id": "408_72"
      }
    },
    {
      "type": "Feature",
      "geometry": {
        "type": "Polygon",
        "coordinates": [
          [
            [
              121.5070930646214,
              45.38199001684505
            ],
            [
              121.51626108682179,
              45.3816271332101
            ],
            [
              121.51574571816428,
              45.375166330806266
            ],
            [
              121.50657873351021,
              45.37552913315319
            ],
            [
              121.5070930646214,
              45.38199001684505
            ]
          ]
        ]
      },
      "properties": {
        "biomass": 99.76859283447266,
        "min_biomass": 72.38922882080078,
        "max_biomass": 173.58282470703125,
        "timestamp": "20260406_133449",
        "grid_id": "408_96"
      }
    },
    {
      "type": "Feature",
      "geometry": {
        "type": "Polygon",
        "coordinates": [
          [
            [
              121.51626108682179,
              45.3816271332101
            ],
            [
              121.52542893425095,
              45.38126351595228
            ],
            [
              121.52491252811969,
              45.37480279499978
            ],
            [
              121.51574571816428,
              45.375166330806266
            ],
            [
              121.51626108682179,
              45.3816271332101
            ]
          ]
        ]
      },
      "properties": {
        "biomass": 101.21160125732422,
        "min_biomass": 72.48628234863281,
        "max_biomass": 180.5283966064453,
        "timestamp": "20260406_133449",
        "grid_id": "408_120"
      }
    },
    {
      "type": "Feature",
      "geometry": {
        "type": "Polygon",
        "coordinates": [
          [
            [
              121.52542893425095,
              45.38126351595228
            ],
            [
              121.53459660656004,
              45.38089916510858
            ],
            [
              121.5340791630277,
              45.374438525770685
            ],
            [
              121.52491252811969,
              45.37480279499978
            ],
            [
              121.52542893425095,
              45.38126351595228
            ]
          ]
        ]
      },
      "properties": {
        "biomass": 105.37428283691406,
        "min_biomass": 72.64028930664062,
        "max_biomass": 165.57400512695312,
        "timestamp": "20260406_133449",
        "grid_id": "408_144"
      }
    },
    {
      "type": "Feature",
      "geometry": {
        "type": "Polygon",
        "coordinates": [
          [
            [
              121.53459660656004,
              45.38089916510858
            ],
            [
              121.54376410340026,
              45.38053408071607
            ],
            [
              121.54324562253967,
              45.37407352315605
            ],
            [
              121.5340791630277,
              45.374438525770685
            ],
            [
              121.53459660656004,
              45.38089916510858
            ]
          ]
        ]
      },
      "properties": {
        "biomass": 122.83966064453125,
        "min_biomass": 73.54256439208984,
        "max_biomass": 186.9393768310547,
        "timestamp": "20260406_133449",
        "grid_id": "408_168"
      }
    },
    {
      "type": "Feature",
      "geometry": {
        "type": "Polygon",
        "coordinates": [
          [
            [
              121.54376410340026,
              45.38053408071607
            ],
            [
              121.55293142442284,
              45.38016826281187
            ],
            [
              121.55241190630696,
              45.373707787193
            ],
            [
              121.54324562253967,
              45.37407352315605
            ],
            [
              121.54376410340026,
              45.38053408071607
            ]
          ]
        ]
      },
      "properties": {
        "biomass": 197.70240783691406,
        "min_biomass": 132.061767578125,
        "max_biomass": 285.4092102050781,
        "timestamp": "20260406_133449",
        "grid_id": "408_192"
      }
    },
    {
      "type": "Feature",
      "geometry": {
        "type": "Polygon",
        "coordinates": [
          [
            [
              121.55293142442284,
              45.38016826281187
            ],
            [
              121.56209856927906,
              45.379801711433196
            ],
            [
              121.56157801398103,
              45.373341317918694
            ],
            [
              121.55241190630696,
              45.373707787193
            ],
            [
              121.55293142442284,
              45.38016826281187
            ]
          ]
        ]
      },
      "properties": {
        "biomass": 209.56570434570312,
        "min_biomass": 111.96463775634766,
        "max_biomass": 301.92340087890625,
        "timestamp": "20260406_133449",
        "grid_id": "408_216"
      }
    },
    {
      "type": "Feature",
      "geometry": {
        "type": "Polygon",
        "coordinates": [
          [
            [
              121.56209856927906,
              45.379801711433196
            ],
            [
              121.5712655376202,
              45.37943442661734
            ],
            [
              121.57074394521331,
              45.37297411537043
            ],
            [
              121.56157801398103,
              45.373341317918694
            ],
            [
              121.56209856927906,
              45.379801711433196
            ]
          ]
        ]
      },
      "properties": {
        "biomass": 139.59951782226562,
        "min_biomass": 76.28433990478516,
        "max_biomass": 241.3856658935547,
        "timestamp": "20260406_133449",
        "grid_id": "408_240"
      }
    },
    {
      "type": "Feature",
      "geometry": {
        "type": "Polygon",
        "coordinates": [
          [
            [
              121.5712655376202,
              45.37943442661734
            ],
            [
              121.58043232909769,
              45.37906640840166
            ],
            [
              121.5799096996553,
              45.37260617958555
            ],
            [
              121.57074394521331,
              45.37297411537043
            ],
            [
              121.5712655376202,
              45.37943442661734
            ]
          ]
        ]
      },
      "properties": {
        "biomass": 114.46497344970703,
        "min_biomass": 72.43345642089844,
        "max_biomass": 170.45481872558594,
        "timestamp": "20260406_133449",
        "grid_id": "408_264"
      }
    },
    {
      "type": "Feature",
      "geometry": {
        "type": "Polygon",
        "coordinates": [
          [
            [
              121.58043232909769,
              45.37906640840166
            ],
            [
              121.5895989433629,
              45.37869765682357
            ],
            [
              121.58907527695858,
              45.37223751060146
            ],
            [
              121.5799096996553,
              45.37260617958555
            ],
            [
              121.58043232909769,
              45.37906640840166
            ]
          ]
        ]
      },
      "properties": {
        "biomass": 163.75123596191406,
        "min_biomass": 78.20833587646484,
        "max_biomass": 306.9344482421875,
        "timestamp": "20260406_133449",
        "grid_id": "408_288"
      }
    },
    {
      "type": "Feature",
      "geometry": {
        "type": "Polygon",
        "coordinates": [
          [
            [
              121.5895989433629,
              45.37869765682357
            ],
            [
              121.59876538006729,
              45.37832817192058
            ],
            [
              121.59824067677474,
              45.37186810845564
            ],
            [
              121.58907527695858,
              45.37223751060146
            ],
            [
              121.5895989433629,
              45.37869765682357
            ]
          ]
        ]
      },
      "properties": {
        "biomass": 110.19729614257812,
        "min_biomass": 72.42941284179688,
        "max_biomass": 178.80886840820312,
        "timestamp": "20260406_133449",
        "grid_id": "408_312"
      }
    },
    {
      "type": "Feature",
      "geometry": {
        "type": "Polygon",
        "coordinates": [
          [
            [
              121.59876538006729,
              45.37832817192058
            ],
            [
              121.60793163886238,
              45.37795795373026
            ],
            [
              121.6074058987554,
              45.371497973185654
            ],
            [
              121.59824067677474,
              45.37186810845564
            ],
            [
              121.59876538006729,
              45.37832817192058
            ]
          ]
        ]
      },
      "properties": {
        "biomass": 155.04856872558594,
        "min_biomass": 72.97624206542969,
        "max_biomass": 306.9367980957031,
        "timestamp": "20260406_133449",
        "grid_id": "408_336"
      }
    },
    {
      "type": "Feature",
      "geometry": {
        "type": "Polygon",
        "coordinates": [
          [
            [
              121.60793163886238,
              45.37795795373026
            ],
            [
              121.61709771939965,
              45.37758700229026
            ],
            [
              121.61657094255223,
              45.37112710482916
            ],
            [
              121.6074058987554,
              45.371497973185654
            ],
            [
              121.60793163886238,
              45.37795795373026
            ]
          ]
        ]
      },
      "properties": {
        "biomass": 195.66310119628906,
        "min_biomass": 88.94779968261719,
        "max_biomass": 308.6880187988281,
        "timestamp": "20260406_133449",
        "grid_id": "408_360"
      }
    },
    {
      "type": "Feature",
      "geometry": {
        "type": "Polygon",
        "coordinates": [
          [
            [
              121.61709771939965,
              45.37758700229026
            ],
            [
              121.6262636213307,
              45.37721531763832
            ],
            [
              121.625735807817,
              45.37075550342383
            ],
            [
              121.61657094255223,
              45.37112710482916
            ],
            [
              121.61709771939965,
              45.37758700229026
            ]
          ]
        ]
      },
      "properties": {
        "biomass": 213.0244140625,
        "min_biomass": 116.38754272460938,
        "max_biomass": 350.9433288574219,
        "timestamp": "20260406_133449",
        "grid_id": "408_384"
      }
    },
    {
      "type": "Feature",
      "geometry": {
        "type": "Polygon",
        "coordinates": [
          [
            [
              121.6262636213307,
              45.37721531763832
            ],
            [
              121.63542934430718,
              45.37684289981222
            ],
            [
              121.6349004942014,
              45.37038316900747
            ],
            [
              121.625735807817,
              45.37075550342383
            ],
            [
              121.6262636213307,
              45.37721531763832
            ]
          ]
        ]
      },
      "properties": {
        "biomass": 214.94577026367188,
        "min_biomass": 120.81350708007812,
        "max_biomass": 356.55828857421875,
        "timestamp": "20260406_133449",
        "grid_id": "408_408"
      }
    },
    {
      "type": "Feature",
      "geometry": {
        "type": "Polygon",
        "coordinates": [
          [
            [
              121.63542934430718,
              45.37684289981222
            ],
            [
              121.64459488798073,
              45.376469748849814
            ],
            [
              121.64406500135732,
              45.37001010161792
            ],
            [
              121.6349004942014,
              45.37038316900747
            ],
            [
              121.63542934430718,
              45.37684289981222
            ]
          ]
        ]
      },
      "properties": {
        "biomass": 153.16717529296875,
        "min_biomass": 81.2220458984375,
        "max_biomass": 319.9786682128906,
        "timestamp": "20260406_133449",
        "grid_id": "408_432"
      }
    },
    {
      "type": "Feature",
      "geometry": {
        "type": "Polygon",
        "coordinates": [
          [
            [
              121.64459488798073,
              45.376469748849814
            ],
            [
              121.65376025200308,
              45.37609586478907
            ],
            [
              121.65322932893653,
              45.36963630129311
            ],
            [
              121.64406500135732,
              45.37001010161792
            ],
            [
              121.64459488798073,
              45.376469748849814
            ]
          ]
        ]
      },
      "properties": {
        "biomass": 151.62318420410156,
        "min_biomass": 83.83403015136719,
        "max_biomass": 288.8885803222656,
        "timestamp": "20260406_133449",
        "grid_id": "408_456"
      }
    },
    {
      "type": "Feature",
      "geometry": {
        "type": "Polygon",
        "coordinates": [
          [
            [
              121.65376025200308,
              45.37609586478907
            ],
            [
              121.66292543602596,
              45.37572124766799
            ],
            [
              121.66239347659099,
              45.36926176807105
            ],
            [
              121.65322932893653,
              45.36963630129311
            ],
            [
              121.65376025200308,
              45.37609586478907
            ]
          ]
        ]
      },
      "properties": {
        "biomass": 163.73548889160156,
        "min_biomass": 80.53271484375,
        "max_biomass": 286.4703369140625,
        "timestamp": "20260406_133449",
        "grid_id": "408_480"
      }
    },
    {
      "type": "Feature",
      "geometry": {
        "type": "Polygon",
        "coordinates": [
          [
            [
              121.66292543602596,
              45.37572124766799
            ],
            [
              121.67209043970118,
              45.375345897524674
            ],
            [
              121.67155744397262,
              45.3688865019898
            ],
            [
              121.66239347659099,
              45.36926176807105
            ],
            [
              121.66292543602596,
              45.37572124766799
            ]
          ]
        ]
      },
      "properties": {
        "biomass": 239.41319274902344,
        "min_biomass": 135.9359130859375,
        "max_biomass": 330.3309020996094,
        "timestamp": "20260406_133449",
        "grid_id": "408_504"
      }
    },
    {
      "type": "Feature",
      "geometry": {
        "type": "Polygon",
        "coordinates": [
          [
            [
              121.67209043970118,
              45.375345897524674
            ],
            [
              121.68125526268058,
              45.37496981439727
            ],
            [
              121.68072123073341,
              45.36851050308751
            ],
            [
              121.67155744397262,
              45.3688865019898
            ],
            [
              121.67209043970118,
              45.375345897524674
            ]
          ]
        ]
      },
      "properties": {
        "biomass": 248.27171325683594,
        "min_biomass": 171.627197265625,
        "max_biomass": 288.6385498046875,
        "timestamp": "20260406_133449",
        "grid_id": "408_528"
      }
    },
    {
      "type": "Feature",
      "geometry": {
        "type": "Polygon",
        "coordinates": [
          [
            [
              121.46990905488286,
              45.37697300720819
            ],
            [
              121.47907673484372,
              45.376613139067835
            ],
            [
              121.4785656901088,
              45.37015200064346
            ],
            [
              121.46939904763414,
              45.37051178816725
            ],
            [
              121.46990905488286,
              45.37697300720819
            ]
          ]
        ]
      },
      "properties": {
        "biomass": 129.93634033203125,
        "min_biomass": 129.93634033203125,
        "max_biomass": 129.93634033203125,
        "timestamp": "20260406_133449",
        "grid_id": "432_0"
      }
    },
    {
      "type": "Feature",
      "geometry": {
        "type": "Polygon",
        "coordinates": [
          [
            [
              121.47907673484372,
              45.376613139067835
            ],
            [
              121.48824424150112,
              45.37625253732076
            ],
            [
              121.48773215935196,
              45.369791479676245
            ],
            [
              121.4785656901088,
              45.37015200064346
            ],
            [
              121.47907673484372,
              45.376613139067835
            ]
          ]
        ]
      },
      "properties": {
        "biomass": 129.16014099121094,
        "min_biomass": 73.85563659667969,
        "max_biomass": 259.6270751953125,
        "timestamp": "20260406_133449",
        "grid_id": "432_24"
      }
    },
    {
      "type": "Feature",
      "geometry": {
        "type": "Polygon",
        "coordinates": [
          [
            [
              121.48824424150112,
              45.37625253732076
            ],
            [
              121.49741157450623,
              45.37589120200362
            ],
            [
              121.49689845501493,
              45.36943022530226
            ],
            [
              121.48773215935196,
              45.369791479676245
            ],
            [
              121.48824424150112,
              45.37625253732076
            ]
          ]
        ]
      },
      "properties": {
        "biomass": 196.0144805908203,
        "min_biomass": 109.55196380615234,
        "max_biomass": 375.6753845214844,
        "timestamp": "20260406_133449",
        "grid_id": "432_48"
      }
    },
    {
      "type": "Feature",
      "geometry": {
        "type": "Polygon",
        "coordinates": [
          [
            [
              121.49741157450623,
              45.37589120200362
            ],
            [
              121.50657873351021,
              45.37552913315319
            ],
            [
              121.50606457674897,
              45.36906823755828
            ],
            [
              121.49689845501493,
              45.36943022530226
            ],
            [
              121.49741157450623,
              45.37589120200362
            ]
          ]
        ]
      },
      "properties": {
        "biomass": 148.02001953125,
        "min_biomass": 74.6345443725586,
        "max_biomass": 271.60992431640625,
        "timestamp": "20260406_133449",
        "grid_id": "432_72"
      }
    },
    {
      "type": "Feature",
      "geometry": {
        "type": "Polygon",
        "coordinates": [
          [
            [
              121.50657873351021,
              45.37552913315319
            ],
            [
              121.51574571816428,
              45.375166330806266
            ],
            [
              121.51523052420545,
              45.36870551648109
            ],
            [
              121.50606457674897,
              45.36906823755828
            ],
            [
              121.50657873351021,
              45.37552913315319
            ]
          ]
        ]
      },
      "properties": {
        "biomass": 141.72518920898438,
        "min_biomass": 72.84027862548828,
        "max_biomass": 260.87664794921875,
        "timestamp": "20260406_133449",
        "grid_id": "432_96"
      }
    },
    {
      "type": "Feature",
      "geometry": {
        "type": "Polygon",
        "coordinates": [
          [
            [
              121.51574571816428,
              45.375166330806266
            ],
            [
              121.52491252811969,
              45.37480279499978
            ],
            [
              121.52439629703579,
              45.36834206210761
            ],
            [
              121.51523052420545,
              45.36870551648109
            ],
            [
              121.51574571816428,
              45.375166330806266
            ]
          ]
        ]
      },
      "properties": {
        "biomass": 108.37342834472656,
        "min_biomass": 72.48121643066406,
        "max_biomass": 190.09115600585938,
        "timestamp": "20260406_133449",
        "grid_id": "432_120"
      }
    },
    {
      "type": "Feature",
      "geometry": {
        "type": "Polygon",
        "coordinates": [
          [
            [
              121.52491252811969,
              45.37480279499978
            ],
            [
              121.5340791630277,
              45.374438525770685
            ],
            [
              121.53356189489138,
              45.36797787447477
            ],
            [
              121.52439629703579,
              45.36834206210761
            ],
            [
              121.52491252811969,
              45.37480279499978
            ]
          ]
        ]
      },
      "properties": {
        "biomass": 102.10343933105469,
        "min_biomass": 73.12724304199219,
        "max_biomass": 166.98658752441406,
        "timestamp": "20260406_133449",
        "grid_id": "432_144"
      }
    },
    {
      "type": "Feature",
      "geometry": {
        "type": "Polygon",
        "coordinates": [
          [
            [
              121.5340791630277,
              45.374438525770685
            ],
            [
              121.54324562253967,
              45.37407352315605
            ],
            [
              121.54272731742373,
              45.3676129536196
            ],
            [
              121.53356189489138,
              45.36797787447477
            ],
            [
              121.5340791630277,
              45.374438525770685
            ]
          ]
        ]
      },
      "properties": {
        "biomass": 145.52093505859375,
        "min_biomass": 89.16629791259766,
        "max_biomass": 248.86045837402344,
        "timestamp": "20260406_133449",
        "grid_id": "432_168"
      }
    },
    {
      "type": "Feature",
      "geometry": {
        "type": "Polygon",
        "coordinates": [
          [
            [
              121.54324562253967,
              45.37407352315605
            ],
            [
              121.55241190630696,
              45.373707787193
            ],
            [
              121.55189256428434,
              45.367247299579226
            ],
            [
              121.54272731742373,
              45.3676129536196
            ],
            [
              121.54324562253967,
              45.37407352315605
            ]
          ]
        ]
      },
      "properties": {
        "biomass": 240.77438354492188,
        "min_biomass": 131.9132080078125,
        "max_biomass": 324.9393310546875,
        "timestamp": "20260406_133449",
        "grid_id": "432_192"
      }
    },
    {
      "type": "Feature",
      "geometry": {
        "type": "Polygon",
        "coordinates": [
          [
            [
              121.55241190630696,
              45.373707787193
            ],
            [
              121.56157801398103,
              45.373341317918694
            ],
            [
              121.56105763512478,
              45.36688091239081
            ],
            [
              121.55189256428434,
              45.367247299579226
            ],
            [
              121.55241190630696,
              45.373707787193
            ]
          ]
        ]
      },
      "properties": {
        "biomass": 191.9088592529297,
        "min_biomass": 110.50718688964844,
        "max_biomass": 306.6404113769531,
        "timestamp": "20260406_133449",
        "grid_id": "432_216"
      }
    },
    {
      "type": "Feature",
      "geometry": {
        "type": "Polygon",
        "coordinates": [
          [
            [
              121.56157801398103,
              45.373341317918694
            ],
            [
              121.57074394521331,
              45.37297411537043
            ],
            [
              121.57022252959669,
              45.366513792091624
            ],
            [
              121.56105763512478,
              45.36688091239081
            ],
            [
              121.56157801398103,
              45.373341317918694
            ]
          ]
        ]
      },
      "properties": {
        "biomass": 143.8378448486328,
        "min_biomass": 84.77731323242188,
        "max_biomass": 232.8771514892578,
        "timestamp": "20260406_133449",
        "grid_id": "432_240"
      }
    },
    {
      "type": "Feature",
      "geometry": {
        "type": "Polygon",
        "coordinates": [
          [
            [
              121.57074394521331,
              45.37297411537043
            ],
            [
              121.5799096996553,
              45.37260617958555
            ],
            [
              121.57938724735165,
              45.36614593871899
            ],
            [
              121.57022252959669,
              45.366513792091624
            ],
            [
              121.57074394521331,
              45.37297411537043
            ]
          ]
        ]
      },
      "properties": {
        "biomass": 118.93175506591797,
        "min_biomass": 72.69361114501953,
        "max_biomass": 189.68067932128906,
        "timestamp": "20260406_133449",
        "grid_id": "432_264"
      }
    },
    {
      "type": "Feature",
      "geometry": {
        "type": "Polygon",
        "coordinates": [
          [
            [
              121.5799096996553,
              45.37260617958555
            ],
            [
              121.58907527695858,
              45.37223751060146
            ],
            [
              121.58855178804141,
              45.365777352310296
            ],
            [
              121.57938724735165,
              45.36614593871899
            ],
            [
              121.5799096996553,
              45.37260617958555
            ]
          ]
        ]
      },
      "properties": {
        "biomass": 96.27456665039062,
        "min_biomass": 72.70640563964844,
        "max_biomass": 186.35134887695312,
        "timestamp": "20260406_133449",
        "grid_id": "432_288"
      }
    },
    {
      "type": "Feature",
      "geometry": {
        "type": "Polygon",
        "coordinates": [
          [
            [
              121.58907527695858,
              45.37223751060146
            ],
            [
              121.59824067677474,
              45.37186810845564
            ],
            [
              121.59771615131768,
              45.365408032903034
            ],
            [
              121.58855178804141,
              45.365777352310296
            ],
            [
              121.58907527695858,
              45.37223751060146
            ]
          ]
        ]
      },
      "properties": {
        "biomass": 93.9280776977539,
        "min_biomass": 72.44125366210938,
        "max_biomass": 160.33131408691406,
        "timestamp": "20260406_133449",
        "grid_id": "432_312"
      }
    },
    {
      "type": "Feature",
      "geometry": {
        "type": "Polygon",
        "coordinates": [
          [
            [
              121.59824067677474,
              45.37186810845564
            ],
            [
              121.6074058987554,
              45.371497973185654
            ],
            [
              121.60688033683226,
              45.36503798053473
            ],
            [
              121.59771615131768,
              45.365408032903034
            ],
            [
              121.59824067677474,
              45.37186810845564
            ]
          ]
        ]
      },
      "properties": {
        "biomass": 110.5470962524414,
        "min_biomass": 72.83890533447266,
        "max_biomass": 238.93629455566406,
        "timestamp": "20260406_133449",
        "grid_id": "432_336"
      }
    },
    {
      "type": "Feature",
      "geometry": {
        "type": "Polygon",
        "coordinates": [
          [
            [
              121.6074058987554,
              45.371497973185654
            ],
            [
              121.61657094255223,
              45.37112710482916
            ],
            [
              121.61604434423695,
              45.364667195243015
            ],
            [
              121.60688033683226,
              45.36503798053473
            ],
            [
              121.6074058987554,
              45.371497973185654
            ]
          ]
        ]
      },
      "properties": {
        "biomass": 158.42086791992188,
        "min_biomass": 78.13306427001953,
        "max_biomass": 307.4218444824219,
        "timestamp": "20260406_133449",
        "grid_id": "432_360"
      }
    },
    {
      "type": "Feature",
      "geometry": {
        "type": "Polygon",
        "coordinates": [
          [
            [
              121.61657094255223,
              45.37112710482916
            ],
            [
              121.625735807817,
              45.37075550342383
            ],
            [
              121.62520817318362,
              45.36429567706558
            ],
            [
              121.61604434423695,
              45.364667195243015
            ],
            [
              121.61657094255223,
              45.37112710482916
            ]
          ]
        ]
      },
      "properties": {
        "biomass": 145.48228454589844,
        "min_biomass": 81.3233871459961,
        "max_biomass": 236.66268920898438,
        "timestamp": "20260406_133449",
        "grid_id": "432_384"
      }
    },
    {
      "type": "Feature",
      "geometry": {
        "type": "Polygon",
        "coordinates": [
          [
            [
              121.625735807817,
              45.37075550342383
            ],
            [
              121.6349004942014,
              45.37038316900747
            ],
            [
              121.63437182332416,
              45.36392342604019
            ],
            [
              121.62520817318362,
              45.36429567706558
            ],
            [
              121.625735807817,
              45.37075550342383
            ]
          ]
        ]
      },
      "properties": {
        "biomass": 169.89669799804688,
        "min_biomass": 85.08809661865234,
        "max_biomass": 321.3686828613281,
        "timestamp": "20260406_133449",
        "grid_id": "432_408"
      }
    },
    {
      "type": "Feature",
      "geometry": {
        "type": "Polygon",
        "coordinates": [
          [
            [
              121.6349004942014,
              45.37038316900747
            ],
            [
              121.64406500135732,
              45.37001010161792
            ],
            [
              121.64353529431057,
              45.363550442204684
            ],
            [
              121.63437182332416,
              45.36392342604019
            ],
            [
              121.6349004942014,
              45.37038316900747
            ]
          ]
        ]
      },
      "properties": {
        "biomass": 226.30357360839844,
        "min_biomass": 116.08248138427734,
        "max_biomass": 346.97662353515625,
        "timestamp": "20260406_133449",
        "grid_id": "432_432"
      }
    },
    {
      "type": "Feature",
      "geometry": {
        "type": "Polygon",
        "coordinates": [
          [
            [
              121.64406500135732,
              45.37001010161792
            ],
            [
              121.65322932893653,
              45.36963630129311
            ],
            [
              121.65269858579478,
              45.363176725596965
            ],
            [
              121.64353529431057,
              45.363550442204684
            ],
            [
              121.64406500135732,
              45.37001010161792
            ]
          ]
        ]
      },
      "properties": {
        "biomass": 240.8099822998047,
        "min_biomass": 154.67630004882812,
        "max_biomass": 329.1205749511719,
        "timestamp": "20260406_133449",
        "grid_id": "432_456"
      }
    },
    {
      "type": "Feature",
      "geometry": {
        "type": "Polygon",
        "coordinates": [
          [
            [
              121.65322932893653,
              45.36963630129311
            ],
            [
              121.66239347659099,
              45.36926176807105
            ],
            [
              121.66186169742889,
              45.36280227625504
            ],
            [
              121.65269858579478,
              45.363176725596965
            ],
            [
              121.65322932893653,
              45.36963630129311
            ]
          ]
        ]
      },
      "properties": {
        "biomass": 199.4298553466797,
        "min_biomass": 115.19609069824219,
        "max_biomass": 331.2392883300781,
        "timestamp": "20260406_133449",
        "grid_id": "432_480"
      }
    },
    {
      "type": "Feature",
      "geometry": {
        "type": "Polygon",
        "coordinates": [
          [
            [
              121.66239347659099,
              45.36926176807105
            ],
            [
              121.67155744397262,
              45.3688865019898
            ],
            [
              121.67102462886494,
              45.362427094216955
            ],
            [
              121.66186169742889,
              45.36280227625504
            ],
            [
              121.66239347659099,
              45.36926176807105
            ]
          ]
        ]
      },
      "properties": {
        "biomass": 242.07821655273438,
        "min_biomass": 154.24581909179688,
        "max_biomass": 330.25732421875,
        "timestamp": "20260406_133449",
        "grid_id": "432_504"
      }
    },
    {
      "type": "Feature",
      "geometry": {
        "type": "Polygon",
        "coordinates": [
          [
            [
              121.67155744397262,
              45.3688865019898
            ],
            [
              121.68072123073341,
              45.36851050308751
            ],
            [
              121.68018737975508,
              45.36205117952083
            ],
            [
              121.67102462886494,
              45.362427094216955
            ],
            [
              121.67155744397262,
              45.3688865019898
            ]
          ]
        ]
      },
      "properties": {
        "biomass": 219.9024200439453,
        "min_biomass": 185.38864135742188,
        "max_biomass": 317.2307434082031,
        "timestamp": "20260406_133449",
        "grid_id": "432_528"
      }
    },
    {
      "type": "Feature",
      "geometry": {
        "type": "Polygon",
        "coordinates": [
          [
            [
              121.46939904763414,
              45.37051178816725
            ],
            [
              121.4785656901088,
              45.37015200064346
            ],
            [
              121.47805481860537,
              45.36369085037272
            ],
            [
              121.46888921326814,
              45.36405055729812
            ],
            [
              121.46939904763414,
              45.37051178816725
            ]
          ]
        ]
      },
      "properties": {
        "biomass": 139.75074768066406,
        "min_biomass": 83.39093017578125,
        "max_biomass": 247.01068115234375,
        "timestamp": "20260406_133449",
        "grid_id": "456_0"
      }
    },
    {
      "type": "Feature",
      "geometry": {
        "type": "Polygon",
        "coordinates": [
          [
            [
              121.4785656901088,
              45.37015200064346
            ],
            [
              121.48773215935196,
              45.369791479676245
            ],
            [
              121.48722025078305,
              45.36333041016719
            ],
            [
              121.47805481860537,
              45.36369085037272
            ],
            [
              121.4785656901088,
              45.37015200064346
            ]
          ]
        ]
      },
      "properties": {
        "biomass": 109.16862487792969,
        "min_biomass": 72.95333099365234,
        "max_biomass": 193.98825073242188,
        "timestamp": "20260406_133449",
        "grid_id": "456_24"
      }
    },
    {
      "type": "Feature",
      "geometry": {
        "type": "Polygon",
        "coordinates": [
          [
            [
              121.48773215935196,
              45.369791479676245
            ],
            [
              121.49689845501493,
              45.36943022530226
            ],
            [
              121.49638550945252,
              45.362969236718165
            ],
            [
              121.48722025078305,
              45.36333041016719
            ],
            [
              121.48773215935196,
              45.369791479676245
            ]
          ]
        ]
      },
      "properties": {
        "biomass": 114.19505310058594,
        "min_biomass": 73.20551300048828,
        "max_biomass": 265.727783203125,
        "timestamp": "20260406_133449",
        "grid_id": "456_48"
      }
    },
    {
      "type": "Feature",
      "geometry": {
        "type": "Polygon",
        "coordinates": [
          [
            [
              121.49689845501493,
              45.36943022530226
            ],
            [
              121.50606457674897,
              45.36906823755828
            ],
            [
              121.5055505942653,
              45.362607330062374
            ],
            [
              121.49638550945252,
              45.362969236718165
            ],
            [
              121.49689845501493,
              45.36943022530226
            ]
          ]
        ]
      },
      "properties": {
        "biomass": 181.8528289794922,
        "min_biomass": 87.76995849609375,
        "max_biomass": 294.1314697265625,
        "timestamp": "20260406_133449",
        "grid_id": "456_72"
      }
    },
    {
      "type": "Feature",
      "geometry": {
        "type": "Polygon",
        "coordinates": [
          [
            [
              121.50606457674897,
              45.36906823755828
            ],
            [
              121.51523052420545,
              45.36870551648109
            ],
            [
              121.51471550487283,
              45.36224469023664
            ],
            [
              121.5055505942653,
              45.362607330062374
            ],
            [
              121.50606457674897,
              45.36906823755828
            ]
          ]
        ]
      },
      "properties": {
        "biomass": 160.72732543945312,
        "min_biomass": 82.49769592285156,
        "max_biomass": 342.6607971191406,
        "timestamp": "20260406_133449",
        "grid_id": "456_96"
      }
    },
    {
      "type": "Feature",
      "geometry": {
        "type": "Polygon",
        "coordinates": [
          [
            [
              121.51523052420545,
              45.36870551648109
            ],
            [
              121.52439629703579,
              45.36834206210761
            ],
            [
              121.52388024092663,
              45.361881317277806
            ],
            [
              121.51471550487283,
              45.36224469023664
            ],
            [
              121.51523052420545,
              45.36870551648109
            ]
          ]
        ]
      },
      "properties": {
        "biomass": 109.76416015625,
        "min_biomass": 72.55878448486328,
        "max_biomass": 164.7281036376953,
        "timestamp": "20260406_133449",
        "grid_id": "456_120"
      }
    },
    {
      "type": "Feature",
      "geometry": {
        "type": "Polygon",
        "coordinates": [
          [
            [
              121.52439629703579,
              45.36834206210761
            ],
            [
              121.53356189489138,
              45.36797787447477
            ],
            [
              121.53304480207834,
              45.36151721122283
            ],
            [
              121.52388024092663,
              45.361881317277806
            ],
            [
              121.52439629703579,
              45.36834206210761
            ]
          ]
        ]
      },
      "properties": {
        "biomass": 98.15116119384766,
        "min_biomass": 72.39956665039062,
        "max_biomass": 153.84548950195312,
        "timestamp": "20260406_133449",
        "grid_id": "456_144"
      }
    },
    {
      "type": "Feature",
      "geometry": {
        "type": "Polygon",
        "coordinates": [
          [
            [
              121.53356189489138,
              45.36797787447477
            ],
            [
              121.54272731742373,
              45.3676129536196
            ],
            [
              121.54220918797954,
              45.36115237210874
            ],
            [
              121.53304480207834,
              45.36151721122283
            ],
            [
              121.53356189489138,
              45.36797787447477
            ]
          ]
        ]
      },
      "properties": {
        "biomass": 131.65621948242188,
        "min_biomass": 72.48880767822266,
        "max_biomass": 228.51589965820312,
        "timestamp": "20260406_133449",
        "grid_id": "456_168"
      }
    },
    {
      "type": "Feature",
      "geometry": {
        "type": "Polygon",
        "coordinates": [
          [
            [
              121.54272731742373,
              45.3676129536196
            ],
            [
              121.55189256428434,
              45.367247299579226
            ],
            [
              121.55137339828188,
              45.36078679997261
            ],
            [
              121.54220918797954,
              45.36115237210874
            ],
            [
              121.54272731742373,
              45.3676129536196
            ]
          ]
        ]
      },
      "properties": {
        "biomass": 224.02845764160156,
        "min_biomass": 112.51182556152344,
        "max_biomass": 309.4397888183594,
        "timestamp": "20260406_133449",
        "grid_id": "456_192"
      }
    },
    {
      "type": "Feature",
      "geometry": {
        "type": "Polygon",
        "coordinates": [
          [
            [
              121.55189256428434,
              45.367247299579226
            ],
            [
              121.56105763512478,
              45.36688091239081
            ],
            [
              121.56053743263712,
              45.36042049485161
            ],
            [
              121.55137339828188,
              45.36078679997261
            ],
            [
              121.55189256428434,
              45.367247299579226
            ]
          ]
        ]
      },
      "properties": {
        "biomass": 202.760009765625,
        "min_biomass": 109.224365234375,
        "max_biomass": 300.5003662109375,
        "timestamp": "20260406_133449",
        "grid_id": "456_216"
      }
    },
    {
      "type": "Feature",
      "geometry": {
        "type": "Polygon",
        "coordinates": [
          [
            [
              121.56105763512478,
              45.36688091239081
            ],
            [
              121.57022252959669,
              45.366513792091624
            ],
            [
              121.56970129069695,
              45.360053456783
            ],
            [
              121.56053743263712,
              45.36042049485161
            ],
            [
              121.56105763512478,
              45.36688091239081
            ]
          ]
        ]
      },
      "properties": {
        "biomass": 129.46780395507812,
        "min_biomass": 79.27073669433594,
        "max_biomass": 225.89779663085938,
        "timestamp": "20260406_133449",
        "grid_id": "456_240"
      }
    },
    {
      "type": "Feature",
      "geometry": {
        "type": "Polygon",
        "coordinates": [
          [
            [
              121.57022252959669,
              45.366513792091624
            ],
            [
              121.57938724735165,
              45.36614593871899
            ],
            [
              121.57886497211321,
              45.35968568580407
            ],
            [
              121.56970129069695,
              45.360053456783
            ],
            [
              121.57022252959669,
              45.366513792091624
            ]
          ]
        ]
      },
      "properties": {
        "biomass": 120.5669937133789,
        "min_biomass": 73.15011596679688,
        "max_biomass": 203.7235107421875,
        "timestamp": "20260406_133449",
        "grid_id": "456_264"
      }
    },
    {
      "type": "Feature",
      "geometry": {
        "type": "Polygon",
        "coordinates": [
          [
            [
              121.57938724735165,
              45.36614593871899
            ],
            [
              121.58855178804141,
              45.365777352310296
            ],
            [
              121.58802847653773,
              45.35931718195219
            ],
            [
              121.57886497211321,
              45.35968568580407
            ],
            [
              121.57938724735165,
              45.36614593871899
            ]
          ]
        ]
      },
      "properties": {
        "biomass": 119.13141632080078,
        "min_biomass": 72.69908142089844,
        "max_biomass": 215.04551696777344,
        "timestamp": "20260406_133449",
        "grid_id": "456_288"
      }
    },
    {
      "type": "Feature",
      "geometry": {
        "type": "Polygon",
        "coordinates": [
          [
            [
              121.58855178804141,
              45.365777352310296
            ],
            [
              121.59771615131768,
              45.365408032903034
            ],
            [
              121.59719180362234,
              45.35894794526486
            ],
            [
              121.58802847653773,
              45.35931718195219
            ],
            [
              121.58855178804141,
              45.365777352310296
            ]
          ]
        ]
      },
      "properties": {
        "biomass": 139.68096923828125,
        "min_biomass": 78.23143005371094,
        "max_biomass": 303.8320007324219,
        "timestamp": "20260406_133449",
        "grid_id": "456_312"
      }
    },
    {
      "type": "Feature",
      "geometry": {
        "type": "Polygon",
        "coordinates": [
          [
            [
              121.59771615131768,
              45.365408032903034
            ],
            [
              121.60688033683226,
              45.36503798053473
            ],
            [
              121.606354953019,
              45.35857797577958
            ],
            [
              121.59719180362234,
              45.35894794526486
            ],
            [
              121.59771615131768,
              45.365408032903034
            ]
          ]
        ]
      },
      "properties": {
        "biomass": 114.95748901367188,
        "min_biomass": 75.16698455810547,
        "max_biomass": 210.8181915283203,
        "timestamp": "20260406_133449",
        "grid_id": "456_336"
      }
    },
    {
      "type": "Feature",
      "geometry": {
        "type": "Polygon",
        "coordinates": [
          [
            [
              121.60688033683226,
              45.36503798053473
            ],
            [
              121.61604434423695,
              45.364667195243015
            ],
            [
              121.61551792437967,
              45.35820727353397
            ],
            [
              121.606354953019,
              45.35857797577958
            ],
            [
              121.60688033683226,
              45.36503798053473
            ]
          ]
        ]
      },
      "properties": {
        "biomass": 100.73831939697266,
        "min_biomass": 72.38229370117188,
        "max_biomass": 215.42245483398438,
        "timestamp": "20260406_133449",
        "grid_id": "456_360"
      }
    },
    {
      "type": "Feature",
      "geometry": {
        "type": "Polygon",
        "coordinates": [
          [
            [
              121.61604434423695,
              45.364667195243015
            ],
            [
              121.62520817318362,
              45.36429567706558
            ],
            [
              121.62468071735634,
              45.3578358385657
            ],
            [
              121.61551792437967,
              45.35820727353397
            ],
            [
              121.61604434423695,
              45.364667195243015
            ]
          ]
        ]
      },
      "properties": {
        "biomass": 99.19344329833984,
        "min_biomass": 72.38580322265625,
        "max_biomass": 170.7588653564453,
        "timestamp": "20260406_133449",
        "grid_id": "456_384"
      }
    },
    {
      "type": "Feature",
      "geometry": {
        "type": "Polygon",
        "coordinates": [
          [
            [
              121.62520817318362,
              45.36429567706558
            ],
            [
              121.63437182332416,
              45.36392342604019
            ],
            [
              121.63384333160108,
              45.357463670912516
            ],
            [
              121.62468071735634,
              45.3578358385657
            ],
            [
              121.62520817318362,
              45.36429567706558
            ]
          ]
        ]
      },
      "properties": {
        "biomass": 116.53522491455078,
        "min_biomass": 73.6437759399414,
        "max_biomass": 217.9775390625,
        "timestamp": "20260406_133449",
        "grid_id": "456_408"
      }
    },
    {
      "type": "Feature",
      "geometry": {
        "type": "Polygon",
        "coordinates": [
          [
            [
              121.63437182332416,
              45.36392342604019
            ],
            [
              121.64353529431057,
              45.363550442204684
            ],
            [
              121.64300576676598,
              45.35709077061225
            ],
            [
              121.63384333160108,
              45.357463670912516
            ],
            [
              121.63437182332416,
              45.36392342604019
            ]
          ]
        ]
      },
      "properties": {
        "biomass": 193.59381103515625,
        "min_biomass": 109.63841247558594,
        "max_biomass": 321.1522521972656,
        "timestamp": "20260406_133449",
        "grid_id": "456_432"
      }
    },
    {
      "type": "Feature",
      "geometry": {
        "type": "Polygon",
        "coordinates": [
          [
            [
              121.64353529431057,
              45.363550442204684
            ],
            [
              121.65269858579478,
              45.363176725596965
            ],
            [
              121.65216802250318,
              45.35671713770281
            ],
            [
              121.64300576676598,
              45.35709077061225
            ],
            [
              121.64353529431057,
              45.363550442204684
            ]
          ]
        ]
      },
      "properties": {
        "biomass": 252.4856414794922,
        "min_biomass": 165.8483428955078,
        "max_biomass": 329.6669616699219,
        "timestamp": "20260406_133449",
        "grid_id": "456_456"
      }
    },
    {
      "type": "Feature",
      "geometry": {
        "type": "Polygon",
        "coordinates": [
          [
            [
              121.65269858579478,
              45.363176725596965
            ],
            [
              121.66186169742889,
              45.36280227625504
            ],
            [
              121.66133009846482,
              45.356342772222135
            ],
            [
              121.65216802250318,
              45.35671713770281
            ],
            [
              121.65269858579478,
              45.363176725596965
            ]
          ]
        ]
      },
      "properties": {
        "biomass": 217.56521606445312,
        "min_biomass": 120.81111145019531,
        "max_biomass": 336.7218322753906,
        "timestamp": "20260406_133449",
        "grid_id": "456_480"
      }
    },
    {
      "type": "Feature",
      "geometry": {
        "type": "Polygon",
        "coordinates": [
          [
            [
              121.66186169742889,
              45.36280227625504
            ],
            [
              121.67102462886494,
              45.362427094216955
            ],
            [
              121.67049199430316,
              45.355967674208294
            ],
            [
              121.66133009846482,
              45.356342772222135
            ],
            [
              121.66186169742889,
              45.36280227625504
            ]
          ]
        ]
      },
      "properties": {
        "biomass": 233.40711975097656,
        "min_biomass": 139.99383544921875,
        "max_biomass": 306.79693603515625,
        "timestamp": "20260406_133449",
        "grid_id": "456_504"
      }
    },
    {
      "type": "Feature",
      "geometry": {
        "type": "Polygon",
        "coordinates": [
          [
            [
              121.46888921326814,
              45.36405055729812
            ],
            [
              121.47805481860537,
              45.36369085037272
            ],
            [
              121.47754412026157,
              45.35722968825765
            ],
            [
              121.46837955171308,
              45.35758931460278
            ],
            [
              121.46888921326814,
              45.36405055729812
            ]
          ]
        ]
      },
      "properties": {
        "biomass": 162.43309020996094,
        "min_biomass": 110.31413269042969,
        "max_biomass": 340.6467590332031,
        "timestamp": "20260406_133449",
        "grid_id": "480_0"
      }
    },
    {
      "type": "Feature",
      "geometry": {
        "type": "Polygon",
        "coordinates": [
          [
            [
              121.47805481860537,
              45.36369085037272
            ],
            [
              121.48722025078305,
              45.36333041016719
            ],
            [
              121.48670851572233,
              45.356869328795604
            ],
            [
              121.47754412026157,
              45.35722968825765
            ],
            [
              121.47805481860537,
              45.36369085037272
            ]
          ]
        ]
      },
      "properties": {
        "biomass": 124.15084838867188,
        "min_biomass": 72.57759094238281,
        "max_biomass": 230.79537963867188,
        "timestamp": "20260406_133449",
        "grid_id": "480_24"
      }
    },
    {
      "type": "Feature",
      "geometry": {
        "type": "Polygon",
        "coordinates": [
          [
            [
              121.48722025078305,
              45.36333041016719
            ],
            [
              121.49638550945252,
              45.362969236718165
            ],
            [
              121.49587273774686,
              45.356508236253326
            ],
            [
              121.48670851572233,
              45.356869328795604
            ],
            [
              121.48722025078305,
              45.36333041016719
            ]
          ]
        ]
      },
      "properties": {
        "biomass": 103.84200286865234,
        "min_biomass": 73.1238021850586,
        "max_biomass": 190.15695190429688,
        "timestamp": "20260406_133449",
        "grid_id": "480_48"
      }
    },
    {
      "type": "Feature",
      "geometry": {
        "type": "Polygon",
        "coordinates": [
          [
            [
              121.49638550945252,
              45.362969236718165
            ],
            [
              121.5055505942653,
              45.362607330062374
            ],
            [
              121.50503678598686,
              45.356146410667485
            ],
            [
              121.49587273774686,
              45.356508236253326
            ],
            [
              121.49638550945252,
              45.362969236718165
            ]
          ]
        ]
      },
      "properties": {
        "biomass": 152.4144287109375,
        "min_biomass": 74.18262481689453,
        "max_biomass": 294.423095703125,
        "timestamp": "20260406_133449",
        "grid_id": "480_72"
      }
    },
    {
      "type": "Feature",
      "geometry": {
        "type": "Polygon",
        "coordinates": [
          [
            [
              121.5055505942653,
              45.362607330062374
            ],
            [
              121.51471550487283,
              45.36224469023664
            ],
            [
              121.51420066009386,
              45.35578385207491
            ],
            [
              121.50503678598686,
              45.356146410667485
            ],
            [
              121.5055505942653,
              45.362607330062374
            ]
          ]
        ]
      },
      "properties": {
        "biomass": 133.00840759277344,
        "min_biomass": 72.64102935791016,
        "max_biomass": 346.02264404296875,
        "timestamp": "20260406_133449",
        "grid_id": "480_96"
      }
    },
    {
      "type": "Feature",
      "geometry": {
        "type": "Polygon",
        "coordinates": [
          [
            [
              121.51471550487283,
              45.36224469023664
            ],
            [
              121.52388024092663,
              45.361881317277806
            ],
            [
              121.52336435971961,
              45.355420560512414
            ],
            [
              121.51420066009386,
              45.35578385207491
            ],
            [
              121.51471550487283,
              45.36224469023664
            ]
          ]
        ]
      },
      "properties": {
        "biomass": 109.4207992553711,
        "min_biomass": 72.45982360839844,
        "max_biomass": 163.00733947753906,
        "timestamp": "20260406_133449",
        "grid_id": "480_120"
      }
    },
    {
      "type": "Feature",
      "geometry": {
        "type": "Polygon",
        "coordinates": [
          [
            [
              121.52388024092663,
              45.361881317277806
            ],
            [
              121.53304480207834,
              45.36151721122283
            ],
            [
              121.53252788451579,
              45.35505653601695
            ],
            [
              121.52336435971961,
              45.355420560512414
            ],
            [
              121.52388024092663,
              45.361881317277806
            ]
          ]
        ]
      },
      "properties": {
        "biomass": 106.32960510253906,
        "min_biomass": 72.85391235351562,
        "max_biomass": 163.80323791503906,
        "timestamp": "20260406_133449",
        "grid_id": "480_144"
      }
    },
    {
      "type": "Feature",
      "geometry": {
        "type": "Polygon",
        "coordinates": [
          [
            [
              121.53304480207834,
              45.36151721122283
            ],
            [
              121.54220918797954,
              45.36115237210874
            ],
            [
              121.54169123413418,
              45.354691778625536
            ],
            [
              121.53252788451579,
              45.35505653601695
            ],
            [
              121.53304480207834,
              45.36151721122283
            ]
          ]
        ]
      },
      "properties": {
        "biomass": 107.41999816894531,
        "min_biomass": 72.76567840576172,
        "max_biomass": 150.9960479736328,
        "timestamp": "20260406_133449",
        "grid_id": "480_168"
      }
    },
    {
      "type": "Feature",
      "geometry": {
        "type": "Polygon",
        "coordinates": [
          [
            [
              121.54220918797954,
              45.36115237210874
            ],
            [
              121.55137339828188,
              45.36078679997261
            ],
            [
              121.55085440822657,
              45.354326288375226
            ],
            [
              121.54169123413418,
              45.354691778625536
            ],
            [
              121.54220918797954,
              45.36115237210874
            ]
          ]
        ]
      },
      "properties": {
        "biomass": 144.51824951171875,
        "min_biomass": 86.89652252197266,
        "max_biomass": 231.2288360595703,
        "timestamp": "20260406_133449",
        "grid_id": "480_192"
      }
    },
    {
      "type": "Feature",
      "geometry": {
        "type": "Polygon",
        "coordinates": [
          [
            [
              121.55137339828188,
              45.36078679997261
            ],
            [
              121.56053743263712,
              45.36042049485161
            ],
            [
              121.56001740644486,
              45.35396006530318
            ],
            [
              121.55085440822657,
              45.354326288375226
            ],
            [
              121.55137339828188,
              45.36078679997261
            ]
          ]
        ]
      },
      "properties": {
        "biomass": 186.3019561767578,
        "min_biomass": 107.43323516845703,
        "max_biomass": 304.80621337890625,
        "timestamp": "20260406_133449",
        "grid_id": "480_216"
      }
    },
    {
      "type": "Feature",
      "geometry": {
        "type": "Polygon",
        "coordinates": [
          [
            [
              121.56053743263712,
              45.36042049485161
            ],
            [
              121.56970129069695,
              45.360053456783
            ],
            [
              121.56918022844086,
              45.35359310944662
            ],
            [
              121.56001740644486,
              45.35396006530318
            ],
            [
              121.56053743263712,
              45.36042049485161
            ]
          ]
        ]
      },
      "properties": {
        "biomass": 133.18629455566406,
        "min_biomass": 78.15361785888672,
        "max_biomass": 222.1754608154297,
        "timestamp": "20260406_133449",
        "grid_id": "480_240"
      }
    },
    {
      "type": "Feature",
      "geometry": {
        "type": "Polygon",
        "coordinates": [
          [
            [
              121.56970129069695,
              45.360053456783
            ],
            [
              121.57886497211321,
              45.35968568580407
            ],
            [
              121.57834287386656,
              45.353225420842854
            ],
            [
              121.56918022844086,
              45.35359310944662
            ],
            [
              121.56970129069695,
              45.360053456783
            ]
          ]
        ]
      },
      "properties": {
        "biomass": 111.61491394042969,
        "min_biomass": 72.423095703125,
        "max_biomass": 167.00901794433594,
        "timestamp": "20260406_133449",
        "grid_id": "480_264"
      }
    },
    {
      "type": "Feature",
      "geometry": {
        "type": "Polygon",
        "coordinates": [
          [
            [
              121.57886497211321,
              45.35968568580407
            ],
            [
              121.58802847653773,
              45.35931718195219
            ],
            [
              121.58750534237392,
              45.35285699952924
            ],
            [
              121.57834287386656,
              45.353225420842854
            ],
            [
              121.57886497211321,
              45.35968568580407
            ]
          ]
        ]
      },
      "properties": {
        "biomass": 187.3191680908203,
        "min_biomass": 79.33393096923828,
        "max_biomass": 307.1058349609375,
        "timestamp": "20260406_133449",
        "grid_id": "480_288"
      }
    },
    {
      "type": "Feature",
      "geometry": {
        "type": "Polygon",
        "coordinates": [
          [
            [
              121.58802847653773,
              45.35931718195219
            ],
            [
              121.59719180362234,
              45.35894794526486
            ],
            [
              121.59666763361496,
              45.35248784554322
            ],
            [
              121.58750534237392,
              45.35285699952924
            ],
            [
              121.58802847653773,
              45.35931718195219
            ]
          ]
        ]
      },
      "properties": {
        "biomass": 228.03195190429688,
        "min_biomass": 129.666748046875,
        "max_biomass": 308.5450439453125,
        "timestamp": "20260406_133449",
        "grid_id": "480_312"
      }
    },
    {
      "type": "Feature",
      "geometry": {
        "type": "Polygon",
        "coordinates": [
          [
            [
              121.59719180362234,
              45.35894794526486
            ],
            [
              121.606354953019,
              45.35857797577958
            ],
            [
              121.60582974724174,
              45.35211795892232
            ],
            [
              121.59666763361496,
              45.35248784554322
            ],
            [
              121.59719180362234,
              45.35894794526486
            ]
          ]
        ]
      },
      "properties": {
        "biomass": 162.91952514648438,
        "min_biomass": 78.38372039794922,
        "max_biomass": 248.5786590576172,
        "timestamp": "20260406_133449",
        "grid_id": "480_336"
      }
    },
    {
      "type": "Feature",
      "geometry": {
        "type": "Polygon",
        "coordinates": [
          [
            [
              121.606354953019,
              45.35857797577958
            ],
            [
              121.61551792437967,
              45.35820727353397
            ],
            [
              121.61499168290639,
              45.351747339704126
            ],
            [
              121.60582974724174,
              45.35211795892232
            ],
            [
              121.606354953019,
              45.35857797577958
            ]
          ]
        ]
      },
      "properties": {
        "biomass": 168.970458984375,
        "min_biomass": 101.80653381347656,
        "max_biomass": 269.3862609863281,
        "timestamp": "20260406_133449",
        "grid_id": "480_360"
      }
    },
    {
      "type": "Feature",
      "geometry": {
        "type": "Polygon",
        "coordinates": [
          [
            [
              121.61551792437967,
              45.35820727353397
            ],
            [
              121.62468071735634,
              45.3578358385657
            ],
            [
              121.62415344026103,
              45.3513759879263
            ],
            [
              121.61499168290639,
              45.351747339704126
            ],
            [
              121.61551792437967,
              45.35820727353397
            ]
          ]
        ]
      },
      "properties": {
        "biomass": 113.15457916259766,
        "min_biomass": 72.50991821289062,
        "max_biomass": 203.0362091064453,
        "timestamp": "20260406_133449",
        "grid_id": "480_384"
      }
    },
    {
      "type": "Feature",
      "geometry": {
        "type": "Polygon",
        "coordinates": [
          [
            [
              121.62468071735634,
              45.3578358385657
            ],
            [
              121.63384333160108,
              45.357463670912516
            ],
            [
              121.63331501895786,
              45.35100390362658
            ],
            [
              121.62415344026103,
              45.3513759879263
            ],
            [
              121.62468071735634,
              45.3578358385657
            ]
          ]
        ]
      },
      "properties": {
        "biomass": 152.005126953125,
        "min_biomass": 77.94708251953125,
        "max_biomass": 249.4307098388672,
        "timestamp": "20260406_133449",
        "grid_id": "480_408"
      }
    },
    {
      "type": "Feature",
      "geometry": {
        "type": "Polygon",
        "coordinates": [
          [
            [
              121.63384333160108,
              45.357463670912516
            ],
            [
              121.64300576676598,
              45.35709077061225
            ],
            [
              121.64247641864912,
              45.350631086842775
            ],
            [
              121.63331501895786,
              45.35100390362658
            ],
            [
              121.63384333160108,
              45.357463670912516
            ]
          ]
        ]
      },
      "properties": {
        "biomass": 225.63015747070312,
        "min_biomass": 133.95079040527344,
        "max_biomass": 319.96527099609375,
        "timestamp": "20260406_133449",
        "grid_id": "480_432"
      }
    },
    {
      "type": "Feature",
      "geometry": {
        "type": "Polygon",
        "coordinates": [
          [
            [
              121.64300576676598,
              45.35709077061225
            ],
            [
              121.65216802250318,
              45.35671713770281
            ],
            [
              121.65163763898707,
              45.35025753761276
            ],
            [
              121.64247641864912,
              45.350631086842775
            ],
            [
              121.64300576676598,
              45.35709077061225
            ]
          ]
        ]
      },
      "properties": {
        "biomass": 243.28811645507812,
        "min_biomass": 129.0763702392578,
        "max_biomass": 323.47259521484375,
        "timestamp": "20260406_133449",
        "grid_id": "480_456"
      }
    },
    {
      "type": "Feature",
      "geometry": {
        "type": "Polygon",
        "coordinates": [
          [
            [
              121.46837955171308,
              45.35758931460278
            ],
            [
              121.47754412026157,
              45.35722968825765
            ],
            [
              121.4770335950055,
              45.35076851430021
            ],
            [
              121.4678700628973,
              45.351128060083234
            ],
            [
              121.46837955171308,
              45.35758931460278
            ]
          ]
        ]
      },
      "properties": {
        "biomass": 171.7771759033203,
        "min_biomass": 113.76573944091797,
        "max_biomass": 344.6090393066406,
        "timestamp": "20260406_133449",
        "grid_id": "504_0"
      }
    },
    {
      "type": "Feature",
      "geometry": {
        "type": "Polygon",
        "coordinates": [
          [
            [
              121.47754412026157,
              45.35722968825765
            ],
            [
              121.48670851572233,
              45.356869328795604
            ],
            [
              121.48619695409778,
              45.35040823556352
            ],
            [
              121.4770335950055,
              45.35076851430021
            ],
            [
              121.47754412026157,
              45.35722968825765
            ]
          ]
        ]
      },
      "properties": {
        "biomass": 133.5113983154297,
        "min_biomass": 72.56641387939453,
        "max_biomass": 182.4046173095703,
        "timestamp": "20260406_133449",
        "grid_id": "504_24"
      }
    },
    {
      "type": "Feature",
      "geometry": {
        "type": "Polygon",
        "coordinates": [
          [
            [
              121.48670851572233,
              45.356869328795604
            ],
            [
              121.49587273774686,
              45.356508236253326
            ],
            [
              121.49536013982583,
              45.350047223909755
            ],
            [
              121.48619695409778,
              45.35040823556352
            ],
            [
              121.48670851572233,
              45.356869328795604
            ]
          ]
        ]
      },
      "properties": {
        "biomass": 111.60726165771484,
        "min_biomass": 72.67975616455078,
        "max_biomass": 171.6815643310547,
        "timestamp": "20260406_133449",
        "grid_id": "504_48"
      }
    },
    {
      "type": "Feature",
      "geometry": {
        "type": "Polygon",
        "coordinates": [
          [
            [
              121.49587273774686,
              45.356508236253326
            ],
            [
              121.50503678598686,
              45.356146410667485
            ],
            [
              121.50452315184138,
              45.349685479375644
            ],
            [
              121.49536013982583,
              45.350047223909755
            ],
            [
              121.49587273774686,
              45.356508236253326
            ]
          ]
        ]
      },
      "properties": {
        "biomass": 99.1720199584961,
        "min_biomass": 72.48025512695312,
        "max_biomass": 152.06507873535156,
        "timestamp": "20260406_133449",
        "grid_id": "504_72"
      }
    },
    {
      "type": "Feature",
      "geometry": {
        "type": "Polygon",
        "coordinates": [
          [
            [
              121.50503678598686,
              45.356146410667485
            ],
            [
              121.51420066009386,
              45.35578385207491
            ],
            [
              121.51368598979622,
              45.349323001997924
            ],
            [
              121.50452315184138,
              45.349685479375644
            ],
            [
              121.50503678598686,
              45.356146410667485
            ]
          ]
        ]
      },
      "properties": {
        "biomass": 110.48289489746094,
        "min_biomass": 72.48100280761719,
        "max_biomass": 164.0936737060547,
        "timestamp": "20260406_133449",
        "grid_id": "504_96"
      }
    },
    {
      "type": "Feature",
      "geometry": {
        "type": "Polygon",
        "coordinates": [
          [
            [
              121.51420066009386,
              45.35578385207491
            ],
            [
              121.52336435971961,
              45.355420560512414
            ],
            [
              121.52284865334215,
              45.34895979181347
            ],
            [
              121.51368598979622,
              45.349323001997924
            ],
            [
              121.51420066009386,
              45.35578385207491
            ]
          ]
        ]
      },
      "properties": {
        "biomass": 109.70784759521484,
        "min_biomass": 73.23918151855469,
        "max_biomass": 166.41751098632812,
        "timestamp": "20260406_133449",
        "grid_id": "504_120"
      }
    },
    {
      "type": "Feature",
      "geometry": {
        "type": "Polygon",
        "coordinates": [
          [
            [
              121.52336435971961,
              45.355420560512414
            ],
            [
              121.53252788451579,
              45.35505653601695
            ],
            [
              121.53201114213104,
              45.34859584885917
            ],
            [
              121.52284865334215,
              45.34895979181347
            ],
            [
              121.52336435971961,
              45.355420560512414
            ]
          ]
        ]
      },
      "properties": {
        "biomass": 118.3443832397461,
        "min_biomass": 73.60989379882812,
        "max_biomass": 159.38235473632812,
        "timestamp": "20260406_133449",
        "grid_id": "504_144"
      }
    },
    {
      "type": "Feature",
      "geometry": {
        "type": "Polygon",
        "coordinates": [
          [
            [
              121.53252788451579,
              45.35505653601695
            ],
            [
              121.54169123413418,
              45.354691778625536
            ],
            [
              121.54117345581481,
              45.348231173172046
            ],
            [
              121.53201114213104,
              45.34859584885917
            ],
            [
              121.53252788451579,
              45.35505653601695
            ]
          ]
        ]
      },
      "properties": {
        "biomass": 162.0833282470703,
        "min_biomass": 106.72627258300781,
        "max_biomass": 271.7833557128906,
        "timestamp": "20260406_133449",
        "grid_id": "504_168"
      }
    },
    {
      "type": "Feature",
      "geometry": {
        "type": "Polygon",
        "coordinates": [
          [
            [
              121.54169123413418,
              45.354691778625536
            ],
            [
              121.55085440822657,
              45.354326288375226
            ],
            [
              121.55033559404541,
              45.34786576478913
            ],
            [
              121.54117345581481,
              45.348231173172046
            ],
            [
              121.54169123413418,
              45.354691778625536
            ]
          ]
        ]
      },
      "properties": {
        "biomass": 172.21067810058594,
        "min_biomass": 86.89118194580078,
        "max_biomass": 310.03912353515625,
        "timestamp": "20260406_133449",
        "grid_id": "504_192"
      }
    },
    {
      "type": "Feature",
      "geometry": {
        "type": "Polygon",
        "coordinates": [
          [
            [
              121.55085440822657,
              45.354326288375226
            ],
            [
              121.56001740644486,
              45.35396006530318
            ],
            [
              121.55949755647482,
              45.34749962374758
            ],
            [
              121.55033559404541,
              45.34786576478913
            ],
            [
              121.55085440822657,
              45.354326288375226
            ]
          ]
        ]
      },
      "properties": {
        "biomass": 128.9892578125,
        "min_biomass": 78.3835220336914,
        "max_biomass": 220.75833129882812,
        "timestamp": "20260406_133449",
        "grid_id": "504_216"
      }
    },
    {
      "type": "Feature",
      "geometry": {
        "type": "Polygon",
        "coordinates": [
          [
            [
              121.56001740644486,
              45.35396006530318
            ],
            [
              121.56918022844086,
              45.35359310944662
            ],
            [
              121.56865934275505,
              45.3471327500846
            ],
            [
              121.55949755647482,
              45.34749962374758
            ],
            [
              121.56001740644486,
              45.35396006530318
            ]
          ]
        ]
      },
      "properties": {
        "biomass": 100.5668716430664,
        "min_biomass": 72.38179779052734,
        "max_biomass": 190.45498657226562,
        "timestamp": "20260406_133449",
        "grid_id": "504_240"
      }
    },
    {
      "type": "Feature",
      "geometry": {
        "type": "Polygon",
        "coordinates": [
          [
            [
              121.56918022844086,
              45.35359310944662
            ],
            [
              121.57834287386656,
              45.353225420842854
            ],
            [
              121.57782095253825,
              45.34676514383745
            ],
            [
              121.56865934275505,
              45.3471327500846
            ],
            [
              121.56918022844086,
              45.35359310944662
            ]
          ]
        ]
      },
      "properties": {
        "biomass": 108.92100524902344,
        "min_biomass": 72.51091003417969,
        "max_biomass": 181.2953338623047,
        "timestamp": "20260406_133449",
        "grid_id": "504_264"
      }
    },
    {
      "type": "Feature",
      "geometry": {
        "type": "Polygon",
        "coordinates": [
          [
            [
              121.57834287386656,
              45.353225420842854
            ],
            [
              121.58750534237392,
              45.35285699952924
            ],
            [
              121.58698238547643,
              45.34639680504354
            ],
            [
              121.57782095253825,
              45.34676514383745
            ],
            [
              121.57834287386656,
              45.353225420842854
            ]
          ]
        ]
      },
      "properties": {
        "biomass": 157.4007568359375,
        "min_biomass": 72.85289001464844,
        "max_biomass": 301.30902099609375,
        "timestamp": "20260406_133449",
        "grid_id": "504_288"
      }
    },
    {
      "type": "Feature",
      "geometry": {
        "type": "Polygon",
        "coordinates": [
          [
            [
              121.58750534237392,
              45.35285699952924
            ],
            [
              121.59666763361496,
              45.35248784554322
            ],
            [
              121.59614364122184,
              45.346027733740236
            ],
            [
              121.58698238547643,
              45.34639680504354
            ],
            [
              121.58750534237392,
              45.35285699952924
            ]
          ]
        ]
      },
      "properties": {
        "biomass": 227.05421447753906,
        "min_biomass": 159.4286651611328,
        "max_biomass": 304.357421875,
        "timestamp": "20260406_133449",
        "grid_id": "504_312"
      }
    },
    {
      "type": "Feature",
      "geometry": {
        "type": "Polygon",
        "coordinates": [
          [
            [
              121.59666763361496,
              45.35248784554322
            ],
            [
              121.60582974724174,
              45.35211795892232
            ],
            [
              121.60530471942666,
              45.34565792996507
            ],
            [
              121.59614364122184,
              45.346027733740236
            ],
            [
              121.59666763361496,
              45.35248784554322
            ]
          ]
        ]
      },
      "properties": {
        "biomass": 206.68411254882812,
        "min_biomass": 155.544677734375,
        "max_biomass": 274.7382507324219,
        "timestamp": "20260406_133449",
        "grid_id": "504_336"
      }
    },
    {
      "type": "Feature",
      "geometry": {
        "type": "Polygon",
        "coordinates": [
          [
            [
              121.60582974724174,
              45.35211795892232
            ],
            [
              121.61499168290639,
              45.351747339704126
            ],
            [
              121.61446561974313,
              45.345287393755626
            ],
            [
              121.60530471942666,
              45.34565792996507
            ],
            [
              121.60582974724174,
              45.35211795892232
            ]
          ]
        ]
      },
      "properties": {
        "biomass": 204.2136993408203,
        "min_biomass": 145.93125915527344,
        "max_biomass": 275.0987548828125,
        "timestamp": "20260406_133449",
        "grid_id": "504_360"
      }
    },
    {
      "type": "Feature",
      "geometry": {
        "type": "Polygon",
        "coordinates": [
          [
            [
              121.61499168290639,
              45.351747339704126
            ],
            [
              121.62415344026103,
              45.3513759879263
            ],
            [
              121.62362634182352,
              45.34491612514954
            ],
            [
              121.61446561974313,
              45.345287393755626
            ],
            [
              121.61499168290639,
              45.351747339704126
            ]
          ]
        ]
      },
      "properties": {
        "biomass": 162.06369018554688,
        "min_biomass": 89.83319854736328,
        "max_biomass": 283.7452087402344,
        "timestamp": "20260406_133449",
        "grid_id": "504_384"
      }
    },
    {
      "type": "Feature",
      "geometry": {
        "type": "Polygon",
        "coordinates": [
          [
            [
              121.62415344026103,
              45.3513759879263
            ],
            [
              121.63331501895786,
              45.35100390362658
            ],
            [
              121.63278688532021,
              45.34454412418453
            ],
            [
              121.62362634182352,
              45.34491612514954
            ],
            [
              121.62415344026103,
              45.3513759879263
            ]
          ]
        ]
      },
      "properties": {
        "biomass": 202.1422882080078,
        "min_biomass": 101.54943084716797,
        "max_biomass": 305.6513671875,
        "timestamp": "20260406_133449",
        "grid_id": "504_408"
      }
    },
    {
      "type": "Feature",
      "geometry": {
        "type": "Polygon",
        "coordinates": [
          [
            [
              121.63331501895786,
              45.35100390362658
            ],
            [
              121.64247641864912,
              45.350631086842775
            ],
            [
              121.64194724988555,
              45.34417139089839
            ],
            [
              121.63278688532021,
              45.34454412418453
            ],
            [
              121.63331501895786,
              45.35100390362658
            ]
          ]
        ]
      },
      "properties": {
        "biomass": 218.69244384765625,
        "min_biomass": 109.37544250488281,
        "max_biomass": 348.2501525878906,
        "timestamp": "20260406_133449",
        "grid_id": "504_432"
      }
    },
    {
      "type": "Feature",
      "geometry": {
        "type": "Polygon",
        "coordinates": [
          [
            [
              121.64247641864912,
              45.350631086842775
            ],
            [
              121.65163763898707,
              45.35025753761276
            ],
            [
              121.65110743517198,
              45.34379792532901
            ],
            [
              121.64194724988555,
              45.34417139089839
            ],
            [
              121.64247641864912,
              45.350631086842775
            ]
          ]
        ]
      },
      "properties": {
        "biomass": 247.4573516845703,
        "min_biomass": 158.2361602783203,
        "max_biomass": 352.9517517089844,
        "timestamp": "20260406_133449",
        "grid_id": "504_456"
      }
    },
    {
      "type": "Feature",
      "geometry": {
        "type": "Polygon",
        "coordinates": [
          [
            [
              121.4678700628973,
              45.351128060083234
            ],
            [
              121.4770335950055,
              45.35076851430021
            ],
            [
              121.47652324276537,
              45.344307328502424
            ],
            [
              121.4673607467491,
              45.34466679374145
            ],
            [
              121.4678700628973,
              45.351128060083234
            ]
          ]
        ]
      },
      "properties": {
        "biomass": 205.7501220703125,
        "min_biomass": 156.0028533935547,
        "max_biomass": 289.5748291015625,
        "timestamp": "20260406_133449",
        "grid_id": "528_0"
      }
    },
    {
      "type": "Feature",
      "geometry": {
        "type": "Polygon",
        "coordinates": [
          [
            [
              121.4770335950055,
              45.35076851430021
            ],
            [
              121.48619695409778,
              45.35040823556352
            ],
            [
              121.48568556583749,
              45.3439471304729
            ],
            [
              121.47652324276537,
              45.344307328502424
            ],
            [
              121.4770335950055,
              45.35076851430021
            ]
          ]
        ]
      },
      "properties": {
        "biomass": 146.87635803222656,
        "min_biomass": 89.30227661132812,
        "max_biomass": 292.9014892578125,
        "timestamp": "20260406_133449",
        "grid_id": "528_24"
      }
    },
    {
      "type": "Feature",
      "geometry": {
        "type": "Polygon",
        "coordinates": [
          [
            [
              121.48619695409778,
              45.35040823556352
            ],
            [
              121.49536013982583,
              45.350047223909755
            ],
            [
              121.49484771561728,
              45.343586199689476
            ],
            [
              121.48568556583749,
              45.3439471304729
            ],
            [
              121.48619695409778,
              45.35040823556352
            ]
          ]
        ]
      },
      "properties": {
        "biomass": 170.87283325195312,
        "min_biomass": 97.23491668701172,
        "max_biomass": 295.8426513671875,
        "timestamp": "20260406_133449",
        "grid_id": "528_48"
      }
    },
    {
      "type": "Feature",
      "geometry": {
        "type": "Polygon",
        "coordinates": [
          [
            [
              121.49536013982583,
              45.350047223909755
            ],
            [
              121.50452315184138,
              45.349685479375644
            ],
            [
              121.50400969175662,
              45.34322453618883
            ],
            [
              121.49484771561728,
              45.343586199689476
            ],
            [
              121.49536013982583,
              45.350047223909755
            ]
          ]
        ]
      },
      "properties": {
        "biomass": 130.3054656982422,
        "min_biomass": 76.55538177490234,
        "max_biomass": 228.323486328125,
        "timestamp": "20260406_133449",
        "grid_id": "528_72"
      }
    },
    {
      "type": "Feature",
      "geometry": {
        "type": "Polygon",
        "coordinates": [
          [
            [
              121.50452315184138,
              45.349685479375644
            ],
            [
              121.51368598979622,
              45.349323001997924
            ],
            [
              121.51317149390746,
              45.34286214000773
            ],
            [
              121.50400969175662,
              45.34322453618883
            ],
            [
              121.50452315184138,
              45.349685479375644
            ]
          ]
        ]
      },
      "properties": {
        "biomass": 108.31172180175781,
        "min_biomass": 72.474853515625,
        "max_biomass": 181.7238311767578,
        "timestamp": "20260406_133449",
        "grid_id": "528_96"
      }
    },
    {
      "type": "Feature",
      "geometry": {
        "type": "Polygon",
        "coordinates": [
          [
            [
              121.51368598979622,
              45.349323001997924
            ],
            [
              121.52284865334215,
              45.34895979181347
            ],
            [
              121.52233312172173,
              45.342499011182994
            ],
            [
              121.51317149390746,
              45.34286214000773
            ],
            [
              121.51368598979622,
              45.349323001997924
            ]
          ]
        ]
      },
      "properties": {
        "biomass": 111.93595123291016,
        "min_biomass": 73.62739562988281,
        "max_biomass": 164.4741668701172,
        "timestamp": "20260406_133449",
        "grid_id": "528_120"
      }
    },
    {
      "type": "Feature",
      "geometry": {
        "type": "Polygon",
        "coordinates": [
          [
            [
              121.52284865334215,
              45.34895979181347
            ],
            [
              121.53201114213104,
              45.34859584885917
            ],
            [
              121.53149457485145,
              45.34213514975153
            ],
            [
              121.52233312172173,
              45.342499011182994
            ],
            [
              121.52284865334215,
              45.34895979181347
            ]
          ]
        ]
      },
      "properties": {
        "biomass": 119.9319076538086,
        "min_biomass": 73.81590270996094,
        "max_biomass": 157.61447143554688,
        "timestamp": "20260406_133449",
        "grid_id": "528_144"
      }
    },
    {
      "type": "Feature",
      "geometry": {
        "type": "Polygon",
        "coordinates": [
          [
            [
              121.53201114213104,
              45.34859584885917
            ],
            [
              121.54117345581481,
              45.348231173172046
            ],
            [
              121.54065585294865,
              45.34177055575031
            ],
            [
              121.53149457485145,
              45.34213514975153
            ],
            [
              121.53201114213104,
              45.34859584885917
            ]
          ]
        ]
      },
      "properties": {
        "biomass": 140.44293212890625,
        "min_biomass": 77.468505859375,
        "max_biomass": 273.9237365722656,
        "timestamp": "20260406_133449",
        "grid_id": "528_168"
      }
    },
    {
      "type": "Feature",
      "geometry": {
        "type": "Polygon",
        "coordinates": [
          [
            [
              121.54117345581481,
              45.348231173172046
            ],
            [
              121.55033559404541,
              45.34786576478913
            ],
            [
              121.54981695566545,
              45.34140522921638
            ],
            [
              121.54065585294865,
              45.34177055575031
            ],
            [
              121.54117345581481,
              45.348231173172046
            ]
          ]
        ]
      },
      "properties": {
        "biomass": 134.79730224609375,
        "min_biomass": 80.58467864990234,
        "max_biomass": 238.21632385253906,
        "timestamp": "20260406_133449",
        "grid_id": "528_192"
      }
    },
    {
      "type": "Feature",
      "geometry": {
        "type": "Polygon",
        "coordinates": [
          [
            [
              121.55033559404541,
              45.34786576478913
            ],
            [
              121.55949755647482,
              45.34749962374758
            ],
            [
              121.55897788265395,
              45.341039170186875
            ],
            [
              121.54981695566545,
              45.34140522921638
            ],
            [
              121.55033559404541,
              45.34786576478913
            ]
          ]
        ]
      },
      "properties": {
        "biomass": 147.21051025390625,
        "min_biomass": 79.0567398071289,
        "max_biomass": 275.15155029296875,
        "timestamp": "20260406_133449",
        "grid_id": "528_216"
      }
    },
    {
      "type": "Feature",
      "geometry": {
        "type": "Polygon",
        "coordinates": [
          [
            [
              121.55949755647482,
              45.34749962374758
            ],
            [
              121.56865934275505,
              45.3471327500846
            ],
            [
              121.56813863356635,
              45.34067237869897
            ],
            [
              121.55897788265395,
              45.341039170186875
            ],
            [
              121.55949755647482,
              45.34749962374758
            ]
          ]
        ]
      },
      "properties": {
        "biomass": 167.86170959472656,
        "min_biomass": 73.92008972167969,
        "max_biomass": 295.2606506347656,
        "timestamp": "20260406_133449",
        "grid_id": "528_240"
      }
    },
    {
      "type": "Feature",
      "geometry": {
        "type": "Polygon",
        "coordinates": [
          [
            [
              121.56865934275505,
              45.3471327500846
            ],
            [
              121.57782095253825,
              45.34676514383745
            ],
            [
              121.57729920805487,
              45.34030485478995
            ],
            [
              121.56813863356635,
              45.34067237869897
            ],
            [
              121.56865934275505,
              45.3471327500846
            ]
          ]
        ]
      },
      "properties": {
        "biomass": 126.79712677001953,
        "min_biomass": 73.16545867919922,
        "max_biomass": 200.26602172851562,
        "timestamp": "20260406_133449",
        "grid_id": "528_264"
      }
    },
    {
      "type": "Feature",
      "geometry": {
        "type": "Polygon",
        "coordinates": [
          [
            [
              121.57782095253825,
              45.34676514383745
            ],
            [
              121.58698238547643,
              45.34639680504354
            ],
            [
              121.58645960577176,
              45.339936598497154
            ],
            [
              121.57729920805487,
              45.34030485478995
            ],
            [
              121.57782095253825,
              45.34676514383745
            ]
          ]
        ]
      },
      "properties": {
        "biomass": 116.14545440673828,
        "min_biomass": 72.69072723388672,
        "max_biomass": 186.9835968017578,
        "timestamp": "20260406_133449",
        "grid_id": "528_288"
      }
    },
    {
      "type": "Feature",
      "geometry": {
        "type": "Polygon",
        "coordinates": [
          [
            [
              121.58698238547643,
              45.34639680504354
            ],
            [
              121.59614364122184,
              45.346027733740236
            ],
            [
              121.59561982636933,
              45.339567609857994
            ],
            [
              121.58645960577176,
              45.339936598497154
            ],
            [
              121.58698238547643,
              45.34639680504354
            ]
          ]
        ]
      },
      "properties": {
        "biomass": 156.48703002929688,
        "min_biomass": 74.95631408691406,
        "max_biomass": 277.46807861328125,
        "timestamp": "20260406_133449",
        "grid_id": "528_312"
      }
    },
    {
      "type": "Feature",
      "geometry": {
        "type": "Polygon",
        "coordinates": [
          [
            [
              121.59614364122184,
              45.346027733740236
            ],
            [
              121.60530471942666,
              45.34565792996507
            ],
            [
              121.60477986949992,
              45.33919788890994
            ],
            [
              121.59561982636933,
              45.339567609857994
            ],
            [
              121.59614364122184,
              45.346027733740236
            ]
          ]
        ]
      },
      "properties": {
        "biomass": 221.263671875,
        "min_biomass": 115.76996612548828,
        "max_biomass": 307.68377685546875,
        "timestamp": "20260406_133449",
        "grid_id": "528_336"
      }
    },
    {
      "type": "Feature",
      "geometry": {
        "type": "Polygon",
        "coordinates": [
          [
            [
              121.60530471942666,
              45.34565792996507
            ],
            [
              121.61446561974313,
              45.345287393755626
            ],
            [
              121.61393973481592,
              45.33882743569057
            ],
            [
              121.60477986949992,
              45.33919788890994
            ],
            [
              121.60530471942666,
              45.34565792996507
            ]
          ]
        ]
      },
      "properties": {
        "biomass": 220.87059020996094,
        "min_biomass": 146.64117431640625,
        "max_biomass": 302.70452880859375,
        "timestamp": "20260406_133449",
        "grid_id": "528_360"
      }
    },
    {
      "type": "Feature",
      "geometry": {
        "type": "Polygon",
        "coordinates": [
          [
            [
              121.61446561974313,
              45.345287393755626
            ],
            [
              121.62362634182352,
              45.34491612514954
            ],
            [
              121.62309942196977,
              45.33845625023752
            ],
            [
              121.61393973481592,
              45.33882743569057
            ],
            [
              121.61446561974313,
              45.345287393755626
            ]
          ]
        ]
      },
      "properties": {
        "biomass": 218.05364990234375,
        "min_biomass": 116.46710205078125,
        "max_biomass": 287.0994873046875,
        "timestamp": "20260406_133449",
        "grid_id": "528_384"
      }
    },
    {
      "type": "Feature",
      "geometry": {
        "type": "Polygon",
        "coordinates": [
          [
            [
              121.62362634182352,
              45.34491612514954
            ],
            [
              121.63278688532021,
              45.34454412418453
            ],
            [
              121.63225893061393,
              45.33808433258849
            ],
            [
              121.62309942196977,
              45.33845625023752
            ],
            [
              121.62362634182352,
              45.34491612514954
            ]
          ]
        ]
      },
      "properties": {
        "biomass": 240.5000762939453,
        "min_biomass": 122.57598114013672,
        "max_biomass": 326.6483154296875,
        "timestamp": "20260406_133449",
        "grid_id": "528_408"
      }
    },
    {
      "type": "Feature",
      "geometry": {
        "type": "Polygon",
        "coordinates": [
          [
            [
              121.63278688532021,
              45.34454412418453
            ],
            [
              121.64194724988555,
              45.34417139089839
            ],
            [
              121.64141826040094,
              45.337711682781254
            ],
            [
              121.63225893061393,
              45.33808433258849
            ],
            [
              121.63278688532021,
              45.34454412418453
            ]
          ]
        ]
      },
      "properties": {
        "biomass": 258.5965270996094,
        "min_biomass": 167.80929565429688,
        "max_biomass": 311.0917053222656,
        "timestamp": "20260406_133449",
        "grid_id": "528_432"
      }
    },
    {
      "type": "Feature",
      "geometry": {
        "type": "Polygon",
        "coordinates": [
          [
            [
              121.64194724988555,
              45.34417139089839
            ],
            [
              121.65110743517198,
              45.34379792532901
            ],
            [
              121.65057741098335,
              45.337338300853666
            ],
            [
              121.64141826040094,
              45.337711682781254
            ],
            [
              121.64194724988555,
              45.34417139089839
            ]
          ]
        ]
      },
      "properties": {
        "biomass": 250.36668395996094,
        "min_biomass": 160.77490234375,
        "max_biomass": 308.6674499511719,
        "timestamp": "20260406_133449",
        "grid_id": "528_456"
      }
    },
    {
      "type": "Feature",
      "geometry": {
        "type": "Polygon",
        "coordinates": [
          [
            [
              121.65110743517198,
              45.34379792532901
            ],
            [
              121.66026744083193,
              45.34342372751429
            ],
            [
              121.65973638201376,
              45.33696418684367
            ],
            [
              121.65057741098335,
              45.337338300853666
            ],
            [
              121.65110743517198,
              45.34379792532901
            ]
          ]
        ]
      },
      "properties": {
        "biomass": 270.5242919921875,
        "min_biomass": 168.23764038085938,
        "max_biomass": 309.6047668457031,
        "timestamp": "20260406_133449",
        "grid_id": "528_480"
      }
    },
    {
      "type": "Feature",
      "geometry": {
        "type": "Polygon",
        "coordinates": [
          [
            [
              121.66026744083193,
              45.34342372751429
            ],
            [
              121.66942726651796,
              45.34304879749227
            ],
            [
              121.66889517314483,
              45.336589340789246
            ],
            [
              121.65973638201376,
              45.33696418684367
            ],
            [
              121.66026744083193,
              45.34342372751429
            ]
          ]
        ]
      },
      "properties": {
        "biomass": 257.3771667480469,
        "min_biomass": 125.24304962158203,
        "max_biomass": 334.53265380859375,
        "timestamp": "20260406_133449",
        "grid_id": "528_504"
      }
    },
    {
      "type": "Feature",
      "geometry": {
        "type": "Polygon",
        "coordinates": [
          [
            [
              121.66942726651796,
              45.34304879749227
            ],
            [
              121.67858691188255,
              45.34267313530104
            ],
            [
              121.67805378402927,
              45.336213762728455
            ],
            [
              121.66889517314483,
              45.336589340789246
            ],
            [
              121.66942726651796,
              45.34304879749227
            ]
          ]
        ]
      },
      "properties": {
        "biomass": 251.18801879882812,
        "min_biomass": 119.66205596923828,
        "max_biomass": 325.2852478027344,
        "timestamp": "20260406_133449",
        "grid_id": "528_528"
      }
    },
    {
      "type": "Feature",
      "geometry": {
        "type": "Polygon",
        "coordinates": [
          [
            [
              121.47652324276537,
              45.344307328502424
            ],
            [
              121.48568556583749,
              45.3439471304729
            ],
            [
              121.48517435086951,
              45.33748601352577
            ],
            [
              121.47601306346941,
              45.337846130866275
            ],
            [
              121.47652324276537,
              45.344307328502424
            ]
          ]
        ]
      },
      "properties": {
        "biomass": 176.3499298095703,
        "min_biomass": 121.99964904785156,
        "max_biomass": 227.2816619873047,
        "timestamp": "20260406_133449",
        "grid_id": "552_24"
      }
    },
    {
      "type": "Feature",
      "geometry": {
        "type": "Polygon",
        "coordinates": [
          [
            [
              121.48568556583749,
              45.3439471304729
            ],
            [
              121.49484771561728,
              45.343586199689476
            ],
            [
              121.49433546504918,
              45.337125163594486
            ],
            [
              121.48517435086951,
              45.33748601352577
            ],
            [
              121.48568556583749,
              45.3439471304729
            ]
          ]
        ]
      },
      "properties": {
        "biomass": 206.72735595703125,
        "min_biomass": 115.90657806396484,
        "max_biomass": 287.0411071777344,
        "timestamp": "20260406_133449",
        "grid_id": "552_48"
      }
    },
    {
      "type": "Feature",
      "geometry": {
        "type": "Polygon",
        "coordinates": [
          [
            [
              121.49484771561728,
              45.343586199689476
            ],
            [
              121.50400969175662,
              45.34322453618883
            ],
            [
              121.5034964056604,
              45.336763581109096
            ],
            [
              121.49433546504918,
              45.337125163594486
            ],
            [
              121.49484771561728,
              45.343586199689476
            ]
          ]
        ]
      },
      "properties": {
        "biomass": 162.0997314453125,
        "min_biomass": 99.00065612792969,
        "max_biomass": 270.3838195800781,
        "timestamp": "20260406_133449",
        "grid_id": "552_72"
      }
    },
    {
      "type": "Feature",
      "geometry": {
        "type": "Polygon",
        "coordinates": [
          [
            [
              121.50400969175662,
              45.34322453618883
            ],
            [
              121.51317149390746,
              45.34286214000773
            ],
            [
              121.51265717235528,
              45.33640126610634
            ],
            [
              121.5034964056604,
              45.336763581109096
            ],
            [
              121.50400969175662,
              45.34322453618883
            ]
          ]
        ]
      },
      "properties": {
        "biomass": 130.24964904785156,
        "min_biomass": 72.3990249633789,
        "max_biomass": 180.8087921142578,
        "timestamp": "20260406_133449",
        "grid_id": "552_96"
      }
    },
    {
      "type": "Feature",
      "geometry": {
        "type": "Polygon",
        "coordinates": [
          [
            [
              121.51317149390746,
              45.34286214000773
            ],
            [
              121.52233312172173,
              45.342499011182994
            ],
            [
              121.52181776478585,
              45.336038218623024
            ],
            [
              121.51265717235528,
              45.33640126610634
            ],
            [
              121.51317149390746,
              45.34286214000773
            ]
          ]
        ]
      },
      "properties": {
        "biomass": 115.45670318603516,
        "min_biomass": 73.28854370117188,
        "max_biomass": 159.6834716796875,
        "timestamp": "20260406_133449",
        "grid_id": "552_120"
      }
    },
    {
      "type": "Feature",
      "geometry": {
        "type": "Polygon",
        "coordinates": [
          [
            [
              121.52233312172173,
              45.342499011182994
            ],
            [
              121.53149457485145,
              45.34213514975153
            ],
            [
              121.53097818260434,
              45.33567443869605
            ],
            [
              121.52181776478585,
              45.336038218623024
            ],
            [
              121.52233312172173,
              45.342499011182994
            ]
          ]
        ]
      },
      "properties": {
        "biomass": 104.09564971923828,
        "min_biomass": 72.53240966796875,
        "max_biomass": 166.7877197265625,
        "timestamp": "20260406_133449",
        "grid_id": "552_144"
      }
    },
    {
      "type": "Feature",
      "geometry": {
        "type": "Polygon",
        "coordinates": [
          [
            [
              121.53149457485145,
              45.34213514975153
            ],
            [
              121.54065585294865,
              45.34177055575031
            ],
            [
              121.54013842546291,
              45.335309926362385
            ],
            [
              121.53097818260434,
              45.33567443869605
            ],
            [
              121.53149457485145,
              45.34213514975153
            ]
          ]
        ]
      },
      "properties": {
        "biomass": 97.69583129882812,
        "min_biomass": 72.41305541992188,
        "max_biomass": 129.478271484375,
        "timestamp": "20260406_133449",
        "grid_id": "552_168"
      }
    },
    {
      "type": "Feature",
      "geometry": {
        "type": "Polygon",
        "coordinates": [
          [
            [
              121.54065585294865,
              45.34177055575031
            ],
            [
              121.54981695566545,
              45.34140522921638
            ],
            [
              121.54929849301375,
              45.33494468165904
            ],
            [
              121.54013842546291,
              45.335309926362385
            ],
            [
              121.54065585294865,
              45.34177055575031
            ]
          ]
        ]
      },
      "properties": {
        "biomass": 124.41072845458984,
        "min_biomass": 73.90825653076172,
        "max_biomass": 241.20420837402344,
        "timestamp": "20260406_133449",
        "grid_id": "552_192"
      }
    },
    {
      "type": "Feature",
      "geometry": {
        "type": "Polygon",
        "coordinates": [
          [
            [
              121.54981695566545,
              45.34140522921638
            ],
            [
              121.55897788265395,
              45.341039170186875
            ],
            [
              121.5584583849092,
              45.33457870462314
            ],
            [
              121.54929849301375,
              45.33494468165904
            ],
            [
              121.54981695566545,
              45.34140522921638
            ]
          ]
        ]
      },
      "properties": {
        "biomass": 229.80767822265625,
        "min_biomass": 150.22219848632812,
        "max_biomass": 309.7718505859375,
        "timestamp": "20260406_133449",
        "grid_id": "552_216"
      }
    },
    {
      "type": "Feature",
      "geometry": {
        "type": "Polygon",
        "coordinates": [
          [
            [
              121.55897788265395,
              45.341039170186875
            ],
            [
              121.56813863356635,
              45.34067237869897
            ],
            [
              121.56761810080157,
              45.334211995291845
            ],
            [
              121.5584583849092,
              45.33457870462314
            ],
            [
              121.55897788265395,
              45.341039170186875
            ]
          ]
        ]
      },
      "properties": {
        "biomass": 180.27960205078125,
        "min_biomass": 96.57576751708984,
        "max_biomass": 310.95013427734375,
        "timestamp": "20260406_133449",
        "grid_id": "552_240"
      }
    },
    {
      "type": "Feature",
      "geometry": {
        "type": "Polygon",
        "coordinates": [
          [
            [
              121.56813863356635,
              45.34067237869897
            ],
            [
              121.57729920805487,
              45.34030485478995
            ],
            [
              121.57677764034315,
              45.33384455370243
            ],
            [
              121.56761810080157,
              45.334211995291845
            ],
            [
              121.56813863356635,
              45.34067237869897
            ]
          ]
        ]
      },
      "properties": {
        "biomass": 121.78954315185547,
        "min_biomass": 72.43974304199219,
        "max_biomass": 198.5897674560547,
        "timestamp": "20260406_133449",
        "grid_id": "552_264"
      }
    },
    {
      "type": "Feature",
      "geometry": {
        "type": "Polygon",
        "coordinates": [
          [
            [
              121.57729920805487,
              45.34030485478995
            ],
            [
              121.58645960577176,
              45.339936598497154
            ],
            [
              121.58593700318642,
              45.333476379892204
            ],
            [
              121.57677764034315,
              45.33384455370243
            ],
            [
              121.57729920805487,
              45.34030485478995
            ]
          ]
        ]
      },
      "properties": {
        "biomass": 127.67691802978516,
        "min_biomass": 72.53821563720703,
        "max_biomass": 209.47254943847656,
        "timestamp": "20260406_133449",
        "grid_id": "552_288"
      }
    },
    {
      "type": "Feature",
      "geometry": {
        "type": "Polygon",
        "coordinates": [
          [
            [
              121.58645960577176,
              45.339936598497154
            ],
            [
              121.59561982636933,
              45.339567609857994
            ],
            [
              121.59509618898379,
              45.333107473898586
            ],
            [
              121.58593700318642,
              45.333476379892204
            ],
            [
              121.58645960577176,
              45.339936598497154
            ]
          ]
        ]
      },
      "properties": {
        "biomass": 188.8167266845703,
        "min_biomass": 77.85271453857422,
        "max_biomass": 305.149169921875,
        "timestamp": "20260406_133449",
        "grid_id": "552_312"
      }
    },
    {
      "type": "Feature",
      "geometry": {
        "type": "Polygon",
        "coordinates": [
          [
            [
              121.59561982636933,
              45.339567609857994
            ],
            [
              121.60477986949992,
              45.33919788890994
            ],
            [
              121.60425519738777,
              45.33273783575903
            ],
            [
              121.59509618898379,
              45.333107473898586
            ],
            [
              121.59561982636933,
              45.339567609857994
            ]
          ]
        ]
      },
      "properties": {
        "biomass": 237.10693359375,
        "min_biomass": 109.7157211303711,
        "max_biomass": 304.93414306640625,
        "timestamp": "20260406_133449",
        "grid_id": "552_336"
      }
    },
    {
      "type": "Feature",
      "geometry": {
        "type": "Polygon",
        "coordinates": [
          [
            [
              121.60477986949992,
              45.33919788890994
            ],
            [
              121.61393973481592,
              45.33882743569057
            ],
            [
              121.61341402805087,
              45.33236746551108
            ],
            [
              121.60425519738777,
              45.33273783575903
            ],
            [
              121.60477986949992,
              45.33919788890994
            ]
          ]
        ]
      },
      "properties": {
        "biomass": 230.25177001953125,
        "min_biomass": 145.81637573242188,
        "max_biomass": 294.70599365234375,
        "timestamp": "20260406_133449",
        "grid_id": "552_360"
      }
    },
    {
      "type": "Feature",
      "geometry": {
        "type": "Polygon",
        "coordinates": [
          [
            [
              121.61393973481592,
              45.33882743569057
            ],
            [
              121.62309942196977,
              45.33845625023752
            ],
            [
              121.62257268062568,
              45.33199636319238
            ],
            [
              121.61341402805087,
              45.33236746551108
            ],
            [
              121.61393973481592,
              45.33882743569057
            ]
          ]
        ]
      },
      "properties": {
        "biomass": 191.67849731445312,
        "min_biomass": 101.86338806152344,
        "max_biomass": 289.80682373046875,
        "timestamp": "20260406_133449",
        "grid_id": "552_384"
      }
    },
    {
      "type": "Feature",
      "geometry": {
        "type": "Polygon",
        "coordinates": [
          [
            [
              121.62309942196977,
              45.33845625023752
            ],
            [
              121.63225893061393,
              45.33808433258849
            ],
            [
              121.6317311547648,
              45.33162452884059
            ],
            [
              121.62257268062568,
              45.33199636319238
            ],
            [
              121.62309942196977,
              45.33845625023752
            ]
          ]
        ]
      },
      "properties": {
        "biomass": 165.8855743408203,
        "min_biomass": 102.83802795410156,
        "max_biomass": 286.5709228515625,
        "timestamp": "20260406_133449",
        "grid_id": "552_408"
      }
    },
    {
      "type": "Feature",
      "geometry": {
        "type": "Polygon",
        "coordinates": [
          [
            [
              121.63225893061393,
              45.33808433258849
            ],
            [
              121.64141826040094,
              45.337711682781254
            ],
            [
              121.6408894501209,
              45.331251962493496
            ],
            [
              121.6317311547648,
              45.33162452884059
            ],
            [
              121.63225893061393,
              45.33808433258849
            ]
          ]
        ]
      },
      "properties": {
        "biomass": 215.0218963623047,
        "min_biomass": 94.45738220214844,
        "max_biomass": 307.45391845703125,
        "timestamp": "20260406_133449",
        "grid_id": "552_432"
      }
    },
    {
      "type": "Feature",
      "geometry": {
        "type": "Polygon",
        "coordinates": [
          [
            [
              121.64141826040094,
              45.337711682781254
            ],
            [
              121.65057741098335,
              45.337338300853666
            ],
            [
              121.65004756634669,
              45.33087866418893
            ],
            [
              121.6408894501209,
              45.331251962493496
            ],
            [
              121.64141826040094,
              45.337711682781254
            ]
          ]
        ]
      },
      "properties": {
        "biomass": 223.3136749267578,
        "min_biomass": 97.93750762939453,
        "max_biomass": 303.658935546875,
        "timestamp": "20260406_133449",
        "grid_id": "552_456"
      }
    },
    {
      "type": "Feature",
      "geometry": {
        "type": "Polygon",
        "coordinates": [
          [
            [
              121.65057741098335,
              45.337338300853666
            ],
            [
              121.65973638201376,
              45.33696418684367
            ],
            [
              121.65920550309492,
              45.33050463396479
            ],
            [
              121.65004756634669,
              45.33087866418893
            ],
            [
              121.65057741098335,
              45.337338300853666
            ]
          ]
        ]
      },
      "properties": {
        "biomass": 210.65252685546875,
        "min_biomass": 116.63067626953125,
        "max_biomass": 308.3565368652344,
        "timestamp": "20260406_133449",
        "grid_id": "552_480"
      }
    },
    {
      "type": "Feature",
      "geometry": {
        "type": "Polygon",
        "coordinates": [
          [
            [
              121.65973638201376,
              45.33696418684367
            ],
            [
              121.66889517314483,
              45.336589340789246
            ],
            [
              121.6683632600184,
              45.330129871859086
            ],
            [
              121.65920550309492,
              45.33050463396479
            ],
            [
              121.65973638201376,
              45.33696418684367
            ]
          ]
        ]
      },
      "properties": {
        "biomass": 246.64376831054688,
        "min_biomass": 119.92676544189453,
        "max_biomass": 310.042236328125,
        "timestamp": "20260406_133449",
        "grid_id": "552_504"
      }
    },
    {
      "type": "Feature",
      "geometry": {
        "type": "Polygon",
        "coordinates": [
          [
            [
              121.66889517314483,
              45.336589340789246
            ],
            [
              121.67805378402927,
              45.336213762728455
            ],
            [
              121.6775208367699,
              45.32975437790985
            ],
            [
              121.6683632600184,
              45.330129871859086
            ],
            [
              121.66889517314483,
              45.336589340789246
            ]
          ]
        ]
      },
      "properties": {
        "biomass": 263.3112487792969,
        "min_biomass": 187.6510009765625,
        "max_biomass": 311.8023986816406,
        "timestamp": "20260406_133449",
        "grid_id": "552_528"
      }
    },
    {
      "type": "Feature",
      "geometry": {
        "type": "Polygon",
        "coordinates": [
          [
            [
              121.67805378402927,
              45.336213762728455
            ],
            [
              121.6872122143198,
              45.335837452699465
            ],
            [
              121.68667823300235,
              45.329378152155215
            ],
            [
              121.6775208367699,
              45.32975437790985
            ],
            [
              121.67805378402927,
              45.336213762728455
            ]
          ]
        ]
      },
      "properties": {
        "biomass": 254.6809539794922,
        "min_biomass": 212.55462646484375,
        "max_biomass": 311.2071838378906,
        "timestamp": "20260406_133449",
        "grid_id": "552_552"
      }
    },
    {
      "type": "Feature",
      "geometry": {
        "type": "Polygon",
        "coordinates": [
          [
            [
              121.48517435086951,
              45.33748601352577
            ],
            [
              121.49433546504918,
              45.337125163594486
            ],
            [
              121.4938233880495,
              45.33066411562681
            ],
            [
              121.484663309122,
              45.33102488472412
            ],
            [
              121.48517435086951,
              45.33748601352577
            ]
          ]
        ]
      },
      "properties": {
        "biomass": 226.2318115234375,
        "min_biomass": 208.57371520996094,
        "max_biomass": 247.29409790039062,
        "timestamp": "20260406_133449",
        "grid_id": "576_48"
      }
    },
    {
      "type": "Feature",
      "geometry": {
        "type": "Polygon",
        "coordinates": [
          [
            [
              121.49433546504918,
              45.337125163594486
            ],
            [
              121.5034964056604,
              45.336763581109096
            ],
            [
              121.50298329348055,
              45.330302614138446
            ],
            [
              121.4938233880495,
              45.33066411562681
            ],
            [
              121.49433546504918,
              45.337125163594486
            ]
          ]
        ]
      },
      "properties": {
        "biomass": 166.56820678710938,
        "min_biomass": 77.96086120605469,
        "max_biomass": 304.987060546875,
        "timestamp": "20260406_133449",
        "grid_id": "576_72"
      }
    },
    {
      "type": "Feature",
      "geometry": {
        "type": "Polygon",
        "coordinates": [
          [
            [
              121.5034964056604,
              45.336763581109096
            ],
            [
              121.51265717235528,
              45.33640126610634
            ],
            [
              121.51214302506735,
              45.329940380295795
            ],
            [
              121.50298329348055,
              45.330302614138446
            ],
            [
              121.5034964056604,
              45.336763581109096
            ]
          ]
        ]
      },
      "properties": {
        "biomass": 122.79092407226562,
        "min_biomass": 72.39999389648438,
        "max_biomass": 185.05093383789062,
        "timestamp": "20260406_133449",
        "grid_id": "576_96"
      }
    },
    {
      "type": "Feature",
      "geometry": {
        "type": "Polygon",
        "coordinates": [
          [
            [
              121.51265717235528,
              45.33640126610634
            ],
            [
              121.52181776478585,
              45.336038218623024
            ],
            [
              121.52130258246214,
              45.32957741413562
            ],
            [
              121.51214302506735,
              45.329940380295795
            ],
            [
              121.51265717235528,
              45.33640126610634
            ]
          ]
        ]
      },
      "properties": {
        "biomass": 113.6426773071289,
        "min_biomass": 78.46775817871094,
        "max_biomass": 165.25509643554688,
        "timestamp": "20260406_133449",
        "grid_id": "576_120"
      }
    },
    {
      "type": "Feature",
      "geometry": {
        "type": "Polygon",
        "coordinates": [
          [
            [
              121.52181776478585,
              45.336038218623024
            ],
            [
              121.53097818260434,
              45.33567443869605
            ],
            [
              121.53046196531719,
              45.32921371569482
            ],
            [
              121.52130258246214,
              45.32957741413562
            ],
            [
              121.52181776478585,
              45.336038218623024
            ]
          ]
        ]
      },
      "properties": {
        "biomass": 103.08937072753906,
        "min_biomass": 72.82981872558594,
        "max_biomass": 138.40017700195312,
        "timestamp": "20260406_133449",
        "grid_id": "576_144"
      }
    },
    {
      "type": "Feature",
      "geometry": {
        "type": "Polygon",
        "coordinates": [
          [
            [
              121.53097818260434,
              45.33567443869605
            ],
            [
              121.54013842546291,
              45.335309926362385
            ],
            [
              121.53962117328486,
              45.32884928501033
            ],
            [
              121.53046196531719,
              45.32921371569482
            ],
            [
              121.53097818260434,
              45.33567443869605
            ]
          ]
        ]
      },
      "properties": {
        "biomass": 96.01702117919922,
        "min_biomass": 72.42427062988281,
        "max_biomass": 163.74755859375,
        "timestamp": "20260406_133449",
        "grid_id": "576_168"
      }
    },
    {
      "type": "Feature",
      "geometry": {
        "type": "Polygon",
        "coordinates": [
          [
            [
              121.54013842546291,
              45.335309926362385
            ],
            [
              121.54929849301375,
              45.33494468165904
            ],
            [
              121.54878020601751,
              45.32848412211917
            ],
            [
              121.53962117328486,
              45.32884928501033
            ],
            [
              121.54013842546291,
              45.335309926362385
            ]
          ]
        ]
      },
      "properties": {
        "biomass": 110.3429946899414,
        "min_biomass": 73.04309844970703,
        "max_biomass": 250.80381774902344,
        "timestamp": "20260406_133449",
        "grid_id": "576_192"
      }
    },
    {
      "type": "Feature",
      "geometry": {
        "type": "Polygon",
        "coordinates": [
          [
            [
              121.54929849301375,
              45.33494468165904
            ],
            [
              121.5584583849092,
              45.33457870462314
            ],
            [
              121.55793906316757,
              45.32811822705843
            ],
            [
              121.54878020601751,
              45.32848412211917
            ],
            [
              121.54929849301375,
              45.33494468165904
            ]
          ]
        ]
      },
      "properties": {
        "biomass": 205.54159545898438,
        "min_biomass": 107.74356842041016,
        "max_biomass": 304.8825988769531,
        "timestamp": "20260406_133449",
        "grid_id": "576_216"
      }
    },
    {
      "type": "Feature",
      "geometry": {
        "type": "Polygon",
        "coordinates": [
          [
            [
              121.5584583849092,
              45.33457870462314
            ],
            [
              121.56761810080157,
              45.334211995291845
            ],
            [
              121.5670977443875,
              45.32775159986529
            ],
            [
              121.55793906316757,
              45.32811822705843
            ],
            [
              121.5584583849092,
              45.33457870462314
            ]
          ]
        ]
      },
      "properties": {
        "biomass": 222.44166564941406,
        "min_biomass": 105.12095642089844,
        "max_biomass": 308.2565612792969,
        "timestamp": "20260406_133449",
        "grid_id": "576_240"
      }
    },
    {
      "type": "Feature",
      "geometry": {
        "type": "Polygon",
        "coordinates": [
          [
            [
              121.56761810080157,
              45.334211995291845
            ],
            [
              121.57677764034315,
              45.33384455370243
            ],
            [
              121.57625624932979,
              45.32738424057696
            ],
            [
              121.5670977443875,
              45.32775159986529
            ],
            [
              121.56761810080157,
              45.334211995291845
            ]
          ]
        ]
      },
      "properties": {
        "biomass": 125.21978759765625,
        "min_biomass": 72.41083526611328,
        "max_biomass": 178.2309112548828,
        "timestamp": "20260406_133449",
        "grid_id": "576_264"
      }
    },
    {
      "type": "Feature",
      "geometry": {
        "type": "Polygon",
        "coordinates": [
          [
            [
              121.57677764034315,
              45.33384455370243
            ],
            [
              121.58593700318642,
              45.333476379892204
            ],
            [
              121.58541457764697,
              45.32701614923078
            ],
            [
              121.57625624932979,
              45.32738424057696
            ],
            [
              121.57677764034315,
              45.33384455370243
            ]
          ]
        ]
      },
      "properties": {
        "biomass": 114.94256591796875,
        "min_biomass": 73.255615234375,
        "max_biomass": 165.50413513183594,
        "timestamp": "20260406_133449",
        "grid_id": "576_288"
      }
    },
    {
      "type": "Feature",
      "geometry": {
        "type": "Polygon",
        "coordinates": [
          [
            [
              121.58593700318642,
              45.333476379892204
            ],
            [
              121.59509618898379,
              45.333107473898586
            ],
            [
              121.5945727289917,
              45.32664732586412
            ],
            [
              121.58541457764697,
              45.32701614923078
            ],
            [
              121.58593700318642,
              45.333476379892204
            ]
          ]
        ]
      },
      "properties": {
        "biomass": 159.09091186523438,
        "min_biomass": 75.54847717285156,
        "max_biomass": 309.1087646484375,
        "timestamp": "20260406_133449",
        "grid_id": "576_312"
      }
    },
    {
      "type": "Feature",
      "geometry": {
        "type": "Polygon",
        "coordinates": [
          [
            [
              121.59509618898379,
              45.333107473898586
            ],
            [
              121.60425519738777,
              45.33273783575903
            ],
            [
              121.60373070301651,
              45.326277770514444
            ],
            [
              121.5945727289917,
              45.32664732586412
            ],
            [
              121.59509618898379,
              45.333107473898586
            ]
          ]
        ]
      },
      "properties": {
        "biomass": 254.1367950439453,
        "min_biomass": 110.74021911621094,
        "max_biomass": 310.32769775390625,
        "timestamp": "20260406_133449",
        "grid_id": "576_336"
      }
    },
    {
      "type": "Feature",
      "geometry": {
        "type": "Polygon",
        "coordinates": [
          [
            [
              121.60425519738777,
              45.33273783575903
            ],
            [
              121.61341402805087,
              45.33236746551108
            ],
            [
              121.61288849937412,
              45.32590748321928
            ],
            [
              121.60373070301651,
              45.326277770514444
            ],
            [
              121.60425519738777,
              45.33273783575903
            ]
          ]
        ]
      },
      "properties": {
        "biomass": 229.2291717529297,
        "min_biomass": 130.72140502929688,
        "max_biomass": 311.154052734375,
        "timestamp": "20260406_133449",
        "grid_id": "576_360"
      }
    },
    {
      "type": "Feature",
      "geometry": {
        "type": "Polygon",
        "coordinates": [
          [
            [
              121.61341402805087,
              45.33236746551108
            ],
            [
              121.62257268062568,
              45.33199636319238
            ],
            [
              121.62204611771728,
              45.32553646401624
            ],
            [
              121.61288849937412,
              45.32590748321928
            ],
            [
              121.61341402805087,
              45.33236746551108
            ]
          ]
        ]
      },
      "properties": {
        "biomass": 186.79161071777344,
        "min_biomass": 119.34898376464844,
        "max_biomass": 289.1739501953125,
        "timestamp": "20260406_133449",
        "grid_id": "576_384"
      }
    },
    {
      "type": "Feature",
      "geometry": {
        "type": "Polygon",
        "coordinates": [
          [
            [
              121.62257268062568,
              45.33199636319238
            ],
            [
              121.6317311547648,
              45.33162452884059
            ],
            [
              121.6312035576987,
              45.325164712942986
            ],
            [
              121.62204611771728,
              45.32553646401624
            ],
            [
              121.62257268062568,
              45.33199636319238
            ]
          ]
        ]
      },
      "properties": {
        "biomass": 140.4112091064453,
        "min_biomass": 75.05079650878906,
        "max_biomass": 239.25228881835938,
        "timestamp": "20260406_133449",
        "grid_id": "576_408"
      }
    },
    {
      "type": "Feature",
      "geometry": {
        "type": "Polygon",
        "coordinates": [
          [
            [
              121.6317311547648,
              45.33162452884059
            ],
            [
              121.6408894501209,
              45.331251962493496
            ],
            [
              121.64036081897119,
              45.324792230037275
            ],
            [
              121.6312035576987,
              45.325164712942986
            ],
            [
              121.6317311547648,
              45.33162452884059
            ]
          ]
        ]
      },
      "properties": {
        "biomass": 154.2688751220703,
        "min_biomass": 76.68315124511719,
        "max_biomass": 268.622802734375,
        "timestamp": "20260406_133449",
        "grid_id": "576_432"
      }
    },
    {
      "type": "Feature",
      "geometry": {
        "type": "Polygon",
        "coordinates": [
          [
            [
              121.6408894501209,
              45.331251962493496
            ],
            [
              121.65004756634669,
              45.33087866418893
            ],
            [
              121.64951790118764,
              45.324419015336915
            ],
            [
              121.64036081897119,
              45.324792230037275
            ],
            [
              121.6408894501209,
              45.331251962493496
            ]
          ]
        ]
      },
      "properties": {
        "biomass": 191.8894805908203,
        "min_biomass": 94.17927551269531,
        "max_biomass": 319.4036865234375,
        "timestamp": "20260406_133449",
        "grid_id": "576_456"
      }
    },
    {
      "type": "Feature",
      "geometry": {
        "type": "Polygon",
        "coordinates": [
          [
            [
              121.65004756634669,
              45.33087866418893
            ],
            [
              121.65920550309492,
              45.33050463396479
            ],
            [
              121.65867480400088,
              45.32404506887983
            ],
            [
              121.64951790118764,
              45.324419015336915
            ],
            [
              121.65004756634669,
              45.33087866418893
            ]
          ]
        ]
      },
      "properties": {
        "biomass": 239.4576873779297,
        "min_biomass": 136.10079956054688,
        "max_biomass": 332.39508056640625,
        "timestamp": "20260406_133449",
        "grid_id": "576_480"
      }
    },
    {
      "type": "Feature",
      "geometry": {
        "type": "Polygon",
        "coordinates": [
          [
            [
              121.65920550309492,
              45.33050463396479
            ],
            [
              121.6683632600184,
              45.330129871859086
            ],
            [
              121.66783152706388,
              45.323670390703974
            ],
            [
              121.65867480400088,
              45.32404506887983
            ],
            [
              121.65920550309492,
              45.33050463396479
            ]
          ]
        ]
      },
      "properties": {
        "biomass": 224.74220275878906,
        "min_biomass": 159.0586700439453,
        "max_biomass": 331.7472839355469,
        "timestamp": "20260406_133449",
        "grid_id": "576_504"
      }
    },
    {
      "type": "Feature",
      "geometry": {
        "type": "Polygon",
        "coordinates": [
          [
            [
              121.6683632600184,
              45.330129871859086
            ],
            [
              121.6775208367699,
              45.32975437790985
            ],
            [
              121.6769880700296,
              45.32329498084739
            ],
            [
              121.66783152706388,
              45.323670390703974
            ],
            [
              121.6683632600184,
              45.330129871859086
            ]
          ]
        ]
      },
      "properties": {
        "biomass": 253.646728515625,
        "min_biomass": 168.91751098632812,
        "max_biomass": 331.7283630371094,
        "timestamp": "20260406_133449",
        "grid_id": "576_528"
      }
    },
    {
      "type": "Feature",
      "geometry": {
        "type": "Polygon",
        "coordinates": [
          [
            [
              121.6775208367699,
              45.32975437790985
            ],
            [
              121.68667823300235,
              45.329378152155215
            ],
            [
              121.68614443255107,
              45.32291883934818
            ],
            [
              121.6769880700296,
              45.32329498084739
            ],
            [
              121.6775208367699,
              45.32975437790985
            ]
          ]
        ]
      },
      "properties": {
        "biomass": 232.2833251953125,
        "min_biomass": 228.39492797851562,
        "max_biomass": 233.61685180664062,
        "timestamp": "20260406_133449",
        "grid_id": "576_552"
      }
    },
    {
      "type": "Feature",
      "geometry": {
        "type": "Polygon",
        "coordinates": [
          [
            [
              121.4938233880495,
              45.33066411562681
            ],
            [
              121.50298329348055,
              45.330302614138446
            ],
            [
              121.50247035514498,
              45.32384163527891
            ],
            [
              121.49331148454633,
              45.32420305578843
            ],
            [
              121.4938233880495,
              45.33066411562681
            ]
          ]
        ]
      },
      "properties": {
        "biomass": 105.48822021484375,
        "min_biomass": 72.46617889404297,
        "max_biomass": 178.33029174804688,
        "timestamp": "20260406_133449",
        "grid_id": "600_72"
      }
    },
    {
      "type": "Feature",
      "geometry": {
        "type": "Polygon",
        "coordinates": [
          [
            [
              121.50298329348055,
              45.330302614138446
            ],
            [
              121.51214302506735,
              45.329940380295795
            ],
            [
              121.51162905197144,
              45.32347948257809
            ],
            [
              121.50247035514498,
              45.32384163527891
            ],
            [
              121.50298329348055,
              45.330302614138446
            ]
          ]
        ]
      },
      "properties": {
        "biomass": 112.85464477539062,
        "min_biomass": 79.3699951171875,
        "max_biomass": 176.52267456054688,
        "timestamp": "20260406_133449",
        "grid_id": "600_96"
      }
    },
    {
      "type": "Feature",
      "geometry": {
        "type": "Polygon",
        "coordinates": [
          [
            [
              121.51214302506735,
              45.329940380295795
            ],
            [
              121.52130258246214,
              45.32957741413562
            ],
            [
              121.52078757467812,
              45.32311659772279
            ],
            [
              121.51162905197144,
              45.32347948257809
            ],
            [
              121.51214302506735,
              45.329940380295795
            ]
          ]
        ]
      },
      "properties": {
        "biomass": 100.79518127441406,
        "min_biomass": 72.97724914550781,
        "max_biomass": 152.62208557128906,
        "timestamp": "20260406_133449",
        "grid_id": "600_120"
      }
    },
    {
      "type": "Feature",
      "geometry": {
        "type": "Polygon",
        "coordinates": [
          [
            [
              121.52130258246214,
              45.32957741413562
            ],
            [
              121.53046196531719,
              45.32921371569482
            ],
            [
              121.5299459229174,
              45.32275298074984
            ],
            [
              121.52078757467812,
              45.32311659772279
            ],
            [
              121.52130258246214,
              45.32957741413562
            ]
          ]
        ]
      },
      "properties": {
        "biomass": 93.25019836425781,
        "min_biomass": 72.36860656738281,
        "max_biomass": 167.9382781982422,
        "timestamp": "20260406_133449",
        "grid_id": "600_144"
      }
    },
    {
      "type": "Feature",
      "geometry": {
        "type": "Polygon",
        "coordinates": [
          [
            [
              121.53046196531719,
              45.32921371569482
            ],
            [
              121.53962117328486,
              45.32884928501033
            ],
            [
              121.53910409634182,
              45.32238863169618
            ],
            [
              121.5299459229174,
              45.32275298074984
            ],
            [
              121.53046196531719,
              45.32921371569482
            ]
          ]
        ]
      },
      "properties": {
        "biomass": 93.21834564208984,
        "min_biomass": 72.36569213867188,
        "max_biomass": 167.4730682373047,
        "timestamp": "20260406_133449",
        "grid_id": "600_168"
      }
    },
    {
      "type": "Feature",
      "geometry": {
        "type": "Polygon",
        "coordinates": [
          [
            [
              121.53962117328486,
              45.32884928501033
            ],
            [
              121.54878020601751,
              45.32848412211917
            ],
            [
              121.54826209460386,
              45.32202355059882
            ],
            [
              121.53910409634182,
              45.32238863169618
            ],
            [
              121.53962117328486,
              45.32884928501033
            ]
          ]
        ]
      },
      "properties": {
        "biomass": 99.10639190673828,
        "min_biomass": 72.68244171142578,
        "max_biomass": 143.952392578125,
        "timestamp": "20260406_133449",
        "grid_id": "600_192"
      }
    },
    {
      "type": "Feature",
      "geometry": {
        "type": "Polygon",
        "coordinates": [
          [
            [
              121.54878020601751,
              45.32848412211917
            ],
            [
              121.55793906316757,
              45.32811822705843
            ],
            [
              121.55741991735609,
              45.321657737494824
            ],
            [
              121.54826209460386,
              45.32202355059882
            ],
            [
              121.54878020601751,
              45.32848412211917
            ]
          ]
        ]
      },
      "properties": {
        "biomass": 132.94024658203125,
        "min_biomass": 72.99681091308594,
        "max_biomass": 248.39662170410156,
        "timestamp": "20260406_133449",
        "grid_id": "600_216"
      }
    },
    {
      "type": "Feature",
      "geometry": {
        "type": "Polygon",
        "coordinates": [
          [
            [
              121.55793906316757,
              45.32811822705843
            ],
            [
              121.5670977443875,
              45.32775159986529
            ],
            [
              121.56657756425109,
              45.321291192421356
            ],
            [
              121.55741991735609,
              45.321657737494824
            ],
            [
              121.55793906316757,
              45.32811822705843
            ]
          ]
        ]
      },
      "properties": {
        "biomass": 168.61468505859375,
        "min_biomass": 82.88005828857422,
        "max_biomass": 309.1782531738281,
        "timestamp": "20260406_133449",
        "grid_id": "600_240"
      }
    },
    {
      "type": "Feature",
      "geometry": {
        "type": "Polygon",
        "coordinates": [
          [
            [
              121.5670977443875,
              45.32775159986529
            ],
            [
              121.57625624932979,
              45.32738424057696
            ],
            [
              121.5757350349415,
              45.32092391541564
            ],
            [
              121.56657756425109,
              45.321291192421356
            ],
            [
              121.5670977443875,
              45.32775159986529
            ]
          ]
        ]
      },
      "properties": {
        "biomass": 126.2903060913086,
        "min_biomass": 72.74483489990234,
        "max_biomass": 206.6287841796875,
        "timestamp": "20260406_133449",
        "grid_id": "600_264"
      }
    },
    {
      "type": "Feature",
      "geometry": {
        "type": "Polygon",
        "coordinates": [
          [
            [
              121.57625624932979,
              45.32738424057696
            ],
            [
              121.58541457764697,
              45.32701614923078
            ],
            [
              121.58489232908006,
              45.32055590651497
            ],
            [
              121.5757350349415,
              45.32092391541564
            ],
            [
              121.57625624932979,
              45.32738424057696
            ]
          ]
        ]
      },
      "properties": {
        "biomass": 130.6147003173828,
        "min_biomass": 74.9544677734375,
        "max_biomass": 178.82806396484375,
        "timestamp": "20260406_133449",
        "grid_id": "600_288"
      }
    },
    {
      "type": "Feature",
      "geometry": {
        "type": "Polygon",
        "coordinates": [
          [
            [
              121.58541457764697,
              45.32701614923078
            ],
            [
              121.5945727289917,
              45.32664732586412
            ],
            [
              121.59404944631943,
              45.32018716575671
            ],
            [
              121.58489232908006,
              45.32055590651497
            ],
            [
              121.58541457764697,
              45.32701614923078
            ]
          ]
        ]
      },
      "properties": {
        "biomass": 172.21299743652344,
        "min_biomass": 112.2541732788086,
        "max_biomass": 280.4798889160156,
        "timestamp": "20260406_133449",
        "grid_id": "600_312"
      }
    },
    {
      "type": "Feature",
      "geometry": {
        "type": "Polygon",
        "coordinates": [
          [
            [
              121.5945727289917,
              45.32664732586412
            ],
            [
              121.60373070301651,
              45.326277770514444
            ],
            [
              121.60320638631244,
              45.31981769317832
            ],
            [
              121.59404944631943,
              45.32018716575671
            ],
            [
              121.5945727289917,
              45.32664732586412
            ]
          ]
        ]
      },
      "properties": {
        "biomass": 256.9053955078125,
        "min_biomass": 159.4616241455078,
        "max_biomass": 308.8176574707031,
        "timestamp": "20260406_133449",
        "grid_id": "600_336"
      }
    },
    {
      "type": "Feature",
      "geometry": {
        "type": "Polygon",
        "coordinates": [
          [
            [
              121.60373070301651,
              45.326277770514444
            ],
            [
              121.61288849937412,
              45.32590748321928
            ],
            [
              121.61236314871186,
              45.319447488817296
            ],
            [
              121.60320638631244,
              45.31981769317832
            ],
            [
              121.60373070301651,
              45.326277770514444
            ]
          ]
        ]
      },
      "properties": {
        "biomass": 251.07345581054688,
        "min_biomass": 158.18093872070312,
        "max_biomass": 311.94000244140625,
        "timestamp": "20260406_133449",
        "grid_id": "600_360"
      }
    },
    {
      "type": "Feature",
      "geometry": {
        "type": "Polygon",
        "coordinates": [
          [
            [
              121.61288849937412,
              45.32590748321928
            ],
            [
              121.62204611771728,
              45.32553646401624
            ],
            [
              121.62151973317059,
              45.31907655271123
            ],
            [
              121.61236314871186,
              45.319447488817296
            ],
            [
              121.61288849937412,
              45.32590748321928
            ]
          ]
        ]
      },
      "properties": {
        "biomass": 165.3038330078125,
        "min_biomass": 81.14305877685547,
        "max_biomass": 280.0074768066406,
        "timestamp": "20260406_133449",
        "grid_id": "600_384"
      }
    },
    {
      "type": "Feature",
      "geometry": {
        "type": "Polygon",
        "coordinates": [
          [
            [
              121.62204611771728,
              45.32553646401624
            ],
            [
              121.6312035576987,
              45.325164712942986
            ],
            [
              121.63067613934152,
              45.31870488489779
            ],
            [
              121.62151973317059,
              45.31907655271123
            ],
            [
              121.62204611771728,
              45.32553646401624
            ]
          ]
        ]
      },
      "properties": {
        "biomass": 129.63409423828125,
        "min_biomass": 74.93132781982422,
        "max_biomass": 220.18019104003906,
        "timestamp": "20260406_133449",
        "grid_id": "600_408"
      }
    },
    {
      "type": "Feature",
      "geometry": {
        "type": "Polygon",
        "coordinates": [
          [
            [
              121.6312035576987,
              45.325164712942986
            ],
            [
              121.64036081897119,
              45.324792230037275
            ],
            [
              121.63983236687758,
              45.318332485414714
            ],
            [
              121.63067613934152,
              45.31870488489779
            ],
            [
              121.6312035576987,
              45.325164712942986
            ]
          ]
        ]
      },
      "properties": {
        "biomass": 202.54666137695312,
        "min_biomass": 92.563720703125,
        "max_biomass": 289.839111328125,
        "timestamp": "20260406_133449",
        "grid_id": "600_432"
      }
    },
    {
      "type": "Feature",
      "geometry": {
        "type": "Polygon",
        "coordinates": [
          [
            [
              121.64036081897119,
              45.324792230037275
            ],
            [
              121.64951790118764,
              45.324419015336915
            ],
            [
              121.64898841543175,
              45.31795935429981
            ],
            [
              121.63983236687758,
              45.318332485414714
            ],
            [
              121.64036081897119,
              45.324792230037275
            ]
          ]
        ]
      },
      "properties": {
        "biomass": 250.45724487304688,
        "min_biomass": 128.63987731933594,
        "max_biomass": 354.6296691894531,
        "timestamp": "20260406_133449",
        "grid_id": "600_456"
      }
    },
    {
      "type": "Feature",
      "geometry": {
        "type": "Polygon",
        "coordinates": [
          [
            [
              121.64951790118764,
              45.324419015336915
            ],
            [
              121.65867480400088,
              45.32404506887983
            ],
            [
              121.65814428465708,
              45.31758549159095
            ],
            [
              121.64898841543175,
              45.31795935429981
            ],
            [
              121.64951790118764,
              45.324419015336915
            ]
          ]
        ]
      },
      "properties": {
        "biomass": 262.1273193359375,
        "min_biomass": 155.66575622558594,
        "max_biomass": 336.68621826171875,
        "timestamp": "20260406_133449",
        "grid_id": "600_480"
      }
    },
    {
      "type": "Feature",
      "geometry": {
        "type": "Polygon",
        "coordinates": [
          [
            [
              121.65867480400088,
              45.32404506887983
            ],
            [
              121.66783152706388,
              45.323670390703974
            ],
            [
              121.66729997420664,
              45.317210897326085
            ],
            [
              121.65814428465708,
              45.31758549159095
            ],
            [
              121.65867480400088,
              45.32404506887983
            ]
          ]
        ]
      },
      "properties": {
        "biomass": 254.30995178222656,
        "min_biomass": 181.69509887695312,
        "max_biomass": 329.66326904296875,
        "timestamp": "20260406_133449",
        "grid_id": "600_504"
      }
    },
    {
      "type": "Feature",
      "geometry": {
        "type": "Polygon",
        "coordinates": [
          [
            [
              121.66783152706388,
              45.323670390703974
            ],
            [
              121.6769880700296,
              45.32329498084739
            ],
            [
              121.67645548373355,
              45.31683557154325
            ],
            [
              121.66729997420664,
              45.317210897326085
            ],
            [
              121.66783152706388,
              45.323670390703974
            ]
          ]
        ]
      },
      "properties": {
        "biomass": 252.1071014404297,
        "min_biomass": 130.1688232421875,
        "max_biomass": 323.8478088378906,
        "timestamp": "20260406_133449",
        "grid_id": "600_528"
      }
    },
    {
      "type": "Feature",
      "geometry": {
        "type": "Polygon",
        "coordinates": [
          [
            [
              121.6769880700296,
              45.32329498084739
            ],
            [
              121.68614443255107,
              45.32291883934818
            ],
            [
              121.68561081289099,
              45.31645951428055
            ],
            [
              121.67645548373355,
              45.31683557154325
            ],
            [
              121.6769880700296,
              45.32329498084739
            ]
          ]
        ]
      },
      "properties": {
        "biomass": 232.27516174316406,
        "min_biomass": 189.40696716308594,
        "max_biomass": 280.0283508300781,
        "timestamp": "20260406_133449",
        "grid_id": "600_552"
      }
    },
    {
      "type": "Feature",
      "geometry": {
        "type": "Polygon",
        "coordinates": [
          [
            [
              121.49331148454633,
              45.32420305578843
            ],
            [
              121.50247035514498,
              45.32384163527891
            ],
            [
              121.50195759058158,
              45.317380644532484
            ],
            [
              121.49279975446767,
              45.31774198408139
            ],
            [
              121.49331148454633,
              45.32420305578843
            ]
          ]
        ]
      },
      "properties": {
        "biomass": 109.92417907714844,
        "min_biomass": 82.24810028076172,
        "max_biomass": 219.68080139160156,
        "timestamp": "20260406_133449",
        "grid_id": "624_72"
      }
    },
    {
      "type": "Feature",
      "geometry": {
        "type": "Polygon",
        "coordinates": [
          [
            [
              121.50247035514498,
              45.32384163527891
            ],
            [
              121.51162905197144,
              45.32347948257809
            ],
            [
              121.51111525299534,
              45.3170185729553
            ],
            [
              121.50195759058158,
              45.317380644532484
            ],
            [
              121.50247035514498,
              45.32384163527891
            ]
          ]
        ]
      },
      "properties": {
        "biomass": 103.86672973632812,
        "min_biomass": 72.74234771728516,
        "max_biomass": 161.7196044921875,
        "timestamp": "20260406_133449",
        "grid_id": "624_96"
      }
    },
    {
      "type": "Feature",
      "geometry": {
        "type": "Polygon",
        "coordinates": [
          [
            [
              121.51162905197144,
              45.32347948257809
            ],
            [
              121.52078757467812,
              45.32311659772279
            ],
            [
              121.52027274136148,
              45.31665576938658
            ],
            [
              121.51111525299534,
              45.3170185729553
            ],
            [
              121.51162905197144,
              45.32347948257809
            ]
          ]
        ]
      },
      "properties": {
        "biomass": 99.39791107177734,
        "min_biomass": 72.42510986328125,
        "max_biomass": 160.94793701171875,
        "timestamp": "20260406_133449",
        "grid_id": "624_120"
      }
    },
    {
      "type": "Feature",
      "geometry": {
        "type": "Polygon",
        "coordinates": [
          [
            [
              121.52078757467812,
              45.32311659772279
            ],
            [
              121.5299459229174,
              45.32275298074984
            ],
            [
              121.52943005533255,
              45.31629223386317
            ],
            [
              121.52027274136148,
              45.31665576938658
            ],
            [
              121.52078757467812,
              45.32311659772279
            ]
          ]
        ]
      },
      "properties": {
        "biomass": 90.58993530273438,
        "min_biomass": 72.42145538330078,
        "max_biomass": 119.80606079101562,
        "timestamp": "20260406_133449",
        "grid_id": "624_144"
      }
    },
    {
      "type": "Feature",
      "geometry": {
        "type": "Polygon",
        "coordinates": [
          [
            [
              121.5299459229174,
              45.32275298074984
            ],
            [
              121.53910409634182,
              45.32238863169618
            ],
            [
              121.53858719456117,
              45.315927966422
            ],
            [
              121.52943005533255,
              45.31629223386317
            ],
            [
              121.5299459229174,
              45.32275298074984
            ]
          ]
        ]
      },
      "properties": {
        "biomass": 96.53514099121094,
        "min_biomass": 72.4036636352539,
        "max_biomass": 154.8711395263672,
        "timestamp": "20260406_133449",
        "grid_id": "624_168"
      }
    },
    {
      "type": "Feature",
      "geometry": {
        "type": "Polygon",
        "coordinates": [
          [
            [
              121.53910409634182,
              45.32238863169618
            ],
            [
              121.54826209460386,
              45.32202355059882
            ],
            [
              121.54774415870004,
              45.31556296710005
            ],
            [
              121.53858719456117,
              45.315927966422
            ],
            [
              121.53910409634182,
              45.32238863169618
            ]
          ]
        ]
      },
      "properties": {
        "biomass": 89.42626190185547,
        "min_biomass": 72.4483871459961,
        "max_biomass": 163.77725219726562,
        "timestamp": "20260406_133449",
        "grid_id": "624_192"
      }
    },
    {
      "type": "Feature",
      "geometry": {
        "type": "Polygon",
        "coordinates": [
          [
            [
              121.54826209460386,
              45.32202355059882
            ],
            [
              121.55741991735609,
              45.321657737494824
            ],
            [
              121.5569009474018,
              45.31519723593439
            ],
            [
              121.54774415870004,
              45.31556296710005
            ],
            [
              121.54826209460386,
              45.32202355059882
            ]
          ]
        ]
      },
      "properties": {
        "biomass": 94.13017272949219,
        "min_biomass": 72.74005126953125,
        "max_biomass": 181.98757934570312,
        "timestamp": "20260406_133449",
        "grid_id": "624_216"
      }
    },
    {
      "type": "Feature",
      "geometry": {
        "type": "Polygon",
        "coordinates": [
          [
            [
              121.55741991735609,
              45.321657737494824
            ],
            [
              121.56657756425109,
              45.321291192421356
            ],
            [
              121.56605756031924,
              45.314830772962154
            ],
            [
              121.5569009474018,
              45.31519723593439
            ],
            [
              121.55741991735609,
              45.321657737494824
            ]
          ]
        ]
      },
      "properties": {
        "biomass": 102.35108947753906,
        "min_biomass": 72.46600341796875,
        "max_biomass": 178.9078369140625,
        "timestamp": "20260406_133449",
        "grid_id": "624_240"
      }
    },
    {
      "type": "Feature",
      "geometry": {
        "type": "Polygon",
        "coordinates": [
          [
            [
              121.56657756425109,
              45.321291192421356
            ],
            [
              121.5757350349415,
              45.32092391541564
            ],
            [
              121.57521399710511,
              45.31446357822056
            ],
            [
              121.56605756031924,
              45.314830772962154
            ],
            [
              121.56657756425109,
              45.321291192421356
            ]
          ]
        ]
      },
      "properties": {
        "biomass": 101.70223999023438,
        "min_biomass": 72.93441772460938,
        "max_biomass": 161.35728454589844,
        "timestamp": "20260406_133449",
        "grid_id": "624_264"
      }
    },
    {
      "type": "Feature",
      "geometry": {
        "type": "Polygon",
        "coordinates": [
          [
            [
              121.5757350349415,
              45.32092391541564
            ],
            [
              121.58489232908006,
              45.32055590651497
            ],
            [
              121.58437025741229,
              45.31409565174687
            ],
            [
              121.57521399710511,
              45.31446357822056
            ],
            [
              121.5757350349415,
              45.32092391541564
            ]
          ]
        ]
      },
      "properties": {
        "biomass": 123.91698455810547,
        "min_biomass": 73.19229888916016,
        "max_biomass": 233.22117614746094,
        "timestamp": "20260406_133449",
        "grid_id": "624_288"
      }
    },
    {
      "type": "Feature",
      "geometry": {
        "type": "Polygon",
        "coordinates": [
          [
            [
              121.58489232908006,
              45.32055590651497
            ],
            [
              121.59404944631943,
              45.32018716575671
            ],
            [
              121.5935263408936,
              45.31372699357845
            ],
            [
              121.58437025741229,
              45.31409565174687
            ],
            [
              121.58489232908006,
              45.32055590651497
            ]
          ]
        ]
      },
      "properties": {
        "biomass": 180.49620056152344,
        "min_biomass": 78.1861572265625,
        "max_biomass": 303.635986328125,
        "timestamp": "20260406_133449",
        "grid_id": "624_312"
      }
    },
    {
      "type": "Feature",
      "geometry": {
        "type": "Polygon",
        "coordinates": [
          [
            [
              121.59404944631943,
              45.32018716575671
            ],
            [
              121.60320638631244,
              45.31981769317832
            ],
            [
              121.60268224720195,
              45.31335760375273
            ],
            [
              121.5935263408936,
              45.31372699357845
            ],
            [
              121.59404944631943,
              45.32018716575671
            ]
          ]
        ]
      },
      "properties": {
        "biomass": 187.86111450195312,
        "min_biomass": 107.617431640625,
        "max_biomass": 305.96588134765625,
        "timestamp": "20260406_133449",
        "grid_id": "624_336"
      }
    },
    {
      "type": "Feature",
      "geometry": {
        "type": "Polygon",
        "coordinates": [
          [
            [
              121.60320638631244,
              45.31981769317832
            ],
            [
              121.61236314871186,
              45.319447488817296
            ],
            [
              121.61183797599033,
              45.31298748230723
            ],
            [
              121.60268224720195,
              45.31335760375273
            ],
            [
              121.60320638631244,
              45.31981769317832
            ]
          ]
        ]
      },
      "properties": {
        "biomass": 248.38978576660156,
        "min_biomass": 128.46705627441406,
        "max_biomass": 309.2439880371094,
        "timestamp": "20260406_133449",
        "grid_id": "624_360"
      }
    },
    {
      "type": "Feature",
      "geometry": {
        "type": "Polygon",
        "coordinates": [
          [
            [
              121.61236314871186,
              45.319447488817296
            ],
            [
              121.62151973317059,
              45.31907655271123
            ],
            [
              121.62099352691176,
              45.31261662927949
            ],
            [
              121.61183797599033,
              45.31298748230723
            ],
            [
              121.61236314871186,
              45.319447488817296
            ]
          ]
        ]
      },
      "properties": {
        "biomass": 144.0519256591797,
        "min_biomass": 75.42959594726562,
        "max_biomass": 248.5358428955078,
        "timestamp": "20260406_133449",
        "grid_id": "624_384"
      }
    },
    {
      "type": "Feature",
      "geometry": {
        "type": "Polygon",
        "coordinates": [
          [
            [
              121.62151973317059,
              45.31907655271123
            ],
            [
              121.63067613934152,
              45.31870488489779
            ],
            [
              121.63014889961921,
              45.312245044707154
            ],
            [
              121.62099352691176,
              45.31261662927949
            ],
            [
              121.62151973317059,
              45.31907655271123
            ]
          ]
        ]
      },
      "properties": {
        "biomass": 128.3770751953125,
        "min_biomass": 72.63636016845703,
        "max_biomass": 228.5088348388672,
        "timestamp": "20260406_133449",
        "grid_id": "624_408"
      }
    },
    {
      "type": "Feature",
      "geometry": {
        "type": "Polygon",
        "coordinates": [
          [
            [
              121.63067613934152,
              45.31870488489779
            ],
            [
              121.63983236687758,
              45.318332485414714
            ],
            [
              121.63930409376584,
              45.31187272862798
            ],
            [
              121.63014889961921,
              45.312245044707154
            ],
            [
              121.63067613934152,
              45.31870488489779
            ]
          ]
        ]
      },
      "properties": {
        "biomass": 224.6793212890625,
        "min_biomass": 100.95086669921875,
        "max_biomass": 310.4555358886719,
        "timestamp": "20260406_133449",
        "grid_id": "624_432"
      }
    },
    {
      "type": "Feature",
      "geometry": {
        "type": "Polygon",
        "coordinates": [
          [
            [
              121.63983236687758,
              45.318332485414714
            ],
            [
              121.64898841543175,
              45.31795935429981
            ],
            [
              121.64845910900473,
              45.31149968107974
            ],
            [
              121.63930409376584,
              45.31187272862798
            ],
            [
              121.63983236687758,
              45.318332485414714
            ]
          ]
        ]
      },
      "properties": {
        "biomass": 231.36666870117188,
        "min_biomass": 123.80813598632812,
        "max_biomass": 311.6350402832031,
        "timestamp": "20260406_133449",
        "grid_id": "624_456"
      }
    },
    {
      "type": "Feature",
      "geometry": {
        "type": "Polygon",
        "coordinates": [
          [
            [
              121.64898841543175,
              45.31795935429981
            ],
            [
              121.65814428465708,
              45.31758549159095
            ],
            [
              121.65761394498907,
              45.31112590210029
            ],
            [
              121.64845910900473,
              45.31149968107974
            ],
            [
              121.64898841543175,
              45.31795935429981
            ]
          ]
        ]
      },
      "properties": {
        "biomass": 218.0144500732422,
        "min_biomass": 123.20941162109375,
        "max_biomass": 307.3880615234375,
        "timestamp": "20260406_133449",
        "grid_id": "624_480"
      }
    },
    {
      "type": "Feature",
      "geometry": {
        "type": "Polygon",
        "coordinates": [
          [
            [
              121.65814428465708,
              45.31758549159095
            ],
            [
              121.66729997420664,
              45.317210897326085
            ],
            [
              121.66676860137208,
              45.31075139172759
            ],
            [
              121.65761394498907,
              45.31112590210029
            ],
            [
              121.65814428465708,
              45.31758549159095
            ]
          ]
        ]
      },
      "properties": {
        "biomass": 228.25369262695312,
        "min_biomass": 123.20620727539062,
        "max_biomass": 312.7472229003906,
        "timestamp": "20260406_133449",
        "grid_id": "624_504"
      }
    },
    {
      "type": "Feature",
      "geometry": {
        "type": "Polygon",
        "coordinates": [
          [
            [
              121.66729997420664,
              45.317210897326085
            ],
            [
              121.67645548373355,
              45.31683557154325
            ],
            [
              121.67592307780703,
              45.31037614999963
            ],
            [
              121.66676860137208,
              45.31075139172759
            ],
            [
              121.66729997420664,
              45.317210897326085
            ]
          ]
        ]
      },
      "properties": {
        "biomass": 253.27554321289062,
        "min_biomass": 133.35140991210938,
        "max_biomass": 309.4332275390625,
        "timestamp": "20260406_133449",
        "grid_id": "624_528"
      }
    },
    {
      "type": "Feature",
      "geometry": {
        "type": "Polygon",
        "coordinates": [
          [
            [
              121.49279975446767,
              45.31774198408139
            ],
            [
              121.50195759058158,
              45.317380644532484
            ],
            [
              121.50144499971837,
              45.310919641901215
            ],
            [
              121.49228819774166,
              45.31128090050766
            ],
            [
              121.49279975446767,
              45.31774198408139
            ]
          ]
        ]
      },
      "properties": {
        "biomass": 127.16507720947266,
        "min_biomass": 72.76007080078125,
        "max_biomass": 219.1886749267578,
        "timestamp": "20260406_133449",
        "grid_id": "648_72"
      }
    },
    {
      "type": "Feature",
      "geometry": {
        "type": "Polygon",
        "coordinates": [
          [
            [
              121.50195759058158,
              45.317380644532484
            ],
            [
              121.51111525299534,
              45.3170185729553
            ],
            [
              121.5106016280669,
              45.3105576514294
            ],
            [
              121.50144499971837,
              45.310919641901215
            ],
            [
              121.50195759058158,
              45.317380644532484
            ]
          ]
        ]
      },
      "properties": {
        "biomass": 164.55435180664062,
        "min_biomass": 75.78596496582031,
        "max_biomass": 277.5412902832031,
        "timestamp": "20260406_133449",
        "grid_id": "648_96"
      }
    },
    {
      "type": "Feature",
      "geometry": {
        "type": "Polygon",
        "coordinates": [
          [
            [
              121.51111525299534,
              45.3170185729553
            ],
            [
              121.52027274136148,
              45.31665576938658
            ],
            [
              121.5197580824399,
              45.310194929129004
            ],
            [
              121.5106016280669,
              45.3105576514294
            ],
            [
              121.51111525299534,
              45.3170185729553
            ]
          ]
        ]
      },
      "properties": {
        "biomass": 151.5789337158203,
        "min_biomass": 77.78311920166016,
        "max_biomass": 307.5292053222656,
        "timestamp": "20260406_133449",
        "grid_id": "648_120"
      }
    },
    {
      "type": "Feature",
      "geometry": {
        "type": "Polygon",
        "coordinates": [
          [
            [
              121.52027274136148,
              45.31665576938658
            ],
            [
              121.52943005533255,
              45.31629223386317
            ],
            [
              121.52891436249014,
              45.30983147503684
            ],
            [
              121.5197580824399,
              45.310194929129004
            ],
            [
              121.52027274136148,
              45.31665576938658
            ]
          ]
        ]
      },
      "properties": {
        "biomass": 120.73975372314453,
        "min_biomass": 73.02111053466797,
        "max_biomass": 199.6500244140625,
        "timestamp": "20260406_133449",
        "grid_id": "648_144"
      }
    },
    {
      "type": "Feature",
      "geometry": {
        "type": "Polygon",
        "coordinates": [
          [
            [
              121.52943005533255,
              45.31629223386317
            ],
            [
              121.53858719456117,
              45.315927966422
            ],
            [
              121.53807046787033,
              45.30946728918982
            ],
            [
              121.52891436249014,
              45.30983147503684
            ],
            [
              121.52943005533255,
              45.31629223386317
            ]
          ]
        ]
      },
      "properties": {
        "biomass": 103.81307983398438,
        "min_biomass": 72.87042999267578,
        "max_biomass": 166.01239013671875,
        "timestamp": "20260406_133449",
        "grid_id": "648_168"
      }
    },
    {
      "type": "Feature",
      "geometry": {
        "type": "Polygon",
        "coordinates": [
          [
            [
              121.53858719456117,
              45.315927966422
            ],
            [
              121.54774415870004,
              45.31556296710005
            ],
            [
              121.5472263982333,
              45.309102371624924
            ],
            [
              121.53807046787033,
              45.30946728918982
            ],
            [
              121.53858719456117,
              45.315927966422
            ]
          ]
        ]
      },
      "properties": {
        "biomass": 99.43708038330078,
        "min_biomass": 73.07100677490234,
        "max_biomass": 161.46621704101562,
        "timestamp": "20260406_133449",
        "grid_id": "648_192"
      }
    },
    {
      "type": "Feature",
      "geometry": {
        "type": "Polygon",
        "coordinates": [
          [
            [
              121.54774415870004,
              45.31556296710005
            ],
            [
              121.5569009474018,
              45.31519723593439
            ],
            [
              121.5563821532319,
              45.30873672237919
            ],
            [
              121.5472263982333,
              45.309102371624924
            ],
            [
              121.54774415870004,
              45.31556296710005
            ]
          ]
        ]
      },
      "properties": {
        "biomass": 111.79007720947266,
        "min_biomass": 72.92330932617188,
        "max_biomass": 208.73403930664062,
        "timestamp": "20260406_133449",
        "grid_id": "648_216"
      }
    },
    {
      "type": "Feature",
      "geometry": {
        "type": "Polygon",
        "coordinates": [
          [
            [
              121.5569009474018,
              45.31519723593439
            ],
            [
              121.56605756031924,
              45.314830772962154
            ],
            [
              121.56553773251895,
              45.308370341489734
            ],
            [
              121.5563821532319,
              45.30873672237919
            ],
            [
              121.5569009474018,
              45.31519723593439
            ]
          ]
        ]
      },
      "properties": {
        "biomass": 162.2288055419922,
        "min_biomass": 73.29060363769531,
        "max_biomass": 274.04718017578125,
        "timestamp": "20260406_133449",
        "grid_id": "648_240"
      }
    },
    {
      "type": "Feature",
      "geometry": {
        "type": "Polygon",
        "coordinates": [
          [
            [
              121.56605756031924,
              45.314830772962154
            ],
            [
              121.57521399710511,
              45.31446357822056
            ],
            [
              121.57469313574748,
              45.30800322899376
            ],
            [
              121.56553773251895,
              45.308370341489734
            ],
            [
              121.56605756031924,
              45.314830772962154
            ]
          ]
        ]
      },
      "properties": {
        "biomass": 138.93910217285156,
        "min_biomass": 72.70946502685547,
        "max_biomass": 231.32247924804688,
        "timestamp": "20260406_133449",
        "grid_id": "648_264"
      }
    },
    {
      "type": "Feature",
      "geometry": {
        "type": "Polygon",
        "coordinates": [
          [
            [
              121.57521399710511,
              45.31446357822056
            ],
            [
              121.58437025741229,
              45.31409565174687
            ],
            [
              121.58384836257038,
              45.30763538492857
            ],
            [
              121.57469313574748,
              45.30800322899376
            ],
            [
              121.57521399710511,
              45.31446357822056
            ]
          ]
        ]
      },
      "properties": {
        "biomass": 104.95695495605469,
        "min_biomass": 72.4034423828125,
        "max_biomass": 170.4821319580078,
        "timestamp": "20260406_133449",
        "grid_id": "648_288"
      }
    },
    {
      "type": "Feature",
      "geometry": {
        "type": "Polygon",
        "coordinates": [
          [
            [
              121.58437025741229,
              45.31409565174687
            ],
            [
              121.5935263408936,
              45.31372699357845
            ],
            [
              121.59300341264067,
              45.30726680933144
            ],
            [
              121.58384836257038,
              45.30763538492857
            ],
            [
              121.58437025741229,
              45.31409565174687
            ]
          ]
        ]
      },
      "properties": {
        "biomass": 116.18631744384766,
        "min_biomass": 73.01994323730469,
        "max_biomass": 241.49400329589844,
        "timestamp": "20260406_133449",
        "grid_id": "648_312"
      }
    },
    {
      "type": "Feature",
      "geometry": {
        "type": "Polygon",
        "coordinates": [
          [
            [
              121.5935263408936,
              45.31372699357845
            ],
            [
              121.60268224720195,
              45.31335760375273
            ],
            [
              121.60215828561145,
              45.30689750223981
            ],
            [
              121.59300341264067,
              45.30726680933144
            ],
            [
              121.5935263408936,
              45.31372699357845
            ]
          ]
        ]
      },
      "properties": {
        "biomass": 140.16419982910156,
        "min_biomass": 77.84532165527344,
        "max_biomass": 278.15606689453125,
        "timestamp": "20260406_133449",
        "grid_id": "648_336"
      }
    },
    {
      "type": "Feature",
      "geometry": {
        "type": "Polygon",
        "coordinates": [
          [
            [
              121.60268224720195,
              45.31335760375273
            ],
            [
              121.61183797599033,
              45.31298748230723
            ],
            [
              121.6113129811358,
              45.306527463691175
            ],
            [
              121.60215828561145,
              45.30689750223981
            ],
            [
              121.60268224720195,
              45.31335760375273
            ]
          ]
        ]
      },
      "properties": {
        "biomass": 204.73062133789062,
        "min_biomass": 73.91431427001953,
        "max_biomass": 296.7034606933594,
        "timestamp": "20260406_133449",
        "grid_id": "648_360"
      }
    },
    {
      "type": "Feature",
      "geometry": {
        "type": "Polygon",
        "coordinates": [
          [
            [
              121.61183797599033,
              45.31298748230723
            ],
            [
              121.62099352691176,
              45.31261662927949
            ],
            [
              121.62046749886686,
              45.3061566937231
            ],
            [
              121.6113129811358,
              45.306527463691175
            ],
            [
              121.61183797599033,
              45.31298748230723
            ]
          ]
        ]
      },
      "properties": {
        "biomass": 142.2522430419922,
        "min_biomass": 73.09710693359375,
        "max_biomass": 275.82269287109375,
        "timestamp": "20260406_133449",
        "grid_id": "648_384"
      }
    },
    {
      "type": "Feature",
      "geometry": {
        "type": "Polygon",
        "coordinates": [
          [
            [
              121.62099352691176,
              45.31261662927949
            ],
            [
              121.63014889961921,
              45.312245044707154
            ],
            [
              121.62962183845777,
              45.30578519237321
            ],
            [
              121.62046749886686,
              45.3061566937231
            ],
            [
              121.62099352691176,
              45.31261662927949
            ]
          ]
        ]
      },
      "properties": {
        "biomass": 122.97530364990234,
        "min_biomass": 72.36615753173828,
        "max_biomass": 196.01229858398438,
        "timestamp": "20260406_133449",
        "grid_id": "648_408"
      }
    },
    {
      "type": "Feature",
      "geometry": {
        "type": "Polygon",
        "coordinates": [
          [
            [
              121.63014889961921,
              45.312245044707154
            ],
            [
              121.63930409376584,
              45.31187272862798
            ],
            [
              121.63877599956183,
              45.30541295967919
            ],
            [
              121.62962183845777,
              45.30578519237321
            ],
            [
              121.63014889961921,
              45.312245044707154
            ]
          ]
        ]
      },
      "properties": {
        "biomass": 180.404296875,
        "min_biomass": 72.45584106445312,
        "max_biomass": 308.4771423339844,
        "timestamp": "20260406_133449",
        "grid_id": "648_432"
      }
    },
    {
      "type": "Feature",
      "geometry": {
        "type": "Polygon",
        "coordinates": [
          [
            [
              121.63930409376584,
              45.31187272862798
            ],
            [
              121.64845910900473,
              45.31149968107974
            ],
            [
              121.64792998183226,
              45.30503999567885
            ],
            [
              121.63877599956183,
              45.30541295967919
            ],
            [
              121.63930409376584,
              45.31187272862798
            ]
          ]
        ]
      },
      "properties": {
        "biomass": 146.1275634765625,
        "min_biomass": 73.18087768554688,
        "max_biomass": 281.5765380859375,
        "timestamp": "20260406_133449",
        "grid_id": "648_456"
      }
    },
    {
      "type": "Feature",
      "geometry": {
        "type": "Polygon",
        "coordinates": [
          [
            [
              121.64845910900473,
              45.31149968107974
            ],
            [
              121.65761394498907,
              45.31112590210029
            ],
            [
              121.6570837849224,
              45.30466630041002
            ],
            [
              121.64792998183226,
              45.30503999567885
            ],
            [
              121.64845910900473,
              45.31149968107974
            ]
          ]
        ]
      },
      "properties": {
        "biomass": 132.91380310058594,
        "min_biomass": 76.97595977783203,
        "max_biomass": 247.21456909179688,
        "timestamp": "20260406_133449",
        "grid_id": "648_480"
      }
    },
    {
      "type": "Feature",
      "geometry": {
        "type": "Polygon",
        "coordinates": [
          [
            [
              121.65761394498907,
              45.31112590210029
            ],
            [
              121.66676860137208,
              45.31075139172759
            ],
            [
              121.6662374084856,
              45.30429187391062
            ],
            [
              121.6570837849224,
              45.30466630041002
            ],
            [
              121.65761394498907,
              45.31112590210029
            ]
          ]
        ]
      },
      "properties": {
        "biomass": 167.86642456054688,
        "min_biomass": 89.21017456054688,
        "max_biomass": 234.06031799316406,
        "timestamp": "20260406_133449",
        "grid_id": "648_504"
      }
    },
    {
      "type": "Feature",
      "geometry": {
        "type": "Polygon",
        "coordinates": [
          [
            [
              121.66676860137208,
              45.31075139172759
            ],
            [
              121.67592307780703,
              45.31037614999963
            ],
            [
              121.67539085217525,
              45.30391671621867
            ],
            [
              121.6662374084856,
              45.30429187391062
            ],
            [
              121.66676860137208,
              45.31075139172759
            ]
          ]
        ]
      },
      "properties": {
        "biomass": 241.61550903320312,
        "min_biomass": 160.54949951171875,
        "max_biomass": 307.802490234375,
        "timestamp": "20260406_133449",
        "grid_id": "648_528"
      }
    },
    {
      "type": "Feature",
      "geometry": {
        "type": "Polygon",
        "coordinates": [
          [
            [
              121.50144499971837,
              45.310919641901215
            ],
            [
              121.5106016280669,
              45.3105576514294
            ],
            [
              121.51008817711394,
              45.30409671800243
            ],
            [
              121.50093258248334,
              45.30445862738707
            ],
            [
              121.50144499971837,
              45.310919641901215
            ]
          ]
        ]
      },
      "properties": {
        "biomass": 208.17347717285156,
        "min_biomass": 114.30342102050781,
        "max_biomass": 284.7961120605469,
        "timestamp": "20260406_133449",
        "grid_id": "672_96"
      }
    },
    {
      "type": "Feature",
      "geometry": {
        "type": "Polygon",
        "coordinates": [
          [
            [
              121.5106016280669,
              45.3105576514294
            ],
            [
              121.5197580824399,
              45.310194929129004
            ],
            [
              121.51924359784114,
              45.303734076952104
            ],
            [
              121.51008817711394,
              45.30409671800243
            ],
            [
              121.5106016280669,
              45.3105576514294
            ]
          ]
        ]
      },
      "properties": {
        "biomass": 132.53311157226562,
        "min_biomass": 72.58441925048828,
        "max_biomass": 308.1571350097656,
        "timestamp": "20260406_133449",
        "grid_id": "672_120"
      }
    },
    {
      "type": "Feature",
      "geometry": {
        "type": "Polygon",
        "coordinates": [
          [
            [
              121.5197580824399,
              45.310194929129004
            ],
            [
              121.52891436249014,
              45.30983147503684
            ],
            [
              121.52839884431775,
              45.30337070427289
            ],
            [
              121.51924359784114,
              45.303734076952104
            ],
            [
              121.5197580824399,
              45.310194929129004
            ]
          ]
        ]
      },
      "properties": {
        "biomass": 108.83831787109375,
        "min_biomass": 73.04023742675781,
        "max_biomass": 172.793701171875,
        "timestamp": "20260406_133449",
        "grid_id": "672_144"
      }
    },
    {
      "type": "Feature",
      "geometry": {
        "type": "Polygon",
        "coordinates": [
          [
            [
              121.52891436249014,
              45.30983147503684
            ],
            [
              121.53807046787033,
              45.30946728918982
            ],
            [
              121.5375539161967,
              45.30300660000171
            ],
            [
              121.52839884431775,
              45.30337070427289
            ],
            [
              121.52891436249014,
              45.30983147503684
            ]
          ]
        ]
      },
      "properties": {
        "biomass": 105.57298278808594,
        "min_biomass": 83.7888412475586,
        "max_biomass": 146.02243041992188,
        "timestamp": "20260406_133449",
        "grid_id": "672_168"
      }
    },
    {
      "type": "Feature",
      "geometry": {
        "type": "Polygon",
        "coordinates": [
          [
            [
              121.53807046787033,
              45.30946728918982
            ],
            [
              121.5472263982333,
              45.309102371624924
            ],
            [
              121.54670881313095,
              45.30264176417548
            ],
            [
              121.5375539161967,
              45.30300660000171
            ],
            [
              121.53807046787033,
              45.30946728918982
            ]
          ]
        ]
      },
      "properties": {
        "biomass": 118.0469970703125,
        "min_biomass": 76.16910552978516,
        "max_biomass": 213.30914306640625,
        "timestamp": "20260406_133449",
        "grid_id": "672_192"
      }
    },
    {
      "type": "Feature",
      "geometry": {
        "type": "Polygon",
        "coordinates": [
          [
            [
              121.5472263982333,
              45.309102371624924
            ],
            [
              121.5563821532319,
              45.30873672237919
            ],
            [
              121.55586353477345,
              45.30227619683128
            ],
            [
              121.54670881313095,
              45.30264176417548
            ],
            [
              121.5472263982333,
              45.309102371624924
            ]
          ]
        ]
      },
      "properties": {
        "biomass": 146.39724731445312,
        "min_biomass": 73.34100341796875,
        "max_biomass": 224.36805725097656,
        "timestamp": "20260406_133449",
        "grid_id": "672_216"
      }
    },
    {
      "type": "Feature",
      "geometry": {
        "type": "Polygon",
        "coordinates": [
          [
            [
              121.5563821532319,
              45.30873672237919
            ],
            [
              121.56553773251895,
              45.308370341489734
            ],
            [
              121.56501808077725,
              45.30190989800618
            ],
            [
              121.55586353477345,
              45.30227619683128
            ],
            [
              121.5563821532319,
              45.30873672237919
            ]
          ]
        ]
      },
      "properties": {
        "biomass": 225.8437042236328,
        "min_biomass": 117.07757568359375,
        "max_biomass": 311.302490234375,
        "timestamp": "20260406_133449",
        "grid_id": "672_240"
      }
    },
    {
      "type": "Feature",
      "geometry": {
        "type": "Polygon",
        "coordinates": [
          [
            [
              121.56553773251895,
              45.308370341489734
            ],
            [
              121.57469313574748,
              45.30800322899376
            ],
            [
              121.57417245079542,
              45.30154286773738
            ],
            [
              121.56501808077725,
              45.30190989800618
            ],
            [
              121.56553773251895,
              45.308370341489734
            ]
          ]
        ]
      },
      "properties": {
        "biomass": 226.35440063476562,
        "min_biomass": 104.45542907714844,
        "max_biomass": 306.3638610839844,
        "timestamp": "20260406_133449",
        "grid_id": "672_264"
      }
    },
    {
      "type": "Feature",
      "geometry": {
        "type": "Polygon",
        "coordinates": [
          [
            [
              121.57469313574748,
              45.30800322899376
            ],
            [
              121.58384836257038,
              45.30763538492857
            ],
            [
              121.58332664448105,
              45.30117510606214
            ],
            [
              121.57417245079542,
              45.30154286773738
            ],
            [
              121.57469313574748,
              45.30800322899376
            ]
          ]
        ]
      },
      "properties": {
        "biomass": 136.53431701660156,
        "min_biomass": 73.42569732666016,
        "max_biomass": 212.70419311523438,
        "timestamp": "20260406_133449",
        "grid_id": "672_288"
      }
    },
    {
      "type": "Feature",
      "geometry": {
        "type": "Polygon",
        "coordinates": [
          [
            [
              121.58384836257038,
              45.30763538492857
            ],
            [
              121.59300341264067,
              45.30726680933144
            ],
            [
              121.59248066148731,
              45.30080661301775
            ],
            [
              121.58332664448105,
              45.30117510606214
            ],
            [
              121.58384836257038,
              45.30763538492857
            ]
          ]
        ]
      },
      "properties": {
        "biomass": 127.6434097290039,
        "min_biomass": 72.51319885253906,
        "max_biomass": 169.19277954101562,
        "timestamp": "20260406_133449",
        "grid_id": "672_312"
      }
    },
    {
      "type": "Feature",
      "geometry": {
        "type": "Polygon",
        "coordinates": [
          [
            [
              121.59300341264067,
              45.30726680933144
            ],
            [
              121.60215828561145,
              45.30689750223981
            ],
            [
              121.60163450146742,
              45.300437388641654
            ],
            [
              121.59248066148731,
              45.30080661301775
            ],
            [
              121.59300341264067,
              45.30726680933144
            ]
          ]
        ]
      },
      "properties": {
        "biomass": 126.17777252197266,
        "min_biomass": 72.91452026367188,
        "max_biomass": 253.75131225585938,
        "timestamp": "20260406_133449",
        "grid_id": "672_336"
      }
    },
    {
      "type": "Feature",
      "geometry": {
        "type": "Polygon",
        "coordinates": [
          [
            [
              121.60215828561145,
              45.30689750223981
            ],
            [
              121.6113129811358,
              45.306527463691175
            ],
            [
              121.61078816407453,
              45.300067432971304
            ],
            [
              121.60163450146742,
              45.300437388641654
            ],
            [
              121.60215828561145,
              45.30689750223981
            ]
          ]
        ]
      },
      "properties": {
        "biomass": 136.67523193359375,
        "min_biomass": 72.7354736328125,
        "max_biomass": 249.4002685546875,
        "timestamp": "20260406_133449",
        "grid_id": "672_360"
      }
    },
    {
      "type": "Feature",
      "geometry": {
        "type": "Polygon",
        "coordinates": [
          [
            [
              121.6113129811358,
              45.306527463691175
            ],
            [
              121.62046749886686,
              45.3061566937231
            ],
            [
              121.61994164896204,
              45.29969674604423
            ],
            [
              121.61078816407453,
              45.300067432971304
            ],
            [
              121.6113129811358,
              45.306527463691175
            ]
          ]
        ]
      },
      "properties": {
        "biomass": 140.0017547607422,
        "min_biomass": 73.90681457519531,
        "max_biomass": 214.09454345703125,
        "timestamp": "20260406_133449",
        "grid_id": "672_384"
      }
    },
    {
      "type": "Feature",
      "geometry": {
        "type": "Polygon",
        "coordinates": [
          [
            [
              121.62046749886686,
              45.3061566937231
            ],
            [
              121.62962183845777,
              45.30578519237321
            ],
            [
              121.62909495578322,
              45.29932532789807
            ],
            [
              121.61994164896204,
              45.29969674604423
            ],
            [
              121.62046749886686,
              45.3061566937231
            ]
          ]
        ]
      },
      "properties": {
        "biomass": 105.7916030883789,
        "min_biomass": 73.48550415039062,
        "max_biomass": 176.3767852783203,
        "timestamp": "20260406_133449",
        "grid_id": "672_408"
      }
    },
    {
      "type": "Feature",
      "geometry": {
        "type": "Polygon",
        "coordinates": [
          [
            [
              121.62962183845777,
              45.30578519237321
            ],
            [
              121.63877599956183,
              45.30541295967919
            ],
            [
              121.63824808419143,
              45.29895317857049
            ],
            [
              121.62909495578322,
              45.29932532789807
            ],
            [
              121.62962183845777,
              45.30578519237321
            ]
          ]
        ]
      },
      "properties": {
        "biomass": 123.13267517089844,
        "min_biomass": 72.69300842285156,
        "max_biomass": 295.6525573730469,
        "timestamp": "20260406_133449",
        "grid_id": "672_432"
      }
    },
    {
      "type": "Feature",
      "geometry": {
        "type": "Polygon",
        "coordinates": [
          [
            [
              121.63877599956183,
              45.30541295967919
            ],
            [
              121.64792998183226,
              45.30503999567885
            ],
            [
              121.6474010338401,
              45.2985802980993
            ],
            [
              121.63824808419143,
              45.29895317857049
            ],
            [
              121.63877599956183,
              45.30541295967919
            ]
          ]
        ]
      },
      "properties": {
        "biomass": 154.8644256591797,
        "min_biomass": 76.76583862304688,
        "max_biomass": 304.01605224609375,
        "timestamp": "20260406_133449",
        "grid_id": "672_456"
      }
    },
    {
      "type": "Feature",
      "geometry": {
        "type": "Polygon",
        "coordinates": [
          [
            [
              121.64792998183226,
              45.30503999567885
            ],
            [
              121.6570837849224,
              45.30466630041002
            ],
            [
              121.65655380438268,
              45.29820668652229
            ],
            [
              121.6474010338401,
              45.2985802980993
            ],
            [
              121.64792998183226,
              45.30503999567885
            ]
          ]
        ]
      },
      "properties": {
        "biomass": 203.67990112304688,
        "min_biomass": 94.57534790039062,
        "max_biomass": 309.8056945800781,
        "timestamp": "20260406_133449",
        "grid_id": "672_480"
      }
    },
    {
      "type": "Feature",
      "geometry": {
        "type": "Polygon",
        "coordinates": [
          [
            [
              121.6570837849224,
              45.30466630041002
            ],
            [
              121.6662374084856,
              45.30429187391062
            ],
            [
              121.66570639547267,
              45.297832343877396
            ],
            [
              121.65655380438268,
              45.29820668652229
            ],
            [
              121.6570837849224,
              45.30466630041002
            ]
          ]
        ]
      },
      "properties": {
        "biomass": 189.6776580810547,
        "min_biomass": 116.02033233642578,
        "max_biomass": 318.73211669921875,
        "timestamp": "20260406_133449",
        "grid_id": "672_504"
      }
    },
    {
      "type": "Feature",
      "geometry": {
        "type": "Polygon",
        "coordinates": [
          [
            [
              121.6662374084856,
              45.30429187391062
            ],
            [
              121.67539085217525,
              45.30391671621867
            ],
            [
              121.67485880676361,
              45.29745727020258
            ],
            [
              121.66570639547267,
              45.297832343877396
            ],
            [
              121.6662374084856,
              45.30429187391062
            ]
          ]
        ]
      },
      "properties": {
        "biomass": 199.4283447265625,
        "min_biomass": 117.23417663574219,
        "max_biomass": 302.2831115722656,
        "timestamp": "20260406_133449",
        "grid_id": "672_528"
      }
    },
    {
      "type": "Feature",
      "geometry": {
        "type": "Polygon",
        "coordinates": [
          [
            [
              121.4917768142965,
              45.30481980506928
            ],
            [
              121.50093258248334,
              45.30445862738707
            ],
            [
              121.50042033880455,
              45.2979976009921
            ],
            [
              121.49126560406032,
              45.29835869776822
            ],
            [
              121.4917768142965,
              45.30481980506928
            ]
          ]
        ]
      },
      "properties": {
        "biomass": 106.8595962524414,
        "min_biomass": 73.78885650634766,
        "max_biomass": 210.8007049560547,
        "timestamp": "20260406_133449",
        "grid_id": "696_72"
      }
    },
    {
      "type": "Feature",
      "geometry": {
        "type": "Polygon",
        "coordinates": [
          [
            [
              121.50093258248334,
              45.30445862738707
            ],
            [
              121.51008817711394,
              45.30409671800243
            ],
            [
              121.50957490006442,
              45.29763577267641
            ],
            [
              121.50042033880455,
              45.2979976009921
            ],
            [
              121.50093258248334,
              45.30445862738707
            ]
          ]
        ]
      },
      "properties": {
        "biomass": 137.29254150390625,
        "min_biomass": 74.81729888916016,
        "max_biomass": 237.9875946044922,
        "timestamp": "20260406_133449",
        "grid_id": "696_96"
      }
    },
    {
      "type": "Feature",
      "geometry": {
        "type": "Polygon",
        "coordinates": [
          [
            [
              121.51008817711394,
              45.30409671800243
            ],
            [
              121.51924359784114,
              45.303734076952104
            ],
            [
              121.51872928749292,
              45.2972732128579
            ],
            [
              121.50957490006442,
              45.29763577267641
            ],
            [
              121.51008817711394,
              45.30409671800243
            ]
          ]
        ]
      },
      "properties": {
        "biomass": 116.17701721191406,
        "min_biomass": 73.06771850585938,
        "max_biomass": 179.17538452148438,
        "timestamp": "20260406_133449",
        "grid_id": "696_120"
      }
    },
    {
      "type": "Feature",
      "geometry": {
        "type": "Polygon",
        "coordinates": [
          [
            [
              121.51924359784114,
              45.303734076952104
            ],
            [
              121.52839884431775,
              45.30337070427289
            ],
            [
              121.52788350074304,
              45.296909921573366
            ],
            [
              121.51872928749292,
              45.2972732128579
            ],
            [
              121.51924359784114,
              45.303734076952104
            ]
          ]
        ]
      },
      "properties": {
        "biomass": 100.50287628173828,
        "min_biomass": 73.47042083740234,
        "max_biomass": 161.0311737060547,
        "timestamp": "20260406_133449",
        "grid_id": "696_144"
      }
    },
    {
      "type": "Feature",
      "geometry": {
        "type": "Polygon",
        "coordinates": [
          [
            [
              121.52839884431775,
              45.30337070427289
            ],
            [
              121.5375539161967,
              45.30300660000171
            ],
            [
              121.5370375394678,
              45.29654589885969
            ],
            [
              121.52788350074304,
              45.296909921573366
            ],
            [
              121.52839884431775,
              45.30337070427289
            ]
          ]
        ]
      },
      "properties": {
        "biomass": 121.27560424804688,
        "min_biomass": 72.3794174194336,
        "max_biomass": 182.4765167236328,
        "timestamp": "20260406_133449",
        "grid_id": "696_168"
      }
    },
    {
      "type": "Feature",
      "geometry": {
        "type": "Polygon",
        "coordinates": [
          [
            [
              121.5375539161967,
              45.30300660000171
            ],
            [
              121.54670881313095,
              45.30264176417548
            ],
            [
              121.54619140332036,
              45.2961811447538
            ],
            [
              121.5370375394678,
              45.29654589885969
            ],
            [
              121.5375539161967,
              45.30300660000171
            ]
          ]
        ]
      },
      "properties": {
        "biomass": 121.75486755371094,
        "min_biomass": 73.3039779663086,
        "max_biomass": 225.8942413330078,
        "timestamp": "20260406_133449",
        "grid_id": "696_192"
      }
    },
    {
      "type": "Feature",
      "geometry": {
        "type": "Polygon",
        "coordinates": [
          [
            [
              121.54670881313095,
              45.30264176417548
            ],
            [
              121.55586353477345,
              45.30227619683128
            ],
            [
              121.55534509195377,
              45.29581565929273
            ],
            [
              121.54619140332036,
              45.2961811447538
            ],
            [
              121.54670881313095,
              45.30264176417548
            ]
          ]
        ]
      },
      "properties": {
        "biomass": 117.43859100341797,
        "min_biomass": 72.4919662475586,
        "max_biomass": 239.0716094970703,
        "timestamp": "20260406_133449",
        "grid_id": "696_216"
      }
    },
    {
      "type": "Feature",
      "geometry": {
        "type": "Polygon",
        "coordinates": [
          [
            [
              121.55586353477345,
              45.30227619683128
            ],
            [
              121.56501808077725,
              45.30190989800618
            ],
            [
              121.56449860502121,
              45.295449442513565
            ],
            [
              121.55534509195377,
              45.29581565929273
            ],
            [
              121.55586353477345,
              45.30227619683128
            ]
          ]
        ]
      },
      "properties": {
        "biomass": 165.21112060546875,
        "min_biomass": 81.68766021728516,
        "max_biomass": 285.5453186035156,
        "timestamp": "20260406_133449",
        "grid_id": "696_240"
      }
    },
    {
      "type": "Feature",
      "geometry": {
        "type": "Polygon",
        "coordinates": [
          [
            [
              121.56501808077725,
              45.30190989800618
            ],
            [
              121.57417245079542,
              45.30154286773738
            ],
            [
              121.57365194217591,
              45.295082494453474
            ],
            [
              121.56449860502121,
              45.295449442513565
            ],
            [
              121.56501808077725,
              45.30190989800618
            ]
          ]
        ]
      },
      "properties": {
        "biomass": 191.58995056152344,
        "min_biomass": 82.00421142578125,
        "max_biomass": 303.4727478027344,
        "timestamp": "20260406_133449",
        "grid_id": "696_264"
      }
    },
    {
      "type": "Feature",
      "geometry": {
        "type": "Polygon",
        "coordinates": [
          [
            [
              121.57417245079542,
              45.30154286773738
            ],
            [
              121.58332664448105,
              45.30117510606214
            ],
            [
              121.58280510307114,
              45.29471481514969
            ],
            [
              121.57365194217591,
              45.295082494453474
            ],
            [
              121.57417245079542,
              45.30154286773738
            ]
          ]
        ]
      },
      "properties": {
        "biomass": 179.54022216796875,
        "min_biomass": 111.65684509277344,
        "max_biomass": 329.3959045410156,
        "timestamp": "20260406_133449",
        "grid_id": "696_288"
      }
    },
    {
      "type": "Feature",
      "geometry": {
        "type": "Polygon",
        "coordinates": [
          [
            [
              121.58332664448105,
              45.30117510606214
            ],
            [
              121.59248066148731,
              45.30080661301775
            ],
            [
              121.59195808736014,
              45.29434640463952
            ],
            [
              121.58280510307114,
              45.29471481514969
            ],
            [
              121.58332664448105,
              45.30117510606214
            ]
          ]
        ]
      },
      "properties": {
        "biomass": 146.46371459960938,
        "min_biomass": 73.27606201171875,
        "max_biomass": 316.9297180175781,
        "timestamp": "20260406_133449",
        "grid_id": "696_312"
      }
    },
    {
      "type": "Feature",
      "geometry": {
        "type": "Polygon",
        "coordinates": [
          [
            [
              121.59248066148731,
              45.30080661301775
            ],
            [
              121.60163450146742,
              45.300437388641654
            ],
            [
              121.60111089469629,
              45.29397726296037
            ],
            [
              121.59195808736014,
              45.29434640463952
            ],
            [
              121.59248066148731,
              45.30080661301775
            ]
          ]
        ]
      },
      "properties": {
        "biomass": 112.6280517578125,
        "min_biomass": 72.4142074584961,
        "max_biomass": 176.67999267578125,
        "timestamp": "20260406_133449",
        "grid_id": "696_336"
      }
    },
    {
      "type": "Feature",
      "geometry": {
        "type": "Polygon",
        "coordinates": [
          [
            [
              121.60163450146742,
              45.300437388641654
            ],
            [
              121.61078816407453,
              45.300067432971304
            ],
            [
              121.61026352473296,
              45.29360739014967
            ],
            [
              121.60111089469629,
              45.29397726296037
            ],
            [
              121.60163450146742,
              45.300437388641654
            ]
          ]
        ]
      },
      "properties": {
        "biomass": 126.96900177001953,
        "min_biomass": 72.65151977539062,
        "max_biomass": 169.96298217773438,
        "timestamp": "20260406_133449",
        "grid_id": "696_360"
      }
    },
    {
      "type": "Feature",
      "geometry": {
        "type": "Polygon",
        "coordinates": [
          [
            [
              121.61078816407453,
              45.300067432971304
            ],
            [
              121.61994164896204,
              45.29969674604423
            ],
            [
              121.6194159771236,
              45.293236786244975
            ],
            [
              121.61026352473296,
              45.29360739014967
            ],
            [
              121.61078816407453,
              45.300067432971304
            ]
          ]
        ]
      },
      "properties": {
        "biomass": 136.51095581054688,
        "min_biomass": 73.50674438476562,
        "max_biomass": 222.51182556152344,
        "timestamp": "20260406_133449",
        "grid_id": "696_384"
      }
    },
    {
      "type": "Feature",
      "geometry": {
        "type": "Polygon",
        "coordinates": [
          [
            [
              121.61994164896204,
              45.29969674604423
            ],
            [
              121.62909495578322,
              45.29932532789807
            ],
            [
              121.62856825152163,
              45.29286545128387
            ],
            [
              121.6194159771236,
              45.293236786244975
            ],
            [
              121.61994164896204,
              45.29969674604423
            ]
          ]
        ]
      },
      "properties": {
        "biomass": 119.36280822753906,
        "min_biomass": 73.47300720214844,
        "max_biomass": 174.66053771972656,
        "timestamp": "20260406_133449",
        "grid_id": "696_408"
      }
    },
    {
      "type": "Feature",
      "geometry": {
        "type": "Polygon",
        "coordinates": [
          [
            [
              121.62909495578322,
              45.29932532789807
            ],
            [
              121.63824808419143,
              45.29895317857049
            ],
            [
              121.6377203475806,
              45.29249338530404
            ],
            [
              121.62856825152163,
              45.29286545128387
            ],
            [
              121.62909495578322,
              45.29932532789807
            ]
          ]
        ]
      },
      "properties": {
        "biomass": 145.4564971923828,
        "min_biomass": 73.98665618896484,
        "max_biomass": 296.57470703125,
        "timestamp": "20260406_133449",
        "grid_id": "696_432"
      }
    },
    {
      "type": "Feature",
      "geometry": {
        "type": "Polygon",
        "coordinates": [
          [
            [
              121.63824808419143,
              45.29895317857049
            ],
            [
              121.6474010338401,
              45.2985802980993
            ],
            [
              121.64687226495404,
              45.29212058834324
            ],
            [
              121.6377203475806,
              45.29249338530404
            ],
            [
              121.63824808419143,
              45.29895317857049
            ]
          ]
        ]
      },
      "properties": {
        "biomass": 222.16024780273438,
        "min_biomass": 95.11338806152344,
        "max_biomass": 307.40216064453125,
        "timestamp": "20260406_133449",
        "grid_id": "696_456"
      }
    },
    {
      "type": "Feature",
      "geometry": {
        "type": "Polygon",
        "coordinates": [
          [
            [
              121.6474010338401,
              45.2985802980993
            ],
            [
              121.65655380438268,
              45.29820668652229
            ],
            [
              121.65602400329556,
              45.291747060439256
            ],
            [
              121.64687226495404,
              45.29212058834324
            ],
            [
              121.6474010338401,
              45.2985802980993
            ]
          ]
        ]
      },
      "properties": {
        "biomass": 227.32391357421875,
        "min_biomass": 117.86746978759766,
        "max_biomass": 355.70513916015625,
        "timestamp": "20260406_133449",
        "grid_id": "696_480"
      }
    },
    {
      "type": "Feature",
      "geometry": {
        "type": "Polygon",
        "coordinates": [
          [
            [
              121.65655380438268,
              45.29820668652229
            ],
            [
              121.66570639547267,
              45.297832343877396
            ],
            [
              121.66517556225878,
              45.291372801630025
            ],
            [
              121.65602400329556,
              45.291747060439256
            ],
            [
              121.65655380438268,
              45.29820668652229
            ]
          ]
        ]
      },
      "properties": {
        "biomass": 241.0955352783203,
        "min_biomass": 127.5959701538086,
        "max_biomass": 356.08465576171875,
        "timestamp": "20260406_133449",
        "grid_id": "696_504"
      }
    },
    {
      "type": "Feature",
      "geometry": {
        "type": "Polygon",
        "coordinates": [
          [
            [
              121.66570639547267,
              45.297832343877396
            ],
            [
              121.67485880676361,
              45.29745727020258
            ],
            [
              121.67432694149741,
              45.290997811953495
            ],
            [
              121.66517556225878,
              45.291372801630025
            ],
            [
              121.66570639547267,
              45.297832343877396
            ]
          ]
        ]
      },
      "properties": {
        "biomass": 229.22518920898438,
        "min_biomass": 127.15230560302734,
        "max_biomass": 308.604736328125,
        "timestamp": "20260406_133449",
        "grid_id": "696_528"
      }
    },
    {
      "type": "Feature",
      "geometry": {
        "type": "Polygon",
        "coordinates": [
          [
            [
              121.49126560406032,
              45.29835869776822
            ],
            [
              121.50042033880455,
              45.2979976009921
            ],
            [
              121.49990826861007,
              45.2915365627183
            ],
            [
              121.49075456696143,
              45.291897578606516
            ],
            [
              121.49126560406032,
              45.29835869776822
            ]
          ]
        ]
      },
      "properties": {
        "biomass": 101.21022033691406,
        "min_biomass": 72.57572174072266,
        "max_biomass": 194.36801147460938,
        "timestamp": "20260406_133449",
        "grid_id": "720_72"
      }
    },
    {
      "type": "Feature",
      "geometry": {
        "type": "Polygon",
        "coordinates": [
          [
            [
              121.50042033880455,
              45.2979976009921
            ],
            [
              121.50957490006442,
              45.29763577267641
            ],
            [
              121.50906179684627,
              45.29117481545337
            ],
            [
              121.49990826861007,
              45.2915365627183
            ],
            [
              121.50042033880455,
              45.2979976009921
            ]
          ]
        ]
      },
      "properties": {
        "biomass": 98.7614517211914,
        "min_biomass": 72.55597686767578,
        "max_biomass": 174.82809448242188,
        "timestamp": "20260406_133449",
        "grid_id": "720_96"
      }
    },
    {
      "type": "Feature",
      "geometry": {
        "type": "Polygon",
        "coordinates": [
          [
            [
              121.50957490006442,
              45.29763577267641
            ],
            [
              121.51872928749292,
              45.2972732128579
            ],
            [
              121.51821515132308,
              45.29081233684844
            ],
            [
              121.50906179684627,
              45.29117481545337
            ],
            [
              121.50957490006442,
              45.29763577267641
            ]
          ]
        ]
      },
      "properties": {
        "biomass": 111.67154693603516,
        "min_biomass": 72.4318618774414,
        "max_biomass": 175.92445373535156,
        "timestamp": "20260406_133449",
        "grid_id": "720_120"
      }
    },
    {
      "type": "Feature",
      "geometry": {
        "type": "Polygon",
        "coordinates": [
          [
            [
              121.51872928749292,
              45.2972732128579
            ],
            [
              121.52788350074304,
              45.296909921573366
            ],
            [
              121.52736833169367,
              45.29044912694031
            ],
            [
              121.51821515132308,
              45.29081233684844
            ],
            [
              121.51872928749292,
              45.2972732128579
            ]
          ]
        ]
      },
      "properties": {
        "biomass": 106.86683654785156,
        "min_biomass": 78.53987121582031,
        "max_biomass": 169.30067443847656,
        "timestamp": "20260406_133449",
        "grid_id": "720_144"
      }
    },
    {
      "type": "Feature",
      "geometry": {
        "type": "Polygon",
        "coordinates": [
          [
            [
              121.52788350074304,
              45.296909921573366
            ],
            [
              121.5370375394678,
              45.29654589885969
            ],
            [
              121.53652133761118,
              45.290085185765825
            ],
            [
              121.52736833169367,
              45.29044912694031
            ],
            [
              121.52788350074304,
              45.296909921573366
            ]
          ]
        ]
      },
      "properties": {
        "biomass": 96.81311798095703,
        "min_biomass": 72.66023254394531,
        "max_biomass": 177.1517333984375,
        "timestamp": "20260406_133449",
        "grid_id": "720_168"
      }
    },
    {
      "type": "Feature",
      "geometry": {
        "type": "Polygon",
        "coordinates": [
          [
            [
              121.5370375394678,
              45.29654589885969
            ],
            [
              121.54619140332036,
              45.2961811447538
            ],
            [
              121.54567416872888,
              45.28972051336192
            ],
            [
              121.53652133761118,
              45.290085185765825
            ],
            [
              121.5370375394678,
              45.29654589885969
            ]
          ]
        ]
      },
      "properties": {
        "biomass": 122.43134307861328,
        "min_biomass": 73.19419860839844,
        "max_biomass": 222.02772521972656,
        "timestamp": "20260406_133449",
        "grid_id": "720_192"
      }
    },
    {
      "type": "Feature",
      "geometry": {
        "type": "Polygon",
        "coordinates": [
          [
            [
              121.54619140332036,
              45.2961811447538
            ],
            [
              121.55534509195377,
              45.29581565929273
            ],
            [
              121.55482682470002,
              45.28935510976559
            ],
            [
              121.54567416872888,
              45.28972051336192
            ],
            [
              121.54619140332036,
              45.2961811447538
            ]
          ]
        ]
      },
      "properties": {
        "biomass": 158.04962158203125,
        "min_biomass": 78.87562561035156,
        "max_biomass": 248.49058532714844,
        "timestamp": "20260406_133449",
        "grid_id": "720_216"
      }
    },
    {
      "type": "Feature",
      "geometry": {
        "type": "Polygon",
        "coordinates": [
          [
            [
              121.55534509195377,
              45.29581565929273
            ],
            [
              121.56449860502121,
              45.295449442513565
            ],
            [
              121.56397930517791,
              45.28898897501392
            ],
            [
              121.55482682470002,
              45.28935510976559
            ],
            [
              121.55534509195377,
              45.29581565929273
            ]
          ]
        ]
      },
      "properties": {
        "biomass": 135.32887268066406,
        "min_biomass": 76.62078094482422,
        "max_biomass": 248.76258850097656,
        "timestamp": "20260406_133449",
        "grid_id": "720_240"
      }
    },
    {
      "type": "Feature",
      "geometry": {
        "type": "Polygon",
        "coordinates": [
          [
            [
              121.56449860502121,
              45.295449442513565
            ],
            [
              121.57365194217591,
              45.295082494453474
            ],
            [
              121.5731316098159,
              45.28862210914409
            ],
            [
              121.56397930517791,
              45.28898897501392
            ],
            [
              121.56449860502121,
              45.295449442513565
            ]
          ]
        ]
      },
      "properties": {
        "biomass": 139.20819091796875,
        "min_biomass": 72.47937774658203,
        "max_biomass": 286.19244384765625,
        "timestamp": "20260406_133449",
        "grid_id": "720_264"
      }
    },
    {
      "type": "Feature",
      "geometry": {
        "type": "Polygon",
        "coordinates": [
          [
            [
              121.57365194217591,
              45.295082494453474
            ],
            [
              121.58280510307114,
              45.29471481514969
            ],
            [
              121.58228373826739,
              45.288254512193284
            ],
            [
              121.5731316098159,
              45.28862210914409
            ],
            [
              121.57365194217591,
              45.295082494453474
            ]
          ]
        ]
      },
      "properties": {
        "biomass": 186.2572479248047,
        "min_biomass": 102.3770751953125,
        "max_biomass": 313.2619934082031,
        "timestamp": "20260406_133449",
        "grid_id": "720_288"
      }
    },
    {
      "type": "Feature",
      "geometry": {
        "type": "Polygon",
        "coordinates": [
          [
            [
              121.58280510307114,
              45.29471481514969
            ],
            [
              121.59195808736014,
              45.29434640463952
            ],
            [
              121.59143569018583,
              45.28788618419881
            ],
            [
              121.58228373826739,
              45.288254512193284
            ],
            [
              121.58280510307114,
              45.29471481514969
            ]
          ]
        ]
      },
      "properties": {
        "biomass": 182.6820526123047,
        "min_biomass": 99.18753051757812,
        "max_biomass": 314.63641357421875,
        "timestamp": "20260406_133449",
        "grid_id": "720_312"
      }
    },
    {
      "type": "Feature",
      "geometry": {
        "type": "Polygon",
        "coordinates": [
          [
            [
              121.59195808736014,
              45.29434640463952
            ],
            [
              121.60111089469629,
              45.29397726296037
            ],
            [
              121.60058746522466,
              45.28751712519804
            ],
            [
              121.59143569018583,
              45.28788618419881
            ],
            [
              121.59195808736014,
              45.29434640463952
            ]
          ]
        ]
      },
      "properties": {
        "biomass": 136.26702880859375,
        "min_biomass": 74.02131652832031,
        "max_biomass": 248.9854278564453,
        "timestamp": "20260406_133449",
        "grid_id": "720_336"
      }
    },
    {
      "type": "Feature",
      "geometry": {
        "type": "Polygon",
        "coordinates": [
          [
            [
              121.60111089469629,
              45.29397726296037
            ],
            [
              121.61026352473296,
              45.29360739014967
            ],
            [
              121.60973906303745,
              45.28714733522842
            ],
            [
              121.60058746522466,
              45.28751712519804
            ],
            [
              121.60111089469629,
              45.29397726296037
            ]
          ]
        ]
      },
      "properties": {
        "biomass": 110.25277709960938,
        "min_biomass": 72.45797729492188,
        "max_biomass": 201.24266052246094,
        "timestamp": "20260406_133449",
        "grid_id": "720_360"
      }
    },
    {
      "type": "Feature",
      "geometry": {
        "type": "Polygon",
        "coordinates": [
          [
            [
              121.61026352473296,
              45.29360739014967
            ],
            [
              121.6194159771236,
              45.293236786244975
            ],
            [
              121.61889048327774,
              45.286776814327474
            ],
            [
              121.60973906303745,
              45.28714733522842
            ],
            [
              121.61026352473296,
              45.29360739014967
            ]
          ]
        ]
      },
      "properties": {
        "biomass": 127.01356506347656,
        "min_biomass": 73.3383560180664,
        "max_biomass": 166.35601806640625,
        "timestamp": "20260406_133449",
        "grid_id": "720_384"
      }
    },
    {
      "type": "Feature",
      "geometry": {
        "type": "Polygon",
        "coordinates": [
          [
            [
              121.6194159771236,
              45.293236786244975
            ],
            [
              121.62856825152163,
              45.29286545128387
            ],
            [
              121.62804172559913,
              45.286405562532764
            ],
            [
              121.61889048327774,
              45.286776814327474
            ],
            [
              121.6194159771236,
              45.293236786244975
            ]
          ]
        ]
      },
      "properties": {
        "biomass": 99.31752014160156,
        "min_biomass": 73.45140838623047,
        "max_biomass": 167.11717224121094,
        "timestamp": "20260406_133449",
        "grid_id": "720_408"
      }
    },
    {
      "type": "Feature",
      "geometry": {
        "type": "Polygon",
        "coordinates": [
          [
            [
              121.62856825152163,
              45.29286545128387
            ],
            [
              121.6377203475806,
              45.29249338530404
            ],
            [
              121.63719278965527,
              45.286033579881966
            ],
            [
              121.62804172559913,
              45.286405562532764
            ],
            [
              121.62856825152163,
              45.29286545128387
            ]
          ]
        ]
      },
      "properties": {
        "biomass": 111.90462493896484,
        "min_biomass": 78.5096664428711,
        "max_biomass": 173.68478393554688,
        "timestamp": "20260406_133449",
        "grid_id": "720_432"
      }
    },
    {
      "type": "Feature",
      "geometry": {
        "type": "Polygon",
        "coordinates": [
          [
            [
              121.6377203475806,
              45.29249338530404
            ],
            [
              121.64687226495404,
              45.29212058834324
            ],
            [
              121.64634367509989,
              45.28566086641279
            ],
            [
              121.63719278965527,
              45.286033579881966
            ],
            [
              121.6377203475806,
              45.29249338530404
            ]
          ]
        ]
      },
      "properties": {
        "biomass": 134.0704803466797,
        "min_biomass": 84.79792785644531,
        "max_biomass": 234.37518310546875,
        "timestamp": "20260406_133449",
        "grid_id": "720_456"
      }
    },
    {
      "type": "Feature",
      "geometry": {
        "type": "Polygon",
        "coordinates": [
          [
            [
              121.64687226495404,
              45.29212058834324
            ],
            [
              121.65602400329556,
              45.291747060439256
            ],
            [
              121.6554943815867,
              45.285287422163094
            ],
            [
              121.64634367509989,
              45.28566086641279
            ],
            [
              121.64687226495404,
              45.29212058834324
            ]
          ]
        ]
      },
      "properties": {
        "biomass": 143.4635772705078,
        "min_biomass": 88.69046020507812,
        "max_biomass": 230.27101135253906,
        "timestamp": "20260406_133449",
        "grid_id": "720_480"
      }
    },
    {
      "type": "Feature",
      "geometry": {
        "type": "Polygon",
        "coordinates": [
          [
            [
              121.65602400329556,
              45.291747060439256
            ],
            [
              121.66517556225878,
              45.291372801630025
            ],
            [
              121.66464490876952,
              45.284913247170714
            ],
            [
              121.6554943815867,
              45.285287422163094
            ],
            [
              121.65602400329556,
              45.291747060439256
            ]
          ]
        ]
      },
      "properties": {
        "biomass": 195.66461181640625,
        "min_biomass": 114.46578979492188,
        "max_biomass": 289.4156494140625,
        "timestamp": "20260406_133449",
        "grid_id": "720_504"
      }
    },
    {
      "type": "Feature",
      "geometry": {
        "type": "Polygon",
        "coordinates": [
          [
            [
              121.66517556225878,
              45.291372801630025
            ],
            [
              121.67432694149741,
              45.290997811953495
            ],
            [
              121.6737952563021,
              45.284538341473606
            ],
            [
              121.66464490876952,
              45.284913247170714
            ],
            [
              121.66517556225878,
              45.291372801630025
            ]
          ]
        ]
      },
      "properties": {
        "biomass": 232.33621215820312,
        "min_biomass": 132.04733276367188,
        "max_biomass": 288.7154541015625,
        "timestamp": "20260406_133449",
        "grid_id": "720_528"
      }
    },
    {
      "type": "Feature",
      "geometry": {
        "type": "Polygon",
        "coordinates": [
          [
            [
              121.49075456696143,
              45.291897578606516
            ],
            [
              121.49990826861007,
              45.2915365627183
            ],
            [
              121.49939637182811,
              45.2850755125677
            ],
            [
              121.49024370292805,
              45.28543644758616
            ],
            [
              121.49075456696143,
              45.291897578606516
            ]
          ]
        ]
      },
      "properties": {
        "biomass": 100.38318634033203,
        "min_biomass": 72.7369384765625,
        "max_biomass": 187.36553955078125,
        "timestamp": "20260406_133449",
        "grid_id": "744_72"
      }
    },
    {
      "type": "Feature",
      "geometry": {
        "type": "Polygon",
        "coordinates": [
          [
            [
              121.49990826861007,
              45.2915365627183
            ],
            [
              121.50906179684627,
              45.29117481545337
            ],
            [
              121.50854886738752,
              45.28471384633533
            ],
            [
              121.49939637182811,
              45.2850755125677
            ],
            [
              121.49990826861007,
              45.2915365627183
            ]
          ]
        ]
      },
      "properties": {
        "biomass": 128.02101135253906,
        "min_biomass": 73.3941421508789,
        "max_biomass": 185.35366821289062,
        "timestamp": "20260406_133449",
        "grid_id": "744_96"
      }
    },
    {
      "type": "Feature",
      "geometry": {
        "type": "Polygon",
        "coordinates": [
          [
            [
              121.50906179684627,
              45.29117481545337
            ],
            [
              121.51821515132308,
              45.29081233684844
            ],
            [
              121.51770118925951,
              45.284351448925754
            ],
            [
              121.50854886738752,
              45.28471384633533
            ],
            [
              121.50906179684627,
              45.29117481545337
            ]
          ]
        ]
      },
      "properties": {
        "biomass": 119.24605560302734,
        "min_biomass": 74.866455078125,
        "max_biomass": 175.23561096191406,
        "timestamp": "20260406_133449",
        "grid_id": "744_120"
      }
    },
    {
      "type": "Feature",
      "geometry": {
        "type": "Polygon",
        "coordinates": [
          [
            [
              121.51821515132308,
              45.29081233684844
            ],
            [
              121.52736833169367,
              45.29044912694031
            ],
            [
              121.52685333709735,
              45.28398832037575
            ],
            [
              121.51770118925951,
              45.284351448925754
            ],
            [
              121.51821515132308,
              45.29081233684844
            ]
          ]
        ]
      },
      "properties": {
        "biomass": 108.76155090332031,
        "min_biomass": 73.39253234863281,
        "max_biomass": 169.52691650390625,
        "timestamp": "20260406_133449",
        "grid_id": "744_144"
      }
    },
    {
      "type": "Feature",
      "geometry": {
        "type": "Polygon",
        "coordinates": [
          [
            [
              121.52736833169367,
              45.29044912694031
            ],
            [
              121.53652133761118,
              45.290085185765825
            ],
            [
              121.53600531055437,
              45.28362446072216
            ],
            [
              121.52685333709735,
              45.28398832037575
            ],
            [
              121.52736833169367,
              45.29044912694031
            ]
          ]
        ]
      },
      "properties": {
        "biomass": 102.73675537109375,
        "min_biomass": 72.55952453613281,
        "max_biomass": 165.51760864257812,
        "timestamp": "20260406_133449",
        "grid_id": "744_168"
      }
    },
    {
      "type": "Feature",
      "geometry": {
        "type": "Polygon",
        "coordinates": [
          [
            [
              121.53652133761118,
              45.290085185765825
            ],
            [
              121.54567416872888,
              45.28972051336192
            ],
            [
              121.54515710928399,
              45.2832598700019
            ],
            [
              121.53600531055437,
              45.28362446072216
            ],
            [
              121.53652133761118,
              45.290085185765825
            ]
          ]
        ]
      },
      "properties": {
        "biomass": 105.6657485961914,
        "min_biomass": 72.96497344970703,
        "max_biomass": 229.23902893066406,
        "timestamp": "20260406_133449",
        "grid_id": "744_192"
      }
    },
    {
      "type": "Feature",
      "geometry": {
        "type": "Polygon",
        "coordinates": [
          [
            [
              121.54567416872888,
              45.28972051336192
            ],
            [
              121.55482682470002,
              45.28935510976559
            ],
            [
              121.55430873293955,
              45.28289454825195
            ],
            [
              121.54515710928399,
              45.2832598700019
            ],
            [
              121.54567416872888,
              45.28972051336192
            ]
          ]
        ]
      },
      "properties": {
        "biomass": 148.23524475097656,
        "min_biomass": 75.51744079589844,
        "max_biomass": 294.7254943847656,
        "timestamp": "20260406_133449",
        "grid_id": "744_216"
      }
    },
    {
      "type": "Feature",
      "geometry": {
        "type": "Polygon",
        "coordinates": [
          [
            [
              121.55482682470002,
              45.28935510976559
            ],
            [
              121.56397930517791,
              45.28898897501392
            ],
            [
              121.5634601811745,
              45.282528495509396
            ],
            [
              121.55430873293955,
              45.28289454825195
            ],
            [
              121.55482682470002,
              45.28935510976559
            ]
          ]
        ]
      },
      "properties": {
        "biomass": 154.90342712402344,
        "min_biomass": 74.74612426757812,
        "max_biomass": 271.9073486328125,
        "timestamp": "20260406_133449",
        "grid_id": "744_240"
      }
    },
    {
      "type": "Feature",
      "geometry": {
        "type": "Polygon",
        "coordinates": [
          [
            [
              121.56397930517791,
              45.28898897501392
            ],
            [
              121.5731316098159,
              45.28862210914409
            ],
            [
              121.5726114536424,
              45.28216171181135
            ],
            [
              121.5634601811745,
              45.282528495509396
            ],
            [
              121.56397930517791,
              45.28898897501392
            ]
          ]
        ]
      },
      "properties": {
        "biomass": 193.84405517578125,
        "min_biomass": 85.18112182617188,
        "max_biomass": 295.2070007324219,
        "timestamp": "20260406_133449",
        "grid_id": "744_264"
      }
    },
    {
      "type": "Feature",
      "geometry": {
        "type": "Polygon",
        "coordinates": [
          [
            [
              121.5731316098159,
              45.28862210914409
            ],
            [
              121.58228373826739,
              45.288254512193284
            ],
            [
              121.58176254999675,
              45.281794197195055
            ],
            [
              121.5726114536424,
              45.28216171181135
            ],
            [
              121.5731316098159,
              45.28862210914409
            ]
          ]
        ]
      },
      "properties": {
        "biomass": 191.31846618652344,
        "min_biomass": 107.7686996459961,
        "max_biomass": 292.28314208984375,
        "timestamp": "20260406_133449",
        "grid_id": "744_288"
      }
    },
    {
      "type": "Feature",
      "geometry": {
        "type": "Polygon",
        "coordinates": [
          [
            [
              121.58228373826739,
              45.288254512193284
            ],
            [
              121.59143569018583,
              45.28788618419881
            ],
            [
              121.59091346989109,
              45.281425951697756
            ],
            [
              121.58176254999675,
              45.281794197195055
            ],
            [
              121.58228373826739,
              45.288254512193284
            ]
          ]
        ]
      },
      "properties": {
        "biomass": 164.56692504882812,
        "min_biomass": 84.24031829833984,
        "max_biomass": 274.8988342285156,
        "timestamp": "20260406_133449",
        "grid_id": "744_312"
      }
    },
    {
      "type": "Feature",
      "geometry": {
        "type": "Polygon",
        "coordinates": [
          [
            [
              121.59143569018583,
              45.28788618419881
            ],
            [
              121.60058746522466,
              45.28751712519804
            ],
            [
              121.60006421297912,
              45.28105697535682
            ],
            [
              121.59091346989109,
              45.281425951697756
            ],
            [
              121.59143569018583,
              45.28788618419881
            ]
          ]
        ]
      },
      "properties": {
        "biomass": 173.67198181152344,
        "min_biomass": 102.01643371582031,
        "max_biomass": 286.53009033203125,
        "timestamp": "20260406_133449",
        "grid_id": "744_336"
      }
    },
    {
      "type": "Feature",
      "geometry": {
        "type": "Polygon",
        "coordinates": [
          [
            [
              121.60058746522466,
              45.28751712519804
            ],
            [
              121.60973906303745,
              45.28714733522842
            ],
            [
              121.60921477891442,
              45.28068726820967
            ],
            [
              121.60006421297912,
              45.28105697535682
            ],
            [
              121.60058746522466,
              45.28751712519804
            ]
          ]
        ]
      },
      "properties": {
        "biomass": 134.2858428955078,
        "min_biomass": 75.57371520996094,
        "max_biomass": 304.4308776855469,
        "timestamp": "20260406_133449",
        "grid_id": "744_360"
      }
    },
    {
      "type": "Feature",
      "geometry": {
        "type": "Polygon",
        "coordinates": [
          [
            [
              121.60973906303745,
              45.28714733522842
            ],
            [
              121.61889048327774,
              45.286776814327474
            ],
            [
              121.61836516735075,
              45.28031683029383
            ],
            [
              121.60921477891442,
              45.28068726820967
            ],
            [
              121.60973906303745,
              45.28714733522842
            ]
          ]
        ]
      },
      "properties": {
        "biomass": 97.46207427978516,
        "min_biomass": 72.6287841796875,
        "max_biomass": 177.62432861328125,
        "timestamp": "20260406_133449",
        "grid_id": "744_384"
      }
    },
    {
      "type": "Feature",
      "geometry": {
        "type": "Polygon",
        "coordinates": [
          [
            [
              121.61889048327774,
              45.286776814327474
            ],
            [
              121.62804172559913,
              45.286405562532764
            ],
            [
              121.62751537794186,
              45.27994566164685
            ],
            [
              121.61836516735075,
              45.28031683029383
            ],
            [
              121.61889048327774,
              45.286776814327474
            ]
          ]
        ]
      },
      "properties": {
        "biomass": 94.25433349609375,
        "min_biomass": 79.703857421875,
        "max_biomass": 168.937255859375,
        "timestamp": "20260406_133449",
        "grid_id": "744_408"
      }
    },
    {
      "type": "Feature",
      "geometry": {
        "type": "Polygon",
        "coordinates": [
          [
            [
              121.62804172559913,
              45.286405562532764
            ],
            [
              121.63719278965527,
              45.286033579881966
            ],
            [
              121.63666541034151,
              45.279573762306384
            ],
            [
              121.62751537794186,
              45.27994566164685
            ],
            [
              121.62804172559913,
              45.286405562532764
            ]
          ]
        ]
      },
      "properties": {
        "biomass": 101.00895690917969,
        "min_biomass": 79.55165100097656,
        "max_biomass": 171.46456909179688,
        "timestamp": "20260406_133449",
        "grid_id": "744_432"
      }
    },
    {
      "type": "Feature",
      "geometry": {
        "type": "Polygon",
        "coordinates": [
          [
            [
              121.63719278965527,
              45.286033579881966
            ],
            [
              121.64634367509989,
              45.28566086641279
            ],
            [
              121.64581526420358,
              45.279201132310135
            ],
            [
              121.63666541034151,
              45.279573762306384
            ],
            [
              121.63719278965527,
              45.286033579881966
            ]
          ]
        ]
      },
      "properties": {
        "biomass": 110.3177719116211,
        "min_biomass": 85.11898803710938,
        "max_biomass": 225.80186462402344,
        "timestamp": "20260406_133449",
        "grid_id": "744_456"
      }
    },
    {
      "type": "Feature",
      "geometry": {
        "type": "Polygon",
        "coordinates": [
          [
            [
              121.64634367509989,
              45.28566086641279
            ],
            [
              121.6554943815867,
              45.285287422163094
            ],
            [
              121.6549649391819,
              45.27882777169594
            ],
            [
              121.64581526420358,
              45.279201132310135
            ],
            [
              121.64634367509989,
              45.28566086641279
            ]
          ]
        ]
      },
      "properties": {
        "biomass": 136.7098388671875,
        "min_biomass": 76.36907958984375,
        "max_biomass": 242.04913330078125,
        "timestamp": "20260406_133449",
        "grid_id": "744_480"
      }
    },
    {
      "type": "Feature",
      "geometry": {
        "type": "Polygon",
        "coordinates": [
          [
            [
              121.6554943815867,
              45.285287422163094
            ],
            [
              121.66464490876952,
              45.284913247170714
            ],
            [
              121.66411443493044,
              45.2784536805016
            ],
            [
              121.6549649391819,
              45.27882777169594
            ],
            [
              121.6554943815867,
              45.285287422163094
            ]
          ]
        ]
      },
      "properties": {
        "biomass": 191.7381591796875,
        "min_biomass": 89.03885650634766,
        "max_biomass": 309.7083740234375,
        "timestamp": "20260406_133449",
        "grid_id": "744_504"
      }
    },
    {
      "type": "Feature",
      "geometry": {
        "type": "Polygon",
        "coordinates": [
          [
            [
              121.66464490876952,
              45.284913247170714
            ],
            [
              121.6737952563021,
              45.284538341473606
            ],
            [
              121.67326375110312,
              45.27807885876511
            ],
            [
              121.66411443493044,
              45.2784536805016
            ],
            [
              121.66464490876952,
              45.284913247170714
            ]
          ]
        ]
      },
      "properties": {
        "biomass": 237.6463165283203,
        "min_biomass": 127.55078887939453,
        "max_biomass": 304.9808654785156,
        "timestamp": "20260406_133449",
        "grid_id": "744_528"
      }
    },
    {
      "type": "Feature",
      "geometry": {
        "type": "Polygon",
        "coordinates": [
          [
            [
              121.6737952563021,
              45.284538341473606
            ],
            [
              121.68294542383836,
              45.28416270510982
            ],
            [
              121.68241288735398,
              45.27770330652443
            ],
            [
              121.67326375110312,
              45.27807885876511
            ],
            [
              121.6737952563021,
              45.284538341473606
            ]
          ]
        ]
      },
      "properties": {
        "biomass": 234.21664428710938,
        "min_biomass": 117.78765106201172,
        "max_biomass": 286.8922424316406,
        "timestamp": "20260406_133449",
        "grid_id": "744_552"
      }
    },
    {
      "type": "Feature",
      "geometry": {
        "type": "Polygon",
        "coordinates": [
          [
            [
              121.68294542383836,
              45.28416270510982
            ],
            [
              121.69209541103221,
              45.28378633811742
            ],
            [
              121.69156184333708,
              45.277327023817676
            ],
            [
              121.68241288735398,
              45.27770330652443
            ],
            [
              121.68294542383836,
              45.28416270510982
            ]
          ]
        ]
      },
      "properties": {
        "biomass": 214.24229431152344,
        "min_biomass": 117.56402587890625,
        "max_biomass": 297.70989990234375,
        "timestamp": "20260406_133449",
        "grid_id": "744_576"
      }
    },
    {
      "type": "Feature",
      "geometry": {
        "type": "Polygon",
        "coordinates": [
          [
            [
              121.49024370292805,
              45.28543644758616
            ],
            [
              121.49939637182811,
              45.2850755125677
            ],
            [
              121.49888464838679,
              45.278614450542285
            ],
            [
              121.48973301188855,
              45.27897530470914
            ],
            [
              121.49024370292805,
              45.28543644758616
            ]
          ]
        ]
      },
      "properties": {
        "biomass": 160.84249877929688,
        "min_biomass": 160.84249877929688,
        "max_biomass": 160.84249877929688,
        "timestamp": "20260406_133449",
        "grid_id": "768_72"
      }
    },
    {
      "type": "Feature",
      "geometry": {
        "type": "Polygon",
        "coordinates": [
          [
            [
              121.49939637182811,
              45.2850755125677
            ],
            [
              121.50854886738752,
              45.28471384633533
            ],
            [
              121.50803611161616,
              45.27825286532428
            ],
            [
              121.49888464838679,
              45.278614450542285
            ],
            [
              121.49939637182811,
              45.2850755125677
            ]
          ]
        ]
      },
      "properties": {
        "biomass": 116.07318878173828,
        "min_biomass": 79.99342346191406,
        "max_biomass": 220.85691833496094,
        "timestamp": "20260406_133449",
        "grid_id": "768_96"
      }
    },
    {
      "type": "Feature",
      "geometry": {
        "type": "Polygon",
        "coordinates": [
          [
            [
              121.50854886738752,
              45.28471384633533
            ],
            [
              121.51770118925951,
              45.284351448925754
            ],
            [
              121.51718740123005,
              45.27789054909185
            ],
            [
              121.50803611161616,
              45.27825286532428
            ],
            [
              121.50854886738752,
              45.28471384633533
            ]
          ]
        ]
      },
      "properties": {
        "biomass": 116.2152099609375,
        "min_biomass": 75.72107696533203,
        "max_biomass": 183.02586364746094,
        "timestamp": "20260406_133449",
        "grid_id": "768_120"
      }
    },
    {
      "type": "Feature",
      "geometry": {
        "type": "Polygon",
        "coordinates": [
          [
            [
              121.51770118925951,
              45.284351448925754
            ],
            [
              121.52685333709735,
              45.28398832037575
            ],
            [
              121.52633851688186,
              45.277527501881714
            ],
            [
              121.51718740123005,
              45.27789054909185
            ],
            [
              121.51770118925951,
              45.284351448925754
            ]
          ]
        ]
      },
      "properties": {
        "biomass": 120.37792205810547,
        "min_biomass": 73.65275573730469,
        "max_biomass": 169.8601837158203,
        "timestamp": "20260406_133449",
        "grid_id": "768_144"
      }
    },
    {
      "type": "Feature",
      "geometry": {
        "type": "Polygon",
        "coordinates": [
          [
            [
              121.52685333709735,
              45.28398832037575
            ],
            [
              121.53600531055437,
              45.28362446072216
            ],
            [
              121.53548945822503,
              45.27716372373072
            ],
            [
              121.52633851688186,
              45.277527501881714
            ],
            [
              121.52685333709735,
              45.28398832037575
            ]
          ]
        ]
      },
      "properties": {
        "biomass": 101.3006362915039,
        "min_biomass": 73.04956817626953,
        "max_biomass": 169.7452850341797,
        "timestamp": "20260406_133449",
        "grid_id": "768_168"
      }
    },
    {
      "type": "Feature",
      "geometry": {
        "type": "Polygon",
        "coordinates": [
          [
            [
              121.53600531055437,
              45.28362446072216
            ],
            [
              121.54515710928399,
              45.2832598700019
            ],
            [
              121.54464022491312,
              45.27679921467577
            ],
            [
              121.53548945822503,
              45.27716372373072
            ],
            [
              121.53600531055437,
              45.28362446072216
            ]
          ]
        ]
      },
      "properties": {
        "biomass": 90.1241226196289,
        "min_biomass": 72.4572525024414,
        "max_biomass": 161.40504455566406,
        "timestamp": "20260406_133449",
        "grid_id": "768_192"
      }
    },
    {
      "type": "Feature",
      "geometry": {
        "type": "Polygon",
        "coordinates": [
          [
            [
              121.54515710928399,
              45.2832598700019
            ],
            [
              121.55430873293955,
              45.28289454825195
            ],
            [
              121.55379081659964,
              45.27643397475385
            ],
            [
              121.54464022491312,
              45.27679921467577
            ],
            [
              121.54515710928399,
              45.2832598700019
            ]
          ]
        ]
      },
      "properties": {
        "biomass": 105.14404296875,
        "min_biomass": 73.11772918701172,
        "max_biomass": 177.9818572998047,
        "timestamp": "20260406_133449",
        "grid_id": "768_216"
      }
    },
    {
      "type": "Feature",
      "geometry": {
        "type": "Polygon",
        "coordinates": [
          [
            [
              121.55430873293955,
              45.28289454825195
            ],
            [
              121.5634601811745,
              45.282528495509396
            ],
            [
              121.56294123293823,
              45.276068004001985
            ],
            [
              121.55379081659964,
              45.27643397475385
            ],
            [
              121.55430873293955,
              45.28289454825195
            ]
          ]
        ]
      },
      "properties": {
        "biomass": 99.89795684814453,
        "min_biomass": 72.43620300292969,
        "max_biomass": 162.2480010986328,
        "timestamp": "20260406_133449",
        "grid_id": "768_240"
      }
    },
    {
      "type": "Feature",
      "geometry": {
        "type": "Polygon",
        "coordinates": [
          [
            [
              121.5634601811745,
              45.282528495509396
            ],
            [
              121.5726114536424,
              45.28216171181135
            ],
            [
              121.57209147358247,
              45.275701302457314
            ],
            [
              121.56294123293823,
              45.276068004001985
            ],
            [
              121.5634601811745,
              45.282528495509396
            ]
          ]
        ]
      },
      "properties": {
        "biomass": 121.67339324951172,
        "min_biomass": 73.51541900634766,
        "max_biomass": 218.3533477783203,
        "timestamp": "20260406_133449",
        "grid_id": "768_264"
      }
    },
    {
      "type": "Feature",
      "geometry": {
        "type": "Polygon",
        "coordinates": [
          [
            [
              121.5726114536424,
              45.28216171181135
            ],
            [
              121.58176254999675,
              45.281794197195055
            ],
            [
              121.58124153818608,
              45.275333870157034
            ],
            [
              121.57209147358247,
              45.275701302457314
            ],
            [
              121.5726114536424,
              45.28216171181135
            ]
          ]
        ]
      },
      "properties": {
        "biomass": 105.41082763671875,
        "min_biomass": 72.36628723144531,
        "max_biomass": 218.7008514404297,
        "timestamp": "20260406_133449",
        "grid_id": "768_288"
      }
    },
    {
      "type": "Feature",
      "geometry": {
        "type": "Polygon",
        "coordinates": [
          [
            [
              121.58176254999675,
              45.281794197195055
            ],
            [
              121.59091346989109,
              45.281425951697756
            ],
            [
              121.59039142640273,
              45.2749657071384
            ],
            [
              121.58124153818608,
              45.275333870157034
            ],
            [
              121.58176254999675,
              45.281794197195055
            ]
          ]
        ]
      },
      "properties": {
        "biomass": 106.3583755493164,
        "min_biomass": 72.39352416992188,
        "max_biomass": 213.91629028320312,
        "timestamp": "20260406_133449",
        "grid_id": "768_312"
      }
    },
    {
      "type": "Feature",
      "geometry": {
        "type": "Polygon",
        "coordinates": [
          [
            [
              121.59091346989109,
              45.281425951697756
            ],
            [
              121.60006421297912,
              45.28105697535682
            ],
            [
              121.59954113788623,
              45.27459681343875
            ],
            [
              121.59039142640273,
              45.2749657071384
            ],
            [
              121.59091346989109,
              45.281425951697756
            ]
          ]
        ]
      },
      "properties": {
        "biomass": 144.80572509765625,
        "min_biomass": 74.49016571044922,
        "max_biomass": 234.5580291748047,
        "timestamp": "20260406_133449",
        "grid_id": "768_336"
      }
    },
    {
      "type": "Feature",
      "geometry": {
        "type": "Polygon",
        "coordinates": [
          [
            [
              121.60006421297912,
              45.28105697535682
            ],
            [
              121.60921477891442,
              45.28068726820967
            ],
            [
              121.60869067229038,
              45.274227189095505
            ],
            [
              121.59954113788623,
              45.27459681343875
            ],
            [
              121.60006421297912,
              45.28105697535682
            ]
          ]
        ]
      },
      "properties": {
        "biomass": 110.54502868652344,
        "min_biomass": 73.89932250976562,
        "max_biomass": 181.121826171875,
        "timestamp": "20260406_133449",
        "grid_id": "768_360"
      }
    },
    {
      "type": "Feature",
      "geometry": {
        "type": "Polygon",
        "coordinates": [
          [
            [
              121.60921477891442,
              45.28068726820967
            ],
            [
              121.61836516735075,
              45.28031683029383
            ],
            [
              121.61784002926902,
              45.273856834146166
            ],
            [
              121.60869067229038,
              45.274227189095505
            ],
            [
              121.60921477891442,
              45.28068726820967
            ]
          ]
        ]
      },
      "properties": {
        "biomass": 95.98341369628906,
        "min_biomass": 73.69627380371094,
        "max_biomass": 154.11578369140625,
        "timestamp": "20260406_133449",
        "grid_id": "768_384"
      }
    },
    {
      "type": "Feature",
      "geometry": {
        "type": "Polygon",
        "coordinates": [
          [
            [
              121.61836516735075,
              45.28031683029383
            ],
            [
              121.62751537794186,
              45.27994566164685
            ],
            [
              121.62698920847605,
              45.27348574862826
            ],
            [
              121.61784002926902,
              45.273856834146166
            ],
            [
              121.61836516735075,
              45.28031683029383
            ]
          ]
        ]
      },
      "properties": {
        "biomass": 117.00080108642578,
        "min_biomass": 78.65241241455078,
        "max_biomass": 198.48831176757812,
        "timestamp": "20260406_133449",
        "grid_id": "768_408"
      }
    },
    {
      "type": "Feature",
      "geometry": {
        "type": "Polygon",
        "coordinates": [
          [
            [
              121.62751537794186,
              45.27994566164685
            ],
            [
              121.63666541034151,
              45.279573762306384
            ],
            [
              121.63613820956536,
              45.27311393257944
            ],
            [
              121.62698920847605,
              45.27348574862826
            ],
            [
              121.62751537794186,
              45.27994566164685
            ]
          ]
        ]
      },
      "properties": {
        "biomass": 115.69387817382812,
        "min_biomass": 79.1360855102539,
        "max_biomass": 172.9410400390625,
        "timestamp": "20260406_133449",
        "grid_id": "768_432"
      }
    },
    {
      "type": "Feature",
      "geometry": {
        "type": "Polygon",
        "coordinates": [
          [
            [
              121.63666541034151,
              45.279573762306384
            ],
            [
              121.64581526420358,
              45.279201132310135
            ],
            [
              121.64528703219098,
              45.2727413860374
            ],
            [
              121.63613820956536,
              45.27311393257944
            ],
            [
              121.63666541034151,
              45.279573762306384
            ]
          ]
        ]
      },
      "properties": {
        "biomass": 133.93983459472656,
        "min_biomass": 81.1987075805664,
        "max_biomass": 231.1168975830078,
        "timestamp": "20260406_133449",
        "grid_id": "768_456"
      }
    },
    {
      "type": "Feature",
      "geometry": {
        "type": "Polygon",
        "coordinates": [
          [
            [
              121.64581526420358,
              45.279201132310135
            ],
            [
              121.6549649391819,
              45.27882777169594
            ],
            [
              121.65443567600691,
              45.27236810903993
            ],
            [
              121.64528703219098,
              45.2727413860374
            ],
            [
              121.64581526420358,
              45.279201132310135
            ]
          ]
        ]
      },
      "properties": {
        "biomass": 165.8163299560547,
        "min_biomass": 86.3978271484375,
        "max_biomass": 231.17877197265625,
        "timestamp": "20260406_133449",
        "grid_id": "768_480"
      }
    },
    {
      "type": "Feature",
      "geometry": {
        "type": "Polygon",
        "coordinates": [
          [
            [
              121.6549649391819,
              45.27882777169594
            ],
            [
              121.66411443493044,
              45.2784536805016
            ],
            [
              121.66358414066723,
              45.27199410162486
            ],
            [
              121.65443567600691,
              45.27236810903993
            ],
            [
              121.6549649391819,
              45.27882777169594
            ]
          ]
        ]
      },
      "properties": {
        "biomass": 119.06819152832031,
        "min_biomass": 76.22286224365234,
        "max_biomass": 241.8527069091797,
        "timestamp": "20260406_133449",
        "grid_id": "768_504"
      }
    },
    {
      "type": "Feature",
      "geometry": {
        "type": "Polygon",
        "coordinates": [
          [
            [
              121.66411443493044,
              45.2784536805016
            ],
            [
              121.67326375110312,
              45.27807885876511
            ],
            [
              121.672732425826,
              45.27161936383013
            ],
            [
              121.66358414066723,
              45.27199410162486
            ],
            [
              121.66411443493044,
              45.2784536805016
            ]
          ]
        ]
      },
      "properties": {
        "biomass": 141.97479248046875,
        "min_biomass": 78.08324432373047,
        "max_biomass": 309.03485107421875,
        "timestamp": "20260406_133449",
        "grid_id": "768_528"
      }
    },
    {
      "type": "Feature",
      "geometry": {
        "type": "Polygon",
        "coordinates": [
          [
            [
              121.67326375110312,
              45.27807885876511
            ],
            [
              121.68241288735398,
              45.27770330652443
            ],
            [
              121.68188053113741,
              45.271243895693715
            ],
            [
              121.672732425826,
              45.27161936383013
            ],
            [
              121.67326375110312,
              45.27807885876511
            ]
          ]
        ]
      },
      "properties": {
        "biomass": 145.2666778564453,
        "min_biomass": 87.50732421875,
        "max_biomass": 282.3330383300781,
        "timestamp": "20260406_133449",
        "grid_id": "768_552"
      }
    },
    {
      "type": "Feature",
      "geometry": {
        "type": "Polygon",
        "coordinates": [
          [
            [
              121.68241288735398,
              45.27770330652443
            ],
            [
              121.69156184333708,
              45.277327023817676
            ],
            [
              121.69102845625564,
              45.270867697253706
            ],
            [
              121.68188053113741,
              45.271243895693715
            ],
            [
              121.68241288735398,
              45.27770330652443
            ]
          ]
        ]
      },
      "properties": {
        "biomass": 148.02505493164062,
        "min_biomass": 87.92051696777344,
        "max_biomass": 230.74032592773438,
        "timestamp": "20260406_133449",
        "grid_id": "768_576"
      }
    },
    {
      "type": "Feature",
      "geometry": {
        "type": "Polygon",
        "coordinates": [
          [
            [
              121.69156184333708,
              45.277327023817676
            ],
            [
              121.70071061870648,
              45.276950010683
            ],
            [
              121.70017620083493,
              45.27049076854822
            ],
            [
              121.69102845625564,
              45.270867697253706
            ],
            [
              121.69156184333708,
              45.277327023817676
            ]
          ]
        ]
      },
      "properties": {
        "biomass": 131.22439575195312,
        "min_biomass": 86.81058502197266,
        "max_biomass": 221.49497985839844,
        "timestamp": "20260406_133449",
        "grid_id": "768_600"
      }
    },
    {
      "type": "Feature",
      "geometry": {
        "type": "Polygon",
        "coordinates": [
          [
            [
              121.49888464838679,
              45.278614450542285
            ],
            [
              121.50803611161616,
              45.27825286532428
            ],
            [
              121.50752352946034,
              45.27179187242228
            ],
            [
              121.49837309821439,
              45.27215337664409
            ],
            [
              121.49888464838679,
              45.278614450542285
            ]
          ]
        ]
      },
      "properties": {
        "biomass": 143.8625030517578,
        "min_biomass": 91.21733093261719,
        "max_biomass": 219.43272399902344,
        "timestamp": "20260406_133449",
        "grid_id": "792_96"
      }
    },
    {
      "type": "Feature",
      "geometry": {
        "type": "Polygon",
        "coordinates": [
          [
            [
              121.50803611161616,
              45.27825286532428
            ],
            [
              121.51718740123005,
              45.27789054909185
            ],
            [
              121.51667378716267,
              45.27142963734875
            ],
            [
              121.50752352946034,
              45.27179187242228
            ],
            [
              121.50803611161616,
              45.27825286532428
            ]
          ]
        ]
      },
      "properties": {
        "biomass": 106.51383972167969,
        "min_biomass": 72.89266967773438,
        "max_biomass": 164.94781494140625,
        "timestamp": "20260406_133449",
        "grid_id": "792_120"
      }
    },
    {
      "type": "Feature",
      "geometry": {
        "type": "Polygon",
        "coordinates": [
          [
            [
              121.51718740123005,
              45.27789054909185
            ],
            [
              121.52633851688186,
              45.277527501881714
            ],
            [
              121.52582387097497,
              45.271066671460254
            ],
            [
              121.51667378716267,
              45.27142963734875
            ],
            [
              121.51718740123005,
              45.27789054909185
            ]
          ]
        ]
      },
      "properties": {
        "biomass": 109.04407501220703,
        "min_biomass": 73.04351806640625,
        "max_biomass": 170.0065155029297,
        "timestamp": "20260406_133449",
        "grid_id": "792_144"
      }
    },
    {
      "type": "Feature",
      "geometry": {
        "type": "Polygon",
        "coordinates": [
          [
            [
              121.52633851688186,
              45.277527501881714
            ],
            [
              121.53548945822503,
              45.27716372373072
            ],
            [
              121.5349737805508,
              45.27070297479357
            ],
            [
              121.52582387097497,
              45.271066671460254
            ],
            [
              121.52633851688186,
              45.277527501881714
            ]
          ]
        ]
      },
      "properties": {
        "biomass": 99.48480224609375,
        "min_biomass": 72.68095397949219,
        "max_biomass": 216.59349060058594,
        "timestamp": "20260406_133449",
        "grid_id": "792_168"
      }
    },
    {
      "type": "Feature",
      "geometry": {
        "type": "Polygon",
        "coordinates": [
          [
            [
              121.53548945822503,
              45.27716372373072
            ],
            [
              121.54464022491312,
              45.27679921467577
            ],
            [
              121.5441235155438,
              45.27033854738561
            ],
            [
              121.5349737805508,
              45.27070297479357
            ],
            [
              121.53548945822503,
              45.27716372373072
            ]
          ]
        ]
      },
      "properties": {
        "biomass": 99.80502319335938,
        "min_biomass": 72.45977783203125,
        "max_biomass": 230.09693908691406,
        "timestamp": "20260406_133449",
        "grid_id": "792_192"
      }
    },
    {
      "type": "Feature",
      "geometry": {
        "type": "Polygon",
        "coordinates": [
          [
            [
              121.54464022491312,
              45.27679921467577
            ],
            [
              121.55379081659964,
              45.27643397475385
            ],
            [
              121.55327307560772,
              45.269973389273346
            ],
            [
              121.5441235155438,
              45.27033854738561
            ],
            [
              121.54464022491312,
              45.27679921467577
            ]
          ]
        ]
      },
      "properties": {
        "biomass": 103.95177459716797,
        "min_biomass": 72.39999389648438,
        "max_biomass": 157.65138244628906,
        "timestamp": "20260406_133449",
        "grid_id": "792_216"
      }
    },
    {
      "type": "Feature",
      "geometry": {
        "type": "Polygon",
        "coordinates": [
          [
            [
              121.55379081659964,
              45.27643397475385
            ],
            [
              121.56294123293823,
              45.276068004001985
            ],
            [
              121.56242246039626,
              45.26960750049379
            ],
            [
              121.55327307560772,
              45.269973389273346
            ],
            [
              121.55379081659964,
              45.27643397475385
            ]
          ]
        ]
      },
      "properties": {
        "biomass": 104.55694580078125,
        "min_biomass": 72.6946029663086,
        "max_biomass": 182.23916625976562,
        "timestamp": "20260406_133449",
        "grid_id": "792_240"
      }
    },
    {
      "type": "Feature",
      "geometry": {
        "type": "Polygon",
        "coordinates": [
          [
            [
              121.56294123293823,
              45.276068004001985
            ],
            [
              121.57209147358247,
              45.275701302457314
            ],
            [
              121.5715716695632,
              45.26924088108406
            ],
            [
              121.56242246039626,
              45.26960750049379
            ],
            [
              121.56294123293823,
              45.276068004001985
            ]
          ]
        ]
      },
      "properties": {
        "biomass": 96.38167572021484,
        "min_biomass": 72.39563751220703,
        "max_biomass": 156.82981872558594,
        "timestamp": "20260406_133449",
        "grid_id": "792_264"
      }
    },
    {
      "type": "Feature",
      "geometry": {
        "type": "Polygon",
        "coordinates": [
          [
            [
              121.57209147358247,
              45.275701302457314
            ],
            [
              121.58124153818608,
              45.275333870157034
            ],
            [
              121.58072070276232,
              45.26887353108133
            ],
            [
              121.5715716695632,
              45.26924088108406
            ],
            [
              121.57209147358247,
              45.275701302457314
            ]
          ]
        ]
      },
      "properties": {
        "biomass": 96.138671875,
        "min_biomass": 72.4375228881836,
        "max_biomass": 166.4100799560547,
        "timestamp": "20260406_133449",
        "grid_id": "792_288"
      }
    },
    {
      "type": "Feature",
      "geometry": {
        "type": "Polygon",
        "coordinates": [
          [
            [
              121.58124153818608,
              45.275333870157034
            ],
            [
              121.59039142640273,
              45.2749657071384
            ],
            [
              121.58986955964757,
              45.26850545052286
            ],
            [
              121.58072070276232,
              45.26887353108133
            ],
            [
              121.58124153818608,
              45.275333870157034
            ]
          ]
        ]
      },
      "properties": {
        "biomass": 101.66984558105469,
        "min_biomass": 72.49551391601562,
        "max_biomass": 164.37570190429688,
        "timestamp": "20260406_133449",
        "grid_id": "792_312"
      }
    },
    {
      "type": "Feature",
      "geometry": {
        "type": "Polygon",
        "coordinates": [
          [
            [
              121.59039142640273,
              45.2749657071384
            ],
            [
              121.59954113788623,
              45.27459681343875
            ],
            [
              121.59901823987276,
              45.26813663944597
            ],
            [
              121.58986955964757,
              45.26850545052286
            ],
            [
              121.59039142640273,
              45.2749657071384
            ]
          ]
        ]
      },
      "properties": {
        "biomass": 126.92292022705078,
        "min_biomass": 72.43519592285156,
        "max_biomass": 240.76402282714844,
        "timestamp": "20260406_133449",
        "grid_id": "792_336"
      }
    },
    {
      "type": "Feature",
      "geometry": {
        "type": "Polygon",
        "coordinates": [
          [
            [
              121.59954113788623,
              45.27459681343875
            ],
            [
              121.60869067229038,
              45.274227189095505
            ],
            [
              121.60816674309189,
              45.26776709788807
            ],
            [
              121.59901823987276,
              45.26813663944597
            ],
            [
              121.59954113788623,
              45.27459681343875
            ]
          ]
        ]
      },
      "properties": {
        "biomass": 135.80430603027344,
        "min_biomass": 76.28858947753906,
        "max_biomass": 220.5762939453125,
        "timestamp": "20260406_133449",
        "grid_id": "792_360"
      }
    },
    {
      "type": "Feature",
      "geometry": {
        "type": "Polygon",
        "coordinates": [
          [
            [
              121.60869067229038,
              45.274227189095505
            ],
            [
              121.61784002926902,
              45.273856834146166
            ],
            [
              121.61731506895892,
              45.26739682588661
            ],
            [
              121.60816674309189,
              45.26776709788807
            ],
            [
              121.60869067229038,
              45.274227189095505
            ]
          ]
        ]
      },
      "properties": {
        "biomass": 111.36135864257812,
        "min_biomass": 74.57998657226562,
        "max_biomass": 176.7429656982422,
        "timestamp": "20260406_133449",
        "grid_id": "792_384"
      }
    },
    {
      "type": "Feature",
      "geometry": {
        "type": "Polygon",
        "coordinates": [
          [
            [
              121.61784002926902,
              45.273856834146166
            ],
            [
              121.62698920847605,
              45.27348574862826
            ],
            [
              121.62646321712792,
              45.267025823479145
            ],
            [
              121.61731506895892,
              45.26739682588661
            ],
            [
              121.61784002926902,
              45.273856834146166
            ]
          ]
        ]
      },
      "properties": {
        "biomass": 126.62987518310547,
        "min_biomass": 74.55973052978516,
        "max_biomass": 204.65911865234375,
        "timestamp": "20260406_133449",
        "grid_id": "792_408"
      }
    },
    {
      "type": "Feature",
      "geometry": {
        "type": "Polygon",
        "coordinates": [
          [
            [
              121.62698920847605,
              45.27348574862826
            ],
            [
              121.63613820956536,
              45.27311393257944
            ],
            [
              121.63561118725293,
              45.266654090703284
            ],
            [
              121.62646321712792,
              45.267025823479145
            ],
            [
              121.62698920847605,
              45.27348574862826
            ]
          ]
        ]
      },
      "properties": {
        "biomass": 120.13517761230469,
        "min_biomass": 74.38233184814453,
        "max_biomass": 172.91912841796875,
        "timestamp": "20260406_133449",
        "grid_id": "792_432"
      }
    },
    {
      "type": "Feature",
      "geometry": {
        "type": "Polygon",
        "coordinates": [
          [
            [
              121.63613820956536,
              45.27311393257944
            ],
            [
              121.64528703219098,
              45.2727413860374
            ],
            [
              121.6447589789881,
              45.26628162759673
            ],
            [
              121.63561118725293,
              45.266654090703284
            ],
            [
              121.63613820956536,
              45.27311393257944
            ]
          ]
        ]
      },
      "properties": {
        "biomass": 116.84149932861328,
        "min_biomass": 72.3870620727539,
        "max_biomass": 219.60023498535156,
        "timestamp": "20260406_133449",
        "grid_id": "792_456"
      }
    },
    {
      "type": "Feature",
      "geometry": {
        "type": "Polygon",
        "coordinates": [
          [
            [
              121.64528703219098,
              45.2727413860374
            ],
            [
              121.65443567600691,
              45.27236810903993
            ],
            [
              121.65390659198755,
              45.26590843419725
            ],
            [
              121.6447589789881,
              45.26628162759673
            ],
            [
              121.64528703219098,
              45.2727413860374
            ]
          ]
        ]
      },
      "properties": {
        "biomass": 117.27555847167969,
        "min_biomass": 73.08021545410156,
        "max_biomass": 223.10240173339844,
        "timestamp": "20260406_133449",
        "grid_id": "792_480"
      }
    },
    {
      "type": "Feature",
      "geometry": {
        "type": "Polygon",
        "coordinates": [
          [
            [
              121.65443567600691,
              45.27236810903993
            ],
            [
              121.66358414066723,
              45.27199410162486
            ],
            [
              121.66305402590552,
              45.26553451054264
            ],
            [
              121.65390659198755,
              45.26590843419725
            ],
            [
              121.65443567600691,
              45.27236810903993
            ]
          ]
        ]
      },
      "properties": {
        "biomass": 135.32888793945312,
        "min_biomass": 80.24600982666016,
        "max_biomass": 236.43003845214844,
        "timestamp": "20260406_133449",
        "grid_id": "792_504"
      }
    },
    {
      "type": "Feature",
      "geometry": {
        "type": "Polygon",
        "coordinates": [
          [
            [
              121.66358414066723,
              45.27199410162486
            ],
            [
              121.672732425826,
              45.27161936383013
            ],
            [
              121.67220128039621,
              45.26515985667086
            ],
            [
              121.66305402590552,
              45.26553451054264
            ],
            [
              121.66358414066723,
              45.27199410162486
            ]
          ]
        ]
      },
      "properties": {
        "biomass": 117.07904815673828,
        "min_biomass": 72.91410064697266,
        "max_biomass": 172.2736358642578,
        "timestamp": "20260406_133449",
        "grid_id": "792_528"
      }
    },
    {
      "type": "Feature",
      "geometry": {
        "type": "Polygon",
        "coordinates": [
          [
            [
              121.672732425826,
              45.27161936383013
            ],
            [
              121.68188053113741,
              45.271243895693715
            ],
            [
              121.681348355114,
              45.26478447261985
            ],
            [
              121.67220128039621,
              45.26515985667086
            ],
            [
              121.672732425826,
              45.27161936383013
            ]
          ]
        ]
      },
      "properties": {
        "biomass": 117.55558013916016,
        "min_biomass": 72.45486450195312,
        "max_biomass": 184.40673828125,
        "timestamp": "20260406_133449",
        "grid_id": "792_552"
      }
    },
    {
      "type": "Feature",
      "geometry": {
        "type": "Polygon",
        "coordinates": [
          [
            [
              121.68188053113741,
              45.271243895693715
            ],
            [
              121.69102845625564,
              45.270867697253706
            ],
            [
              121.69049524971315,
              45.26440835842768
            ],
            [
              121.681348355114,
              45.26478447261985
            ],
            [
              121.68188053113741,
              45.271243895693715
            ]
          ]
        ]
      },
      "properties": {
        "biomass": 112.51555633544922,
        "min_biomass": 76.90990447998047,
        "max_biomass": 199.9755096435547,
        "timestamp": "20260406_133449",
        "grid_id": "792_576"
      }
    },
    {
      "type": "Feature",
      "geometry": {
        "type": "Polygon",
        "coordinates": [
          [
            [
              121.69102845625564,
              45.270867697253706
            ],
            [
              121.70017620083493,
              45.27049076854822
            ],
            [
              121.69964196384804,
              45.26403151413247
            ],
            [
              121.69049524971315,
              45.26440835842768
            ],
            [
              121.69102845625564,
              45.270867697253706
            ]
          ]
        ]
      },
      "properties": {
        "biomass": 131.7706298828125,
        "min_biomass": 74.196533203125,
        "max_biomass": 221.6376190185547,
        "timestamp": "20260406_133449",
        "grid_id": "792_600"
      }
    },
    {
      "type": "Feature",
      "geometry": {
        "type": "Polygon",
        "coordinates": [
          [
            [
              121.5349737805508,
              45.27070297479357
            ],
            [
              121.5441235155438,
              45.27033854738561
            ],
            [
              121.54360698110365,
              45.26387786813348
            ],
            [
              121.53445827745936,
              45.26424221391275
            ],
            [
              121.5349737805508,
              45.27070297479357
            ]
          ]
        ]
      },
      "properties": {
        "biomass": 145.78497314453125,
        "min_biomass": 94.7960205078125,
        "max_biomass": 228.68263244628906,
        "timestamp": "20260406_133449",
        "grid_id": "816_192"
      }
    },
    {
      "type": "Feature",
      "geometry": {
        "type": "Polygon",
        "coordinates": [
          [
            [
              121.5441235155438,
              45.27033854738561
            ],
            [
              121.55327307560772,
              45.269973389273346
            ],
            [
              121.55275550989118,
              45.26351279181251
            ],
            [
              121.54360698110365,
              45.26387786813348
            ],
            [
              121.5441235155438,
              45.27033854738561
            ]
          ]
        ]
      },
      "properties": {
        "biomass": 103.0344009399414,
        "min_biomass": 72.61643981933594,
        "max_biomass": 215.8406524658203,
        "timestamp": "20260406_133449",
        "grid_id": "816_216"
      }
    },
    {
      "type": "Feature",
      "geometry": {
        "type": "Polygon",
        "coordinates": [
          [
            [
              121.55327307560772,
              45.269973389273346
            ],
            [
              121.56242246039626,
              45.26960750049379
            ],
            [
              121.5619038634759,
              45.263146984986875
            ],
            [
              121.55275550989118,
              45.26351279181251
            ],
            [
              121.55327307560772,
              45.269973389273346
            ]
          ]
        ]
      },
      "properties": {
        "biomass": 106.97962951660156,
        "min_biomass": 72.36402130126953,
        "max_biomass": 224.80075073242188,
        "timestamp": "20260406_133449",
        "grid_id": "816_240"
      }
    },
    {
      "type": "Feature",
      "geometry": {
        "type": "Polygon",
        "coordinates": [
          [
            [
              121.56242246039626,
              45.26960750049379
            ],
            [
              121.5715716695632,
              45.26924088108406
            ],
            [
              121.57105204151169,
              45.262780447693665
            ],
            [
              121.5619038634759,
              45.263146984986875
            ],
            [
              121.56242246039626,
              45.26960750049379
            ]
          ]
        ]
      },
      "properties": {
        "biomass": 115.54679870605469,
        "min_biomass": 72.62278747558594,
        "max_biomass": 216.3523406982422,
        "timestamp": "20260406_133449",
        "grid_id": "816_264"
      }
    },
    {
      "type": "Feature",
      "geometry": {
        "type": "Polygon",
        "coordinates": [
          [
            [
              121.5715716695632,
              45.26924088108406
            ],
            [
              121.58072070276232,
              45.26887353108133
            ],
            [
              121.58020004365252,
              45.26241317997003
            ],
            [
              121.57105204151169,
              45.262780447693665
            ],
            [
              121.5715716695632,
              45.26924088108406
            ]
          ]
        ]
      },
      "properties": {
        "biomass": 99.45469665527344,
        "min_biomass": 72.60364532470703,
        "max_biomass": 248.92098999023438,
        "timestamp": "20260406_133449",
        "grid_id": "816_288"
      }
    },
    {
      "type": "Feature",
      "geometry": {
        "type": "Polygon",
        "coordinates": [
          [
            [
              121.58072070276232,
              45.26887353108133
            ],
            [
              121.58986955964757,
              45.26850545052286
            ],
            [
              121.58934786955238,
              45.26204518185324
            ],
            [
              121.58020004365252,
              45.26241317997003
            ],
            [
              121.58072070276232,
              45.26887353108133
            ]
          ]
        ]
      },
      "properties": {
        "biomass": 102.1860122680664,
        "min_biomass": 72.53312683105469,
        "max_biomass": 216.71498107910156,
        "timestamp": "20260406_133449",
        "grid_id": "816_312"
      }
    },
    {
      "type": "Feature",
      "geometry": {
        "type": "Polygon",
        "coordinates": [
          [
            [
              121.58986955964757,
              45.26850545052286
            ],
            [
              121.59901823987276,
              45.26813663944597
            ],
            [
              121.59849551886533,
              45.26167645338058
            ],
            [
              121.58934786955238,
              45.26204518185324
            ],
            [
              121.58986955964757,
              45.26850545052286
            ]
          ]
        ]
      },
      "properties": {
        "biomass": 106.91468811035156,
        "min_biomass": 74.47339630126953,
        "max_biomass": 221.11419677734375,
        "timestamp": "20260406_133449",
        "grid_id": "816_336"
      }
    },
    {
      "type": "Feature",
      "geometry": {
        "type": "Polygon",
        "coordinates": [
          [
            [
              121.59901823987276,
              45.26813663944597
            ],
            [
              121.60816674309189,
              45.26776709788807
            ],
            [
              121.60764299124547,
              45.26130699458944
            ],
            [
              121.59849551886533,
              45.26167645338058
            ],
            [
              121.59901823987276,
              45.26813663944597
            ]
          ]
        ]
      },
      "properties": {
        "biomass": 106.04763793945312,
        "min_biomass": 72.654296875,
        "max_biomass": 218.7020721435547,
        "timestamp": "20260406_133449",
        "grid_id": "816_360"
      }
    },
    {
      "type": "Feature",
      "geometry": {
        "type": "Polygon",
        "coordinates": [
          [
            [
              121.60816674309189,
              45.26776709788807
            ],
            [
              121.61731506895892,
              45.26739682588661
            ],
            [
              121.61679028634688,
              45.26093680551727
            ],
            [
              121.60764299124547,
              45.26130699458944
            ],
            [
              121.60816674309189,
              45.26776709788807
            ]
          ]
        ]
      },
      "properties": {
        "biomass": 100.5831069946289,
        "min_biomass": 72.42705535888672,
        "max_biomass": 216.19155883789062,
        "timestamp": "20260406_133449",
        "grid_id": "816_384"
      }
    },
    {
      "type": "Feature",
      "geometry": {
        "type": "Polygon",
        "coordinates": [
          [
            [
              121.61731506895892,
              45.26739682588661
            ],
            [
              121.62646321712792,
              45.267025823479145
            ],
            [
              121.62593740382377,
              45.260565886201604
            ],
            [
              121.61679028634688,
              45.26093680551727
            ],
            [
              121.61731506895892,
              45.26739682588661
            ]
          ]
        ]
      },
      "properties": {
        "biomass": 101.575927734375,
        "min_biomass": 73.3596420288086,
        "max_biomass": 219.06826782226562,
        "timestamp": "20260406_133449",
        "grid_id": "816_408"
      }
    },
    {
      "type": "Feature",
      "geometry": {
        "type": "Polygon",
        "coordinates": [
          [
            [
              121.62646321712792,
              45.267025823479145
            ],
            [
              121.63561118725293,
              45.266654090703284
            ],
            [
              121.63508434333036,
              45.26019423668005
            ],
            [
              121.62593740382377,
              45.260565886201604
            ],
            [
              121.62646321712792,
              45.267025823479145
            ]
          ]
        ]
      },
      "properties": {
        "biomass": 143.5076446533203,
        "min_biomass": 87.21662902832031,
        "max_biomass": 241.8076171875,
        "timestamp": "20260406_133449",
        "grid_id": "816_432"
      }
    },
    {
      "type": "Feature",
      "geometry": {
        "type": "Polygon",
        "coordinates": [
          [
            [
              121.63561118725293,
              45.266654090703284
            ],
            [
              121.6447589789881,
              45.26628162759673
            ],
            [
              121.6442311045209,
              45.25982185699027
            ],
            [
              121.63508434333036,
              45.26019423668005
            ],
            [
              121.63561118725293,
              45.266654090703284
            ]
          ]
        ]
      },
      "properties": {
        "biomass": 142.48333740234375,
        "min_biomass": 78.98014068603516,
        "max_biomass": 183.69583129882812,
        "timestamp": "20260406_133449",
        "grid_id": "816_456"
      }
    },
    {
      "type": "Feature",
      "geometry": {
        "type": "Polygon",
        "coordinates": [
          [
            [
              121.6447589789881,
              45.26628162759673
            ],
            [
              121.65390659198755,
              45.26590843419725
            ],
            [
              121.6533776870497,
              45.25944874717003
            ],
            [
              121.6442311045209,
              45.25982185699027
            ],
            [
              121.6447589789881,
              45.26628162759673
            ]
          ]
        ]
      },
      "properties": {
        "biomass": 100.14065551757812,
        "min_biomass": 73.18628692626953,
        "max_biomass": 138.1999053955078,
        "timestamp": "20260406_133449",
        "grid_id": "816_480"
      }
    },
    {
      "type": "Feature",
      "geometry": {
        "type": "Polygon",
        "coordinates": [
          [
            [
              121.65390659198755,
              45.26590843419725
            ],
            [
              121.66305402590552,
              45.26553451054264
            ],
            [
              121.66252409057107,
              45.25907490725712
            ],
            [
              121.6533776870497,
              45.25944874717003
            ],
            [
              121.65390659198755,
              45.26590843419725
            ]
          ]
        ]
      },
      "properties": {
        "biomass": 103.69058227539062,
        "min_biomass": 73.0157241821289,
        "max_biomass": 182.9207305908203,
        "timestamp": "20260406_133449",
        "grid_id": "816_504"
      }
    },
    {
      "type": "Feature",
      "geometry": {
        "type": "Polygon",
        "coordinates": [
          [
            [
              121.66305402590552,
              45.26553451054264
            ],
            [
              121.67220128039621,
              45.26515985667086
            ],
            [
              121.67167031473943,
              45.25870033728947
            ],
            [
              121.66252409057107,
              45.25907490725712
            ],
            [
              121.66305402590552,
              45.26553451054264
            ]
          ]
        ]
      },
      "properties": {
        "biomass": 106.71101379394531,
        "min_biomass": 72.3846664428711,
        "max_biomass": 171.98814392089844,
        "timestamp": "20260406_133449",
        "grid_id": "816_528"
      }
    },
    {
      "type": "Feature",
      "geometry": {
        "type": "Polygon",
        "coordinates": [
          [
            [
              121.67220128039621,
              45.26515985667086
            ],
            [
              121.681348355114,
              45.26478447261985
            ],
            [
              121.6808163592092,
              45.258325037305
            ],
            [
              121.67167031473943,
              45.25870033728947
            ],
            [
              121.67220128039621,
              45.26515985667086
            ]
          ]
        ]
      },
      "properties": {
        "biomass": 112.39097595214844,
        "min_biomass": 72.4050521850586,
        "max_biomass": 221.11419677734375,
        "timestamp": "20260406_133449",
        "grid_id": "816_552"
      }
    },
    {
      "type": "Feature",
      "geometry": {
        "type": "Polygon",
        "coordinates": [
          [
            [
              121.681348355114,
              45.26478447261985
            ],
            [
              121.69049524971315,
              45.26440835842768
            ],
            [
              121.6899622236349,
              45.2579490073418
            ],
            [
              121.6808163592092,
              45.258325037305
            ],
            [
              121.681348355114,
              45.26478447261985
            ]
          ]
        ]
      },
      "properties": {
        "biomass": 105.96882629394531,
        "min_biomass": 72.93732452392578,
        "max_biomass": 215.236328125,
        "timestamp": "20260406_133449",
        "grid_id": "816_576"
      }
    },
    {
      "type": "Feature",
      "geometry": {
        "type": "Polygon",
        "coordinates": [
          [
            [
              121.69049524971315,
              45.26440835842768
            ],
            [
              121.69964196384804,
              45.26403151413247
            ],
            [
              121.69910790767096,
              45.25757224743794
            ],
            [
              121.6899622236349,
              45.2579490073418
            ],
            [
              121.69049524971315,
              45.26440835842768
            ]
          ]
        ]
      },
      "properties": {
        "biomass": 120.60693359375,
        "min_biomass": 73.00729370117188,
        "max_biomass": 219.28707885742188,
        "timestamp": "20260406_133449",
        "grid_id": "816_600"
      }
    },
    {
      "type": "Feature",
      "geometry": {
        "type": "Polygon",
        "coordinates": [
          [
            [
              121.5619038634759,
              45.263146984986875
            ],
            [
              121.57105204151169,
              45.262780447693665
            ],
            [
              121.57053258935517,
              45.25632000228819
            ],
            [
              121.56138544210448,
              45.256686457483305
            ],
            [
              121.5619038634759,
              45.263146984986875
            ]
          ]
        ]
      },
      "properties": {
        "biomass": 166.72079467773438,
        "min_biomass": 128.4471893310547,
        "max_biomass": 216.63528442382812,
        "timestamp": "20260406_133449",
        "grid_id": "840_264"
      }
    },
    {
      "type": "Feature",
      "geometry": {
        "type": "Polygon",
        "coordinates": [
          [
            [
              121.57105204151169,
              45.262780447693665
            ],
            [
              121.58020004365252,
              45.26241317997003
            ],
            [
              121.57967956078369,
              45.25595281682522
            ],
            [
              121.57053258935517,
              45.25632000228819
            ],
            [
              121.57105204151169,
              45.262780447693665
            ]
          ]
        ]
      },
      "properties": {
        "biomass": 133.36981201171875,
        "min_biomass": 133.36981201171875,
        "max_biomass": 133.36981201171875,
        "timestamp": "20260406_133449",
        "grid_id": "840_288"
      }
    },
    {
      "type": "Feature",
      "geometry": {
        "type": "Polygon",
        "coordinates": [
          [
            [
              121.61679028634688,
              45.26093680551727
            ],
            [
              121.62593740382377,
              45.260565886201604
            ],
            [
              121.62541176848997,
              45.25410593679778
            ],
            [
              121.61626568135937,
              45.25447677304026
            ],
            [
              121.61679028634688,
              45.26093680551727
            ]
          ]
        ]
      },
      "properties": {
        "biomass": 100.08078002929688,
        "min_biomass": 72.59736633300781,
        "max_biomass": 216.84085083007812,
        "timestamp": "20260406_133449",
        "grid_id": "840_408"
      }
    },
    {
      "type": "Feature",
      "geometry": {
        "type": "Polygon",
        "coordinates": [
          [
            [
              121.62593740382377,
              45.260565886201604
            ],
            [
              121.63508434333036,
              45.26019423668005
            ],
            [
              121.63455767772386,
              45.25373437051185
            ],
            [
              121.62541176848997,
              45.25410593679778
            ],
            [
              121.62593740382377,
              45.260565886201604
            ]
          ]
        ]
      },
      "properties": {
        "biomass": 115.25588989257812,
        "min_biomass": 73.5887222290039,
        "max_biomass": 207.29270935058594,
        "timestamp": "20260406_133449",
        "grid_id": "840_432"
      }
    },
    {
      "type": "Feature",
      "geometry": {
        "type": "Polygon",
        "coordinates": [
          [
            [
              121.63508434333036,
              45.26019423668005
            ],
            [
              121.6442311045209,
              45.25982185699027
            ],
            [
              121.64370340871545,
              45.25336207422016
            ],
            [
              121.63455767772386,
              45.25373437051185
            ],
            [
              121.63508434333036,
              45.26019423668005
            ]
          ]
        ]
      },
      "properties": {
        "biomass": 125.622802734375,
        "min_biomass": 72.72957611083984,
        "max_biomass": 171.43283081054688,
        "timestamp": "20260406_133449",
        "grid_id": "840_456"
      }
    },
    {
      "type": "Feature",
      "geometry": {
        "type": "Polygon",
        "coordinates": [
          [
            [
              121.6442311045209,
              45.25982185699027
            ],
            [
              121.6533776870497,
              45.25944874717003
            ],
            [
              121.65284896111923,
              45.252989047960426
            ],
            [
              121.64370340871545,
              45.25336207422016
            ],
            [
              121.6442311045209,
              45.25982185699027
            ]
          ]
        ]
      },
      "properties": {
        "biomass": 93.01734924316406,
        "min_biomass": 73.01388549804688,
        "max_biomass": 155.3608856201172,
        "timestamp": "20260406_133449",
        "grid_id": "840_480"
      }
    },
    {
      "type": "Feature",
      "geometry": {
        "type": "Polygon",
        "coordinates": [
          [
            [
              121.6533776870497,
              45.25944874717003
            ],
            [
              121.66252409057107,
              45.25907490725712
            ],
            [
              121.66199433458964,
              45.252615291770454
            ],
            [
              121.65284896111923,
              45.252989047960426
            ],
            [
              121.6533776870497,
              45.25944874717003
            ]
          ]
        ]
      },
      "properties": {
        "biomass": 99.1662826538086,
        "min_biomass": 72.40013885498047,
        "max_biomass": 217.46694946289062,
        "timestamp": "20260406_133449",
        "grid_id": "840_504"
      }
    },
    {
      "type": "Feature",
      "geometry": {
        "type": "Polygon",
        "coordinates": [
          [
            [
              121.66252409057107,
              45.25907490725712
            ],
            [
              121.67167031473943,
              45.25870033728947
            ],
            [
              121.67113952878123,
              45.25224080568812
            ],
            [
              121.66199433458964,
              45.252615291770454
            ],
            [
              121.66252409057107,
              45.25907490725712
            ]
          ]
        ]
      },
      "properties": {
        "biomass": 102.78984832763672,
        "min_biomass": 72.39987182617188,
        "max_biomass": 217.4158477783203,
        "timestamp": "20260406_133449",
        "grid_id": "840_528"
      }
    },
    {
      "type": "Feature",
      "geometry": {
        "type": "Polygon",
        "coordinates": [
          [
            [
              121.67167031473943,
              45.25870033728947
            ],
            [
              121.6808163592092,
              45.258325037305
            ],
            [
              121.68028454334855,
              45.251865589751375
            ],
            [
              121.67113952878123,
              45.25224080568812
            ],
            [
              121.67167031473943,
              45.25870033728947
            ]
          ]
        ]
      },
      "properties": {
        "biomass": 129.79554748535156,
        "min_biomass": 128.15225219726562,
        "max_biomass": 133.385009765625,
        "timestamp": "20260406_133449",
        "grid_id": "840_552"
      }
    },
    {
      "type": "Feature",
      "geometry": {
        "type": "Polygon",
        "coordinates": [
          [
            [
              121.61626568135937,
              45.25447677304026
            ],
            [
              121.62541176848997,
              45.25410593679778
            ],
            [
              121.62488631105283,
              45.2476459752698
            ],
            [
              121.6157412539229,
              45.24801672845773
            ],
            [
              121.61626568135937,
              45.25447677304026
            ]
          ]
        ]
      },
      "properties": {
        "biomass": 100.78804779052734,
        "min_biomass": 76.50204467773438,
        "max_biomass": 157.12612915039062,
        "timestamp": "20260406_133449",
        "grid_id": "864_408"
      }
    },
    {
      "type": "Feature",
      "geometry": {
        "type": "Polygon",
        "coordinates": [
          [
            [
              121.62541176848997,
              45.25410593679778
            ],
            [
              121.63455767772386,
              45.25373437051185
            ],
            [
              121.63403119035964,
              45.247274492200866
            ],
            [
              121.62488631105283,
              45.2476459752698
            ],
            [
              121.62541176848997,
              45.25410593679778
            ]
          ]
        ]
      },
      "properties": {
        "biomass": 116.82088470458984,
        "min_biomass": 72.94287872314453,
        "max_biomass": 185.39833068847656,
        "timestamp": "20260406_133449",
        "grid_id": "864_432"
      }
    },
    {
      "type": "Feature",
      "geometry": {
        "type": "Polygon",
        "coordinates": [
          [
            [
              121.63455767772386,
              45.25373437051185
            ],
            [
              121.64370340871545,
              45.25336207422016
            ],
            [
              121.64317589149788,
              45.246902279288555
            ],
            [
              121.63403119035964,
              45.247274492200866
            ],
            [
              121.63455767772386,
              45.25373437051185
            ]
          ]
        ]
      },
      "properties": {
        "biomass": 114.93358612060547,
        "min_biomass": 72.57062530517578,
        "max_biomass": 214.88478088378906,
        "timestamp": "20260406_133449",
        "grid_id": "864_456"
      }
    },
    {
      "type": "Feature",
      "geometry": {
        "type": "Polygon",
        "coordinates": [
          [
            [
              121.64370340871545,
              45.25336207422016
            ],
            [
              121.65284896111923,
              45.252989047960426
            ],
            [
              121.65232041412214,
              45.246529336570596
            ],
            [
              121.64317589149788,
              45.246902279288555
            ],
            [
              121.64370340871545,
              45.25336207422016
            ]
          ]
        ]
      },
      "properties": {
        "biomass": 126.82306671142578,
        "min_biomass": 72.70886993408203,
        "max_biomass": 188.5850830078125,
        "timestamp": "20260406_133449",
        "grid_id": "864_480"
      }
    },
    {
      "type": "Feature",
      "geometry": {
        "type": "Polygon",
        "coordinates": [
          [
            [
              121.6157412539229,
              45.24801672845773
            ],
            [
              121.62488631105283,
              45.2476459752698
            ],
            [
              121.6246017625264,
              45.24414682438062
            ],
            [
              121.61545726316923,
              45.24451753258843
            ],
            [
              121.6157412539229,
              45.24801672845773
            ]
          ]
        ]
      },
      "properties": {
        "biomass": 101.14814758300781,
        "min_biomass": 72.57306671142578,
        "max_biomass": 217.70811462402344,
        "timestamp": "20260406_133449",
        "grid_id": "888_408"
      }
    },
    {
      "type": "Feature",
      "geometry": {
        "type": "Polygon",
        "coordinates": [
          [
            [
              121.62488631105283,
              45.2476459752698
            ],
            [
              121.63403119035964,
              45.247274492200866
            ],
            [
              121.63374608410027,
              45.24377538637976
            ],
            [
              121.6246017625264,
              45.24414682438062
            ],
            [
              121.62488631105283,
              45.2476459752698
            ]
          ]
        ]
      },
      "properties": {
        "biomass": 107.24597930908203,
        "min_biomass": 72.47616577148438,
        "max_biomass": 214.0166778564453,
        "timestamp": "20260406_133449",
        "grid_id": "888_432"
      }
    },
    {
      "type": "Feature",
      "geometry": {
        "type": "Polygon",
        "coordinates": [
          [
            [
              121.63403119035964,
              45.247274492200866
            ],
            [
              121.64317589149788,
              45.246902279288555
            ],
            [
              121.64289022754552,
              45.24340321862349
            ],
            [
              121.63374608410027,
              45.24377538637976
            ],
            [
              121.63403119035964,
              45.247274492200866
            ]
          ]
        ]
      },
      "properties": {
        "biomass": 118.05779266357422,
        "min_biomass": 73.60755157470703,
        "max_biomass": 163.68063354492188,
        "timestamp": "20260406_133449",
        "grid_id": "888_456"
      }
    }
  ],
  "properties": {
    "timestamp": "20260406_133449",
    "valid_grids": 598,
    "invalid_grids": 428,
    "threshold": 72.36363220214844
  }
}