{
  "type": "FeatureCollection",
  "features": [
    {
      "type": "Feature",
      "geometry": {
        "type": "Polygon",
        "coordinates": [
          [
            [
              121.64444729033491,
              45.48665646054774
            ],
            [
              121.65363050821333,
              45.48628188596129
            ],
            [
              121.65309755734542,
              45.479822446141654
            ],
            [
              121.643915381925,
              45.48019693683425
            ],
            [
              121.64444729033491,
              45.48665646054774
            ]
          ]
        ]
      },
      "properties": {
        "biomass": 192.73500061035156,
        "min_biomass": 151.17745971679688,
        "max_biomass": 230.42205810546875,
        "timestamp": "20260513_120248",
        "grid_id": "0_432"
      }
    },
    {
      "type": "Feature",
      "geometry": {
        "type": "Polygon",
        "coordinates": [
          [
            [
              121.65363050821333,
              45.48628188596129
            ],
            [
              121.66281354516656,
              45.48590657549843
            ],
            [
              121.66227955191594,
              45.479447219736365
            ],
            [
              121.65309755734542,
              45.479822446141654
            ],
            [
              121.65363050821333,
              45.48628188596129
            ]
          ]
        ]
      },
      "properties": {
        "biomass": 204.13580322265625,
        "min_biomass": 148.67724609375,
        "max_biomass": 245.76490783691406,
        "timestamp": "20260513_120248",
        "grid_id": "0_456"
      }
    },
    {
      "type": "Feature",
      "geometry": {
        "type": "Polygon",
        "coordinates": [
          [
            [
              121.63473302600529,
              45.48057069177597
            ],
            [
              121.643915381925,
              45.48019693683425
            ],
            [
              121.64338365401439,
              45.473737400921706
            ],
            [
              121.63420234027721,
              45.4741110721522
            ],
            [
              121.63473302600529,
              45.48057069177597
            ]
          ]
        ]
      },
      "properties": {
        "biomass": 182.53477478027344,
        "min_biomass": 160.31900024414062,
        "max_biomass": 197.73654174804688,
        "timestamp": "20260513_120248",
        "grid_id": "24_408"
      }
    },
    {
      "type": "Feature",
      "geometry": {
        "type": "Polygon",
        "coordinates": [
          [
            [
              121.643915381925,
              45.48019693683425
            ],
            [
              121.65309755734542,
              45.479822446141654
            ],
            [
              121.65256478732738,
              45.47336299410403
            ],
            [
              121.64338365401439,
              45.473737400921706
            ],
            [
              121.643915381925,
              45.48019693683425
            ]
          ]
        ]
      },
      "properties": {
        "biomass": 187.37225341796875,
        "min_biomass": 140.89263916015625,
        "max_biomass": 232.89990234375,
        "timestamp": "20260513_120248",
        "grid_id": "24_432"
      }
    },
    {
      "type": "Feature",
      "geometry": {
        "type": "Polygon",
        "coordinates": [
          [
            [
              121.65309755734542,
              45.479822446141654
            ],
            [
              121.66227955191594,
              45.479447219736365
            ],
            [
              121.66174573986574,
              45.472987851737315
            ],
            [
              121.65256478732738,
              45.47336299410403
            ],
            [
              121.65309755734542,
              45.479822446141654
            ]
          ]
        ]
      },
      "properties": {
        "biomass": 208.75936889648438,
        "min_biomass": 151.51187133789062,
        "max_biomass": 242.018310546875,
        "timestamp": "20260513_120248",
        "grid_id": "24_456"
      }
    },
    {
      "type": "Feature",
      "geometry": {
        "type": "Polygon",
        "coordinates": [
          [
            [
              121.63420234027721,
              45.4741110721522
            ],
            [
              121.64338365401439,
              45.473737400921706
            ],
            [
              121.642852106528,
              45.46727785281228
            ],
            [
              121.63367183462285,
              45.467651440350465
            ],
            [
              121.63420234027721,
              45.4741110721522
            ]
          ]
        ]
      },
      "properties": {
        "biomass": 180.40696716308594,
        "min_biomass": 132.59756469726562,
        "max_biomass": 212.07540893554688,
        "timestamp": "20260513_120248",
        "grid_id": "48_408"
      }
    },
    {
      "type": "Feature",
      "geometry": {
        "type": "Polygon",
        "coordinates": [
          [
            [
              121.64338365401439,
              45.473737400921706
            ],
            [
              121.65256478732738,
              45.47336299410403
            ],
            [
              121.65203219808402,
              45.46690352985057
            ],
            [
              121.642852106528,
              45.46727785281228
            ],
            [
              121.64338365401439,
              45.473737400921706
            ]
          ]
        ]
      },
      "properties": {
        "biomass": 181.40798950195312,
        "min_biomass": 131.61585998535156,
        "max_biomass": 219.7384033203125,
        "timestamp": "20260513_120248",
        "grid_id": "48_432"
      }
    },
    {
      "type": "Feature",
      "geometry": {
        "type": "Polygon",
        "coordinates": [
          [
            [
              121.65256478732738,
              45.47336299410403
            ],
            [
              121.66174573986574,
              45.472987851737315
            ],
            [
              121.66121210894059,
              45.466528471503466
            ],
            [
              121.65203219808402,
              45.46690352985057
            ],
            [
              121.65256478732738,
              45.47336299410403
            ]
          ]
        ]
      },
      "properties": {
        "biomass": 202.5186767578125,
        "min_biomass": 136.35012817382812,
        "max_biomass": 236.17578125,
        "timestamp": "20260513_120248",
        "grid_id": "48_456"
      }
    },
    {
      "type": "Feature",
      "geometry": {
        "type": "Polygon",
        "coordinates": [
          [
            [
              121.66174573986574,
              45.472987851737315
            ],
            [
              121.67092651127906,
              45.472611973859834
            ],
            [
              121.67039183874746,
              45.46615267780919
            ],
            [
              121.66121210894059,
              45.466528471503466
            ],
            [
              121.66174573986574,
              45.472987851737315
            ]
          ]
        ]
      },
      "properties": {
        "biomass": 187.9398956298828,
        "min_biomass": 163.51416015625,
        "max_biomass": 212.36563110351562,
        "timestamp": "20260513_120248",
        "grid_id": "48_480"
      }
    },
    {
      "type": "Feature",
      "geometry": {
        "type": "Polygon",
        "coordinates": [
          [
            [
              121.6244913827189,
              45.468024292427
            ],
            [
              121.63367183462285,
              45.467651440350465
            ],
            [
              121.63314150896731,
              45.46119179637289
            ],
            [
              121.62396209861996,
              45.461564564939636
            ],
            [
              121.6244913827189,
              45.468024292427
            ]
          ]
        ]
      },
      "properties": {
        "biomass": 197.52186584472656,
        "min_biomass": 149.62171936035156,
        "max_biomass": 246.13119506835938,
        "timestamp": "20260513_120248",
        "grid_id": "72_384"
      }
    },
    {
      "type": "Feature",
      "geometry": {
        "type": "Polygon",
        "coordinates": [
          [
            [
              121.63367183462285,
              45.467651440350465
            ],
            [
              121.642852106528,
              45.46727785281228
            ],
            [
              121.64232073939075,
              45.460818292508144
            ],
            [
              121.63314150896731,
              45.46119179637289
            ],
            [
              121.63367183462285,
              45.467651440350465
            ]
          ]
        ]
      },
      "properties": {
        "biomass": 194.99758911132812,
        "min_biomass": 143.50021362304688,
        "max_biomass": 241.49461364746094,
        "timestamp": "20260513_120248",
        "grid_id": "72_408"
      }
    },
    {
      "type": "Feature",
      "geometry": {
        "type": "Polygon",
        "coordinates": [
          [
            [
              121.642852106528,
              45.46727785281228
            ],
            [
              121.65203219808402,
              45.46690352985057
            ],
            [
              121.65149978954007,
              45.46044405338347
            ],
            [
              121.64232073939075,
              45.460818292508144
            ],
            [
              121.642852106528,
              45.46727785281228
            ]
          ]
        ]
      },
      "properties": {
        "biomass": 177.21051025390625,
        "min_biomass": 134.96559143066406,
        "max_biomass": 211.92196655273438,
        "timestamp": "20260513_120248",
        "grid_id": "72_432"
      }
    },
    {
      "type": "Feature",
      "geometry": {
        "type": "Polygon",
        "coordinates": [
          [
            [
              121.65203219808402,
              45.46690352985057
            ],
            [
              121.66121210894059,
              45.466528471503466
            ],
            [
              121.6606786590651,
              45.46006907903699
            ],
            [
              121.65149978954007,
              45.46044405338347
            ],
            [
              121.65203219808402,
              45.46690352985057
            ]
          ]
        ]
      },
      "properties": {
        "biomass": 200.08172607421875,
        "min_biomass": 132.1734619140625,
        "max_biomass": 261.4309997558594,
        "timestamp": "20260513_120248",
        "grid_id": "72_456"
      }
    },
    {
      "type": "Feature",
      "geometry": {
        "type": "Polygon",
        "coordinates": [
          [
            [
              121.66121210894059,
              45.466528471503466
            ],
            [
              121.67039183874746,
              45.46615267780919
            ],
            [
              121.66985734761576,
              45.45969336950693
            ],
            [
              121.6606786590651,
              45.46006907903699
            ],
            [
              121.66121210894059,
              45.466528471503466
            ]
          ]
        ]
      },
      "properties": {
        "biomass": 193.16851806640625,
        "min_biomass": 135.2603759765625,
        "max_biomass": 237.7572021484375,
        "timestamp": "20260513_120248",
        "grid_id": "72_480"
      }
    },
    {
      "type": "Feature",
      "geometry": {
        "type": "Polygon",
        "coordinates": [
          [
            [
              121.62396209861996,
              45.461564564939636
            ],
            [
              121.63314150896731,
              45.46119179637289
            ],
            [
              121.63261136323571,
              45.45473214022164
            ],
            [
              121.62343299409469,
              45.45510482529745
            ],
            [
              121.62396209861996,
              45.461564564939636
            ]
          ]
        ]
      },
      "properties": {
        "biomass": 183.95730590820312,
        "min_biomass": 144.43670654296875,
        "max_biomass": 236.7041473388672,
        "timestamp": "20260513_120248",
        "grid_id": "96_384"
      }
    },
    {
      "type": "Feature",
      "geometry": {
        "type": "Polygon",
        "coordinates": [
          [
            [
              121.63314150896731,
              45.46119179637289
            ],
            [
              121.64232073939075,
              45.460818292508144
            ],
            [
              121.64178955252763,
              45.45435872001143
            ],
            [
              121.63261136323571,
              45.45473214022164
            ],
            [
              121.63314150896731,
              45.46119179637289
            ]
          ]
        ]
      },
      "properties": {
        "biomass": 195.24742126464844,
        "min_biomass": 142.9674072265625,
        "max_biomass": 232.45889282226562,
        "timestamp": "20260513_120248",
        "grid_id": "96_408"
      }
    },
    {
      "type": "Feature",
      "geometry": {
        "type": "Polygon",
        "coordinates": [
          [
            [
              121.64232073939075,
              45.460818292508144
            ],
            [
              121.65149978954007,
              45.46044405338347
            ],
            [
              121.65096756162038,
              45.45398456470485
            ],
            [
              121.64178955252763,
              45.45435872001143
            ],
            [
              121.64232073939075,
              45.460818292508144
            ]
          ]
        ]
      },
      "properties": {
        "biomass": 186.01451110839844,
        "min_biomass": 151.58187866210938,
        "max_biomass": 233.2751007080078,
        "timestamp": "20260513_120248",
        "grid_id": "96_432"
      }
    },
    {
      "type": "Feature",
      "geometry": {
        "type": "Polygon",
        "coordinates": [
          [
            [
              121.65149978954007,
              45.46044405338347
            ],
            [
              121.6606786590651,
              45.46006907903699
            ],
            [
              121.66014539016399,
              45.45360967434004
            ],
            [
              121.65096756162038,
              45.45398456470485
            ],
            [
              121.65149978954007,
              45.46044405338347
            ]
          ]
        ]
      },
      "properties": {
        "biomass": 190.39219665527344,
        "min_biomass": 133.79942321777344,
        "max_biomass": 264.34228515625,
        "timestamp": "20260513_120248",
        "grid_id": "96_456"
      }
    },
    {
      "type": "Feature",
      "geometry": {
        "type": "Polygon",
        "coordinates": [
          [
            [
              121.6606786590651,
              45.46006907903699
            ],
            [
              121.66985734761576,
              45.45969336950693
            ],
            [
              121.66932303780848,
              45.453234048955196
            ],
            [
              121.66014539016399,
              45.45360967434004
            ],
            [
              121.6606786590651,
              45.46006907903699
            ]
          ]
        ]
      },
      "properties": {
        "biomass": 199.3757781982422,
        "min_biomass": 148.57101440429688,
        "max_biomass": 245.93423461914062,
        "timestamp": "20260513_120248",
        "grid_id": "96_480"
      }
    },
    {
      "type": "Feature",
      "geometry": {
        "type": "Polygon",
        "coordinates": [
          [
            [
              121.67903585484197,
              45.45931692483156
            ],
            [
              121.68821418039373,
              45.45893974504925
            ],
            [
              121.68767778900047,
              45.452480593278516
            ],
            [
              121.67850050420392,
              45.45285768858857
            ],
            [
              121.67903585484197,
              45.45931692483156
            ]
          ]
        ]
      },
      "properties": {
        "biomass": 201.45370483398438,
        "min_biomass": 140.1863250732422,
        "max_biomass": 238.4927215576172,
        "timestamp": "20260513_120248",
        "grid_id": "96_528"
      }
    },
    {
      "type": "Feature",
      "geometry": {
        "type": "Polygon",
        "coordinates": [
          [
            [
              121.68821418039373,
              45.45893974504925
            ],
            [
              121.69739232392111,
              45.458561830198434
            ],
            [
              121.69685489184826,
              45.45210276306343
            ],
            [
              121.68767778900047,
              45.452480593278516
            ],
            [
              121.68821418039373,
              45.45893974504925
            ]
          ]
        ]
      },
      "properties": {
        "biomass": 201.950927734375,
        "min_biomass": 135.71963500976562,
        "max_biomass": 244.01657104492188,
        "timestamp": "20260513_120248",
        "grid_id": "96_552"
      }
    },
    {
      "type": "Feature",
      "geometry": {
        "type": "Polygon",
        "coordinates": [
          [
            [
              121.69739232392111,
              45.458561830198434
            ],
            [
              121.7065702850741,
              45.45818318031759
            ],
            [
              121.70603181239757,
              45.45172419798184
            ],
            [
              121.69685489184826,
              45.45210276306343
            ],
            [
              121.69739232392111,
              45.458561830198434
            ]
          ]
        ]
      },
      "properties": {
        "biomass": 196.98104858398438,
        "min_biomass": 134.89569091796875,
        "max_biomass": 229.1162567138672,
        "timestamp": "20260513_120248",
        "grid_id": "96_576"
      }
    },
    {
      "type": "Feature",
      "geometry": {
        "type": "Polygon",
        "coordinates": [
          [
            [
              121.7065702850741,
              45.45818318031759
            ],
            [
              121.71574806350287,
              45.45780379544533
            ],
            [
              121.7152085502986,
              45.45134489807228
            ],
            [
              121.70603181239757,
              45.45172419798184
            ],
            [
              121.7065702850741,
              45.45818318031759
            ]
          ]
        ]
      },
      "properties": {
        "biomass": 194.51161193847656,
        "min_biomass": 194.51161193847656,
        "max_biomass": 194.51161193847656,
        "timestamp": "20260513_120248",
        "grid_id": "96_600"
      }
    },
    {
      "type": "Feature",
      "geometry": {
        "type": "Polygon",
        "coordinates": [
          [
            [
              121.62343299409469,
              45.45510482529745
            ],
            [
              121.63261136323571,
              45.45473214022164
            ],
            [
              121.63208139735323,
              45.44827247189884
            ],
            [
              121.62290406906847,
              45.448645073502554
            ],
            [
              121.62343299409469,
              45.45510482529745
            ]
          ]
        ]
      },
      "properties": {
        "biomass": 187.15399169921875,
        "min_biomass": 144.6042022705078,
        "max_biomass": 234.91627502441406,
        "timestamp": "20260513_120248",
        "grid_id": "120_384"
      }
    },
    {
      "type": "Feature",
      "geometry": {
        "type": "Polygon",
        "coordinates": [
          [
            [
              121.63261136323571,
              45.45473214022164
            ],
            [
              121.64178955252763,
              45.45435872001143
            ],
            [
              121.64125854586366,
              45.44789913532428
            ],
            [
              121.63208139735323,
              45.44827247189884
            ],
            [
              121.63261136323571,
              45.45473214022164
            ]
          ]
        ]
      },
      "properties": {
        "biomass": 163.1542510986328,
        "min_biomass": 111.44637298583984,
        "max_biomass": 254.82257080078125,
        "timestamp": "20260513_120248",
        "grid_id": "120_408"
      }
    },
    {
      "type": "Feature",
      "geometry": {
        "type": "Polygon",
        "coordinates": [
          [
            [
              121.64178955252763,
              45.45435872001143
            ],
            [
              121.65096756162038,
              45.45398456470485
            ],
            [
              121.65043551424989,
              45.447525063816904
            ],
            [
              121.64125854586366,
              45.44789913532428
            ],
            [
              121.64178955252763,
              45.45435872001143
            ]
          ]
        ]
      },
      "properties": {
        "biomass": 172.2949981689453,
        "min_biomass": 117.9254150390625,
        "max_biomass": 249.07366943359375,
        "timestamp": "20260513_120248",
        "grid_id": "120_432"
      }
    },
    {
      "type": "Feature",
      "geometry": {
        "type": "Polygon",
        "coordinates": [
          [
            [
              121.65096756162038,
              45.45398456470485
            ],
            [
              121.66014539016399,
              45.45360967434004
            ],
            [
              121.65961230216202,
              45.44715025741481
            ],
            [
              121.65043551424989,
              45.447525063816904
            ],
            [
              121.65096756162038,
              45.45398456470485
            ]
          ]
        ]
      },
      "properties": {
        "biomass": 180.47425842285156,
        "min_biomass": 122.23593139648438,
        "max_biomass": 242.1772003173828,
        "timestamp": "20260513_120248",
        "grid_id": "120_456"
      }
    },
    {
      "type": "Feature",
      "geometry": {
        "type": "Polygon",
        "coordinates": [
          [
            [
              121.66014539016399,
              45.45360967434004
            ],
            [
              121.66932303780848,
              45.453234048955196
            ],
            [
              121.66878890925024,
              45.44677471615618
            ],
            [
              121.65961230216202,
              45.44715025741481
            ],
            [
              121.66014539016399,
              45.45360967434004
            ]
          ]
        ]
      },
      "properties": {
        "biomass": 177.9534149169922,
        "min_biomass": 122.93223571777344,
        "max_biomass": 246.14608764648438,
        "timestamp": "20260513_120248",
        "grid_id": "120_480"
      }
    },
    {
      "type": "Feature",
      "geometry": {
        "type": "Polygon",
        "coordinates": [
          [
            [
              121.66932303780848,
              45.453234048955196
            ],
            [
              121.67850050420392,
              45.45285768858857
            ],
            [
              121.67796533516477,
              45.44639844007926
            ],
            [
              121.66878890925024,
              45.44677471615618
            ],
            [
              121.66932303780848,
              45.453234048955196
            ]
          ]
        ]
      },
      "properties": {
        "biomass": 194.17910766601562,
        "min_biomass": 151.5687713623047,
        "max_biomass": 243.4864501953125,
        "timestamp": "20260513_120248",
        "grid_id": "120_504"
      }
    },
    {
      "type": "Feature",
      "geometry": {
        "type": "Polygon",
        "coordinates": [
          [
            [
              121.67850050420392,
              45.45285768858857
            ],
            [
              121.68767778900047,
              45.452480593278516
            ],
            [
              121.68714157955593,
              45.446021429222405
            ],
            [
              121.67796533516477,
              45.44639844007926
            ],
            [
              121.67850050420392,
              45.45285768858857
            ]
          ]
        ]
      },
      "properties": {
        "biomass": 185.1873016357422,
        "min_biomass": 144.02244567871094,
        "max_biomass": 241.89772033691406,
        "timestamp": "20260513_120248",
        "grid_id": "120_528"
      }
    },
    {
      "type": "Feature",
      "geometry": {
        "type": "Polygon",
        "coordinates": [
          [
            [
              121.68767778900047,
              45.452480593278516
            ],
            [
              121.69685489184826,
              45.45210276306343
            ],
            [
              121.69631764207398,
              45.445643683623985
            ],
            [
              121.68714157955593,
              45.446021429222405
            ],
            [
              121.68767778900047,
              45.452480593278516
            ]
          ]
        ]
      },
      "properties": {
        "biomass": 185.50791931152344,
        "min_biomass": 146.54310607910156,
        "max_biomass": 234.05528259277344,
        "timestamp": "20260513_120248",
        "grid_id": "120_552"
      }
    },
    {
      "type": "Feature",
      "geometry": {
        "type": "Polygon",
        "coordinates": [
          [
            [
              121.69685489184826,
              45.45210276306343
            ],
            [
              121.70603181239757,
              45.45172419798184
            ],
            [
              121.7054935223693,
              45.445265203322485
            ],
            [
              121.69631764207398,
              45.445643683623985
            ],
            [
              121.69685489184826,
              45.45210276306343
            ]
          ]
        ]
      },
      "properties": {
        "biomass": 198.19021606445312,
        "min_biomass": 154.2663116455078,
        "max_biomass": 234.34942626953125,
        "timestamp": "20260513_120248",
        "grid_id": "120_576"
      }
    },
    {
      "type": "Feature",
      "geometry": {
        "type": "Polygon",
        "coordinates": [
          [
            [
              121.70603181239757,
              45.45172419798184
            ],
            [
              121.7152085502986,
              45.45134489807228
            ],
            [
              121.71466922009228,
              45.444885988356454
            ],
            [
              121.7054935223693,
              45.445265203322485
            ],
            [
              121.70603181239757,
              45.45172419798184
            ]
          ]
        ]
      },
      "properties": {
        "biomass": 198.23617553710938,
        "min_biomass": 140.4407958984375,
        "max_biomass": 226.70751953125,
        "timestamp": "20260513_120248",
        "grid_id": "120_600"
      }
    },
    {
      "type": "Feature",
      "geometry": {
        "type": "Polygon",
        "coordinates": [
          [
            [
              121.61372656135931,
              45.44901694009744
            ],
            [
              121.62290406906847,
              45.448645073502554
            ],
            [
              121.62237532346663,
              45.442185309557104
            ],
            [
              121.61319885633839,
              45.44255709286226
            ],
            [
              121.61372656135931,
              45.44901694009744
            ]
          ]
        ]
      },
      "properties": {
        "biomass": 198.59130859375,
        "min_biomass": 137.06759643554688,
        "max_biomass": 253.92971801757812,
        "timestamp": "20260513_120248",
        "grid_id": "144_360"
      }
    },
    {
      "type": "Feature",
      "geometry": {
        "type": "Polygon",
        "coordinates": [
          [
            [
              121.62290406906847,
              45.448645073502554
            ],
            [
              121.63208139735323,
              45.44827247189884
            ],
            [
              121.63155161124507,
              45.44181279140666
            ],
            [
              121.62237532346663,
              45.442185309557104
            ],
            [
              121.62290406906847,
              45.448645073502554
            ]
          ]
        ]
      },
      "properties": {
        "biomass": 168.39016723632812,
        "min_biomass": 112.46731567382812,
        "max_biomass": 243.2612762451172,
        "timestamp": "20260513_120248",
        "grid_id": "144_384"
      }
    },
    {
      "type": "Feature",
      "geometry": {
        "type": "Polygon",
        "coordinates": [
          [
            [
              121.63208139735323,
              45.44827247189884
            ],
            [
              121.64125854586366,
              45.44789913532428
            ],
            [
              121.64072771932396,
              45.441439538448876
            ],
            [
              121.63155161124507,
              45.44181279140666
            ],
            [
              121.63208139735323,
              45.44827247189884
            ]
          ]
        ]
      },
      "properties": {
        "biomass": 180.16796875,
        "min_biomass": 124.20439147949219,
        "max_biomass": 251.91351318359375,
        "timestamp": "20260513_120248",
        "grid_id": "144_408"
      }
    },
    {
      "type": "Feature",
      "geometry": {
        "type": "Polygon",
        "coordinates": [
          [
            [
              121.64125854586366,
              45.44789913532428
            ],
            [
              121.65043551424989,
              45.447525063816904
            ],
            [
              121.6499036473535,
              45.44106555072177
            ],
            [
              121.64072771932396,
              45.441439538448876
            ],
            [
              121.64125854586366,
              45.44789913532428
            ]
          ]
        ]
      },
      "properties": {
        "biomass": 145.1817169189453,
        "min_biomass": 115.77577209472656,
        "max_biomass": 221.59837341308594,
        "timestamp": "20260513_120248",
        "grid_id": "144_432"
      }
    },
    {
      "type": "Feature",
      "geometry": {
        "type": "Polygon",
        "coordinates": [
          [
            [
              121.65043551424989,
              45.447525063816904
            ],
            [
              121.65961230216202,
              45.44715025741481
            ],
            [
              121.65907939498396,
              45.44069082826344
            ],
            [
              121.6499036473535,
              45.44106555072177
            ],
            [
              121.65043551424989,
              45.447525063816904
            ]
          ]
        ]
      },
      "properties": {
        "biomass": 144.1624298095703,
        "min_biomass": 114.70228576660156,
        "max_biomass": 217.50050354003906,
        "timestamp": "20260513_120248",
        "grid_id": "144_456"
      }
    },
    {
      "type": "Feature",
      "geometry": {
        "type": "Polygon",
        "coordinates": [
          [
            [
              121.65961230216202,
              45.44715025741481
            ],
            [
              121.66878890925024,
              45.44677471615618
            ],
            [
              121.6682549618657,
              45.44031537111205
            ],
            [
              121.65907939498396,
              45.44069082826344
            ],
            [
              121.65961230216202,
              45.44715025741481
            ]
          ]
        ]
      },
      "properties": {
        "biomass": 182.00938415527344,
        "min_biomass": 116.2349853515625,
        "max_biomass": 256.2910461425781,
        "timestamp": "20260513_120248",
        "grid_id": "144_480"
      }
    },
    {
      "type": "Feature",
      "geometry": {
        "type": "Polygon",
        "coordinates": [
          [
            [
              121.66878890925024,
              45.44677471615618
            ],
            [
              121.67796533516477,
              45.44639844007926
            ],
            [
              121.67743034764906,
              45.439939179305846
            ],
            [
              121.6682549618657,
              45.44031537111205
            ],
            [
              121.66878890925024,
              45.44677471615618
            ]
          ]
        ]
      },
      "properties": {
        "biomass": 190.41944885253906,
        "min_biomass": 140.6138153076172,
        "max_biomass": 236.2950439453125,
        "timestamp": "20260513_120248",
        "grid_id": "144_504"
      }
    },
    {
      "type": "Feature",
      "geometry": {
        "type": "Polygon",
        "coordinates": [
          [
            [
              121.67796533516477,
              45.44639844007926
            ],
            [
              121.68714157955593,
              45.446021429222405
            ],
            [
              121.68660555198447,
              45.439562252883114
            ],
            [
              121.67743034764906,
              45.439939179305846
            ],
            [
              121.67796533516477,
              45.44639844007926
            ]
          ]
        ]
      },
      "properties": {
        "biomass": 184.34402465820312,
        "min_biomass": 133.93270874023438,
        "max_biomass": 234.42750549316406,
        "timestamp": "20260513_120248",
        "grid_id": "144_528"
      }
    },
    {
      "type": "Feature",
      "geometry": {
        "type": "Polygon",
        "coordinates": [
          [
            [
              121.68714157955593,
              45.446021429222405
            ],
            [
              121.69631764207398,
              45.445643683623985
            ],
            [
              121.69578057452242,
              45.43918459188225
            ],
            [
              121.68660555198447,
              45.439562252883114
            ],
            [
              121.68714157955593,
              45.446021429222405
            ]
          ]
        ]
      },
      "properties": {
        "biomass": 186.40377807617188,
        "min_biomass": 141.26437377929688,
        "max_biomass": 239.3565673828125,
        "timestamp": "20260513_120248",
        "grid_id": "144_552"
      }
    },
    {
      "type": "Feature",
      "geometry": {
        "type": "Polygon",
        "coordinates": [
          [
            [
              121.69631764207398,
              45.445643683623985
            ],
            [
              121.7054935223693,
              45.445265203322485
            ],
            [
              121.70495541491334,
              45.43880619634172
            ],
            [
              121.69578057452242,
              45.43918459188225
            ],
            [
              121.69631764207398,
              45.445643683623985
            ]
          ]
        ]
      },
      "properties": {
        "biomass": 193.09088134765625,
        "min_biomass": 151.37855529785156,
        "max_biomass": 248.51422119140625,
        "timestamp": "20260513_120248",
        "grid_id": "144_576"
      }
    },
    {
      "type": "Feature",
      "geometry": {
        "type": "Polygon",
        "coordinates": [
          [
            [
              121.7054935223693,
              45.445265203322485
            ],
            [
              121.71466922009228,
              45.444885988356454
            ],
            [
              121.71413007280783,
              45.438427066300065
            ],
            [
              121.70495541491334,
              45.43880619634172
            ],
            [
              121.7054935223693,
              45.445265203322485
            ]
          ]
        ]
      },
      "properties": {
        "biomass": 191.44406127929688,
        "min_biomass": 135.9385528564453,
        "max_biomass": 233.70358276367188,
        "timestamp": "20260513_120248",
        "grid_id": "144_600"
      }
    },
    {
      "type": "Feature",
      "geometry": {
        "type": "Polygon",
        "coordinates": [
          [
            [
              121.61319885633839,
              45.44255709286226
            ],
            [
              121.62237532346663,
              45.442185309557104
            ],
            [
              121.62184675721457,
              45.43572553346321
            ],
            [
              121.61267133031737,
              45.436097233497435
            ],
            [
              121.61319885633839,
              45.44255709286226
            ]
          ]
        ]
      },
      "properties": {
        "biomass": 180.77944946289062,
        "min_biomass": 145.13124084472656,
        "max_biomass": 240.51708984375,
        "timestamp": "20260513_120248",
        "grid_id": "168_360"
      }
    },
    {
      "type": "Feature",
      "geometry": {
        "type": "Polygon",
        "coordinates": [
          [
            [
              121.62237532346663,
              45.442185309557104
            ],
            [
              121.63155161124507,
              45.44181279140666
            ],
            [
              121.63102200483651,
              45.43535309874721
            ],
            [
              121.62184675721457,
              45.43572553346321
            ],
            [
              121.62237532346663,
              45.442185309557104
            ]
          ]
        ]
      },
      "properties": {
        "biomass": 137.42396545410156,
        "min_biomass": 118.73278045654297,
        "max_biomass": 200.16554260253906,
        "timestamp": "20260513_120248",
        "grid_id": "168_384"
      }
    },
    {
      "type": "Feature",
      "geometry": {
        "type": "Polygon",
        "coordinates": [
          [
            [
              121.63155161124507,
              45.44181279140666
            ],
            [
              121.64072771932396,
              45.441439538448876
            ],
            [
              121.64019707283359,
              45.43497992938734
            ],
            [
              121.63102200483651,
              45.43535309874721
            ],
            [
              121.63155161124507,
              45.44181279140666
            ]
          ]
        ]
      },
      "properties": {
        "biomass": 181.0917205810547,
        "min_biomass": 122.00530242919922,
        "max_biomass": 256.5956115722656,
        "timestamp": "20260513_120248",
        "grid_id": "168_408"
      }
    },
    {
      "type": "Feature",
      "geometry": {
        "type": "Polygon",
        "coordinates": [
          [
            [
              121.64072771932396,
              45.441439538448876
            ],
            [
              121.6499036473535,
              45.44106555072177
            ],
            [
              121.64937196085616,
              45.434606025421616
            ],
            [
              121.64019707283359,
              45.43497992938734
            ],
            [
              121.64072771932396,
              45.441439538448876
            ]
          ]
        ]
      },
      "properties": {
        "biomass": 151.31117248535156,
        "min_biomass": 110.30374145507812,
        "max_biomass": 248.0607452392578,
        "timestamp": "20260513_120248",
        "grid_id": "168_432"
      }
    },
    {
      "type": "Feature",
      "geometry": {
        "type": "Polygon",
        "coordinates": [
          [
            [
              121.6499036473535,
              45.44106555072177
            ],
            [
              121.65907939498396,
              45.44069082826344
            ],
            [
              121.65854666855465,
              45.43423138688813
            ],
            [
              121.64937196085616,
              45.434606025421616
            ],
            [
              121.6499036473535,
              45.44106555072177
            ]
          ]
        ]
      },
      "properties": {
        "biomass": 147.10159301757812,
        "min_biomass": 107.1393814086914,
        "max_biomass": 213.83639526367188,
        "timestamp": "20260513_120248",
        "grid_id": "168_456"
      }
    },
    {
      "type": "Feature",
      "geometry": {
        "type": "Polygon",
        "coordinates": [
          [
            [
              121.65907939498396,
              45.44069082826344
            ],
            [
              121.6682549618657,
              45.44031537111205
            ],
            [
              121.66772119557952,
              45.433856013825
            ],
            [
              121.65854666855465,
              45.43423138688813
            ],
            [
              121.65907939498396,
              45.44069082826344
            ]
          ]
        ]
      },
      "properties": {
        "biomass": 197.88943481445312,
        "min_biomass": 155.41775512695312,
        "max_biomass": 262.7666320800781,
        "timestamp": "20260513_120248",
        "grid_id": "168_480"
      }
    },
    {
      "type": "Feature",
      "geometry": {
        "type": "Polygon",
        "coordinates": [
          [
            [
              121.6682549618657,
              45.44031537111205
            ],
            [
              121.67743034764906,
              45.439939179305846
            ],
            [
              121.67689554158129,
              45.43347990627047
            ],
            [
              121.66772119557952,
              45.433856013825
            ],
            [
              121.6682549618657,
              45.44031537111205
            ]
          ]
        ]
      },
      "properties": {
        "biomass": 174.5543975830078,
        "min_biomass": 134.4830780029297,
        "max_biomass": 238.09036254882812,
        "timestamp": "20260513_120248",
        "grid_id": "168_504"
      }
    },
    {
      "type": "Feature",
      "geometry": {
        "type": "Polygon",
        "coordinates": [
          [
            [
              121.67743034764906,
              45.439939179305846
            ],
            [
              121.68660555198447,
              45.439562252883114
            ],
            [
              121.68606970621053,
              45.43310306426284
            ],
            [
              121.67689554158129,
              45.43347990627047
            ],
            [
              121.67743034764906,
              45.439939179305846
            ]
          ]
        ]
      },
      "properties": {
        "biomass": 181.6035614013672,
        "min_biomass": 122.63629150390625,
        "max_biomass": 242.59498596191406,
        "timestamp": "20260513_120248",
        "grid_id": "168_528"
      }
    },
    {
      "type": "Feature",
      "geometry": {
        "type": "Polygon",
        "coordinates": [
          [
            [
              121.68660555198447,
              45.439562252883114
            ],
            [
              121.69578057452242,
              45.43918459188225
            ],
            [
              121.69524368911785,
              45.43272548784046
            ],
            [
              121.68606970621053,
              45.43310306426284
            ],
            [
              121.68660555198447,
              45.439562252883114
            ]
          ]
        ]
      },
      "properties": {
        "biomass": 172.99790954589844,
        "min_biomass": 116.12147521972656,
        "max_biomass": 254.3997344970703,
        "timestamp": "20260513_120248",
        "grid_id": "168_552"
      }
    },
    {
      "type": "Feature",
      "geometry": {
        "type": "Polygon",
        "coordinates": [
          [
            [
              121.69578057452242,
              45.43918459188225
            ],
            [
              121.70495541491334,
              45.43880619634172
            ],
            [
              121.70441748995385,
              45.43234717704179
            ],
            [
              121.69524368911785,
              45.43272548784046
            ],
            [
              121.69578057452242,
              45.43918459188225
            ]
          ]
        ]
      },
      "properties": {
        "biomass": 166.72608947753906,
        "min_biomass": 121.75860595703125,
        "max_biomass": 237.6624755859375,
        "timestamp": "20260513_120248",
        "grid_id": "168_576"
      }
    },
    {
      "type": "Feature",
      "geometry": {
        "type": "Polygon",
        "coordinates": [
          [
            [
              121.70495541491334,
              45.43880619634172
            ],
            [
              121.71413007280783,
              45.438427066300065
            ],
            [
              121.71359110836927,
              45.43196813190534
            ],
            [
              121.70441748995385,
              45.43234717704179
            ],
            [
              121.70495541491334,
              45.43880619634172
            ]
          ]
        ]
      },
      "properties": {
        "biomass": 192.56163024902344,
        "min_biomass": 138.0858154296875,
        "max_biomass": 234.15826416015625,
        "timestamp": "20260513_120248",
        "grid_id": "168_600"
      }
    },
    {
      "type": "Feature",
      "geometry": {
        "type": "Polygon",
        "coordinates": [
          [
            [
              121.71413007280783,
              45.438427066300065
            ],
            [
              121.72292228171793,
              45.438063044146794
            ],
            [
              121.72238232118319,
              45.43160419127285
            ],
            [
              121.71359110836927,
              45.43196813190534
            ],
            [
              121.71413007280783,
              45.438427066300065
            ]
          ]
        ]
      },
      "properties": {
        "biomass": 169.43148803710938,
        "min_biomass": 149.04000854492188,
        "max_biomass": 184.65553283691406,
        "timestamp": "20260513_120248",
        "grid_id": "168_624"
      }
    },
    {
      "type": "Feature",
      "geometry": {
        "type": "Polygon",
        "coordinates": [
          [
            [
              121.61267133031737,
              45.436097233497435
            ],
            [
              121.62184675721457,
              45.43572553346321
            ],
            [
              121.62131837023774,
              45.429265745223034
            ],
            [
              121.61214398322191,
              45.429637362005096
            ],
            [
              121.61267133031737,
              45.436097233497435
            ]
          ]
        ]
      },
      "properties": {
        "biomass": 174.08494567871094,
        "min_biomass": 133.4995880126953,
        "max_biomass": 228.2400360107422,
        "timestamp": "20260513_120248",
        "grid_id": "192_360"
      }
    },
    {
      "type": "Feature",
      "geometry": {
        "type": "Polygon",
        "coordinates": [
          [
            [
              121.62184675721457,
              45.43572553346321
            ],
            [
              121.63102200483651,
              45.43535309874721
            ],
            [
              121.63049257805287,
              45.42889339392263
            ],
            [
              121.62131837023774,
              45.429265745223034
            ],
            [
              121.62184675721457,
              45.43572553346321
            ]
          ]
        ]
      },
      "properties": {
        "biomass": 173.3609161376953,
        "min_biomass": 121.69329071044922,
        "max_biomass": 258.70733642578125,
        "timestamp": "20260513_120248",
        "grid_id": "192_384"
      }
    },
    {
      "type": "Feature",
      "geometry": {
        "type": "Polygon",
        "coordinates": [
          [
            [
              121.63102200483651,
              45.43535309874721
            ],
            [
              121.64019707283359,
              45.43497992938734
            ],
            [
              121.63966660631776,
              45.42852030814183
            ],
            [
              121.63049257805287,
              45.42889339392263
            ],
            [
              121.63102200483651,
              45.43535309874721
            ]
          ]
        ]
      },
      "properties": {
        "biomass": 140.05210876464844,
        "min_biomass": 113.3887710571289,
        "max_biomass": 225.4719696044922,
        "timestamp": "20260513_120248",
        "grid_id": "192_408"
      }
    },
    {
      "type": "Feature",
      "geometry": {
        "type": "Polygon",
        "coordinates": [
          [
            [
              121.64019707283359,
              45.43497992938734
            ],
            [
              121.64937196085616,
              45.434606025421616
            ],
            [
              121.64884045468293,
              45.42814648791859
            ],
            [
              121.63966660631776,
              45.42852030814183
            ],
            [
              121.64019707283359,
              45.43497992938734
            ]
          ]
        ]
      },
      "properties": {
        "biomass": 142.04592895507812,
        "min_biomass": 108.2397232055664,
        "max_biomass": 246.75018310546875,
        "timestamp": "20260513_120248",
        "grid_id": "192_432"
      }
    },
    {
      "type": "Feature",
      "geometry": {
        "type": "Polygon",
        "coordinates": [
          [
            [
              121.64937196085616,
              45.434606025421616
            ],
            [
              121.65854666855465,
              45.43423138688813
            ],
            [
              121.65801412279895,
              45.427771933291005
            ],
            [
              121.64884045468293,
              45.42814648791859
            ],
            [
              121.64937196085616,
              45.434606025421616
            ]
          ]
        ]
      },
      "properties": {
        "biomass": 174.96690368652344,
        "min_biomass": 116.00336456298828,
        "max_biomass": 234.55703735351562,
        "timestamp": "20260513_120248",
        "grid_id": "192_456"
      }
    },
    {
      "type": "Feature",
      "geometry": {
        "type": "Polygon",
        "coordinates": [
          [
            [
              121.65854666855465,
              45.43423138688813
            ],
            [
              121.66772119557952,
              45.433856013825
            ],
            [
              121.66718761031645,
              45.427396644297175
            ],
            [
              121.65801412279895,
              45.427771933291005
            ],
            [
              121.65854666855465,
              45.43423138688813
            ]
          ]
        ]
      },
      "properties": {
        "biomass": 189.2110137939453,
        "min_biomass": 132.73915100097656,
        "max_biomass": 242.21102905273438,
        "timestamp": "20260513_120248",
        "grid_id": "192_480"
      }
    },
    {
      "type": "Feature",
      "geometry": {
        "type": "Polygon",
        "coordinates": [
          [
            [
              121.66772119557952,
              45.433856013825
            ],
            [
              121.67689554158129,
              45.43347990627047
            ],
            [
              121.67636091688608,
              45.42702062097534
            ],
            [
              121.66718761031645,
              45.427396644297175
            ],
            [
              121.66772119557952,
              45.433856013825
            ]
          ]
        ]
      },
      "properties": {
        "biomass": 163.24813842773438,
        "min_biomass": 111.76657104492188,
        "max_biomass": 231.8618927001953,
        "timestamp": "20260513_120248",
        "grid_id": "192_504"
      }
    },
    {
      "type": "Feature",
      "geometry": {
        "type": "Polygon",
        "coordinates": [
          [
            [
              121.67689554158129,
              45.43347990627047
            ],
            [
              121.68606970621053,
              45.43310306426284
            ],
            [
              121.68553404215855,
              45.42664386336376
            ],
            [
              121.67636091688608,
              45.42702062097534
            ],
            [
              121.67689554158129,
              45.43347990627047
            ]
          ]
        ]
      },
      "properties": {
        "biomass": 155.99368286132812,
        "min_biomass": 117.59518432617188,
        "max_biomass": 237.39019775390625,
        "timestamp": "20260513_120248",
        "grid_id": "192_528"
      }
    },
    {
      "type": "Feature",
      "geometry": {
        "type": "Polygon",
        "coordinates": [
          [
            [
              121.68606970621053,
              45.43310306426284
            ],
            [
              121.69524368911785,
              45.43272548784046
            ],
            [
              121.69470698578458,
              45.426266371500795
            ],
            [
              121.68553404215855,
              45.42664386336376
            ],
            [
              121.68606970621053,
              45.43310306426284
            ]
          ]
        ]
      },
      "properties": {
        "biomass": 152.9272003173828,
        "min_biomass": 115.89665222167969,
        "max_biomass": 227.27748107910156,
        "timestamp": "20260513_120248",
        "grid_id": "192_552"
      }
    },
    {
      "type": "Feature",
      "geometry": {
        "type": "Polygon",
        "coordinates": [
          [
            [
              121.69524368911785,
              45.43272548784046
            ],
            [
              121.70441748995385,
              45.43234717704179
            ],
            [
              121.70387974741496,
              45.42588814542487
            ],
            [
              121.69470698578458,
              45.426266371500795
            ],
            [
              121.69524368911785,
              45.43272548784046
            ]
          ]
        ]
      },
      "properties": {
        "biomass": 190.19271850585938,
        "min_biomass": 131.41294860839844,
        "max_biomass": 251.53260803222656,
        "timestamp": "20260513_120248",
        "grid_id": "192_576"
      }
    },
    {
      "type": "Feature",
      "geometry": {
        "type": "Polygon",
        "coordinates": [
          [
            [
              121.70441748995385,
              45.43234717704179
            ],
            [
              121.71359110836927,
              45.43196813190534
            ],
            [
              121.71305232670053,
              45.425509185174505
            ],
            [
              121.70387974741496,
              45.42588814542487
            ],
            [
              121.70441748995385,
              45.43234717704179
            ]
          ]
        ]
      },
      "properties": {
        "biomass": 192.8917999267578,
        "min_biomass": 160.9982452392578,
        "max_biomass": 234.5814208984375,
        "timestamp": "20260513_120248",
        "grid_id": "192_600"
      }
    },
    {
      "type": "Feature",
      "geometry": {
        "type": "Polygon",
        "coordinates": [
          [
            [
              121.71359110836927,
              45.43196813190534
            ],
            [
              121.72238232118319,
              45.43160419127285
            ],
            [
              121.72184254375298,
              45.4251453260444
            ],
            [
              121.71305232670053,
              45.425509185174505
            ],
            [
              121.71359110836927,
              45.43196813190534
            ]
          ]
        ]
      },
      "properties": {
        "biomass": 195.65638732910156,
        "min_biomass": 147.3426513671875,
        "max_biomass": 230.64395141601562,
        "timestamp": "20260513_120248",
        "grid_id": "192_624"
      }
    },
    {
      "type": "Feature",
      "geometry": {
        "type": "Polygon",
        "coordinates": [
          [
            [
              121.61214398322191,
              45.429637362005096
            ],
            [
              121.62131837023774,
              45.429265745223034
            ],
            [
              121.62079016246165,
              45.422805944838665
            ],
            [
              121.6116168149776,
              45.423177478387345
            ],
            [
              121.61214398322191,
              45.429637362005096
            ]
          ]
        ]
      },
      "properties": {
        "biomass": 187.64820861816406,
        "min_biomass": 160.56187438964844,
        "max_biomass": 217.001708984375,
        "timestamp": "20260513_120248",
        "grid_id": "216_360"
      }
    },
    {
      "type": "Feature",
      "geometry": {
        "type": "Polygon",
        "coordinates": [
          [
            [
              121.62131837023774,
              45.429265745223034
            ],
            [
              121.63049257805287,
              45.42889339392263
            ],
            [
              121.62996333081944,
              45.42243367693507
            ],
            [
              121.62079016246165,
              45.422805944838665
            ],
            [
              121.62131837023774,
              45.429265745223034
            ]
          ]
        ]
      },
      "properties": {
        "biomass": 159.3866729736328,
        "min_biomass": 114.10564422607422,
        "max_biomass": 230.55023193359375,
        "timestamp": "20260513_120248",
        "grid_id": "216_384"
      }
    },
    {
      "type": "Feature",
      "geometry": {
        "type": "Polygon",
        "coordinates": [
          [
            [
              121.63049257805287,
              45.42889339392263
            ],
            [
              121.63966660631776,
              45.42852030814183
            ],
            [
              121.6391363197016,
              45.42206067471449
            ],
            [
              121.62996333081944,
              45.42243367693507
            ],
            [
              121.63049257805287,
              45.42889339392263
            ]
          ]
        ]
      },
      "properties": {
        "biomass": 133.2001495361328,
        "min_biomass": 100.50433349609375,
        "max_biomass": 188.40042114257812,
        "timestamp": "20260513_120248",
        "grid_id": "216_408"
      }
    },
    {
      "type": "Feature",
      "geometry": {
        "type": "Polygon",
        "coordinates": [
          [
            [
              121.63966660631776,
              45.42852030814183
            ],
            [
              121.64884045468293,
              45.42814648791859
            ],
            [
              121.64830912875883,
              45.42168693821487
            ],
            [
              121.6391363197016,
              45.42206067471449
            ],
            [
              121.63966660631776,
              45.42852030814183
            ]
          ]
        ]
      },
      "properties": {
        "biomass": 136.3874053955078,
        "min_biomass": 102.04240417480469,
        "max_biomass": 198.1647186279297,
        "timestamp": "20260513_120248",
        "grid_id": "216_432"
      }
    },
    {
      "type": "Feature",
      "geometry": {
        "type": "Polygon",
        "coordinates": [
          [
            [
              121.64884045468293,
              45.42814648791859
            ],
            [
              121.65801412279895,
              45.427771933291005
            ],
            [
              121.65748175764179,
              45.42131246747425
            ],
            [
              121.64830912875883,
              45.42168693821487
            ],
            [
              121.64884045468293,
              45.42814648791859
            ]
          ]
        ]
      },
      "properties": {
        "biomass": 188.86094665527344,
        "min_biomass": 135.6258544921875,
        "max_biomass": 242.71925354003906,
        "timestamp": "20260513_120248",
        "grid_id": "216_456"
      }
    },
    {
      "type": "Feature",
      "geometry": {
        "type": "Polygon",
        "coordinates": [
          [
            [
              121.65801412279895,
              45.427771933291005
            ],
            [
              121.66718761031645,
              45.427396644297175
            ],
            [
              121.66665420600125,
              45.42093726253078
            ],
            [
              121.65748175764179,
              45.42131246747425
            ],
            [
              121.65801412279895,
              45.427771933291005
            ]
          ]
        ]
      },
      "properties": {
        "biomass": 182.59754943847656,
        "min_biomass": 122.31464385986328,
        "max_biomass": 236.46548461914062,
        "timestamp": "20260513_120248",
        "grid_id": "216_480"
      }
    },
    {
      "type": "Feature",
      "geometry": {
        "type": "Polygon",
        "coordinates": [
          [
            [
              121.66718761031645,
              45.427396644297175
            ],
            [
              121.67636091688608,
              45.42702062097534
            ],
            [
              121.67582647348803,
              45.42056132342263
            ],
            [
              121.66665420600125,
              45.42093726253078
            ],
            [
              121.66718761031645,
              45.427396644297175
            ]
          ]
        ]
      },
      "properties": {
        "biomass": 144.66217041015625,
        "min_biomass": 112.55021667480469,
        "max_biomass": 229.44143676757812,
        "timestamp": "20260513_120248",
        "grid_id": "216_504"
      }
    },
    {
      "type": "Feature",
      "geometry": {
        "type": "Polygon",
        "coordinates": [
          [
            [
              121.67636091688608,
              45.42702062097534
            ],
            [
              121.68553404215855,
              45.42664386336376
            ],
            [
              121.68499855975297,
              45.42018465018808
            ],
            [
              121.67582647348803,
              45.42056132342263
            ],
            [
              121.67636091688608,
              45.42702062097534
            ]
          ]
        ]
      },
      "properties": {
        "biomass": 152.29156494140625,
        "min_biomass": 115.00115966796875,
        "max_biomass": 211.62274169921875,
        "timestamp": "20260513_120248",
        "grid_id": "216_528"
      }
    },
    {
      "type": "Feature",
      "geometry": {
        "type": "Polygon",
        "coordinates": [
          [
            [
              121.68553404215855,
              45.42664386336376
            ],
            [
              121.69470698578458,
              45.426266371500795
            ],
            [
              121.69417046444694,
              45.41980724286546
            ],
            [
              121.68499855975297,
              45.42018465018808
            ],
            [
              121.68553404215855,
              45.42664386336376
            ]
          ]
        ]
      },
      "properties": {
        "biomass": 190.02490234375,
        "min_biomass": 134.14268493652344,
        "max_biomass": 255.27174377441406,
        "timestamp": "20260513_120248",
        "grid_id": "216_552"
      }
    },
    {
      "type": "Feature",
      "geometry": {
        "type": "Polygon",
        "coordinates": [
          [
            [
              121.69470698578458,
              45.426266371500795
            ],
            [
              121.70387974741496,
              45.42588814542487
            ],
            [
              121.70334218722088,
              45.419429101493186
            ],
            [
              121.69417046444694,
              45.41980724286546
            ],
            [
              121.69470698578458,
              45.426266371500795
            ]
          ]
        ]
      },
      "properties": {
        "biomass": 195.02139282226562,
        "min_biomass": 151.0474090576172,
        "max_biomass": 240.74700927734375,
        "timestamp": "20260513_120248",
        "grid_id": "216_576"
      }
    },
    {
      "type": "Feature",
      "geometry": {
        "type": "Polygon",
        "coordinates": [
          [
            [
              121.70387974741496,
              45.42588814542487
            ],
            [
              121.71305232670053,
              45.425509185174505
            ],
            [
              121.71251372772576,
              45.41905022610975
            ],
            [
              121.70334218722088,
              45.419429101493186
            ],
            [
              121.70387974741496,
              45.42588814542487
            ]
          ]
        ]
      },
      "properties": {
        "biomass": 184.5115966796875,
        "min_biomass": 137.011962890625,
        "max_biomass": 231.34661865234375,
        "timestamp": "20260513_120248",
        "grid_id": "216_600"
      }
    },
    {
      "type": "Feature",
      "geometry": {
        "type": "Polygon",
        "coordinates": [
          [
            [
              121.71305232670053,
              45.425509185174505
            ],
            [
              121.72184254375298,
              45.4251453260444
            ],
            [
              121.72130294935124,
              45.41868644846367
            ],
            [
              121.71251372772576,
              45.41905022610975
            ],
            [
              121.71305232670053,
              45.425509185174505
            ]
          ]
        ]
      },
      "properties": {
        "biomass": 187.13433837890625,
        "min_biomass": 129.05010986328125,
        "max_biomass": 224.98390197753906,
        "timestamp": "20260513_120248",
        "grid_id": "216_624"
      }
    },
    {
      "type": "Feature",
      "geometry": {
        "type": "Polygon",
        "coordinates": [
          [
            [
              121.6116168149776,
              45.423177478387345
            ],
            [
              121.62079016246165,
              45.422805944838665
            ],
            [
              121.62026213381179,
              45.41634613231228
            ],
            [
              121.61108982551012,
              45.41671758264635
            ],
            [
              121.6116168149776,
              45.423177478387345
            ]
          ]
        ]
      },
      "properties": {
        "biomass": 175.42677307128906,
        "min_biomass": 131.4472198486328,
        "max_biomass": 225.86802673339844,
        "timestamp": "20260513_120248",
        "grid_id": "240_360"
      }
    },
    {
      "type": "Feature",
      "geometry": {
        "type": "Polygon",
        "coordinates": [
          [
            [
              121.62079016246165,
              45.422805944838665
            ],
            [
              121.62996333081944,
              45.42243367693507
            ],
            [
              121.62943426306165,
              45.41597394778669
            ],
            [
              121.62026213381179,
              45.41634613231228
            ],
            [
              121.62079016246165,
              45.422805944838665
            ]
          ]
        ]
      },
      "properties": {
        "biomass": 141.55296325683594,
        "min_biomass": 111.06309509277344,
        "max_biomass": 236.627197265625,
        "timestamp": "20260513_120248",
        "grid_id": "240_384"
      }
    },
    {
      "type": "Feature",
      "geometry": {
        "type": "Polygon",
        "coordinates": [
          [
            [
              121.62996333081944,
              45.42243367693507
            ],
            [
              121.6391363197016,
              45.42206067471449
            ],
            [
              121.63860621291045,
              45.41560102910747
            ],
            [
              121.62943426306165,
              45.41597394778669
            ],
            [
              121.62996333081944,
              45.42243367693507
            ]
          ]
        ]
      },
      "properties": {
        "biomass": 122.26766204833984,
        "min_biomass": 101.17389678955078,
        "max_biomass": 147.87066650390625,
        "timestamp": "20260513_120248",
        "grid_id": "240_408"
      }
    },
    {
      "type": "Feature",
      "geometry": {
        "type": "Polygon",
        "coordinates": [
          [
            [
              121.6391363197016,
              45.42206067471449
            ],
            [
              121.64830912875883,
              45.42168693821487
            ],
            [
              121.64777798300898,
              45.41522737631258
            ],
            [
              121.63860621291045,
              45.41560102910747
            ],
            [
              121.6391363197016,
              45.42206067471449
            ]
          ]
        ]
      },
      "properties": {
        "biomass": 157.77915954589844,
        "min_biomass": 102.34236907958984,
        "max_biomass": 238.9247283935547,
        "timestamp": "20260513_120248",
        "grid_id": "240_432"
      }
    },
    {
      "type": "Feature",
      "geometry": {
        "type": "Polygon",
        "coordinates": [
          [
            [
              121.64830912875883,
              45.42168693821487
            ],
            [
              121.65748175764179,
              45.42131246747425
            ],
            [
              121.65694957300813,
              45.414852989440035
            ],
            [
              121.64777798300898,
              45.41522737631258
            ],
            [
              121.64830912875883,
              45.42168693821487
            ]
          ]
        ]
      },
      "properties": {
        "biomass": 187.9867401123047,
        "min_biomass": 133.1452178955078,
        "max_biomass": 245.72174072265625,
        "timestamp": "20260513_120248",
        "grid_id": "240_456"
      }
    },
    {
      "type": "Feature",
      "geometry": {
        "type": "Polygon",
        "coordinates": [
          [
            [
              121.65748175764179,
              45.42131246747425
            ],
            [
              121.66665420600125,
              45.42093726253078
            ],
            [
              121.66612098255878,
              45.41447786852797
            ],
            [
              121.65694957300813,
              45.414852989440035
            ],
            [
              121.65748175764179,
              45.42131246747425
            ]
          ]
        ]
      },
      "properties": {
        "biomass": 148.6224822998047,
        "min_biomass": 111.88842010498047,
        "max_biomass": 268.96502685546875,
        "timestamp": "20260513_120248",
        "grid_id": "240_480"
      }
    },
    {
      "type": "Feature",
      "geometry": {
        "type": "Polygon",
        "coordinates": [
          [
            [
              121.66665420600125,
              45.42093726253078
            ],
            [
              121.67582647348803,
              45.42056132342263
            ],
            [
              121.67529221131186,
              45.41410201361453
            ],
            [
              121.66612098255878,
              45.41447786852797
            ],
            [
              121.66665420600125,
              45.42093726253078
            ]
          ]
        ]
      },
      "properties": {
        "biomass": 175.90789794921875,
        "min_biomass": 121.04914855957031,
        "max_biomass": 245.8583526611328,
        "timestamp": "20260513_120248",
        "grid_id": "240_504"
      }
    },
    {
      "type": "Feature",
      "geometry": {
        "type": "Polygon",
        "coordinates": [
          [
            [
              121.67582647348803,
              45.42056132342263
            ],
            [
              121.68499855975297,
              45.42018465018808
            ],
            [
              121.68446325891837,
              45.41372542473798
            ],
            [
              121.67529221131186,
              45.41410201361453
            ],
            [
              121.67582647348803,
              45.42056132342263
            ]
          ]
        ]
      },
      "properties": {
        "biomass": 189.80433654785156,
        "min_biomass": 117.94017028808594,
        "max_biomass": 248.38121032714844,
        "timestamp": "20260513_120248",
        "grid_id": "240_528"
      }
    },
    {
      "type": "Feature",
      "geometry": {
        "type": "Polygon",
        "coordinates": [
          [
            [
              121.68499855975297,
              45.42018465018808
            ],
            [
              121.69417046444694,
              45.41980724286546
            ],
            [
              121.69363412502933,
              45.413348101936656
            ],
            [
              121.68446325891837,
              45.41372542473798
            ],
            [
              121.68499855975297,
              45.42018465018808
            ]
          ]
        ]
      },
      "properties": {
        "biomass": 186.0537109375,
        "min_biomass": 118.23560333251953,
        "max_biomass": 253.95187377929688,
        "timestamp": "20260513_120248",
        "grid_id": "240_552"
      }
    },
    {
      "type": "Feature",
      "geometry": {
        "type": "Polygon",
        "coordinates": [
          [
            [
              121.69417046444694,
              45.41980724286546
            ],
            [
              121.70334218722088,
              45.419429101493186
            ],
            [
              121.70280480929586,
              45.41297004524895
            ],
            [
              121.69363412502933,
              45.413348101936656
            ],
            [
              121.69417046444694,
              45.41980724286546
            ]
          ]
        ]
      },
      "properties": {
        "biomass": 186.6990966796875,
        "min_biomass": 131.8736572265625,
        "max_biomass": 225.8782501220703,
        "timestamp": "20260513_120248",
        "grid_id": "240_576"
      }
    },
    {
      "type": "Feature",
      "geometry": {
        "type": "Polygon",
        "coordinates": [
          [
            [
              121.70334218722088,
              45.419429101493186
            ],
            [
              121.71251372772576,
              45.41905022610975
            ],
            [
              121.71197531136903,
              45.41259125471332
            ],
            [
              121.70280480929586,
              45.41297004524895
            ],
            [
              121.70334218722088,
              45.419429101493186
            ]
          ]
        ]
      },
      "properties": {
        "biomass": 176.18405151367188,
        "min_biomass": 136.75868225097656,
        "max_biomass": 218.84349060058594,
        "timestamp": "20260513_120248",
        "grid_id": "240_600"
      }
    },
    {
      "type": "Feature",
      "geometry": {
        "type": "Polygon",
        "coordinates": [
          [
            [
              121.71251372772576,
              45.41905022610975
            ],
            [
              121.72130294935124,
              45.41868644846367
            ],
            [
              121.72076353790195,
              45.4122275585329
            ],
            [
              121.71197531136903,
              45.41259125471332
            ],
            [
              121.71251372772576,
              45.41905022610975
            ]
          ]
        ]
      },
      "properties": {
        "biomass": 172.2631378173828,
        "min_biomass": 132.12506103515625,
        "max_biomass": 201.9109649658203,
        "timestamp": "20260513_120248",
        "grid_id": "240_624"
      }
    },
    {
      "type": "Feature",
      "geometry": {
        "type": "Polygon",
        "coordinates": [
          [
            [
              121.60191733850588,
              45.41708829875108
            ],
            [
              121.61108982551012,
              45.41671758264635
            ],
            [
              121.61056301474521,
              45.41025767478419
            ],
            [
              121.6013915666483,
              45.41062830785644
            ],
            [
              121.60191733850588,
              45.41708829875108
            ]
          ]
        ]
      },
      "properties": {
        "biomass": 147.07359313964844,
        "min_biomass": 134.2996826171875,
        "max_biomass": 160.3365936279297,
        "timestamp": "20260513_120248",
        "grid_id": "264_336"
      }
    },
    {
      "type": "Feature",
      "geometry": {
        "type": "Polygon",
        "coordinates": [
          [
            [
              121.61108982551012,
              45.41671758264635
            ],
            [
              121.62026213381179,
              45.41634613231228
            ],
            [
              121.61973428421382,
              45.409886307645976
            ],
            [
              121.61056301474521,
              45.41025767478419
            ],
            [
              121.61108982551012,
              45.41671758264635
            ]
          ]
        ]
      },
      "properties": {
        "biomass": 144.33819580078125,
        "min_biomass": 120.60945129394531,
        "max_biomass": 174.70339965820312,
        "timestamp": "20260513_120248",
        "grid_id": "264_360"
      }
    },
    {
      "type": "Feature",
      "geometry": {
        "type": "Polygon",
        "coordinates": [
          [
            [
              121.62026213381179,
              45.41634613231228
            ],
            [
              121.62943426306165,
              45.41597394778669
            ],
            [
              121.62890537470496,
              45.4095142064796
            ],
            [
              121.61973428421382,
              45.409886307645976
            ],
            [
              121.62026213381179,
              45.41634613231228
            ]
          ]
        ]
      },
      "properties": {
        "biomass": 124.5732650756836,
        "min_biomass": 102.76664733886719,
        "max_biomass": 151.56036376953125,
        "timestamp": "20260513_120248",
        "grid_id": "264_384"
      }
    },
    {
      "type": "Feature",
      "geometry": {
        "type": "Polygon",
        "coordinates": [
          [
            [
              121.62943426306165,
              45.41597394778669
            ],
            [
              121.63860621291045,
              45.41560102910747
            ],
            [
              121.63807628586954,
              45.409141371322924
            ],
            [
              121.62890537470496,
              45.4095142064796
            ],
            [
              121.62943426306165,
              45.41597394778669
            ]
          ]
        ]
      },
      "properties": {
        "biomass": 113.27217864990234,
        "min_biomass": 95.7890853881836,
        "max_biomass": 141.33456420898438,
        "timestamp": "20260513_120248",
        "grid_id": "264_408"
      }
    },
    {
      "type": "Feature",
      "geometry": {
        "type": "Polygon",
        "coordinates": [
          [
            [
              121.63860621291045,
              45.41560102910747
            ],
            [
              121.64777798300898,
              45.41522737631258
            ],
            [
              121.64724701735855,
              45.408767802213895
            ],
            [
              121.63807628586954,
              45.409141371322924
            ],
            [
              121.63860621291045,
              45.41560102910747
            ]
          ]
        ]
      },
      "properties": {
        "biomass": 129.69039916992188,
        "min_biomass": 97.16477966308594,
        "max_biomass": 176.801025390625,
        "timestamp": "20260513_120248",
        "grid_id": "264_432"
      }
    },
    {
      "type": "Feature",
      "geometry": {
        "type": "Polygon",
        "coordinates": [
          [
            [
              121.64777798300898,
              45.41522737631258
            ],
            [
              121.65694957300813,
              45.414852989440035
            ],
            [
              121.65641756882296,
              45.40839349919053
            ],
            [
              121.64724701735855,
              45.408767802213895
            ],
            [
              121.64777798300898,
              45.41522737631258
            ]
          ]
        ]
      },
      "properties": {
        "biomass": 142.63250732421875,
        "min_biomass": 105.37437438964844,
        "max_biomass": 205.03369140625,
        "timestamp": "20260513_120248",
        "grid_id": "264_456"
      }
    },
    {
      "type": "Feature",
      "geometry": {
        "type": "Polygon",
        "coordinates": [
          [
            [
              121.65694957300813,
              45.414852989440035
            ],
            [
              121.66612098255878,
              45.41447786852797
            ],
            [
              121.66558793991385,
              45.40801846229091
            ],
            [
              121.65641756882296,
              45.40839349919053
            ],
            [
              121.65694957300813,
              45.414852989440035
            ]
          ]
        ]
      },
      "properties": {
        "biomass": 131.03916931152344,
        "min_biomass": 99.17276000976562,
        "max_biomass": 184.2207489013672,
        "timestamp": "20260513_120248",
        "grid_id": "264_480"
      }
    },
    {
      "type": "Feature",
      "geometry": {
        "type": "Polygon",
        "coordinates": [
          [
            [
              121.66612098255878,
              45.41447786852797
            ],
            [
              121.67529221131186,
              45.41410201361453
            ],
            [
              121.67475813028224,
              45.40764269155322
            ],
            [
              121.66558793991385,
              45.40801846229091
            ],
            [
              121.66612098255878,
              45.41447786852797
            ]
          ]
        ]
      },
      "properties": {
        "biomass": 176.0347137451172,
        "min_biomass": 126.95538330078125,
        "max_biomass": 263.1230773925781,
        "timestamp": "20260513_120248",
        "grid_id": "264_504"
      }
    },
    {
      "type": "Feature",
      "geometry": {
        "type": "Polygon",
        "coordinates": [
          [
            [
              121.67529221131186,
              45.41410201361453
            ],
            [
              121.68446325891837,
              45.41372542473798
            ],
            [
              121.68392813957932,
              45.40726618701568
            ],
            [
              121.67475813028224,
              45.40764269155322
            ],
            [
              121.67529221131186,
              45.41410201361453
            ]
          ]
        ]
      },
      "properties": {
        "biomass": 198.8720703125,
        "min_biomass": 146.3029327392578,
        "max_biomass": 256.7975158691406,
        "timestamp": "20260513_120248",
        "grid_id": "264_528"
      }
    },
    {
      "type": "Feature",
      "geometry": {
        "type": "Polygon",
        "coordinates": [
          [
            [
              121.68446325891837,
              45.41372542473798
            ],
            [
              121.69363412502933,
              45.413348101936656
            ],
            [
              121.69309796745623,
              45.40688894871659
            ],
            [
              121.68392813957932,
              45.40726618701568
            ],
            [
              121.68446325891837,
              45.41372542473798
            ]
          ]
        ]
      },
      "properties": {
        "biomass": 173.3844757080078,
        "min_biomass": 121.6583480834961,
        "max_biomass": 220.9878387451172,
        "timestamp": "20260513_120248",
        "grid_id": "264_552"
      }
    },
    {
      "type": "Feature",
      "geometry": {
        "type": "Polygon",
        "coordinates": [
          [
            [
              121.50049394800874,
              45.41465681256123
            ],
            [
              121.50966733796199,
              45.41429425668816
            ],
            [
              121.5091521340142,
              45.407833432541786
            ],
            [
              121.49997978342577,
              45.40819590719868
            ],
            [
              121.50049394800874,
              45.41465681256123
            ]
          ]
        ]
      },
      "properties": {
        "biomass": 189.5685272216797,
        "min_biomass": 179.43504333496094,
        "max_biomass": 201.1632843017578,
        "timestamp": "20260513_120248",
        "grid_id": "288_72"
      }
    },
    {
      "type": "Feature",
      "geometry": {
        "type": "Polygon",
        "coordinates": [
          [
            [
              121.50966733796199,
              45.41429425668816
            ],
            [
              121.51884055313023,
              45.413930966338214
            ],
            [
              121.51832430989023,
              45.4074702235715
            ],
            [
              121.5091521340142,
              45.407833432541786
            ],
            [
              121.50966733796199,
              45.41429425668816
            ]
          ]
        ]
      },
      "properties": {
        "biomass": 192.09693908691406,
        "min_biomass": 136.9794158935547,
        "max_biomass": 252.94984436035156,
        "timestamp": "20260513_120248",
        "grid_id": "288_96"
      }
    },
    {
      "type": "Feature",
      "geometry": {
        "type": "Polygon",
        "coordinates": [
          [
            [
              121.51884055313023,
              45.413930966338214
            ],
            [
              121.52801359316386,
              45.413566941548375
            ],
            [
              121.52749631070441,
              45.40710628032481
            ],
            [
              121.51832430989023,
              45.4074702235715
            ],
            [
              121.51884055313023,
              45.413930966338214
            ]
          ]
        ]
      },
      "properties": {
        "biomass": 188.34104919433594,
        "min_biomass": 149.82814025878906,
        "max_biomass": 235.8895721435547,
        "timestamp": "20260513_120248",
        "grid_id": "288_120"
      }
    },
    {
      "type": "Feature",
      "geometry": {
        "type": "Polygon",
        "coordinates": [
          [
            [
              121.52801359316386,
              45.413566941548375
            ],
            [
              121.53718645771333,
              45.41320218235568
            ],
            [
              121.53666813610734,
              45.40674160283875
            ],
            [
              121.52749631070441,
              45.40710628032481
            ],
            [
              121.52801359316386,
              45.413566941548375
            ]
          ]
        ]
      },
      "properties": {
        "biomass": 148.517822265625,
        "min_biomass": 111.07288360595703,
        "max_biomass": 202.80543518066406,
        "timestamp": "20260513_120248",
        "grid_id": "288_144"
      }
    },
    {
      "type": "Feature",
      "geometry": {
        "type": "Polygon",
        "coordinates": [
          [
            [
              121.53718645771333,
              45.41320218235568
            ],
            [
              121.5463591464291,
              45.41283668879733
            ],
            [
              121.5458397857496,
              45.406376191150436
            ],
            [
              121.53666813610734,
              45.40674160283875
            ],
            [
              121.53718645771333,
              45.41320218235568
            ]
          ]
        ]
      },
      "properties": {
        "biomass": 175.22482299804688,
        "min_biomass": 121.95528411865234,
        "max_biomass": 228.68995666503906,
        "timestamp": "20260513_120248",
        "grid_id": "288_168"
      }
    },
    {
      "type": "Feature",
      "geometry": {
        "type": "Polygon",
        "coordinates": [
          [
            [
              121.59221994027226,
              45.410998206825
            ],
            [
              121.6013915666483,
              45.41062830785644
            ],
            [
              121.60086597306987,
              45.40416830486146
            ],
            [
              121.59169538532603,
              45.40453812097959
            ],
            [
              121.59221994027226,
              45.410998206825
            ]
          ]
        ]
      },
      "properties": {
        "biomass": 185.02011108398438,
        "min_biomass": 160.6457061767578,
        "max_biomass": 216.38046264648438,
        "timestamp": "20260513_120248",
        "grid_id": "288_312"
      }
    },
    {
      "type": "Feature",
      "geometry": {
        "type": "Polygon",
        "coordinates": [
          [
            [
              121.6013915666483,
              45.41062830785644
            ],
            [
              121.61056301474521,
              45.41025767478419
            ],
            [
              121.61003638260863,
              45.403797754803
            ],
            [
              121.60086597306987,
              45.40416830486146
            ],
            [
              121.6013915666483,
              45.41062830785644
            ]
          ]
        ]
      },
      "properties": {
        "biomass": 152.81600952148438,
        "min_biomass": 120.23676300048828,
        "max_biomass": 227.158447265625,
        "timestamp": "20260513_120248",
        "grid_id": "288_336"
      }
    },
    {
      "type": "Feature",
      "geometry": {
        "type": "Polygon",
        "coordinates": [
          [
            [
              121.61056301474521,
              45.41025767478419
            ],
            [
              121.61973428421382,
              45.409886307645976
            ],
            [
              121.61920661359325,
              45.40342647084189
            ],
            [
              121.61003638260863,
              45.403797754803
            ],
            [
              121.61056301474521,
              45.41025767478419
            ]
          ]
        ]
      },
      "properties": {
        "biomass": 125.79144287109375,
        "min_biomass": 100.32030487060547,
        "max_biomass": 155.1430206298828,
        "timestamp": "20260513_120248",
        "grid_id": "288_360"
      }
    },
    {
      "type": "Feature",
      "geometry": {
        "type": "Polygon",
        "coordinates": [
          [
            [
              121.61973428421382,
              45.409886307645976
            ],
            [
              121.62890537470496,
              45.4095142064796
            ],
            [
              121.62837666567478,
              45.40305445301593
            ],
            [
              121.61920661359325,
              45.40342647084189
            ],
            [
              121.61973428421382,
              45.409886307645976
            ]
          ]
        ]
      },
      "properties": {
        "biomass": 119.26106262207031,
        "min_biomass": 96.97615051269531,
        "max_biomass": 148.7393798828125,
        "timestamp": "20260513_120248",
        "grid_id": "288_384"
      }
    },
    {
      "type": "Feature",
      "geometry": {
        "type": "Polygon",
        "coordinates": [
          [
            [
              121.62890537470496,
              45.4095142064796
            ],
            [
              121.63807628586954,
              45.409141371322924
            ],
            [
              121.63754653850422,
              45.40268170136299
            ],
            [
              121.62837666567478,
              45.40305445301593
            ],
            [
              121.62890537470496,
              45.4095142064796
            ]
          ]
        ]
      },
      "properties": {
        "biomass": 104.34014892578125,
        "min_biomass": 93.62303161621094,
        "max_biomass": 132.54872131347656,
        "timestamp": "20260513_120248",
        "grid_id": "288_408"
      }
    },
    {
      "type": "Feature",
      "geometry": {
        "type": "Polygon",
        "coordinates": [
          [
            [
              121.63807628586954,
              45.409141371322924
            ],
            [
              121.64724701735855,
              45.408767802213895
            ],
            [
              121.6467162317327,
              45.40230821592097
            ],
            [
              121.63754653850422,
              45.40268170136299
            ],
            [
              121.63807628586954,
              45.409141371322924
            ]
          ]
        ]
      },
      "properties": {
        "biomass": 110.7217025756836,
        "min_biomass": 94.04154205322266,
        "max_biomass": 144.2910919189453,
        "timestamp": "20260513_120248",
        "grid_id": "288_432"
      }
    },
    {
      "type": "Feature",
      "geometry": {
        "type": "Polygon",
        "coordinates": [
          [
            [
              121.64724701735855,
              45.408767802213895
            ],
            [
              121.65641756882296,
              45.40839349919053
            ],
            [
              121.65588574501137,
              45.40193399672788
            ],
            [
              121.6467162317327,
              45.40230821592097
            ],
            [
              121.64724701735855,
              45.408767802213895
            ]
          ]
        ]
      },
      "properties": {
        "biomass": 117.52510833740234,
        "min_biomass": 93.98434448242188,
        "max_biomass": 142.6852569580078,
        "timestamp": "20260513_120248",
        "grid_id": "288_456"
      }
    },
    {
      "type": "Feature",
      "geometry": {
        "type": "Polygon",
        "coordinates": [
          [
            [
              121.65641756882296,
              45.40839349919053
            ],
            [
              121.66558793991385,
              45.40801846229091
            ],
            [
              121.66505507799138,
              45.401559043821806
            ],
            [
              121.65588574501137,
              45.40193399672788
            ],
            [
              121.65641756882296,
              45.40839349919053
            ]
          ]
        ]
      },
      "properties": {
        "biomass": 139.55360412597656,
        "min_biomass": 103.04463195800781,
        "max_biomass": 176.45458984375,
        "timestamp": "20260513_120248",
        "grid_id": "288_480"
      }
    },
    {
      "type": "Feature",
      "geometry": {
        "type": "Polygon",
        "coordinates": [
          [
            [
              121.66558793991385,
              45.40801846229091
            ],
            [
              121.67475813028224,
              45.40764269155322
            ],
            [
              121.67422423032399,
              45.40118335724088
            ],
            [
              121.66505507799138,
              45.401559043821806
            ],
            [
              121.66558793991385,
              45.40801846229091
            ]
          ]
        ]
      },
      "properties": {
        "biomass": 152.1341094970703,
        "min_biomass": 122.27084350585938,
        "max_biomass": 209.67283630371094,
        "timestamp": "20260513_120248",
        "grid_id": "288_504"
      }
    },
    {
      "type": "Feature",
      "geometry": {
        "type": "Polygon",
        "coordinates": [
          [
            [
              121.67475813028224,
              45.40764269155322
            ],
            [
              121.68392813957932,
              45.40726618701568
            ],
            [
              121.68339320166045,
              45.400806937023326
            ],
            [
              121.67422423032399,
              45.40118335724088
            ],
            [
              121.67475813028224,
              45.40764269155322
            ]
          ]
        ]
      },
      "properties": {
        "biomass": 180.15847778320312,
        "min_biomass": 127.43376922607422,
        "max_biomass": 244.15353393554688,
        "timestamp": "20260513_120248",
        "grid_id": "288_528"
      }
    },
    {
      "type": "Feature",
      "geometry": {
        "type": "Polygon",
        "coordinates": [
          [
            [
              121.68392813957932,
              45.40726618701568
            ],
            [
              121.69309796745623,
              45.40688894871659
            ],
            [
              121.69256199165206,
              45.40042978320744
            ],
            [
              121.68339320166045,
              45.400806937023326
            ],
            [
              121.68392813957932,
              45.40726618701568
            ]
          ]
        ]
      },
      "properties": {
        "biomass": 177.90972900390625,
        "min_biomass": 125.11634063720703,
        "max_biomass": 227.9391632080078,
        "timestamp": "20260513_120248",
        "grid_id": "288_552"
      }
    },
    {
      "type": "Feature",
      "geometry": {
        "type": "Polygon",
        "coordinates": [
          [
            [
              121.49997978342577,
              45.40819590719868
            ],
            [
              121.5091521340142,
              45.407833432541786
            ],
            [
              121.5086371047788,
              45.401372596482254
            ],
            [
              121.4994657932057,
              45.40173498994128
            ],
            [
              121.49997978342577,
              45.40819590719868
            ]
          ]
        ]
      },
      "properties": {
        "biomass": 221.9783172607422,
        "min_biomass": 171.85772705078125,
        "max_biomass": 260.72332763671875,
        "timestamp": "20260513_120248",
        "grid_id": "312_72"
      }
    },
    {
      "type": "Feature",
      "geometry": {
        "type": "Polygon",
        "coordinates": [
          [
            [
              121.5091521340142,
              45.407833432541786
            ],
            [
              121.51832430989023,
              45.4074702235715
            ],
            [
              121.51780824171209,
              45.401009468873305
            ],
            [
              121.5086371047788,
              45.401372596482254
            ],
            [
              121.5091521340142,
              45.407833432541786
            ]
          ]
        ]
      },
      "properties": {
        "biomass": 171.7724151611328,
        "min_biomass": 121.96019744873047,
        "max_biomass": 249.06491088867188,
        "timestamp": "20260513_120248",
        "grid_id": "312_96"
      }
    },
    {
      "type": "Feature",
      "geometry": {
        "type": "Polygon",
        "coordinates": [
          [
            [
              121.51832430989023,
              45.4074702235715
            ],
            [
              121.52749631070441,
              45.40710628032481
            ],
            [
              121.52697920365624,
              45.40064560715137
            ],
            [
              121.51780824171209,
              45.401009468873305
            ],
            [
              121.51832430989023,
              45.4074702235715
            ]
          ]
        ]
      },
      "properties": {
        "biomass": 186.54086303710938,
        "min_biomass": 135.1591796875,
        "max_biomass": 243.72714233398438,
        "timestamp": "20260513_120248",
        "grid_id": "312_120"
      }
    },
    {
      "type": "Feature",
      "geometry": {
        "type": "Polygon",
        "coordinates": [
          [
            [
              121.52749631070441,
              45.40710628032481
            ],
            [
              121.53666813610734,
              45.40674160283875
            ],
            [
              121.53614999026199,
              45.400281011353506
            ],
            [
              121.52697920365624,
              45.40064560715137
            ],
            [
              121.52749631070441,
              45.40710628032481
            ]
          ]
        ]
      },
      "properties": {
        "biomass": 141.33645629882812,
        "min_biomass": 108.5476303100586,
        "max_biomass": 198.0528564453125,
        "timestamp": "20260513_120248",
        "grid_id": "312_144"
      }
    },
    {
      "type": "Feature",
      "geometry": {
        "type": "Polygon",
        "coordinates": [
          [
            [
              121.53666813610734,
              45.40674160283875
            ],
            [
              121.5458397857496,
              45.406376191150436
            ],
            [
              121.54532060118011,
              45.39991568151681
            ],
            [
              121.53614999026199,
              45.400281011353506
            ],
            [
              121.53666813610734,
              45.40674160283875
            ]
          ]
        ]
      },
      "properties": {
        "biomass": 174.41946411132812,
        "min_biomass": 105.99380493164062,
        "max_biomass": 258.56640625,
        "timestamp": "20260513_120248",
        "grid_id": "312_168"
      }
    },
    {
      "type": "Feature",
      "geometry": {
        "type": "Polygon",
        "coordinates": [
          [
            [
              121.5458397857496,
              45.406376191150436
            ],
            [
              121.55501125928188,
              45.40601004529708
            ],
            [
              121.55449103606138,
              45.399549617678446
            ],
            [
              121.54532060118011,
              45.39991568151681
            ],
            [
              121.5458397857496,
              45.406376191150436
            ]
          ]
        ]
      },
      "properties": {
        "biomass": 223.71444702148438,
        "min_biomass": 176.43658447265625,
        "max_biomass": 256.6444396972656,
        "timestamp": "20260513_120248",
        "grid_id": "312_192"
      }
    },
    {
      "type": "Feature",
      "geometry": {
        "type": "Polygon",
        "coordinates": [
          [
            [
              121.59169538532603,
              45.40453812097959
            ],
            [
              121.60086597306987,
              45.40416830486146
            ],
            [
              121.60034055769654,
              45.39770828976829
            ],
            [
              121.59117100823582,
              45.398078023054644
            ],
            [
              121.59169538532603,
              45.40453812097959
            ]
          ]
        ]
      },
      "properties": {
        "biomass": 188.66209411621094,
        "min_biomass": 155.45286560058594,
        "max_biomass": 229.07518005371094,
        "timestamp": "20260513_120248",
        "grid_id": "312_312"
      }
    },
    {
      "type": "Feature",
      "geometry": {
        "type": "Polygon",
        "coordinates": [
          [
            [
              121.60086597306987,
              45.40416830486146
            ],
            [
              121.61003638260863,
              45.403797754803
            ],
            [
              121.60950992902619,
              45.39733782270489
            ],
            [
              121.60034055769654,
              45.39770828976829
            ],
            [
              121.60086597306987,
              45.40416830486146
            ]
          ]
        ]
      },
      "properties": {
        "biomass": 161.3450164794922,
        "min_biomass": 113.55962371826172,
        "max_biomass": 240.93836975097656,
        "timestamp": "20260513_120248",
        "grid_id": "312_336"
      }
    },
    {
      "type": "Feature",
      "geometry": {
        "type": "Polygon",
        "coordinates": [
          [
            [
              121.61003638260863,
              45.403797754803
            ],
            [
              121.61920661359325,
              45.40342647084189
            ],
            [
              121.61867912187584,
              45.39696662190216
            ],
            [
              121.60950992902619,
              45.39733782270489
            ],
            [
              121.61003638260863,
              45.403797754803
            ]
          ]
        ]
      },
      "properties": {
        "biomass": 131.37779235839844,
        "min_biomass": 102.7130126953125,
        "max_biomass": 177.87380981445312,
        "timestamp": "20260513_120248",
        "grid_id": "312_360"
      }
    },
    {
      "type": "Feature",
      "geometry": {
        "type": "Polygon",
        "coordinates": [
          [
            [
              121.61920661359325,
              45.40342647084189
            ],
            [
              121.62837666567478,
              45.40305445301593
            ],
            [
              121.62784813589668,
              45.396594687397844
            ],
            [
              121.61867912187584,
              45.39696662190216
            ],
            [
              121.61920661359325,
              45.40342647084189
            ]
          ]
        ]
      },
      "properties": {
        "biomass": 109.85165405273438,
        "min_biomass": 93.53726196289062,
        "max_biomass": 133.6273193359375,
        "timestamp": "20260513_120248",
        "grid_id": "312_384"
      }
    },
    {
      "type": "Feature",
      "geometry": {
        "type": "Polygon",
        "coordinates": [
          [
            [
              121.62837666567478,
              45.40305445301593
            ],
            [
              121.63754653850422,
              45.40268170136299
            ],
            [
              121.6370169707399,
              45.396222019229796
            ],
            [
              121.62784813589668,
              45.396594687397844
            ],
            [
              121.62837666567478,
              45.40305445301593
            ]
          ]
        ]
      },
      "properties": {
        "biomass": 104.00027465820312,
        "min_biomass": 93.54151153564453,
        "max_biomass": 127.55323028564453,
        "timestamp": "20260513_120248",
        "grid_id": "312_408"
      }
    },
    {
      "type": "Feature",
      "geometry": {
        "type": "Polygon",
        "coordinates": [
          [
            [
              121.63754653850422,
              45.40268170136299
            ],
            [
              121.6467162317327,
              45.40230821592097
            ],
            [
              121.64618562605672,
              45.395848617435945
            ],
            [
              121.6370169707399,
              45.396222019229796
            ],
            [
              121.63754653850422,
              45.40268170136299
            ]
          ]
        ]
      },
      "properties": {
        "biomass": 120.18223571777344,
        "min_biomass": 95.4084701538086,
        "max_biomass": 168.31956481933594,
        "timestamp": "20260513_120248",
        "grid_id": "312_432"
      }
    },
    {
      "type": "Feature",
      "geometry": {
        "type": "Polygon",
        "coordinates": [
          [
            [
              121.6467162317327,
              45.40230821592097
            ],
            [
              121.65588574501137,
              45.40193399672788
            ],
            [
              121.65535410149842,
              45.39547448205424
            ],
            [
              121.64618562605672,
              45.395848617435945
            ],
            [
              121.6467162317327,
              45.40230821592097
            ]
          ]
        ]
      },
      "properties": {
        "biomass": 141.4464569091797,
        "min_biomass": 107.16636657714844,
        "max_biomass": 217.14564514160156,
        "timestamp": "20260513_120248",
        "grid_id": "312_456"
      }
    },
    {
      "type": "Feature",
      "geometry": {
        "type": "Polygon",
        "coordinates": [
          [
            [
              121.65588574501137,
              45.40193399672788
            ],
            [
              121.66505507799138,
              45.401559043821806
            ],
            [
              121.66452239671635,
              45.39509961312278
            ],
            [
              121.65535410149842,
              45.39547448205424
            ],
            [
              121.65588574501137,
              45.40193399672788
            ]
          ]
        ]
      },
      "properties": {
        "biomass": 130.2093963623047,
        "min_biomass": 100.74820709228516,
        "max_biomass": 161.5959930419922,
        "timestamp": "20260513_120248",
        "grid_id": "312_480"
      }
    },
    {
      "type": "Feature",
      "geometry": {
        "type": "Polygon",
        "coordinates": [
          [
            [
              121.66505507799138,
              45.401559043821806
            ],
            [
              121.67422423032399,
              45.40118335724088
            ],
            [
              121.67369051136187,
              45.39472401067967
            ],
            [
              121.66452239671635,
              45.39509961312278
            ],
            [
              121.66505507799138,
              45.401559043821806
            ]
          ]
        ]
      },
      "properties": {
        "biomass": 141.5740966796875,
        "min_biomass": 110.98296356201172,
        "max_biomass": 189.3240966796875,
        "timestamp": "20260513_120248",
        "grid_id": "312_504"
      }
    },
    {
      "type": "Feature",
      "geometry": {
        "type": "Polygon",
        "coordinates": [
          [
            [
              121.67422423032399,
              45.40118335724088
            ],
            [
              121.68339320166045,
              45.400806937023326
            ],
            [
              121.68285844508638,
              45.39434767476311
            ],
            [
              121.67369051136187,
              45.39472401067967
            ],
            [
              121.67422423032399,
              45.40118335724088
            ]
          ]
        ]
      },
      "properties": {
        "biomass": 145.91236877441406,
        "min_biomass": 123.81783294677734,
        "max_biomass": 190.18917846679688,
        "timestamp": "20260513_120248",
        "grid_id": "312_528"
      }
    },
    {
      "type": "Feature",
      "geometry": {
        "type": "Polygon",
        "coordinates": [
          [
            [
              121.68339320166045,
              45.400806937023326
            ],
            [
              121.69256199165206,
              45.40042978320744
            ],
            [
              121.69202619754138,
              45.39397060541141
            ],
            [
              121.68285844508638,
              45.39434767476311
            ],
            [
              121.68339320166045,
              45.400806937023326
            ]
          ]
        ]
      },
      "properties": {
        "biomass": 170.708984375,
        "min_biomass": 133.16156005859375,
        "max_biomass": 229.0907440185547,
        "timestamp": "20260513_120248",
        "grid_id": "312_552"
      }
    },
    {
      "type": "Feature",
      "geometry": {
        "type": "Polygon",
        "coordinates": [
          [
            [
              121.49029430734218,
              45.40209664921348
            ],
            [
              121.4994657932057,
              45.40173498994128
            ],
            [
              121.49895197727608,
              45.39527406079106
            ],
            [
              121.4897815301509,
              45.395635639047114
            ],
            [
              121.49029430734218,
              45.40209664921348
            ]
          ]
        ]
      },
      "properties": {
        "biomass": 186.7724151611328,
        "min_biomass": 163.76673889160156,
        "max_biomass": 198.84860229492188,
        "timestamp": "20260513_120248",
        "grid_id": "336_48"
      }
    },
    {
      "type": "Feature",
      "geometry": {
        "type": "Polygon",
        "coordinates": [
          [
            [
              121.4994657932057,
              45.40173498994128
            ],
            [
              121.5086371047788,
              45.401372596482254
            ],
            [
              121.50812225018322,
              45.3949117485116
            ],
            [
              121.49895197727608,
              45.39527406079106
            ],
            [
              121.4994657932057,
              45.40173498994128
            ]
          ]
        ]
      },
      "properties": {
        "biomass": 185.6316375732422,
        "min_biomass": 128.2532501220703,
        "max_biomass": 274.28369140625,
        "timestamp": "20260513_120248",
        "grid_id": "336_72"
      }
    },
    {
      "type": "Feature",
      "geometry": {
        "type": "Polygon",
        "coordinates": [
          [
            [
              121.5086371047788,
              45.401372596482254
            ],
            [
              121.51780824171209,
              45.401009468873305
            ],
            [
              121.51729234852307,
              45.39454870224564
            ],
            [
              121.50812225018322,
              45.3949117485116
            ],
            [
              121.5086371047788,
              45.401372596482254
            ]
          ]
        ]
      },
      "properties": {
        "biomass": 159.42791748046875,
        "min_biomass": 120.27935791015625,
        "max_biomass": 245.9228057861328,
        "timestamp": "20260513_120248",
        "grid_id": "336_96"
      }
    },
    {
      "type": "Feature",
      "geometry": {
        "type": "Polygon",
        "coordinates": [
          [
            [
              121.51780824171209,
              45.401009468873305
            ],
            [
              121.52697920365624,
              45.40064560715137
            ],
            [
              121.52646227194649,
              45.39418492203012
            ],
            [
              121.51729234852307,
              45.39454870224564
            ],
            [
              121.51780824171209,
              45.401009468873305
            ]
          ]
        ]
      },
      "properties": {
        "biomass": 187.7203369140625,
        "min_biomass": 146.6122283935547,
        "max_biomass": 241.62826538085938,
        "timestamp": "20260513_120248",
        "grid_id": "336_120"
      }
    },
    {
      "type": "Feature",
      "geometry": {
        "type": "Polygon",
        "coordinates": [
          [
            [
              121.52697920365624,
              45.40064560715137
            ],
            [
              121.53614999026199,
              45.400281011353506
            ],
            [
              121.53563202010432,
              45.39382040790203
            ],
            [
              121.52646227194649,
              45.39418492203012
            ],
            [
              121.52697920365624,
              45.40064560715137
            ]
          ]
        ]
      },
      "properties": {
        "biomass": 143.72323608398438,
        "min_biomass": 98.16693878173828,
        "max_biomass": 189.4762420654297,
        "timestamp": "20260513_120248",
        "grid_id": "336_144"
      }
    },
    {
      "type": "Feature",
      "geometry": {
        "type": "Polygon",
        "coordinates": [
          [
            [
              121.53614999026199,
              45.400281011353506
            ],
            [
              121.54532060118011,
              45.39991568151681
            ],
            [
              121.54480159264746,
              45.3934551598985
            ],
            [
              121.53563202010432,
              45.39382040790203
            ],
            [
              121.53614999026199,
              45.400281011353506
            ]
          ]
        ]
      },
      "properties": {
        "biomass": 181.5735626220703,
        "min_biomass": 108.21485900878906,
        "max_biomass": 258.5361633300781,
        "timestamp": "20260513_120248",
        "grid_id": "336_168"
      }
    },
    {
      "type": "Feature",
      "geometry": {
        "type": "Polygon",
        "coordinates": [
          [
            [
              121.54532060118011,
              45.39991568151681
            ],
            [
              121.55449103606138,
              45.399549617678446
            ],
            [
              121.55397098922687,
              45.393089178056655
            ],
            [
              121.54480159264746,
              45.3934551598985
            ],
            [
              121.54532060118011,
              45.39991568151681
            ]
          ]
        ]
      },
      "properties": {
        "biomass": 198.15003967285156,
        "min_biomass": 131.9936065673828,
        "max_biomass": 258.701171875,
        "timestamp": "20260513_120248",
        "grid_id": "336_192"
      }
    },
    {
      "type": "Feature",
      "geometry": {
        "type": "Polygon",
        "coordinates": [
          [
            [
              121.55449103606138,
              45.399549617678446
            ],
            [
              121.56366129455668,
              45.39918281987568
            ],
            [
              121.56314020949354,
              45.392722462413765
            ],
            [
              121.55397098922687,
              45.393089178056655
            ],
            [
              121.55449103606138,
              45.399549617678446
            ]
          ]
        ]
      },
      "properties": {
        "biomass": 149.57919311523438,
        "min_biomass": 132.26429748535156,
        "max_biomass": 182.17320251464844,
        "timestamp": "20260513_120248",
        "grid_id": "336_216"
      }
    },
    {
      "type": "Feature",
      "geometry": {
        "type": "Polygon",
        "coordinates": [
          [
            [
              121.56366129455668,
              45.39918281987568
            ],
            [
              121.57283137631688,
              45.39881528814586
            ],
            [
              121.57230925309854,
              45.39235501300714
            ],
            [
              121.56314020949354,
              45.392722462413765
            ],
            [
              121.56366129455668,
              45.39918281987568
            ]
          ]
        ]
      },
      "properties": {
        "biomass": 147.7942352294922,
        "min_biomass": 134.11924743652344,
        "max_biomass": 174.4791717529297,
        "timestamp": "20260513_120248",
        "grid_id": "336_240"
      }
    },
    {
      "type": "Feature",
      "geometry": {
        "type": "Polygon",
        "coordinates": [
          [
            [
              121.57283137631688,
              45.39881528814586
            ],
            [
              121.58200128099294,
              45.39844702252635
            ],
            [
              121.5814781196929,
              45.39198682987414
            ],
            [
              121.57230925309854,
              45.39235501300714
            ],
            [
              121.57283137631688,
              45.39881528814586
            ]
          ]
        ]
      },
      "properties": {
        "biomass": 170.5713348388672,
        "min_biomass": 140.80374145507812,
        "max_biomass": 210.89601135253906,
        "timestamp": "20260513_120248",
        "grid_id": "336_264"
      }
    },
    {
      "type": "Feature",
      "geometry": {
        "type": "Polygon",
        "coordinates": [
          [
            [
              121.58200128099294,
              45.39844702252635
            ],
            [
              121.59117100823582,
              45.398078023054644
            ],
            [
              121.59064680892777,
              45.39161791305225
            ],
            [
              121.5814781196929,
              45.39198682987414
            ],
            [
              121.58200128099294,
              45.39844702252635
            ]
          ]
        ]
      },
      "properties": {
        "biomass": 195.9825897216797,
        "min_biomass": 142.41053771972656,
        "max_biomass": 230.5877227783203,
        "timestamp": "20260513_120248",
        "grid_id": "336_288"
      }
    },
    {
      "type": "Feature",
      "geometry": {
        "type": "Polygon",
        "coordinates": [
          [
            [
              121.59117100823582,
              45.398078023054644
            ],
            [
              121.60034055769654,
              45.39770828976829
            ],
            [
              121.59981532045431,
              45.39124826257899
            ],
            [
              121.59064680892777,
              45.39161791305225
            ],
            [
              121.59117100823582,
              45.398078023054644
            ]
          ]
        ]
      },
      "properties": {
        "biomass": 183.2913360595703,
        "min_biomass": 126.68113708496094,
        "max_biomass": 238.46636962890625,
        "timestamp": "20260513_120248",
        "grid_id": "336_312"
      }
    },
    {
      "type": "Feature",
      "geometry": {
        "type": "Polygon",
        "coordinates": [
          [
            [
              121.60034055769654,
              45.39770828976829
            ],
            [
              121.60950992902619,
              45.39733782270489
            ],
            [
              121.60898365392372,
              45.39087787849199
            ],
            [
              121.59981532045431,
              45.39124826257899
            ],
            [
              121.60034055769654,
              45.39770828976829
            ]
          ]
        ]
      },
      "properties": {
        "biomass": 135.4904327392578,
        "min_biomass": 113.55059051513672,
        "max_biomass": 226.8380126953125,
        "timestamp": "20260513_120248",
        "grid_id": "336_336"
      }
    },
    {
      "type": "Feature",
      "geometry": {
        "type": "Polygon",
        "coordinates": [
          [
            [
              121.60950992902619,
              45.39733782270489
            ],
            [
              121.61867912187584,
              45.39696662190216
            ],
            [
              121.61815180898728,
              45.390506760828885
            ],
            [
              121.60898365392372,
              45.39087787849199
            ],
            [
              121.60950992902619,
              45.39733782270489
            ]
          ]
        ]
      },
      "properties": {
        "biomass": 117.75089263916016,
        "min_biomass": 93.59603118896484,
        "max_biomass": 176.18508911132812,
        "timestamp": "20260513_120248",
        "grid_id": "336_360"
      }
    },
    {
      "type": "Feature",
      "geometry": {
        "type": "Polygon",
        "coordinates": [
          [
            [
              121.61867912187584,
              45.39696662190216
            ],
            [
              121.62784813589668,
              45.396594687397844
            ],
            [
              121.62731978529622,
              45.39013490962745
            ],
            [
              121.61815180898728,
              45.390506760828885
            ],
            [
              121.61867912187584,
              45.39696662190216
            ]
          ]
        ]
      },
      "properties": {
        "biomass": 101.18338775634766,
        "min_biomass": 93.49742126464844,
        "max_biomass": 120.98131561279297,
        "timestamp": "20260513_120248",
        "grid_id": "336_384"
      }
    },
    {
      "type": "Feature",
      "geometry": {
        "type": "Polygon",
        "coordinates": [
          [
            [
              121.62784813589668,
              45.396594687397844
            ],
            [
              121.6370169707399,
              45.396222019229796
            ],
            [
              121.63648758250194,
              45.38976232492552
            ],
            [
              121.62731978529622,
              45.39013490962745
            ],
            [
              121.62784813589668,
              45.396594687397844
            ]
          ]
        ]
      },
      "properties": {
        "biomass": 109.37419891357422,
        "min_biomass": 93.6698226928711,
        "max_biomass": 131.87078857421875,
        "timestamp": "20260513_120248",
        "grid_id": "336_408"
      }
    },
    {
      "type": "Feature",
      "geometry": {
        "type": "Polygon",
        "coordinates": [
          [
            [
              121.6370169707399,
              45.396222019229796
            ],
            [
              121.64618562605672,
              45.395848617435945
            ],
            [
              121.64565520025583,
              45.38938900676098
            ],
            [
              121.63648758250194,
              45.38976232492552
            ],
            [
              121.6370169707399,
              45.396222019229796
            ]
          ]
        ]
      },
      "properties": {
        "biomass": 127.35670471191406,
        "min_biomass": 100.9368896484375,
        "max_biomass": 168.80938720703125,
        "timestamp": "20260513_120248",
        "grid_id": "336_432"
      }
    },
    {
      "type": "Feature",
      "geometry": {
        "type": "Polygon",
        "coordinates": [
          [
            [
              121.64618562605672,
              45.395848617435945
            ],
            [
              121.65535410149842,
              45.39547448205424
            ],
            [
              121.65482263820927,
              45.389014955171795
            ],
            [
              121.64565520025583,
              45.38938900676098
            ],
            [
              121.64618562605672,
              45.395848617435945
            ]
          ]
        ]
      },
      "properties": {
        "biomass": 179.78863525390625,
        "min_biomass": 141.0501251220703,
        "max_biomass": 243.82275390625,
        "timestamp": "20260513_120248",
        "grid_id": "336_456"
      }
    },
    {
      "type": "Feature",
      "geometry": {
        "type": "Polygon",
        "coordinates": [
          [
            [
              121.65535410149842,
              45.39547448205424
            ],
            [
              121.66452239671635,
              45.39509961312278
            ],
            [
              121.66398989601375,
              45.388640170196005
            ],
            [
              121.65482263820927,
              45.389014955171795
            ],
            [
              121.65535410149842,
              45.39547448205424
            ]
          ]
        ]
      },
      "properties": {
        "biomass": 170.85377502441406,
        "min_biomass": 121.76557159423828,
        "max_biomass": 213.67576599121094,
        "timestamp": "20260513_120248",
        "grid_id": "336_480"
      }
    },
    {
      "type": "Feature",
      "geometry": {
        "type": "Polygon",
        "coordinates": [
          [
            [
              121.66452239671635,
              45.39509961312278
            ],
            [
              121.67369051136187,
              45.39472401067967
            ],
            [
              121.67315697332074,
              45.38826465187178
            ],
            [
              121.66398989601375,
              45.388640170196005
            ],
            [
              121.66452239671635,
              45.39509961312278
            ]
          ]
        ]
      },
      "properties": {
        "biomass": 146.76522827148438,
        "min_biomass": 128.04208374023438,
        "max_biomass": 201.9021453857422,
        "timestamp": "20260513_120248",
        "grid_id": "336_504"
      }
    },
    {
      "type": "Feature",
      "geometry": {
        "type": "Polygon",
        "coordinates": [
          [
            [
              121.67369051136187,
              45.39472401067967
            ],
            [
              121.68285844508638,
              45.39434767476311
            ],
            [
              121.68232386978187,
              45.38788840023725
            ],
            [
              121.67315697332074,
              45.38826465187178
            ],
            [
              121.67369051136187,
              45.39472401067967
            ]
          ]
        ]
      },
      "properties": {
        "biomass": 154.967529296875,
        "min_biomass": 139.7312469482422,
        "max_biomass": 166.96401977539062,
        "timestamp": "20260513_120248",
        "grid_id": "336_528"
      }
    },
    {
      "type": "Feature",
      "geometry": {
        "type": "Polygon",
        "coordinates": [
          [
            [
              121.4714401146435,
              45.39635659334196
            ],
            [
              121.48061090915695,
              45.395996483242996
            ],
            [
              121.48009934429577,
              45.38953538036961
            ],
            [
              121.47092958831568,
              45.38989540979754
            ],
            [
              121.4714401146435,
              45.39635659334196
            ]
          ]
        ]
      },
      "properties": {
        "biomass": 194.55604553222656,
        "min_biomass": 132.43495178222656,
        "max_biomass": 292.2615966796875,
        "timestamp": "20260513_120248",
        "grid_id": "360_0"
      }
    },
    {
      "type": "Feature",
      "geometry": {
        "type": "Polygon",
        "coordinates": [
          [
            [
              121.48061090915695,
              45.395996483242996
            ],
            [
              121.4897815301509,
              45.395635639047114
            ],
            [
              121.48926892682844,
              45.3891746170082
            ],
            [
              121.48009934429577,
              45.38953538036961
            ],
            [
              121.48061090915695,
              45.395996483242996
            ]
          ]
        ]
      },
      "properties": {
        "biomass": 164.75271606445312,
        "min_biomass": 128.6730499267578,
        "max_biomass": 227.57518005371094,
        "timestamp": "20260513_120248",
        "grid_id": "360_24"
      }
    },
    {
      "type": "Feature",
      "geometry": {
        "type": "Polygon",
        "coordinates": [
          [
            [
              121.4897815301509,
              45.395635639047114
            ],
            [
              121.49895197727608,
              45.39527406079106
            ],
            [
              121.49843833556453,
              45.38881311975003
            ],
            [
              121.48926892682844,
              45.3891746170082
            ],
            [
              121.4897815301509,
              45.395635639047114
            ]
          ]
        ]
      },
      "properties": {
        "biomass": 134.39308166503906,
        "min_biomass": 101.8212661743164,
        "max_biomass": 197.25146484375,
        "timestamp": "20260513_120248",
        "grid_id": "360_48"
      }
    },
    {
      "type": "Feature",
      "geometry": {
        "type": "Polygon",
        "coordinates": [
          [
            [
              121.49895197727608,
              45.39527406079106
            ],
            [
              121.50812225018322,
              45.3949117485116
            ],
            [
              121.50760757015492,
              45.38845088863186
            ],
            [
              121.49843833556453,
              45.38881311975003
            ],
            [
              121.49895197727608,
              45.39527406079106
            ]
          ]
        ]
      },
      "properties": {
        "biomass": 163.49383544921875,
        "min_biomass": 105.48479461669922,
        "max_biomass": 211.8657684326172,
        "timestamp": "20260513_120248",
        "grid_id": "360_72"
      }
    },
    {
      "type": "Feature",
      "geometry": {
        "type": "Polygon",
        "coordinates": [
          [
            [
              121.50812225018322,
              45.3949117485116
            ],
            [
              121.51729234852307,
              45.39454870224564
            ],
            [
              121.51677663025052,
              45.38808792369056
            ],
            [
              121.50760757015492,
              45.38845088863186
            ],
            [
              121.50812225018322,
              45.3949117485116
            ]
          ]
        ]
      },
      "properties": {
        "biomass": 160.03990173339844,
        "min_biomass": 117.24729919433594,
        "max_biomass": 219.56222534179688,
        "timestamp": "20260513_120248",
        "grid_id": "360_96"
      }
    },
    {
      "type": "Feature",
      "geometry": {
        "type": "Polygon",
        "coordinates": [
          [
            [
              121.51729234852307,
              45.39454870224564
            ],
            [
              121.52646227194649,
              45.39418492203012
            ],
            [
              121.52594551550231,
              45.387724224963065
            ],
            [
              121.51677663025052,
              45.38808792369056
            ],
            [
              121.51729234852307,
              45.39454870224564
            ]
          ]
        ]
      },
      "properties": {
        "biomass": 201.01739501953125,
        "min_biomass": 133.27964782714844,
        "max_biomass": 267.2010498046875,
        "timestamp": "20260513_120248",
        "grid_id": "360_120"
      }
    },
    {
      "type": "Feature",
      "geometry": {
        "type": "Polygon",
        "coordinates": [
          [
            [
              121.52646227194649,
              45.39418492203012
            ],
            [
              121.53563202010432,
              45.39382040790203
            ],
            [
              121.53511422556129,
              45.38735979248637
            ],
            [
              121.52594551550231,
              45.387724224963065
            ],
            [
              121.52646227194649,
              45.39418492203012
            ]
          ]
        ]
      },
      "properties": {
        "biomass": 131.316650390625,
        "min_biomass": 97.66255950927734,
        "max_biomass": 184.7119598388672,
        "timestamp": "20260513_120248",
        "grid_id": "360_144"
      }
    },
    {
      "type": "Feature",
      "geometry": {
        "type": "Polygon",
        "coordinates": [
          [
            [
              121.53563202010432,
              45.39382040790203
            ],
            [
              121.54480159264746,
              45.3934551598985
            ],
            [
              121.5442827600785,
              45.38699462629756
            ],
            [
              121.53511422556129,
              45.38735979248637
            ],
            [
              121.53563202010432,
              45.39382040790203
            ]
          ]
        ]
      },
      "properties": {
        "biomass": 127.85128784179688,
        "min_biomass": 93.69552612304688,
        "max_biomass": 211.2994842529297,
        "timestamp": "20260513_120248",
        "grid_id": "360_168"
      }
    },
    {
      "type": "Feature",
      "geometry": {
        "type": "Polygon",
        "coordinates": [
          [
            [
              121.54480159264746,
              45.3934551598985
            ],
            [
              121.55397098922687,
              45.393089178056655
            ],
            [
              121.55345111870507,
              45.38662872643377
            ],
            [
              121.5442827600785,
              45.38699462629756
            ],
            [
              121.54480159264746,
              45.3934551598985
            ]
          ]
        ]
      },
      "properties": {
        "biomass": 150.78680419921875,
        "min_biomass": 93.69281768798828,
        "max_biomass": 207.59115600585938,
        "timestamp": "20260513_120248",
        "grid_id": "360_192"
      }
    },
    {
      "type": "Feature",
      "geometry": {
        "type": "Polygon",
        "coordinates": [
          [
            [
              121.55397098922687,
              45.393089178056655
            ],
            [
              121.56314020949354,
              45.392722462413765
            ],
            [
              121.56261930109211,
              45.38626209293224
            ],
            [
              121.55345111870507,
              45.38662872643377
            ],
            [
              121.55397098922687,
              45.393089178056655
            ]
          ]
        ]
      },
      "properties": {
        "biomass": 175.3638458251953,
        "min_biomass": 130.53701782226562,
        "max_biomass": 268.42236328125,
        "timestamp": "20260513_120248",
        "grid_id": "360_216"
      }
    },
    {
      "type": "Feature",
      "geometry": {
        "type": "Polygon",
        "coordinates": [
          [
            [
              121.56314020949354,
              45.392722462413765
            ],
            [
              121.57230925309854,
              45.39235501300714
            ],
            [
              121.5717873068908,
              45.38589472583027
            ],
            [
              121.56261930109211,
              45.38626209293224
            ],
            [
              121.56314020949354,
              45.392722462413765
            ]
          ]
        ]
      },
      "properties": {
        "biomass": 132.58335876464844,
        "min_biomass": 102.65839385986328,
        "max_biomass": 180.33299255371094,
        "timestamp": "20260513_120248",
        "grid_id": "360_240"
      }
    },
    {
      "type": "Feature",
      "geometry": {
        "type": "Polygon",
        "coordinates": [
          [
            [
              121.57230925309854,
              45.39235501300714
            ],
            [
              121.5814781196929,
              45.39198682987414
            ],
            [
              121.58095513575236,
              45.38552662516521
            ],
            [
              121.5717873068908,
              45.38589472583027
            ],
            [
              121.57230925309854,
              45.39235501300714
            ]
          ]
        ]
      },
      "properties": {
        "biomass": 157.40640258789062,
        "min_biomass": 111.40137481689453,
        "max_biomass": 225.54505920410156,
        "timestamp": "20260513_120248",
        "grid_id": "360_264"
      }
    },
    {
      "type": "Feature",
      "geometry": {
        "type": "Polygon",
        "coordinates": [
          [
            [
              121.5814781196929,
              45.39198682987414
            ],
            [
              121.59064680892777,
              45.39161791305225
            ],
            [
              121.59012278732806,
              45.385157790974525
            ],
            [
              121.58095513575236,
              45.38552662516521
            ],
            [
              121.5814781196929,
              45.39198682987414
            ]
          ]
        ]
      },
      "properties": {
        "biomass": 174.1092529296875,
        "min_biomass": 124.82713317871094,
        "max_biomass": 246.08416748046875,
        "timestamp": "20260513_120248",
        "grid_id": "360_288"
      }
    },
    {
      "type": "Feature",
      "geometry": {
        "type": "Polygon",
        "coordinates": [
          [
            [
              121.59064680892777,
              45.39161791305225
            ],
            [
              121.59981532045431,
              45.39124826257899
            ],
            [
              121.59929026126919,
              45.38478822329573
            ],
            [
              121.59012278732806,
              45.385157790974525
            ],
            [
              121.59064680892777,
              45.39161791305225
            ]
          ]
        ]
      },
      "properties": {
        "biomass": 169.8688201904297,
        "min_biomass": 126.08122253417969,
        "max_biomass": 218.3684844970703,
        "timestamp": "20260513_120248",
        "grid_id": "360_312"
      }
    },
    {
      "type": "Feature",
      "geometry": {
        "type": "Polygon",
        "coordinates": [
          [
            [
              121.59981532045431,
              45.39124826257899
            ],
            [
              121.60898365392372,
              45.39087787849199
            ],
            [
              121.60845755722715,
              45.3844179221664
            ],
            [
              121.59929026126919,
              45.38478822329573
            ],
            [
              121.59981532045431,
              45.39124826257899
            ]
          ]
        ]
      },
      "properties": {
        "biomass": 126.56568908691406,
        "min_biomass": 94.16532135009766,
        "max_biomass": 167.400634765625,
        "timestamp": "20260513_120248",
        "grid_id": "360_336"
      }
    },
    {
      "type": "Feature",
      "geometry": {
        "type": "Polygon",
        "coordinates": [
          [
            [
              121.60898365392372,
              45.39087787849199
            ],
            [
              121.61815180898728,
              45.390506760828885
            ],
            [
              121.61762467485326,
              45.38404688762421
            ],
            [
              121.60845755722715,
              45.3844179221664
            ],
            [
              121.60898365392372,
              45.39087787849199
            ]
          ]
        ]
      },
      "properties": {
        "biomass": 103.71302032470703,
        "min_biomass": 93.47383117675781,
        "max_biomass": 126.67120361328125,
        "timestamp": "20260513_120248",
        "grid_id": "360_360"
      }
    },
    {
      "type": "Feature",
      "geometry": {
        "type": "Polygon",
        "coordinates": [
          [
            [
              121.61815180898728,
              45.390506760828885
            ],
            [
              121.62731978529622,
              45.39013490962745
            ],
            [
              121.62679161379901,
              45.38367511970689
            ],
            [
              121.61762467485326,
              45.38404688762421
            ],
            [
              121.61815180898728,
              45.390506760828885
            ]
          ]
        ]
      },
      "properties": {
        "biomass": 111.20008850097656,
        "min_biomass": 93.73048400878906,
        "max_biomass": 137.05799865722656,
        "timestamp": "20260513_120248",
        "grid_id": "360_384"
      }
    },
    {
      "type": "Feature",
      "geometry": {
        "type": "Polygon",
        "coordinates": [
          [
            [
              121.62731978529622,
              45.39013490962745
            ],
            [
              121.63648758250194,
              45.38976232492552
            ],
            [
              121.63595837371588,
              45.38330261845227
            ],
            [
              121.62679161379901,
              45.38367511970689
            ],
            [
              121.62731978529622,
              45.39013490962745
            ]
          ]
        ]
      },
      "properties": {
        "biomass": 114.70870971679688,
        "min_biomass": 95.85733795166016,
        "max_biomass": 156.435546875,
        "timestamp": "20260513_120248",
        "grid_id": "360_408"
      }
    },
    {
      "type": "Feature",
      "geometry": {
        "type": "Polygon",
        "coordinates": [
          [
            [
              121.63648758250194,
              45.38976232492552
            ],
            [
              121.64565520025583,
              45.38938900676098
            ],
            [
              121.64512495425538,
              45.38292938389821
            ],
            [
              121.63595837371588,
              45.38330261845227
            ],
            [
              121.63648758250194,
              45.38976232492552
            ]
          ]
        ]
      },
      "properties": {
        "biomass": 145.3783721923828,
        "min_biomass": 102.68359375,
        "max_biomass": 194.45602416992188,
        "timestamp": "20260513_120248",
        "grid_id": "360_432"
      }
    },
    {
      "type": "Feature",
      "geometry": {
        "type": "Polygon",
        "coordinates": [
          [
            [
              121.64565520025583,
              45.38938900676098
            ],
            [
              121.65482263820927,
              45.389014955171795
            ],
            [
              121.65429135506906,
              45.38255541608268
            ],
            [
              121.64512495425538,
              45.38292938389821
            ],
            [
              121.64565520025583,
              45.38938900676098
            ]
          ]
        ]
      },
      "properties": {
        "biomass": 182.31857299804688,
        "min_biomass": 119.12714385986328,
        "max_biomass": 242.94387817382812,
        "timestamp": "20260513_120248",
        "grid_id": "360_456"
      }
    },
    {
      "type": "Feature",
      "geometry": {
        "type": "Polygon",
        "coordinates": [
          [
            [
              121.65482263820927,
              45.389014955171795
            ],
            [
              121.66398989601375,
              45.388640170196005
            ],
            [
              121.66345757580858,
              45.3821807150437
            ],
            [
              121.65429135506906,
              45.38255541608268
            ],
            [
              121.65482263820927,
              45.389014955171795
            ]
          ]
        ]
      },
      "properties": {
        "biomass": 177.8157958984375,
        "min_biomass": 128.1763458251953,
        "max_biomass": 220.64906311035156,
        "timestamp": "20260513_120248",
        "grid_id": "360_480"
      }
    },
    {
      "type": "Feature",
      "geometry": {
        "type": "Polygon",
        "coordinates": [
          [
            [
              121.66398989601375,
              45.388640170196005
            ],
            [
              121.67315697332074,
              45.38826465187178
            ],
            [
              121.67262361612553,
              45.38180528081938
            ],
            [
              121.66345757580858,
              45.3821807150437
            ],
            [
              121.66398989601375,
              45.388640170196005
            ]
          ]
        ]
      },
      "properties": {
        "biomass": 195.8324432373047,
        "min_biomass": 134.3901824951172,
        "max_biomass": 243.94122314453125,
        "timestamp": "20260513_120248",
        "grid_id": "360_504"
      }
    },
    {
      "type": "Feature",
      "geometry": {
        "type": "Polygon",
        "coordinates": [
          [
            [
              121.47092958831568,
              45.38989540979754
            ],
            [
              121.48009934429577,
              45.38953538036961
            ],
            [
              121.47958795288204,
              45.383074265643906
            ],
            [
              121.4704192350861,
              45.38343421441895
            ],
            [
              121.47092958831568,
              45.38989540979754
            ]
          ]
        ]
      },
      "properties": {
        "biomass": 168.2708740234375,
        "min_biomass": 121.23833465576172,
        "max_biomass": 251.79273986816406,
        "timestamp": "20260513_120248",
        "grid_id": "384_0"
      }
    },
    {
      "type": "Feature",
      "geometry": {
        "type": "Polygon",
        "coordinates": [
          [
            [
              121.48009934429577,
              45.38953538036961
            ],
            [
              121.48926892682844,
              45.3891746170082
            ],
            [
              121.48875649730256,
              45.382713583098756
            ],
            [
              121.47958795288204,
              45.383074265643906
            ],
            [
              121.48009934429577,
              45.38953538036961
            ]
          ]
        ]
      },
      "properties": {
        "biomass": 147.72439575195312,
        "min_biomass": 103.54066467285156,
        "max_biomass": 218.3347930908203,
        "timestamp": "20260513_120248",
        "grid_id": "384_24"
      }
    },
    {
      "type": "Feature",
      "geometry": {
        "type": "Polygon",
        "coordinates": [
          [
            [
              121.48926892682844,
              45.3891746170082
            ],
            [
              121.49843833556453,
              45.38881311975003
            ],
            [
              121.49792486799868,
              45.38235216682021
            ],
            [
              121.48875649730256,
              45.382713583098756
            ],
            [
              121.48926892682844,
              45.3891746170082
            ]
          ]
        ]
      },
      "properties": {
        "biomass": 128.67637634277344,
        "min_biomass": 93.5136947631836,
        "max_biomass": 210.74819946289062,
        "timestamp": "20260513_120248",
        "grid_id": "384_48"
      }
    },
    {
      "type": "Feature",
      "geometry": {
        "type": "Polygon",
        "coordinates": [
          [
            [
              121.49843833556453,
              45.38881311975003
            ],
            [
              121.50760757015492,
              45.38845088863186
            ],
            [
              121.5070930646214,
              45.38199001684505
            ],
            [
              121.49792486799868,
              45.38235216682021
            ],
            [
              121.49843833556453,
              45.38881311975003
            ]
          ]
        ]
      },
      "properties": {
        "biomass": 140.01727294921875,
        "min_biomass": 93.890869140625,
        "max_biomass": 205.71551513671875,
        "timestamp": "20260513_120248",
        "grid_id": "384_72"
      }
    },
    {
      "type": "Feature",
      "geometry": {
        "type": "Polygon",
        "coordinates": [
          [
            [
              121.50760757015492,
              45.38845088863186
            ],
            [
              121.51677663025052,
              45.38808792369056
            ],
            [
              121.51626108682179,
              45.3816271332101
            ],
            [
              121.5070930646214,
              45.38199001684505
            ],
            [
              121.50760757015492,
              45.38845088863186
            ]
          ]
        ]
      },
      "properties": {
        "biomass": 129.19932556152344,
        "min_biomass": 94.066650390625,
        "max_biomass": 202.73956298828125,
        "timestamp": "20260513_120248",
        "grid_id": "384_96"
      }
    },
    {
      "type": "Feature",
      "geometry": {
        "type": "Polygon",
        "coordinates": [
          [
            [
              121.51677663025052,
              45.38808792369056
            ],
            [
              121.52594551550231,
              45.387724224963065
            ],
            [
              121.52542893425095,
              45.38126351595228
            ],
            [
              121.51626108682179,
              45.3816271332101
            ],
            [
              121.51677663025052,
              45.38808792369056
            ]
          ]
        ]
      },
      "properties": {
        "biomass": 131.71031188964844,
        "min_biomass": 93.701416015625,
        "max_biomass": 198.82176208496094,
        "timestamp": "20260513_120248",
        "grid_id": "384_120"
      }
    },
    {
      "type": "Feature",
      "geometry": {
        "type": "Polygon",
        "coordinates": [
          [
            [
              121.52594551550231,
              45.387724224963065
            ],
            [
              121.53511422556129,
              45.38735979248637
            ],
            [
              121.53459660656004,
              45.38089916510858
            ],
            [
              121.52542893425095,
              45.38126351595228
            ],
            [
              121.52594551550231,
              45.387724224963065
            ]
          ]
        ]
      },
      "properties": {
        "biomass": 112.49266815185547,
        "min_biomass": 93.93253326416016,
        "max_biomass": 141.90219116210938,
        "timestamp": "20260513_120248",
        "grid_id": "384_144"
      }
    },
    {
      "type": "Feature",
      "geometry": {
        "type": "Polygon",
        "coordinates": [
          [
            [
              121.53511422556129,
              45.38735979248637
            ],
            [
              121.5442827600785,
              45.38699462629756
            ],
            [
              121.54376410340026,
              45.38053408071607
            ],
            [
              121.53459660656004,
              45.38089916510858
            ],
            [
              121.53511422556129,
              45.38735979248637
            ]
          ]
        ]
      },
      "properties": {
        "biomass": 118.47709655761719,
        "min_biomass": 93.54694366455078,
        "max_biomass": 153.26361083984375,
        "timestamp": "20260513_120248",
        "grid_id": "384_168"
      }
    },
    {
      "type": "Feature",
      "geometry": {
        "type": "Polygon",
        "coordinates": [
          [
            [
              121.5442827600785,
              45.38699462629756
            ],
            [
              121.55345111870507,
              45.38662872643377
            ],
            [
              121.55293142442284,
              45.38016826281187
            ],
            [
              121.54376410340026,
              45.38053408071607
            ],
            [
              121.5442827600785,
              45.38699462629756
            ]
          ]
        ]
      },
      "properties": {
        "biomass": 177.04830932617188,
        "min_biomass": 112.91004943847656,
        "max_biomass": 248.4779510498047,
        "timestamp": "20260513_120248",
        "grid_id": "384_192"
      }
    },
    {
      "type": "Feature",
      "geometry": {
        "type": "Polygon",
        "coordinates": [
          [
            [
              121.55345111870507,
              45.38662872643377
            ],
            [
              121.56261930109211,
              45.38626209293224
            ],
            [
              121.56209856927906,
              45.379801711433196
            ],
            [
              121.55293142442284,
              45.38016826281187
            ],
            [
              121.55345111870507,
              45.38662872643377
            ]
          ]
        ]
      },
      "properties": {
        "biomass": 168.24574279785156,
        "min_biomass": 117.64630126953125,
        "max_biomass": 241.0507354736328,
        "timestamp": "20260513_120248",
        "grid_id": "384_216"
      }
    },
    {
      "type": "Feature",
      "geometry": {
        "type": "Polygon",
        "coordinates": [
          [
            [
              121.56261930109211,
              45.38626209293224
            ],
            [
              121.5717873068908,
              45.38589472583027
            ],
            [
              121.5712655376202,
              45.37943442661734
            ],
            [
              121.56209856927906,
              45.379801711433196
            ],
            [
              121.56261930109211,
              45.38626209293224
            ]
          ]
        ]
      },
      "properties": {
        "biomass": 129.4754180908203,
        "min_biomass": 93.97727966308594,
        "max_biomass": 156.83689880371094,
        "timestamp": "20260513_120248",
        "grid_id": "384_240"
      }
    },
    {
      "type": "Feature",
      "geometry": {
        "type": "Polygon",
        "coordinates": [
          [
            [
              121.5717873068908,
              45.38589472583027
            ],
            [
              121.58095513575236,
              45.38552662516521
            ],
            [
              121.58043232909769,
              45.37906640840166
            ],
            [
              121.5712655376202,
              45.37943442661734
            ],
            [
              121.5717873068908,
              45.38589472583027
            ]
          ]
        ]
      },
      "properties": {
        "biomass": 121.79252624511719,
        "min_biomass": 93.74208068847656,
        "max_biomass": 190.85342407226562,
        "timestamp": "20260513_120248",
        "grid_id": "384_264"
      }
    },
    {
      "type": "Feature",
      "geometry": {
        "type": "Polygon",
        "coordinates": [
          [
            [
              121.58095513575236,
              45.38552662516521
            ],
            [
              121.59012278732806,
              45.385157790974525
            ],
            [
              121.5895989433629,
              45.37869765682357
            ],
            [
              121.58043232909769,
              45.37906640840166
            ],
            [
              121.58095513575236,
              45.38552662516521
            ]
          ]
        ]
      },
      "properties": {
        "biomass": 183.17059326171875,
        "min_biomass": 120.50244903564453,
        "max_biomass": 240.12408447265625,
        "timestamp": "20260513_120248",
        "grid_id": "384_288"
      }
    },
    {
      "type": "Feature",
      "geometry": {
        "type": "Polygon",
        "coordinates": [
          [
            [
              121.59012278732806,
              45.385157790974525
            ],
            [
              121.59929026126919,
              45.38478822329573
            ],
            [
              121.59876538006729,
              45.37832817192058
            ],
            [
              121.5895989433629,
              45.37869765682357
            ],
            [
              121.59012278732806,
              45.385157790974525
            ]
          ]
        ]
      },
      "properties": {
        "biomass": 140.016845703125,
        "min_biomass": 97.26483917236328,
        "max_biomass": 181.92369079589844,
        "timestamp": "20260513_120248",
        "grid_id": "384_312"
      }
    },
    {
      "type": "Feature",
      "geometry": {
        "type": "Polygon",
        "coordinates": [
          [
            [
              121.59929026126919,
              45.38478822329573
            ],
            [
              121.60845755722715,
              45.3844179221664
            ],
            [
              121.60793163886238,
              45.37795795373026
            ],
            [
              121.59876538006729,
              45.37832817192058
            ],
            [
              121.59929026126919,
              45.38478822329573
            ]
          ]
        ]
      },
      "properties": {
        "biomass": 109.34825897216797,
        "min_biomass": 93.5298080444336,
        "max_biomass": 179.51776123046875,
        "timestamp": "20260513_120248",
        "grid_id": "384_336"
      }
    },
    {
      "type": "Feature",
      "geometry": {
        "type": "Polygon",
        "coordinates": [
          [
            [
              121.60845755722715,
              45.3844179221664
            ],
            [
              121.61762467485326,
              45.38404688762421
            ],
            [
              121.61709771939965,
              45.37758700229026
            ],
            [
              121.60793163886238,
              45.37795795373026
            ],
            [
              121.60845755722715,
              45.3844179221664
            ]
          ]
        ]
      },
      "properties": {
        "biomass": 149.2982635498047,
        "min_biomass": 93.68537139892578,
        "max_biomass": 254.21688842773438,
        "timestamp": "20260513_120248",
        "grid_id": "384_360"
      }
    },
    {
      "type": "Feature",
      "geometry": {
        "type": "Polygon",
        "coordinates": [
          [
            [
              121.61762467485326,
              45.38404688762421
            ],
            [
              121.62679161379901,
              45.38367511970689
            ],
            [
              121.6262636213307,
              45.37721531763832
            ],
            [
              121.61709771939965,
              45.37758700229026
            ],
            [
              121.61762467485326,
              45.38404688762421
            ]
          ]
        ]
      },
      "properties": {
        "biomass": 184.54188537597656,
        "min_biomass": 113.61956787109375,
        "max_biomass": 283.6988525390625,
        "timestamp": "20260513_120248",
        "grid_id": "384_384"
      }
    },
    {
      "type": "Feature",
      "geometry": {
        "type": "Polygon",
        "coordinates": [
          [
            [
              121.62679161379901,
              45.38367511970689
            ],
            [
              121.63595837371588,
              45.38330261845227
            ],
            [
              121.63542934430718,
              45.37684289981222
            ],
            [
              121.6262636213307,
              45.37721531763832
            ],
            [
              121.62679161379901,
              45.38367511970689
            ]
          ]
        ]
      },
      "properties": {
        "biomass": 138.79600524902344,
        "min_biomass": 108.08887481689453,
        "max_biomass": 205.34835815429688,
        "timestamp": "20260513_120248",
        "grid_id": "384_408"
      }
    },
    {
      "type": "Feature",
      "geometry": {
        "type": "Polygon",
        "coordinates": [
          [
            [
              121.63595837371588,
              45.38330261845227
            ],
            [
              121.64512495425538,
              45.38292938389821
            ],
            [
              121.64459488798073,
              45.376469748849814
            ],
            [
              121.63542934430718,
              45.37684289981222
            ],
            [
              121.63595837371588,
              45.38330261845227
            ]
          ]
        ]
      },
      "properties": {
        "biomass": 126.58853912353516,
        "min_biomass": 107.8067626953125,
        "max_biomass": 171.80435180664062,
        "timestamp": "20260513_120248",
        "grid_id": "384_432"
      }
    },
    {
      "type": "Feature",
      "geometry": {
        "type": "Polygon",
        "coordinates": [
          [
            [
              121.64512495425538,
              45.38292938389821
            ],
            [
              121.65429135506906,
              45.38255541608268
            ],
            [
              121.65376025200308,
              45.37609586478907
            ],
            [
              121.64459488798073,
              45.376469748849814
            ],
            [
              121.64512495425538,
              45.38292938389821
            ]
          ]
        ]
      },
      "properties": {
        "biomass": 145.55734252929688,
        "min_biomass": 109.18138885498047,
        "max_biomass": 225.8304901123047,
        "timestamp": "20260513_120248",
        "grid_id": "384_456"
      }
    },
    {
      "type": "Feature",
      "geometry": {
        "type": "Polygon",
        "coordinates": [
          [
            [
              121.65429135506906,
              45.38255541608268
            ],
            [
              121.66345757580858,
              45.3821807150437
            ],
            [
              121.66292543602596,
              45.37572124766799
            ],
            [
              121.65376025200308,
              45.37609586478907
            ],
            [
              121.65429135506906,
              45.38255541608268
            ]
          ]
        ]
      },
      "properties": {
        "biomass": 163.14805603027344,
        "min_biomass": 120.69221496582031,
        "max_biomass": 244.41314697265625,
        "timestamp": "20260513_120248",
        "grid_id": "384_480"
      }
    },
    {
      "type": "Feature",
      "geometry": {
        "type": "Polygon",
        "coordinates": [
          [
            [
              121.66345757580858,
              45.3821807150437
            ],
            [
              121.67262361612553,
              45.38180528081938
            ],
            [
              121.67209043970118,
              45.375345897524674
            ],
            [
              121.66292543602596,
              45.37572124766799
            ],
            [
              121.66345757580858,
              45.3821807150437
            ]
          ]
        ]
      },
      "properties": {
        "biomass": 183.54226684570312,
        "min_biomass": 136.24581909179688,
        "max_biomass": 220.2777099609375,
        "timestamp": "20260513_120248",
        "grid_id": "384_504"
      }
    },
    {
      "type": "Feature",
      "geometry": {
        "type": "Polygon",
        "coordinates": [
          [
            [
              121.67262361612553,
              45.38180528081938
            ],
            [
              121.68178947567169,
              45.3814291134479
            ],
            [
              121.68125526268058,
              45.37496981439727
            ],
            [
              121.67209043970118,
              45.375345897524674
            ],
            [
              121.67262361612553,
              45.38180528081938
            ]
          ]
        ]
      },
      "properties": {
        "biomass": 181.80628967285156,
        "min_biomass": 172.35389709472656,
        "max_biomass": 192.04856872558594,
        "timestamp": "20260513_120248",
        "grid_id": "384_528"
      }
    },
    {
      "type": "Feature",
      "geometry": {
        "type": "Polygon",
        "coordinates": [
          [
            [
              121.4704192350861,
              45.38343421441895
            ],
            [
              121.47958795288204,
              45.383074265643906
            ],
            [
              121.47907673484372,
              45.376613139067835
            ],
            [
              121.46990905488286,
              45.37697300720819
            ],
            [
              121.4704192350861,
              45.38343421441895
            ]
          ]
        ]
      },
      "properties": {
        "biomass": 203.01478576660156,
        "min_biomass": 152.35922241210938,
        "max_biomass": 242.2152099609375,
        "timestamp": "20260513_120248",
        "grid_id": "408_0"
      }
    },
    {
      "type": "Feature",
      "geometry": {
        "type": "Polygon",
        "coordinates": [
          [
            [
              121.47958795288204,
              45.383074265643906
            ],
            [
              121.48875649730256,
              45.382713583098756
            ],
            [
              121.48824424150112,
              45.37625253732076
            ],
            [
              121.47907673484372,
              45.376613139067835
            ],
            [
              121.47958795288204,
              45.383074265643906
            ]
          ]
        ]
      },
      "properties": {
        "biomass": 174.05441284179688,
        "min_biomass": 108.57075500488281,
        "max_biomass": 263.5834655761719,
        "timestamp": "20260513_120248",
        "grid_id": "408_24"
      }
    },
    {
      "type": "Feature",
      "geometry": {
        "type": "Polygon",
        "coordinates": [
          [
            [
              121.48875649730256,
              45.382713583098756
            ],
            [
              121.49792486799868,
              45.38235216682021
            ],
            [
              121.49741157450623,
              45.37589120200362
            ],
            [
              121.48824424150112,
              45.37625253732076
            ],
            [
              121.48875649730256,
              45.382713583098756
            ]
          ]
        ]
      },
      "properties": {
        "biomass": 157.3125762939453,
        "min_biomass": 100.88590240478516,
        "max_biomass": 266.912109375,
        "timestamp": "20260513_120248",
        "grid_id": "408_48"
      }
    },
    {
      "type": "Feature",
      "geometry": {
        "type": "Polygon",
        "coordinates": [
          [
            [
              121.49792486799868,
              45.38235216682021
            ],
            [
              121.5070930646214,
              45.38199001684505
            ],
            [
              121.50657873351021,
              45.37552913315319
            ],
            [
              121.49741157450623,
              45.37589120200362
            ],
            [
              121.49792486799868,
              45.38235216682021
            ]
          ]
        ]
      },
      "properties": {
        "biomass": 116.5600814819336,
        "min_biomass": 93.70901489257812,
        "max_biomass": 166.96453857421875,
        "timestamp": "20260513_120248",
        "grid_id": "408_72"
      }
    },
    {
      "type": "Feature",
      "geometry": {
        "type": "Polygon",
        "coordinates": [
          [
            [
              121.5070930646214,
              45.38199001684505
            ],
            [
              121.51626108682179,
              45.3816271332101
            ],
            [
              121.51574571816428,
              45.375166330806266
            ],
            [
              121.50657873351021,
              45.37552913315319
            ],
            [
              121.5070930646214,
              45.38199001684505
            ]
          ]
        ]
      },
      "properties": {
        "biomass": 106.48963928222656,
        "min_biomass": 93.4969711303711,
        "max_biomass": 137.71449279785156,
        "timestamp": "20260513_120248",
        "grid_id": "408_96"
      }
    },
    {
      "type": "Feature",
      "geometry": {
        "type": "Polygon",
        "coordinates": [
          [
            [
              121.51626108682179,
              45.3816271332101
            ],
            [
              121.52542893425095,
              45.38126351595228
            ],
            [
              121.52491252811969,
              45.37480279499978
            ],
            [
              121.51574571816428,
              45.375166330806266
            ],
            [
              121.51626108682179,
              45.3816271332101
            ]
          ]
        ]
      },
      "properties": {
        "biomass": 107.12920379638672,
        "min_biomass": 93.58597564697266,
        "max_biomass": 131.34751892089844,
        "timestamp": "20260513_120248",
        "grid_id": "408_120"
      }
    },
    {
      "type": "Feature",
      "geometry": {
        "type": "Polygon",
        "coordinates": [
          [
            [
              121.52542893425095,
              45.38126351595228
            ],
            [
              121.53459660656004,
              45.38089916510858
            ],
            [
              121.5340791630277,
              45.374438525770685
            ],
            [
              121.52491252811969,
              45.37480279499978
            ],
            [
              121.52542893425095,
              45.38126351595228
            ]
          ]
        ]
      },
      "properties": {
        "biomass": 111.06954193115234,
        "min_biomass": 93.81599426269531,
        "max_biomass": 132.50440979003906,
        "timestamp": "20260513_120248",
        "grid_id": "408_144"
      }
    },
    {
      "type": "Feature",
      "geometry": {
        "type": "Polygon",
        "coordinates": [
          [
            [
              121.53459660656004,
              45.38089916510858
            ],
            [
              121.54376410340026,
              45.38053408071607
            ],
            [
              121.54324562253967,
              45.37407352315605
            ],
            [
              121.5340791630277,
              45.374438525770685
            ],
            [
              121.53459660656004,
              45.38089916510858
            ]
          ]
        ]
      },
      "properties": {
        "biomass": 134.65255737304688,
        "min_biomass": 93.56710052490234,
        "max_biomass": 189.28199768066406,
        "timestamp": "20260513_120248",
        "grid_id": "408_168"
      }
    },
    {
      "type": "Feature",
      "geometry": {
        "type": "Polygon",
        "coordinates": [
          [
            [
              121.54376410340026,
              45.38053408071607
            ],
            [
              121.55293142442284,
              45.38016826281187
            ],
            [
              121.55241190630696,
              45.373707787193
            ],
            [
              121.54324562253967,
              45.37407352315605
            ],
            [
              121.54376410340026,
              45.38053408071607
            ]
          ]
        ]
      },
      "properties": {
        "biomass": 184.6872100830078,
        "min_biomass": 136.53915405273438,
        "max_biomass": 222.65135192871094,
        "timestamp": "20260513_120248",
        "grid_id": "408_192"
      }
    },
    {
      "type": "Feature",
      "geometry": {
        "type": "Polygon",
        "coordinates": [
          [
            [
              121.55293142442284,
              45.38016826281187
            ],
            [
              121.56209856927906,
              45.379801711433196
            ],
            [
              121.56157801398103,
              45.373341317918694
            ],
            [
              121.55241190630696,
              45.373707787193
            ],
            [
              121.55293142442284,
              45.38016826281187
            ]
          ]
        ]
      },
      "properties": {
        "biomass": 172.41830444335938,
        "min_biomass": 128.5291290283203,
        "max_biomass": 234.543212890625,
        "timestamp": "20260513_120248",
        "grid_id": "408_216"
      }
    },
    {
      "type": "Feature",
      "geometry": {
        "type": "Polygon",
        "coordinates": [
          [
            [
              121.56209856927906,
              45.379801711433196
            ],
            [
              121.5712655376202,
              45.37943442661734
            ],
            [
              121.57074394521331,
              45.37297411537043
            ],
            [
              121.56157801398103,
              45.373341317918694
            ],
            [
              121.56209856927906,
              45.379801711433196
            ]
          ]
        ]
      },
      "properties": {
        "biomass": 138.31947326660156,
        "min_biomass": 111.43366241455078,
        "max_biomass": 194.91372680664062,
        "timestamp": "20260513_120248",
        "grid_id": "408_240"
      }
    },
    {
      "type": "Feature",
      "geometry": {
        "type": "Polygon",
        "coordinates": [
          [
            [
              121.5712655376202,
              45.37943442661734
            ],
            [
              121.58043232909769,
              45.37906640840166
            ],
            [
              121.5799096996553,
              45.37260617958555
            ],
            [
              121.57074394521331,
              45.37297411537043
            ],
            [
              121.5712655376202,
              45.37943442661734
            ]
          ]
        ]
      },
      "properties": {
        "biomass": 117.4592056274414,
        "min_biomass": 93.56542205810547,
        "max_biomass": 179.64285278320312,
        "timestamp": "20260513_120248",
        "grid_id": "408_264"
      }
    },
    {
      "type": "Feature",
      "geometry": {
        "type": "Polygon",
        "coordinates": [
          [
            [
              121.58043232909769,
              45.37906640840166
            ],
            [
              121.5895989433629,
              45.37869765682357
            ],
            [
              121.58907527695858,
              45.37223751060146
            ],
            [
              121.5799096996553,
              45.37260617958555
            ],
            [
              121.58043232909769,
              45.37906640840166
            ]
          ]
        ]
      },
      "properties": {
        "biomass": 169.46047973632812,
        "min_biomass": 104.76782989501953,
        "max_biomass": 236.83302307128906,
        "timestamp": "20260513_120248",
        "grid_id": "408_288"
      }
    },
    {
      "type": "Feature",
      "geometry": {
        "type": "Polygon",
        "coordinates": [
          [
            [
              121.5895989433629,
              45.37869765682357
            ],
            [
              121.59876538006729,
              45.37832817192058
            ],
            [
              121.59824067677474,
              45.37186810845564
            ],
            [
              121.58907527695858,
              45.37223751060146
            ],
            [
              121.5895989433629,
              45.37869765682357
            ]
          ]
        ]
      },
      "properties": {
        "biomass": 125.57779693603516,
        "min_biomass": 93.4795913696289,
        "max_biomass": 165.5734100341797,
        "timestamp": "20260513_120248",
        "grid_id": "408_312"
      }
    },
    {
      "type": "Feature",
      "geometry": {
        "type": "Polygon",
        "coordinates": [
          [
            [
              121.59876538006729,
              45.37832817192058
            ],
            [
              121.60793163886238,
              45.37795795373026
            ],
            [
              121.6074058987554,
              45.371497973185654
            ],
            [
              121.59824067677474,
              45.37186810845564
            ],
            [
              121.59876538006729,
              45.37832817192058
            ]
          ]
        ]
      },
      "properties": {
        "biomass": 152.59249877929688,
        "min_biomass": 94.74747467041016,
        "max_biomass": 219.6055908203125,
        "timestamp": "20260513_120248",
        "grid_id": "408_336"
      }
    },
    {
      "type": "Feature",
      "geometry": {
        "type": "Polygon",
        "coordinates": [
          [
            [
              121.60793163886238,
              45.37795795373026
            ],
            [
              121.61709771939965,
              45.37758700229026
            ],
            [
              121.61657094255223,
              45.37112710482916
            ],
            [
              121.6074058987554,
              45.371497973185654
            ],
            [
              121.60793163886238,
              45.37795795373026
            ]
          ]
        ]
      },
      "properties": {
        "biomass": 174.79676818847656,
        "min_biomass": 116.61463928222656,
        "max_biomass": 242.5459747314453,
        "timestamp": "20260513_120248",
        "grid_id": "408_360"
      }
    },
    {
      "type": "Feature",
      "geometry": {
        "type": "Polygon",
        "coordinates": [
          [
            [
              121.61709771939965,
              45.37758700229026
            ],
            [
              121.6262636213307,
              45.37721531763832
            ],
            [
              121.625735807817,
              45.37075550342383
            ],
            [
              121.61657094255223,
              45.37112710482916
            ],
            [
              121.61709771939965,
              45.37758700229026
            ]
          ]
        ]
      },
      "properties": {
        "biomass": 192.50851440429688,
        "min_biomass": 137.00039672851562,
        "max_biomass": 258.2096862792969,
        "timestamp": "20260513_120248",
        "grid_id": "408_384"
      }
    },
    {
      "type": "Feature",
      "geometry": {
        "type": "Polygon",
        "coordinates": [
          [
            [
              121.6262636213307,
              45.37721531763832
            ],
            [
              121.63542934430718,
              45.37684289981222
            ],
            [
              121.6349004942014,
              45.37038316900747
            ],
            [
              121.625735807817,
              45.37075550342383
            ],
            [
              121.6262636213307,
              45.37721531763832
            ]
          ]
        ]
      },
      "properties": {
        "biomass": 193.57989501953125,
        "min_biomass": 122.70051574707031,
        "max_biomass": 269.6560363769531,
        "timestamp": "20260513_120248",
        "grid_id": "408_408"
      }
    },
    {
      "type": "Feature",
      "geometry": {
        "type": "Polygon",
        "coordinates": [
          [
            [
              121.63542934430718,
              45.37684289981222
            ],
            [
              121.64459488798073,
              45.376469748849814
            ],
            [
              121.64406500135732,
              45.37001010161792
            ],
            [
              121.6349004942014,
              45.37038316900747
            ],
            [
              121.63542934430718,
              45.37684289981222
            ]
          ]
        ]
      },
      "properties": {
        "biomass": 150.3502655029297,
        "min_biomass": 112.5197525024414,
        "max_biomass": 251.94712829589844,
        "timestamp": "20260513_120248",
        "grid_id": "408_432"
      }
    },
    {
      "type": "Feature",
      "geometry": {
        "type": "Polygon",
        "coordinates": [
          [
            [
              121.64459488798073,
              45.376469748849814
            ],
            [
              121.65376025200308,
              45.37609586478907
            ],
            [
              121.65322932893653,
              45.36963630129311
            ],
            [
              121.64406500135732,
              45.37001010161792
            ],
            [
              121.64459488798073,
              45.376469748849814
            ]
          ]
        ]
      },
      "properties": {
        "biomass": 154.73106384277344,
        "min_biomass": 111.91499328613281,
        "max_biomass": 227.5152587890625,
        "timestamp": "20260513_120248",
        "grid_id": "408_456"
      }
    },
    {
      "type": "Feature",
      "geometry": {
        "type": "Polygon",
        "coordinates": [
          [
            [
              121.65376025200308,
              45.37609586478907
            ],
            [
              121.66292543602596,
              45.37572124766799
            ],
            [
              121.66239347659099,
              45.36926176807105
            ],
            [
              121.65322932893653,
              45.36963630129311
            ],
            [
              121.65376025200308,
              45.37609586478907
            ]
          ]
        ]
      },
      "properties": {
        "biomass": 159.42422485351562,
        "min_biomass": 120.98700714111328,
        "max_biomass": 238.25424194335938,
        "timestamp": "20260513_120248",
        "grid_id": "408_480"
      }
    },
    {
      "type": "Feature",
      "geometry": {
        "type": "Polygon",
        "coordinates": [
          [
            [
              121.66292543602596,
              45.37572124766799
            ],
            [
              121.67209043970118,
              45.375345897524674
            ],
            [
              121.67155744397262,
              45.3688865019898
            ],
            [
              121.66239347659099,
              45.36926176807105
            ],
            [
              121.66292543602596,
              45.37572124766799
            ]
          ]
        ]
      },
      "properties": {
        "biomass": 188.25674438476562,
        "min_biomass": 152.33114624023438,
        "max_biomass": 223.25596618652344,
        "timestamp": "20260513_120248",
        "grid_id": "408_504"
      }
    },
    {
      "type": "Feature",
      "geometry": {
        "type": "Polygon",
        "coordinates": [
          [
            [
              121.67209043970118,
              45.375345897524674
            ],
            [
              121.68125526268058,
              45.37496981439727
            ],
            [
              121.68072123073341,
              45.36851050308751
            ],
            [
              121.67155744397262,
              45.3688865019898
            ],
            [
              121.67209043970118,
              45.375345897524674
            ]
          ]
        ]
      },
      "properties": {
        "biomass": 181.73736572265625,
        "min_biomass": 160.89341735839844,
        "max_biomass": 198.7288818359375,
        "timestamp": "20260513_120248",
        "grid_id": "408_528"
      }
    },
    {
      "type": "Feature",
      "geometry": {
        "type": "Polygon",
        "coordinates": [
          [
            [
              121.46990905488286,
              45.37697300720819
            ],
            [
              121.47907673484372,
              45.376613139067835
            ],
            [
              121.4785656901088,
              45.37015200064346
            ],
            [
              121.46939904763414,
              45.37051178816725
            ],
            [
              121.46990905488286,
              45.37697300720819
            ]
          ]
        ]
      },
      "properties": {
        "biomass": 142.99961853027344,
        "min_biomass": 142.99961853027344,
        "max_biomass": 142.99961853027344,
        "timestamp": "20260513_120248",
        "grid_id": "432_0"
      }
    },
    {
      "type": "Feature",
      "geometry": {
        "type": "Polygon",
        "coordinates": [
          [
            [
              121.47907673484372,
              45.376613139067835
            ],
            [
              121.48824424150112,
              45.37625253732076
            ],
            [
              121.48773215935196,
              45.369791479676245
            ],
            [
              121.4785656901088,
              45.37015200064346
            ],
            [
              121.47907673484372,
              45.376613139067835
            ]
          ]
        ]
      },
      "properties": {
        "biomass": 153.4995574951172,
        "min_biomass": 100.0606689453125,
        "max_biomass": 234.53062438964844,
        "timestamp": "20260513_120248",
        "grid_id": "432_24"
      }
    },
    {
      "type": "Feature",
      "geometry": {
        "type": "Polygon",
        "coordinates": [
          [
            [
              121.48824424150112,
              45.37625253732076
            ],
            [
              121.49741157450623,
              45.37589120200362
            ],
            [
              121.49689845501493,
              45.36943022530226
            ],
            [
              121.48773215935196,
              45.369791479676245
            ],
            [
              121.48824424150112,
              45.37625253732076
            ]
          ]
        ]
      },
      "properties": {
        "biomass": 205.7530517578125,
        "min_biomass": 135.8866729736328,
        "max_biomass": 317.9753723144531,
        "timestamp": "20260513_120248",
        "grid_id": "432_48"
      }
    },
    {
      "type": "Feature",
      "geometry": {
        "type": "Polygon",
        "coordinates": [
          [
            [
              121.49741157450623,
              45.37589120200362
            ],
            [
              121.50657873351021,
              45.37552913315319
            ],
            [
              121.50606457674897,
              45.36906823755828
            ],
            [
              121.49689845501493,
              45.36943022530226
            ],
            [
              121.49741157450623,
              45.37589120200362
            ]
          ]
        ]
      },
      "properties": {
        "biomass": 150.928466796875,
        "min_biomass": 100.2535629272461,
        "max_biomass": 252.86988830566406,
        "timestamp": "20260513_120248",
        "grid_id": "432_72"
      }
    },
    {
      "type": "Feature",
      "geometry": {
        "type": "Polygon",
        "coordinates": [
          [
            [
              121.50657873351021,
              45.37552913315319
            ],
            [
              121.51574571816428,
              45.375166330806266
            ],
            [
              121.51523052420545,
              45.36870551648109
            ],
            [
              121.50606457674897,
              45.36906823755828
            ],
            [
              121.50657873351021,
              45.37552913315319
            ]
          ]
        ]
      },
      "properties": {
        "biomass": 145.78927612304688,
        "min_biomass": 93.76429748535156,
        "max_biomass": 290.48822021484375,
        "timestamp": "20260513_120248",
        "grid_id": "432_96"
      }
    },
    {
      "type": "Feature",
      "geometry": {
        "type": "Polygon",
        "coordinates": [
          [
            [
              121.51574571816428,
              45.375166330806266
            ],
            [
              121.52491252811969,
              45.37480279499978
            ],
            [
              121.52439629703579,
              45.36834206210761
            ],
            [
              121.51523052420545,
              45.36870551648109
            ],
            [
              121.51574571816428,
              45.375166330806266
            ]
          ]
        ]
      },
      "properties": {
        "biomass": 106.25749969482422,
        "min_biomass": 93.54753875732422,
        "max_biomass": 124.9750747680664,
        "timestamp": "20260513_120248",
        "grid_id": "432_120"
      }
    },
    {
      "type": "Feature",
      "geometry": {
        "type": "Polygon",
        "coordinates": [
          [
            [
              121.52491252811969,
              45.37480279499978
            ],
            [
              121.5340791630277,
              45.374438525770685
            ],
            [
              121.53356189489138,
              45.36797787447477
            ],
            [
              121.52439629703579,
              45.36834206210761
            ],
            [
              121.52491252811969,
              45.37480279499978
            ]
          ]
        ]
      },
      "properties": {
        "biomass": 104.29153442382812,
        "min_biomass": 93.52950286865234,
        "max_biomass": 127.16604614257812,
        "timestamp": "20260513_120248",
        "grid_id": "432_144"
      }
    },
    {
      "type": "Feature",
      "geometry": {
        "type": "Polygon",
        "coordinates": [
          [
            [
              121.5340791630277,
              45.374438525770685
            ],
            [
              121.54324562253967,
              45.37407352315605
            ],
            [
              121.54272731742373,
              45.3676129536196
            ],
            [
              121.53356189489138,
              45.36797787447477
            ],
            [
              121.5340791630277,
              45.374438525770685
            ]
          ]
        ]
      },
      "properties": {
        "biomass": 150.62657165527344,
        "min_biomass": 94.65602111816406,
        "max_biomass": 207.82077026367188,
        "timestamp": "20260513_120248",
        "grid_id": "432_168"
      }
    },
    {
      "type": "Feature",
      "geometry": {
        "type": "Polygon",
        "coordinates": [
          [
            [
              121.54324562253967,
              45.37407352315605
            ],
            [
              121.55241190630696,
              45.373707787193
            ],
            [
              121.55189256428434,
              45.367247299579226
            ],
            [
              121.54272731742373,
              45.3676129536196
            ],
            [
              121.54324562253967,
              45.37407352315605
            ]
          ]
        ]
      },
      "properties": {
        "biomass": 192.58018493652344,
        "min_biomass": 134.8069305419922,
        "max_biomass": 245.03321838378906,
        "timestamp": "20260513_120248",
        "grid_id": "432_192"
      }
    },
    {
      "type": "Feature",
      "geometry": {
        "type": "Polygon",
        "coordinates": [
          [
            [
              121.55241190630696,
              45.373707787193
            ],
            [
              121.56157801398103,
              45.373341317918694
            ],
            [
              121.56105763512478,
              45.36688091239081
            ],
            [
              121.55189256428434,
              45.367247299579226
            ],
            [
              121.55241190630696,
              45.373707787193
            ]
          ]
        ]
      },
      "properties": {
        "biomass": 171.59376525878906,
        "min_biomass": 136.90420532226562,
        "max_biomass": 211.7954864501953,
        "timestamp": "20260513_120248",
        "grid_id": "432_216"
      }
    },
    {
      "type": "Feature",
      "geometry": {
        "type": "Polygon",
        "coordinates": [
          [
            [
              121.56157801398103,
              45.373341317918694
            ],
            [
              121.57074394521331,
              45.37297411537043
            ],
            [
              121.57022252959669,
              45.366513792091624
            ],
            [
              121.56105763512478,
              45.36688091239081
            ],
            [
              121.56157801398103,
              45.373341317918694
            ]
          ]
        ]
      },
      "properties": {
        "biomass": 147.18414306640625,
        "min_biomass": 110.87999725341797,
        "max_biomass": 200.00489807128906,
        "timestamp": "20260513_120248",
        "grid_id": "432_240"
      }
    },
    {
      "type": "Feature",
      "geometry": {
        "type": "Polygon",
        "coordinates": [
          [
            [
              121.57074394521331,
              45.37297411537043
            ],
            [
              121.5799096996553,
              45.37260617958555
            ],
            [
              121.57938724735165,
              45.36614593871899
            ],
            [
              121.57022252959669,
              45.366513792091624
            ],
            [
              121.57074394521331,
              45.37297411537043
            ]
          ]
        ]
      },
      "properties": {
        "biomass": 115.31038665771484,
        "min_biomass": 93.64625549316406,
        "max_biomass": 144.21046447753906,
        "timestamp": "20260513_120248",
        "grid_id": "432_264"
      }
    },
    {
      "type": "Feature",
      "geometry": {
        "type": "Polygon",
        "coordinates": [
          [
            [
              121.5799096996553,
              45.37260617958555
            ],
            [
              121.58907527695858,
              45.37223751060146
            ],
            [
              121.58855178804141,
              45.365777352310296
            ],
            [
              121.57938724735165,
              45.36614593871899
            ],
            [
              121.5799096996553,
              45.37260617958555
            ]
          ]
        ]
      },
      "properties": {
        "biomass": 107.46025085449219,
        "min_biomass": 93.48656463623047,
        "max_biomass": 138.69435119628906,
        "timestamp": "20260513_120248",
        "grid_id": "432_288"
      }
    },
    {
      "type": "Feature",
      "geometry": {
        "type": "Polygon",
        "coordinates": [
          [
            [
              121.58907527695858,
              45.37223751060146
            ],
            [
              121.59824067677474,
              45.37186810845564
            ],
            [
              121.59771615131768,
              45.365408032903034
            ],
            [
              121.58855178804141,
              45.365777352310296
            ],
            [
              121.58907527695858,
              45.37223751060146
            ]
          ]
        ]
      },
      "properties": {
        "biomass": 105.30184936523438,
        "min_biomass": 93.51692199707031,
        "max_biomass": 147.07855224609375,
        "timestamp": "20260513_120248",
        "grid_id": "432_312"
      }
    },
    {
      "type": "Feature",
      "geometry": {
        "type": "Polygon",
        "coordinates": [
          [
            [
              121.59824067677474,
              45.37186810845564
            ],
            [
              121.6074058987554,
              45.371497973185654
            ],
            [
              121.60688033683226,
              45.36503798053473
            ],
            [
              121.59771615131768,
              45.365408032903034
            ],
            [
              121.59824067677474,
              45.37186810845564
            ]
          ]
        ]
      },
      "properties": {
        "biomass": 116.74736022949219,
        "min_biomass": 93.51383209228516,
        "max_biomass": 190.6712188720703,
        "timestamp": "20260513_120248",
        "grid_id": "432_336"
      }
    },
    {
      "type": "Feature",
      "geometry": {
        "type": "Polygon",
        "coordinates": [
          [
            [
              121.6074058987554,
              45.371497973185654
            ],
            [
              121.61657094255223,
              45.37112710482916
            ],
            [
              121.61604434423695,
              45.364667195243015
            ],
            [
              121.60688033683226,
              45.36503798053473
            ],
            [
              121.6074058987554,
              45.371497973185654
            ]
          ]
        ]
      },
      "properties": {
        "biomass": 154.302978515625,
        "min_biomass": 93.94757080078125,
        "max_biomass": 241.1531219482422,
        "timestamp": "20260513_120248",
        "grid_id": "432_360"
      }
    },
    {
      "type": "Feature",
      "geometry": {
        "type": "Polygon",
        "coordinates": [
          [
            [
              121.61657094255223,
              45.37112710482916
            ],
            [
              121.625735807817,
              45.37075550342383
            ],
            [
              121.62520817318362,
              45.36429567706558
            ],
            [
              121.61604434423695,
              45.364667195243015
            ],
            [
              121.61657094255223,
              45.37112710482916
            ]
          ]
        ]
      },
      "properties": {
        "biomass": 148.09320068359375,
        "min_biomass": 110.33876037597656,
        "max_biomass": 220.15713500976562,
        "timestamp": "20260513_120248",
        "grid_id": "432_384"
      }
    },
    {
      "type": "Feature",
      "geometry": {
        "type": "Polygon",
        "coordinates": [
          [
            [
              121.625735807817,
              45.37075550342383
            ],
            [
              121.6349004942014,
              45.37038316900747
            ],
            [
              121.63437182332416,
              45.36392342604019
            ],
            [
              121.62520817318362,
              45.36429567706558
            ],
            [
              121.625735807817,
              45.37075550342383
            ]
          ]
        ]
      },
      "properties": {
        "biomass": 167.02430725097656,
        "min_biomass": 115.90011596679688,
        "max_biomass": 267.95977783203125,
        "timestamp": "20260513_120248",
        "grid_id": "432_408"
      }
    },
    {
      "type": "Feature",
      "geometry": {
        "type": "Polygon",
        "coordinates": [
          [
            [
              121.6349004942014,
              45.37038316900747
            ],
            [
              121.64406500135732,
              45.37001010161792
            ],
            [
              121.64353529431057,
              45.363550442204684
            ],
            [
              121.63437182332416,
              45.36392342604019
            ],
            [
              121.6349004942014,
              45.37038316900747
            ]
          ]
        ]
      },
      "properties": {
        "biomass": 197.6493682861328,
        "min_biomass": 138.9501190185547,
        "max_biomass": 265.3437194824219,
        "timestamp": "20260513_120248",
        "grid_id": "432_432"
      }
    },
    {
      "type": "Feature",
      "geometry": {
        "type": "Polygon",
        "coordinates": [
          [
            [
              121.64406500135732,
              45.37001010161792
            ],
            [
              121.65322932893653,
              45.36963630129311
            ],
            [
              121.65269858579478,
              45.363176725596965
            ],
            [
              121.64353529431057,
              45.363550442204684
            ],
            [
              121.64406500135732,
              45.37001010161792
            ]
          ]
        ]
      },
      "properties": {
        "biomass": 196.57977294921875,
        "min_biomass": 142.8082275390625,
        "max_biomass": 239.33270263671875,
        "timestamp": "20260513_120248",
        "grid_id": "432_456"
      }
    },
    {
      "type": "Feature",
      "geometry": {
        "type": "Polygon",
        "coordinates": [
          [
            [
              121.65322932893653,
              45.36963630129311
            ],
            [
              121.66239347659099,
              45.36926176807105
            ],
            [
              121.66186169742889,
              45.36280227625504
            ],
            [
              121.65269858579478,
              45.363176725596965
            ],
            [
              121.65322932893653,
              45.36963630129311
            ]
          ]
        ]
      },
      "properties": {
        "biomass": 173.25640869140625,
        "min_biomass": 127.3751220703125,
        "max_biomass": 240.16848754882812,
        "timestamp": "20260513_120248",
        "grid_id": "432_480"
      }
    },
    {
      "type": "Feature",
      "geometry": {
        "type": "Polygon",
        "coordinates": [
          [
            [
              121.66239347659099,
              45.36926176807105
            ],
            [
              121.67155744397262,
              45.3688865019898
            ],
            [
              121.67102462886494,
              45.362427094216955
            ],
            [
              121.66186169742889,
              45.36280227625504
            ],
            [
              121.66239347659099,
              45.36926176807105
            ]
          ]
        ]
      },
      "properties": {
        "biomass": 192.52255249023438,
        "min_biomass": 150.48728942871094,
        "max_biomass": 233.64797973632812,
        "timestamp": "20260513_120248",
        "grid_id": "432_504"
      }
    },
    {
      "type": "Feature",
      "geometry": {
        "type": "Polygon",
        "coordinates": [
          [
            [
              121.67155744397262,
              45.3688865019898
            ],
            [
              121.68072123073341,
              45.36851050308751
            ],
            [
              121.68018737975508,
              45.36205117952083
            ],
            [
              121.67102462886494,
              45.362427094216955
            ],
            [
              121.67155744397262,
              45.3688865019898
            ]
          ]
        ]
      },
      "properties": {
        "biomass": 184.728271484375,
        "min_biomass": 169.3367919921875,
        "max_biomass": 219.936767578125,
        "timestamp": "20260513_120248",
        "grid_id": "432_528"
      }
    },
    {
      "type": "Feature",
      "geometry": {
        "type": "Polygon",
        "coordinates": [
          [
            [
              121.46939904763414,
              45.37051178816725
            ],
            [
              121.4785656901088,
              45.37015200064346
            ],
            [
              121.47805481860537,
              45.36369085037272
            ],
            [
              121.46888921326814,
              45.36405055729812
            ],
            [
              121.46939904763414,
              45.37051178816725
            ]
          ]
        ]
      },
      "properties": {
        "biomass": 154.81883239746094,
        "min_biomass": 116.86065673828125,
        "max_biomass": 228.24351501464844,
        "timestamp": "20260513_120248",
        "grid_id": "456_0"
      }
    },
    {
      "type": "Feature",
      "geometry": {
        "type": "Polygon",
        "coordinates": [
          [
            [
              121.4785656901088,
              45.37015200064346
            ],
            [
              121.48773215935196,
              45.369791479676245
            ],
            [
              121.48722025078305,
              45.36333041016719
            ],
            [
              121.47805481860537,
              45.36369085037272
            ],
            [
              121.4785656901088,
              45.37015200064346
            ]
          ]
        ]
      },
      "properties": {
        "biomass": 119.06573486328125,
        "min_biomass": 96.22455596923828,
        "max_biomass": 159.0999298095703,
        "timestamp": "20260513_120248",
        "grid_id": "456_24"
      }
    },
    {
      "type": "Feature",
      "geometry": {
        "type": "Polygon",
        "coordinates": [
          [
            [
              121.48773215935196,
              45.369791479676245
            ],
            [
              121.49689845501493,
              45.36943022530226
            ],
            [
              121.49638550945252,
              45.362969236718165
            ],
            [
              121.48722025078305,
              45.36333041016719
            ],
            [
              121.48773215935196,
              45.369791479676245
            ]
          ]
        ]
      },
      "properties": {
        "biomass": 132.4146270751953,
        "min_biomass": 93.8324966430664,
        "max_biomass": 209.25213623046875,
        "timestamp": "20260513_120248",
        "grid_id": "456_48"
      }
    },
    {
      "type": "Feature",
      "geometry": {
        "type": "Polygon",
        "coordinates": [
          [
            [
              121.49689845501493,
              45.36943022530226
            ],
            [
              121.50606457674897,
              45.36906823755828
            ],
            [
              121.5055505942653,
              45.362607330062374
            ],
            [
              121.49638550945252,
              45.362969236718165
            ],
            [
              121.49689845501493,
              45.36943022530226
            ]
          ]
        ]
      },
      "properties": {
        "biomass": 208.24923706054688,
        "min_biomass": 123.43156433105469,
        "max_biomass": 289.9159851074219,
        "timestamp": "20260513_120248",
        "grid_id": "456_72"
      }
    },
    {
      "type": "Feature",
      "geometry": {
        "type": "Polygon",
        "coordinates": [
          [
            [
              121.50606457674897,
              45.36906823755828
            ],
            [
              121.51523052420545,
              45.36870551648109
            ],
            [
              121.51471550487283,
              45.36224469023664
            ],
            [
              121.5055505942653,
              45.362607330062374
            ],
            [
              121.50606457674897,
              45.36906823755828
            ]
          ]
        ]
      },
      "properties": {
        "biomass": 169.0565643310547,
        "min_biomass": 102.53211212158203,
        "max_biomass": 302.69122314453125,
        "timestamp": "20260513_120248",
        "grid_id": "456_96"
      }
    },
    {
      "type": "Feature",
      "geometry": {
        "type": "Polygon",
        "coordinates": [
          [
            [
              121.51523052420545,
              45.36870551648109
            ],
            [
              121.52439629703579,
              45.36834206210761
            ],
            [
              121.52388024092663,
              45.361881317277806
            ],
            [
              121.51471550487283,
              45.36224469023664
            ],
            [
              121.51523052420545,
              45.36870551648109
            ]
          ]
        ]
      },
      "properties": {
        "biomass": 104.80709075927734,
        "min_biomass": 93.55972290039062,
        "max_biomass": 121.77833557128906,
        "timestamp": "20260513_120248",
        "grid_id": "456_120"
      }
    },
    {
      "type": "Feature",
      "geometry": {
        "type": "Polygon",
        "coordinates": [
          [
            [
              121.52439629703579,
              45.36834206210761
            ],
            [
              121.53356189489138,
              45.36797787447477
            ],
            [
              121.53304480207834,
              45.36151721122283
            ],
            [
              121.52388024092663,
              45.361881317277806
            ],
            [
              121.52439629703579,
              45.36834206210761
            ]
          ]
        ]
      },
      "properties": {
        "biomass": 105.31541442871094,
        "min_biomass": 93.71630096435547,
        "max_biomass": 130.40289306640625,
        "timestamp": "20260513_120248",
        "grid_id": "456_144"
      }
    },
    {
      "type": "Feature",
      "geometry": {
        "type": "Polygon",
        "coordinates": [
          [
            [
              121.53356189489138,
              45.36797787447477
            ],
            [
              121.54272731742373,
              45.3676129536196
            ],
            [
              121.54220918797954,
              45.36115237210874
            ],
            [
              121.53304480207834,
              45.36151721122283
            ],
            [
              121.53356189489138,
              45.36797787447477
            ]
          ]
        ]
      },
      "properties": {
        "biomass": 135.73684692382812,
        "min_biomass": 94.21723937988281,
        "max_biomass": 201.28045654296875,
        "timestamp": "20260513_120248",
        "grid_id": "456_168"
      }
    },
    {
      "type": "Feature",
      "geometry": {
        "type": "Polygon",
        "coordinates": [
          [
            [
              121.54272731742373,
              45.3676129536196
            ],
            [
              121.55189256428434,
              45.367247299579226
            ],
            [
              121.55137339828188,
              45.36078679997261
            ],
            [
              121.54220918797954,
              45.36115237210874
            ],
            [
              121.54272731742373,
              45.3676129536196
            ]
          ]
        ]
      },
      "properties": {
        "biomass": 183.54473876953125,
        "min_biomass": 127.25523376464844,
        "max_biomass": 234.60484313964844,
        "timestamp": "20260513_120248",
        "grid_id": "456_192"
      }
    },
    {
      "type": "Feature",
      "geometry": {
        "type": "Polygon",
        "coordinates": [
          [
            [
              121.55189256428434,
              45.367247299579226
            ],
            [
              121.56105763512478,
              45.36688091239081
            ],
            [
              121.56053743263712,
              45.36042049485161
            ],
            [
              121.55137339828188,
              45.36078679997261
            ],
            [
              121.55189256428434,
              45.367247299579226
            ]
          ]
        ]
      },
      "properties": {
        "biomass": 185.19940185546875,
        "min_biomass": 127.88821411132812,
        "max_biomass": 231.2423095703125,
        "timestamp": "20260513_120248",
        "grid_id": "456_216"
      }
    },
    {
      "type": "Feature",
      "geometry": {
        "type": "Polygon",
        "coordinates": [
          [
            [
              121.56105763512478,
              45.36688091239081
            ],
            [
              121.57022252959669,
              45.366513792091624
            ],
            [
              121.56970129069695,
              45.360053456783
            ],
            [
              121.56053743263712,
              45.36042049485161
            ],
            [
              121.56105763512478,
              45.36688091239081
            ]
          ]
        ]
      },
      "properties": {
        "biomass": 142.71334838867188,
        "min_biomass": 111.96595764160156,
        "max_biomass": 202.85684204101562,
        "timestamp": "20260513_120248",
        "grid_id": "456_240"
      }
    },
    {
      "type": "Feature",
      "geometry": {
        "type": "Polygon",
        "coordinates": [
          [
            [
              121.57022252959669,
              45.366513792091624
            ],
            [
              121.57938724735165,
              45.36614593871899
            ],
            [
              121.57886497211321,
              45.35968568580407
            ],
            [
              121.56970129069695,
              45.360053456783
            ],
            [
              121.57022252959669,
              45.366513792091624
            ]
          ]
        ]
      },
      "properties": {
        "biomass": 122.15503692626953,
        "min_biomass": 93.61212158203125,
        "max_biomass": 179.18312072753906,
        "timestamp": "20260513_120248",
        "grid_id": "456_264"
      }
    },
    {
      "type": "Feature",
      "geometry": {
        "type": "Polygon",
        "coordinates": [
          [
            [
              121.57938724735165,
              45.36614593871899
            ],
            [
              121.58855178804141,
              45.365777352310296
            ],
            [
              121.58802847653773,
              45.35931718195219
            ],
            [
              121.57886497211321,
              45.35968568580407
            ],
            [
              121.57938724735165,
              45.36614593871899
            ]
          ]
        ]
      },
      "properties": {
        "biomass": 120.84718322753906,
        "min_biomass": 93.58097076416016,
        "max_biomass": 184.85226440429688,
        "timestamp": "20260513_120248",
        "grid_id": "456_288"
      }
    },
    {
      "type": "Feature",
      "geometry": {
        "type": "Polygon",
        "coordinates": [
          [
            [
              121.58855178804141,
              45.365777352310296
            ],
            [
              121.59771615131768,
              45.365408032903034
            ],
            [
              121.59719180362234,
              45.35894794526486
            ],
            [
              121.58802847653773,
              45.35931718195219
            ],
            [
              121.58855178804141,
              45.365777352310296
            ]
          ]
        ]
      },
      "properties": {
        "biomass": 147.1907196044922,
        "min_biomass": 101.36612701416016,
        "max_biomass": 241.44020080566406,
        "timestamp": "20260513_120248",
        "grid_id": "456_312"
      }
    },
    {
      "type": "Feature",
      "geometry": {
        "type": "Polygon",
        "coordinates": [
          [
            [
              121.59771615131768,
              45.365408032903034
            ],
            [
              121.60688033683226,
              45.36503798053473
            ],
            [
              121.606354953019,
              45.35857797577958
            ],
            [
              121.59719180362234,
              45.35894794526486
            ],
            [
              121.59771615131768,
              45.365408032903034
            ]
          ]
        ]
      },
      "properties": {
        "biomass": 125.68428802490234,
        "min_biomass": 96.65203857421875,
        "max_biomass": 162.49769592285156,
        "timestamp": "20260513_120248",
        "grid_id": "456_336"
      }
    },
    {
      "type": "Feature",
      "geometry": {
        "type": "Polygon",
        "coordinates": [
          [
            [
              121.60688033683226,
              45.36503798053473
            ],
            [
              121.61604434423695,
              45.364667195243015
            ],
            [
              121.61551792437967,
              45.35820727353397
            ],
            [
              121.606354953019,
              45.35857797577958
            ],
            [
              121.60688033683226,
              45.36503798053473
            ]
          ]
        ]
      },
      "properties": {
        "biomass": 117.62328338623047,
        "min_biomass": 93.81497192382812,
        "max_biomass": 162.00518798828125,
        "timestamp": "20260513_120248",
        "grid_id": "456_360"
      }
    },
    {
      "type": "Feature",
      "geometry": {
        "type": "Polygon",
        "coordinates": [
          [
            [
              121.61604434423695,
              45.364667195243015
            ],
            [
              121.62520817318362,
              45.36429567706558
            ],
            [
              121.62468071735634,
              45.3578358385657
            ],
            [
              121.61551792437967,
              45.35820727353397
            ],
            [
              121.61604434423695,
              45.364667195243015
            ]
          ]
        ]
      },
      "properties": {
        "biomass": 115.68514251708984,
        "min_biomass": 96.99394989013672,
        "max_biomass": 141.19862365722656,
        "timestamp": "20260513_120248",
        "grid_id": "456_384"
      }
    },
    {
      "type": "Feature",
      "geometry": {
        "type": "Polygon",
        "coordinates": [
          [
            [
              121.62520817318362,
              45.36429567706558
            ],
            [
              121.63437182332416,
              45.36392342604019
            ],
            [
              121.63384333160108,
              45.357463670912516
            ],
            [
              121.62468071735634,
              45.3578358385657
            ],
            [
              121.62520817318362,
              45.36429567706558
            ]
          ]
        ]
      },
      "properties": {
        "biomass": 129.239013671875,
        "min_biomass": 99.69197845458984,
        "max_biomass": 180.9028778076172,
        "timestamp": "20260513_120248",
        "grid_id": "456_408"
      }
    },
    {
      "type": "Feature",
      "geometry": {
        "type": "Polygon",
        "coordinates": [
          [
            [
              121.63437182332416,
              45.36392342604019
            ],
            [
              121.64353529431057,
              45.363550442204684
            ],
            [
              121.64300576676598,
              45.35709077061225
            ],
            [
              121.63384333160108,
              45.357463670912516
            ],
            [
              121.63437182332416,
              45.36392342604019
            ]
          ]
        ]
      },
      "properties": {
        "biomass": 182.39447021484375,
        "min_biomass": 130.51341247558594,
        "max_biomass": 261.1295166015625,
        "timestamp": "20260513_120248",
        "grid_id": "456_432"
      }
    },
    {
      "type": "Feature",
      "geometry": {
        "type": "Polygon",
        "coordinates": [
          [
            [
              121.64353529431057,
              45.363550442204684
            ],
            [
              121.65269858579478,
              45.363176725596965
            ],
            [
              121.65216802250318,
              45.35671713770281
            ],
            [
              121.64300576676598,
              45.35709077061225
            ],
            [
              121.64353529431057,
              45.363550442204684
            ]
          ]
        ]
      },
      "properties": {
        "biomass": 202.81979370117188,
        "min_biomass": 157.90496826171875,
        "max_biomass": 263.55828857421875,
        "timestamp": "20260513_120248",
        "grid_id": "456_456"
      }
    },
    {
      "type": "Feature",
      "geometry": {
        "type": "Polygon",
        "coordinates": [
          [
            [
              121.65269858579478,
              45.363176725596965
            ],
            [
              121.66186169742889,
              45.36280227625504
            ],
            [
              121.66133009846482,
              45.356342772222135
            ],
            [
              121.65216802250318,
              45.35671713770281
            ],
            [
              121.65269858579478,
              45.363176725596965
            ]
          ]
        ]
      },
      "properties": {
        "biomass": 174.87753295898438,
        "min_biomass": 126.20821380615234,
        "max_biomass": 230.27737426757812,
        "timestamp": "20260513_120248",
        "grid_id": "456_480"
      }
    },
    {
      "type": "Feature",
      "geometry": {
        "type": "Polygon",
        "coordinates": [
          [
            [
              121.66186169742889,
              45.36280227625504
            ],
            [
              121.67102462886494,
              45.362427094216955
            ],
            [
              121.67049199430316,
              45.355967674208294
            ],
            [
              121.66133009846482,
              45.356342772222135
            ],
            [
              121.66186169742889,
              45.36280227625504
            ]
          ]
        ]
      },
      "properties": {
        "biomass": 190.68832397460938,
        "min_biomass": 144.5951385498047,
        "max_biomass": 228.95755004882812,
        "timestamp": "20260513_120248",
        "grid_id": "456_504"
      }
    },
    {
      "type": "Feature",
      "geometry": {
        "type": "Polygon",
        "coordinates": [
          [
            [
              121.46888921326814,
              45.36405055729812
            ],
            [
              121.47805481860537,
              45.36369085037272
            ],
            [
              121.47754412026157,
              45.35722968825765
            ],
            [
              121.46837955171308,
              45.35758931460278
            ],
            [
              121.46888921326814,
              45.36405055729812
            ]
          ]
        ]
      },
      "properties": {
        "biomass": 189.20648193359375,
        "min_biomass": 125.59356689453125,
        "max_biomass": 297.5742492675781,
        "timestamp": "20260513_120248",
        "grid_id": "480_0"
      }
    },
    {
      "type": "Feature",
      "geometry": {
        "type": "Polygon",
        "coordinates": [
          [
            [
              121.47805481860537,
              45.36369085037272
            ],
            [
              121.48722025078305,
              45.36333041016719
            ],
            [
              121.48670851572233,
              45.356869328795604
            ],
            [
              121.47754412026157,
              45.35722968825765
            ],
            [
              121.47805481860537,
              45.36369085037272
            ]
          ]
        ]
      },
      "properties": {
        "biomass": 137.08322143554688,
        "min_biomass": 94.37155151367188,
        "max_biomass": 204.5731201171875,
        "timestamp": "20260513_120248",
        "grid_id": "480_24"
      }
    },
    {
      "type": "Feature",
      "geometry": {
        "type": "Polygon",
        "coordinates": [
          [
            [
              121.48722025078305,
              45.36333041016719
            ],
            [
              121.49638550945252,
              45.362969236718165
            ],
            [
              121.49587273774686,
              45.356508236253326
            ],
            [
              121.48670851572233,
              45.356869328795604
            ],
            [
              121.48722025078305,
              45.36333041016719
            ]
          ]
        ]
      },
      "properties": {
        "biomass": 109.8137435913086,
        "min_biomass": 93.84127807617188,
        "max_biomass": 143.43563842773438,
        "timestamp": "20260513_120248",
        "grid_id": "480_48"
      }
    },
    {
      "type": "Feature",
      "geometry": {
        "type": "Polygon",
        "coordinates": [
          [
            [
              121.49638550945252,
              45.362969236718165
            ],
            [
              121.5055505942653,
              45.362607330062374
            ],
            [
              121.50503678598686,
              45.356146410667485
            ],
            [
              121.49587273774686,
              45.356508236253326
            ],
            [
              121.49638550945252,
              45.362969236718165
            ]
          ]
        ]
      },
      "properties": {
        "biomass": 172.75282287597656,
        "min_biomass": 95.24732971191406,
        "max_biomass": 268.71148681640625,
        "timestamp": "20260513_120248",
        "grid_id": "480_72"
      }
    },
    {
      "type": "Feature",
      "geometry": {
        "type": "Polygon",
        "coordinates": [
          [
            [
              121.5055505942653,
              45.362607330062374
            ],
            [
              121.51471550487283,
              45.36224469023664
            ],
            [
              121.51420066009386,
              45.35578385207491
            ],
            [
              121.50503678598686,
              45.356146410667485
            ],
            [
              121.5055505942653,
              45.362607330062374
            ]
          ]
        ]
      },
      "properties": {
        "biomass": 134.1189727783203,
        "min_biomass": 93.53338623046875,
        "max_biomass": 289.2355041503906,
        "timestamp": "20260513_120248",
        "grid_id": "480_96"
      }
    },
    {
      "type": "Feature",
      "geometry": {
        "type": "Polygon",
        "coordinates": [
          [
            [
              121.51471550487283,
              45.36224469023664
            ],
            [
              121.52388024092663,
              45.361881317277806
            ],
            [
              121.52336435971961,
              45.355420560512414
            ],
            [
              121.51420066009386,
              45.35578385207491
            ],
            [
              121.51471550487283,
              45.36224469023664
            ]
          ]
        ]
      },
      "properties": {
        "biomass": 104.16934204101562,
        "min_biomass": 93.48704528808594,
        "max_biomass": 118.84765625,
        "timestamp": "20260513_120248",
        "grid_id": "480_120"
      }
    },
    {
      "type": "Feature",
      "geometry": {
        "type": "Polygon",
        "coordinates": [
          [
            [
              121.52388024092663,
              45.361881317277806
            ],
            [
              121.53304480207834,
              45.36151721122283
            ],
            [
              121.53252788451579,
              45.35505653601695
            ],
            [
              121.52336435971961,
              45.355420560512414
            ],
            [
              121.52388024092663,
              45.361881317277806
            ]
          ]
        ]
      },
      "properties": {
        "biomass": 106.1778564453125,
        "min_biomass": 93.49959564208984,
        "max_biomass": 127.97834014892578,
        "timestamp": "20260513_120248",
        "grid_id": "480_144"
      }
    },
    {
      "type": "Feature",
      "geometry": {
        "type": "Polygon",
        "coordinates": [
          [
            [
              121.53304480207834,
              45.36151721122283
            ],
            [
              121.54220918797954,
              45.36115237210874
            ],
            [
              121.54169123413418,
              45.354691778625536
            ],
            [
              121.53252788451579,
              45.35505653601695
            ],
            [
              121.53304480207834,
              45.36151721122283
            ]
          ]
        ]
      },
      "properties": {
        "biomass": 110.04151153564453,
        "min_biomass": 93.6203384399414,
        "max_biomass": 145.27301025390625,
        "timestamp": "20260513_120248",
        "grid_id": "480_168"
      }
    },
    {
      "type": "Feature",
      "geometry": {
        "type": "Polygon",
        "coordinates": [
          [
            [
              121.54220918797954,
              45.36115237210874
            ],
            [
              121.55137339828188,
              45.36078679997261
            ],
            [
              121.55085440822657,
              45.354326288375226
            ],
            [
              121.54169123413418,
              45.354691778625536
            ],
            [
              121.54220918797954,
              45.36115237210874
            ]
          ]
        ]
      },
      "properties": {
        "biomass": 140.56689453125,
        "min_biomass": 105.53244018554688,
        "max_biomass": 219.57479858398438,
        "timestamp": "20260513_120248",
        "grid_id": "480_192"
      }
    },
    {
      "type": "Feature",
      "geometry": {
        "type": "Polygon",
        "coordinates": [
          [
            [
              121.55137339828188,
              45.36078679997261
            ],
            [
              121.56053743263712,
              45.36042049485161
            ],
            [
              121.56001740644486,
              45.35396006530318
            ],
            [
              121.55085440822657,
              45.354326288375226
            ],
            [
              121.55137339828188,
              45.36078679997261
            ]
          ]
        ]
      },
      "properties": {
        "biomass": 174.06785583496094,
        "min_biomass": 109.78242492675781,
        "max_biomass": 244.41748046875,
        "timestamp": "20260513_120248",
        "grid_id": "480_216"
      }
    },
    {
      "type": "Feature",
      "geometry": {
        "type": "Polygon",
        "coordinates": [
          [
            [
              121.56053743263712,
              45.36042049485161
            ],
            [
              121.56970129069695,
              45.360053456783
            ],
            [
              121.56918022844086,
              45.35359310944662
            ],
            [
              121.56001740644486,
              45.35396006530318
            ],
            [
              121.56053743263712,
              45.36042049485161
            ]
          ]
        ]
      },
      "properties": {
        "biomass": 131.40150451660156,
        "min_biomass": 104.30325317382812,
        "max_biomass": 179.84104919433594,
        "timestamp": "20260513_120248",
        "grid_id": "480_240"
      }
    },
    {
      "type": "Feature",
      "geometry": {
        "type": "Polygon",
        "coordinates": [
          [
            [
              121.56970129069695,
              45.360053456783
            ],
            [
              121.57886497211321,
              45.35968568580407
            ],
            [
              121.57834287386656,
              45.353225420842854
            ],
            [
              121.56918022844086,
              45.35359310944662
            ],
            [
              121.56970129069695,
              45.360053456783
            ]
          ]
        ]
      },
      "properties": {
        "biomass": 108.49517059326172,
        "min_biomass": 93.51508331298828,
        "max_biomass": 135.66978454589844,
        "timestamp": "20260513_120248",
        "grid_id": "480_264"
      }
    },
    {
      "type": "Feature",
      "geometry": {
        "type": "Polygon",
        "coordinates": [
          [
            [
              121.57886497211321,
              45.35968568580407
            ],
            [
              121.58802847653773,
              45.35931718195219
            ],
            [
              121.58750534237392,
              45.35285699952924
            ],
            [
              121.57834287386656,
              45.353225420842854
            ],
            [
              121.57886497211321,
              45.35968568580407
            ]
          ]
        ]
      },
      "properties": {
        "biomass": 170.91632080078125,
        "min_biomass": 101.55278778076172,
        "max_biomass": 220.21067810058594,
        "timestamp": "20260513_120248",
        "grid_id": "480_288"
      }
    },
    {
      "type": "Feature",
      "geometry": {
        "type": "Polygon",
        "coordinates": [
          [
            [
              121.58802847653773,
              45.35931718195219
            ],
            [
              121.59719180362234,
              45.35894794526486
            ],
            [
              121.59666763361496,
              45.35248784554322
            ],
            [
              121.58750534237392,
              45.35285699952924
            ],
            [
              121.58802847653773,
              45.35931718195219
            ]
          ]
        ]
      },
      "properties": {
        "biomass": 180.47047424316406,
        "min_biomass": 138.18113708496094,
        "max_biomass": 232.33041381835938,
        "timestamp": "20260513_120248",
        "grid_id": "480_312"
      }
    },
    {
      "type": "Feature",
      "geometry": {
        "type": "Polygon",
        "coordinates": [
          [
            [
              121.59719180362234,
              45.35894794526486
            ],
            [
              121.606354953019,
              45.35857797577958
            ],
            [
              121.60582974724174,
              45.35211795892232
            ],
            [
              121.59666763361496,
              45.35248784554322
            ],
            [
              121.59719180362234,
              45.35894794526486
            ]
          ]
        ]
      },
      "properties": {
        "biomass": 153.23973083496094,
        "min_biomass": 115.26939392089844,
        "max_biomass": 216.923095703125,
        "timestamp": "20260513_120248",
        "grid_id": "480_336"
      }
    },
    {
      "type": "Feature",
      "geometry": {
        "type": "Polygon",
        "coordinates": [
          [
            [
              121.606354953019,
              45.35857797577958
            ],
            [
              121.61551792437967,
              45.35820727353397
            ],
            [
              121.61499168290639,
              45.351747339704126
            ],
            [
              121.60582974724174,
              45.35211795892232
            ],
            [
              121.606354953019,
              45.35857797577958
            ]
          ]
        ]
      },
      "properties": {
        "biomass": 159.78260803222656,
        "min_biomass": 118.65158081054688,
        "max_biomass": 235.30535888671875,
        "timestamp": "20260513_120248",
        "grid_id": "480_360"
      }
    },
    {
      "type": "Feature",
      "geometry": {
        "type": "Polygon",
        "coordinates": [
          [
            [
              121.61551792437967,
              45.35820727353397
            ],
            [
              121.62468071735634,
              45.3578358385657
            ],
            [
              121.62415344026103,
              45.3513759879263
            ],
            [
              121.61499168290639,
              45.351747339704126
            ],
            [
              121.61551792437967,
              45.35820727353397
            ]
          ]
        ]
      },
      "properties": {
        "biomass": 126.95542907714844,
        "min_biomass": 100.4329833984375,
        "max_biomass": 160.93714904785156,
        "timestamp": "20260513_120248",
        "grid_id": "480_384"
      }
    },
    {
      "type": "Feature",
      "geometry": {
        "type": "Polygon",
        "coordinates": [
          [
            [
              121.62468071735634,
              45.3578358385657
            ],
            [
              121.63384333160108,
              45.357463670912516
            ],
            [
              121.63331501895786,
              45.35100390362658
            ],
            [
              121.62415344026103,
              45.3513759879263
            ],
            [
              121.62468071735634,
              45.3578358385657
            ]
          ]
        ]
      },
      "properties": {
        "biomass": 160.463623046875,
        "min_biomass": 116.21443176269531,
        "max_biomass": 218.8651123046875,
        "timestamp": "20260513_120248",
        "grid_id": "480_408"
      }
    },
    {
      "type": "Feature",
      "geometry": {
        "type": "Polygon",
        "coordinates": [
          [
            [
              121.63384333160108,
              45.357463670912516
            ],
            [
              121.64300576676598,
              45.35709077061225
            ],
            [
              121.64247641864912,
              45.350631086842775
            ],
            [
              121.63331501895786,
              45.35100390362658
            ],
            [
              121.63384333160108,
              45.357463670912516
            ]
          ]
        ]
      },
      "properties": {
        "biomass": 202.96124267578125,
        "min_biomass": 153.68446350097656,
        "max_biomass": 263.1785888671875,
        "timestamp": "20260513_120248",
        "grid_id": "480_432"
      }
    },
    {
      "type": "Feature",
      "geometry": {
        "type": "Polygon",
        "coordinates": [
          [
            [
              121.64300576676598,
              45.35709077061225
            ],
            [
              121.65216802250318,
              45.35671713770281
            ],
            [
              121.65163763898707,
              45.35025753761276
            ],
            [
              121.64247641864912,
              45.350631086842775
            ],
            [
              121.64300576676598,
              45.35709077061225
            ]
          ]
        ]
      },
      "properties": {
        "biomass": 197.3385467529297,
        "min_biomass": 141.2184600830078,
        "max_biomass": 246.46957397460938,
        "timestamp": "20260513_120248",
        "grid_id": "480_456"
      }
    },
    {
      "type": "Feature",
      "geometry": {
        "type": "Polygon",
        "coordinates": [
          [
            [
              121.46837955171308,
              45.35758931460278
            ],
            [
              121.47754412026157,
              45.35722968825765
            ],
            [
              121.4770335950055,
              45.35076851430021
            ],
            [
              121.4678700628973,
              45.351128060083234
            ],
            [
              121.46837955171308,
              45.35758931460278
            ]
          ]
        ]
      },
      "properties": {
        "biomass": 203.90931701660156,
        "min_biomass": 133.14390563964844,
        "max_biomass": 308.62554931640625,
        "timestamp": "20260513_120248",
        "grid_id": "504_0"
      }
    },
    {
      "type": "Feature",
      "geometry": {
        "type": "Polygon",
        "coordinates": [
          [
            [
              121.47754412026157,
              45.35722968825765
            ],
            [
              121.48670851572233,
              45.356869328795604
            ],
            [
              121.48619695409778,
              45.35040823556352
            ],
            [
              121.4770335950055,
              45.35076851430021
            ],
            [
              121.47754412026157,
              45.35722968825765
            ]
          ]
        ]
      },
      "properties": {
        "biomass": 130.51707458496094,
        "min_biomass": 94.8251953125,
        "max_biomass": 273.0460205078125,
        "timestamp": "20260513_120248",
        "grid_id": "504_24"
      }
    },
    {
      "type": "Feature",
      "geometry": {
        "type": "Polygon",
        "coordinates": [
          [
            [
              121.48670851572233,
              45.356869328795604
            ],
            [
              121.49587273774686,
              45.356508236253326
            ],
            [
              121.49536013982583,
              45.350047223909755
            ],
            [
              121.48619695409778,
              45.35040823556352
            ],
            [
              121.48670851572233,
              45.356869328795604
            ]
          ]
        ]
      },
      "properties": {
        "biomass": 116.51628112792969,
        "min_biomass": 93.60797882080078,
        "max_biomass": 174.0010223388672,
        "timestamp": "20260513_120248",
        "grid_id": "504_48"
      }
    },
    {
      "type": "Feature",
      "geometry": {
        "type": "Polygon",
        "coordinates": [
          [
            [
              121.49587273774686,
              45.356508236253326
            ],
            [
              121.50503678598686,
              45.356146410667485
            ],
            [
              121.50452315184138,
              45.349685479375644
            ],
            [
              121.49536013982583,
              45.350047223909755
            ],
            [
              121.49587273774686,
              45.356508236253326
            ]
          ]
        ]
      },
      "properties": {
        "biomass": 105.70928192138672,
        "min_biomass": 93.57400512695312,
        "max_biomass": 136.60780334472656,
        "timestamp": "20260513_120248",
        "grid_id": "504_72"
      }
    },
    {
      "type": "Feature",
      "geometry": {
        "type": "Polygon",
        "coordinates": [
          [
            [
              121.50503678598686,
              45.356146410667485
            ],
            [
              121.51420066009386,
              45.35578385207491
            ],
            [
              121.51368598979622,
              45.349323001997924
            ],
            [
              121.50452315184138,
              45.349685479375644
            ],
            [
              121.50503678598686,
              45.356146410667485
            ]
          ]
        ]
      },
      "properties": {
        "biomass": 102.68318939208984,
        "min_biomass": 93.56742095947266,
        "max_biomass": 122.39266967773438,
        "timestamp": "20260513_120248",
        "grid_id": "504_96"
      }
    },
    {
      "type": "Feature",
      "geometry": {
        "type": "Polygon",
        "coordinates": [
          [
            [
              121.51420066009386,
              45.35578385207491
            ],
            [
              121.52336435971961,
              45.355420560512414
            ],
            [
              121.52284865334215,
              45.34895979181347
            ],
            [
              121.51368598979622,
              45.349323001997924
            ],
            [
              121.51420066009386,
              45.35578385207491
            ]
          ]
        ]
      },
      "properties": {
        "biomass": 107.90913391113281,
        "min_biomass": 93.51561737060547,
        "max_biomass": 121.0771484375,
        "timestamp": "20260513_120248",
        "grid_id": "504_120"
      }
    },
    {
      "type": "Feature",
      "geometry": {
        "type": "Polygon",
        "coordinates": [
          [
            [
              121.52336435971961,
              45.355420560512414
            ],
            [
              121.53252788451579,
              45.35505653601695
            ],
            [
              121.53201114213104,
              45.34859584885917
            ],
            [
              121.52284865334215,
              45.34895979181347
            ],
            [
              121.52336435971961,
              45.355420560512414
            ]
          ]
        ]
      },
      "properties": {
        "biomass": 111.1499252319336,
        "min_biomass": 93.50869750976562,
        "max_biomass": 133.40438842773438,
        "timestamp": "20260513_120248",
        "grid_id": "504_144"
      }
    },
    {
      "type": "Feature",
      "geometry": {
        "type": "Polygon",
        "coordinates": [
          [
            [
              121.53252788451579,
              45.35505653601695
            ],
            [
              121.54169123413418,
              45.354691778625536
            ],
            [
              121.54117345581481,
              45.348231173172046
            ],
            [
              121.53201114213104,
              45.34859584885917
            ],
            [
              121.53252788451579,
              45.35505653601695
            ]
          ]
        ]
      },
      "properties": {
        "biomass": 154.92678833007812,
        "min_biomass": 107.66120910644531,
        "max_biomass": 219.1182861328125,
        "timestamp": "20260513_120248",
        "grid_id": "504_168"
      }
    },
    {
      "type": "Feature",
      "geometry": {
        "type": "Polygon",
        "coordinates": [
          [
            [
              121.54169123413418,
              45.354691778625536
            ],
            [
              121.55085440822657,
              45.354326288375226
            ],
            [
              121.55033559404541,
              45.34786576478913
            ],
            [
              121.54117345581481,
              45.348231173172046
            ],
            [
              121.54169123413418,
              45.354691778625536
            ]
          ]
        ]
      },
      "properties": {
        "biomass": 161.62420654296875,
        "min_biomass": 114.96739196777344,
        "max_biomass": 236.81051635742188,
        "timestamp": "20260513_120248",
        "grid_id": "504_192"
      }
    },
    {
      "type": "Feature",
      "geometry": {
        "type": "Polygon",
        "coordinates": [
          [
            [
              121.55085440822657,
              45.354326288375226
            ],
            [
              121.56001740644486,
              45.35396006530318
            ],
            [
              121.55949755647482,
              45.34749962374758
            ],
            [
              121.55033559404541,
              45.34786576478913
            ],
            [
              121.55085440822657,
              45.354326288375226
            ]
          ]
        ]
      },
      "properties": {
        "biomass": 132.19749450683594,
        "min_biomass": 93.71179962158203,
        "max_biomass": 177.96803283691406,
        "timestamp": "20260513_120248",
        "grid_id": "504_216"
      }
    },
    {
      "type": "Feature",
      "geometry": {
        "type": "Polygon",
        "coordinates": [
          [
            [
              121.56001740644486,
              45.35396006530318
            ],
            [
              121.56918022844086,
              45.35359310944662
            ],
            [
              121.56865934275505,
              45.3471327500846
            ],
            [
              121.55949755647482,
              45.34749962374758
            ],
            [
              121.56001740644486,
              45.35396006530318
            ]
          ]
        ]
      },
      "properties": {
        "biomass": 113.30117797851562,
        "min_biomass": 93.55855560302734,
        "max_biomass": 146.40101623535156,
        "timestamp": "20260513_120248",
        "grid_id": "504_240"
      }
    },
    {
      "type": "Feature",
      "geometry": {
        "type": "Polygon",
        "coordinates": [
          [
            [
              121.56918022844086,
              45.35359310944662
            ],
            [
              121.57834287386656,
              45.353225420842854
            ],
            [
              121.57782095253825,
              45.34676514383745
            ],
            [
              121.56865934275505,
              45.3471327500846
            ],
            [
              121.56918022844086,
              45.35359310944662
            ]
          ]
        ]
      },
      "properties": {
        "biomass": 107.79495239257812,
        "min_biomass": 93.58789825439453,
        "max_biomass": 150.13876342773438,
        "timestamp": "20260513_120248",
        "grid_id": "504_264"
      }
    },
    {
      "type": "Feature",
      "geometry": {
        "type": "Polygon",
        "coordinates": [
          [
            [
              121.57834287386656,
              45.353225420842854
            ],
            [
              121.58750534237392,
              45.35285699952924
            ],
            [
              121.58698238547643,
              45.34639680504354
            ],
            [
              121.57782095253825,
              45.34676514383745
            ],
            [
              121.57834287386656,
              45.353225420842854
            ]
          ]
        ]
      },
      "properties": {
        "biomass": 150.23497009277344,
        "min_biomass": 93.767578125,
        "max_biomass": 216.66209411621094,
        "timestamp": "20260513_120248",
        "grid_id": "504_288"
      }
    },
    {
      "type": "Feature",
      "geometry": {
        "type": "Polygon",
        "coordinates": [
          [
            [
              121.58750534237392,
              45.35285699952924
            ],
            [
              121.59666763361496,
              45.35248784554322
            ],
            [
              121.59614364122184,
              45.346027733740236
            ],
            [
              121.58698238547643,
              45.34639680504354
            ],
            [
              121.58750534237392,
              45.35285699952924
            ]
          ]
        ]
      },
      "properties": {
        "biomass": 184.36643981933594,
        "min_biomass": 139.76321411132812,
        "max_biomass": 239.75296020507812,
        "timestamp": "20260513_120248",
        "grid_id": "504_312"
      }
    },
    {
      "type": "Feature",
      "geometry": {
        "type": "Polygon",
        "coordinates": [
          [
            [
              121.59666763361496,
              45.35248784554322
            ],
            [
              121.60582974724174,
              45.35211795892232
            ],
            [
              121.60530471942666,
              45.34565792996507
            ],
            [
              121.59614364122184,
              45.346027733740236
            ],
            [
              121.59666763361496,
              45.35248784554322
            ]
          ]
        ]
      },
      "properties": {
        "biomass": 168.4021759033203,
        "min_biomass": 141.468505859375,
        "max_biomass": 216.9808349609375,
        "timestamp": "20260513_120248",
        "grid_id": "504_336"
      }
    },
    {
      "type": "Feature",
      "geometry": {
        "type": "Polygon",
        "coordinates": [
          [
            [
              121.60582974724174,
              45.35211795892232
            ],
            [
              121.61499168290639,
              45.351747339704126
            ],
            [
              121.61446561974313,
              45.345287393755626
            ],
            [
              121.60530471942666,
              45.34565792996507
            ],
            [
              121.60582974724174,
              45.35211795892232
            ]
          ]
        ]
      },
      "properties": {
        "biomass": 164.09718322753906,
        "min_biomass": 128.9387664794922,
        "max_biomass": 208.79026794433594,
        "timestamp": "20260513_120248",
        "grid_id": "504_360"
      }
    },
    {
      "type": "Feature",
      "geometry": {
        "type": "Polygon",
        "coordinates": [
          [
            [
              121.61499168290639,
              45.351747339704126
            ],
            [
              121.62415344026103,
              45.3513759879263
            ],
            [
              121.62362634182352,
              45.34491612514954
            ],
            [
              121.61446561974313,
              45.345287393755626
            ],
            [
              121.61499168290639,
              45.351747339704126
            ]
          ]
        ]
      },
      "properties": {
        "biomass": 162.51695251464844,
        "min_biomass": 113.07674407958984,
        "max_biomass": 235.54217529296875,
        "timestamp": "20260513_120248",
        "grid_id": "504_384"
      }
    },
    {
      "type": "Feature",
      "geometry": {
        "type": "Polygon",
        "coordinates": [
          [
            [
              121.62415344026103,
              45.3513759879263
            ],
            [
              121.63331501895786,
              45.35100390362658
            ],
            [
              121.63278688532021,
              45.34454412418453
            ],
            [
              121.62362634182352,
              45.34491612514954
            ],
            [
              121.62415344026103,
              45.3513759879263
            ]
          ]
        ]
      },
      "properties": {
        "biomass": 196.96194458007812,
        "min_biomass": 123.32352447509766,
        "max_biomass": 261.2029724121094,
        "timestamp": "20260513_120248",
        "grid_id": "504_408"
      }
    },
    {
      "type": "Feature",
      "geometry": {
        "type": "Polygon",
        "coordinates": [
          [
            [
              121.63331501895786,
              45.35100390362658
            ],
            [
              121.64247641864912,
              45.350631086842775
            ],
            [
              121.64194724988555,
              45.34417139089839
            ],
            [
              121.63278688532021,
              45.34454412418453
            ],
            [
              121.63331501895786,
              45.35100390362658
            ]
          ]
        ]
      },
      "properties": {
        "biomass": 190.1087646484375,
        "min_biomass": 136.1830291748047,
        "max_biomass": 243.8464813232422,
        "timestamp": "20260513_120248",
        "grid_id": "504_432"
      }
    },
    {
      "type": "Feature",
      "geometry": {
        "type": "Polygon",
        "coordinates": [
          [
            [
              121.64247641864912,
              45.350631086842775
            ],
            [
              121.65163763898707,
              45.35025753761276
            ],
            [
              121.65110743517198,
              45.34379792532901
            ],
            [
              121.64194724988555,
              45.34417139089839
            ],
            [
              121.64247641864912,
              45.350631086842775
            ]
          ]
        ]
      },
      "properties": {
        "biomass": 196.50404357910156,
        "min_biomass": 153.90994262695312,
        "max_biomass": 245.24415588378906,
        "timestamp": "20260513_120248",
        "grid_id": "504_456"
      }
    },
    {
      "type": "Feature",
      "geometry": {
        "type": "Polygon",
        "coordinates": [
          [
            [
              121.4678700628973,
              45.351128060083234
            ],
            [
              121.4770335950055,
              45.35076851430021
            ],
            [
              121.47652324276537,
              45.344307328502424
            ],
            [
              121.4673607467491,
              45.34466679374145
            ],
            [
              121.4678700628973,
              45.351128060083234
            ]
          ]
        ]
      },
      "properties": {
        "biomass": 198.28053283691406,
        "min_biomass": 153.2240447998047,
        "max_biomass": 272.4970703125,
        "timestamp": "20260513_120248",
        "grid_id": "528_0"
      }
    },
    {
      "type": "Feature",
      "geometry": {
        "type": "Polygon",
        "coordinates": [
          [
            [
              121.4770335950055,
              45.35076851430021
            ],
            [
              121.48619695409778,
              45.35040823556352
            ],
            [
              121.48568556583749,
              45.3439471304729
            ],
            [
              121.47652324276537,
              45.344307328502424
            ],
            [
              121.4770335950055,
              45.35076851430021
            ]
          ]
        ]
      },
      "properties": {
        "biomass": 158.02426147460938,
        "min_biomass": 117.02425384521484,
        "max_biomass": 295.4068603515625,
        "timestamp": "20260513_120248",
        "grid_id": "528_24"
      }
    },
    {
      "type": "Feature",
      "geometry": {
        "type": "Polygon",
        "coordinates": [
          [
            [
              121.48619695409778,
              45.35040823556352
            ],
            [
              121.49536013982583,
              45.350047223909755
            ],
            [
              121.49484771561728,
              45.343586199689476
            ],
            [
              121.48568556583749,
              45.3439471304729
            ],
            [
              121.48619695409778,
              45.35040823556352
            ]
          ]
        ]
      },
      "properties": {
        "biomass": 179.4696502685547,
        "min_biomass": 129.23683166503906,
        "max_biomass": 242.88270568847656,
        "timestamp": "20260513_120248",
        "grid_id": "528_48"
      }
    },
    {
      "type": "Feature",
      "geometry": {
        "type": "Polygon",
        "coordinates": [
          [
            [
              121.49536013982583,
              45.350047223909755
            ],
            [
              121.50452315184138,
              45.349685479375644
            ],
            [
              121.50400969175662,
              45.34322453618883
            ],
            [
              121.49484771561728,
              45.343586199689476
            ],
            [
              121.49536013982583,
              45.350047223909755
            ]
          ]
        ]
      },
      "properties": {
        "biomass": 128.07957458496094,
        "min_biomass": 94.32984924316406,
        "max_biomass": 204.27650451660156,
        "timestamp": "20260513_120248",
        "grid_id": "528_72"
      }
    },
    {
      "type": "Feature",
      "geometry": {
        "type": "Polygon",
        "coordinates": [
          [
            [
              121.50452315184138,
              45.349685479375644
            ],
            [
              121.51368598979622,
              45.349323001997924
            ],
            [
              121.51317149390746,
              45.34286214000773
            ],
            [
              121.50400969175662,
              45.34322453618883
            ],
            [
              121.50452315184138,
              45.349685479375644
            ]
          ]
        ]
      },
      "properties": {
        "biomass": 107.26416778564453,
        "min_biomass": 93.49561309814453,
        "max_biomass": 133.26170349121094,
        "timestamp": "20260513_120248",
        "grid_id": "528_96"
      }
    },
    {
      "type": "Feature",
      "geometry": {
        "type": "Polygon",
        "coordinates": [
          [
            [
              121.51368598979622,
              45.349323001997924
            ],
            [
              121.52284865334215,
              45.34895979181347
            ],
            [
              121.52233312172173,
              45.342499011182994
            ],
            [
              121.51317149390746,
              45.34286214000773
            ],
            [
              121.51368598979622,
              45.349323001997924
            ]
          ]
        ]
      },
      "properties": {
        "biomass": 108.71399688720703,
        "min_biomass": 93.52320098876953,
        "max_biomass": 126.32051849365234,
        "timestamp": "20260513_120248",
        "grid_id": "528_120"
      }
    },
    {
      "type": "Feature",
      "geometry": {
        "type": "Polygon",
        "coordinates": [
          [
            [
              121.52284865334215,
              45.34895979181347
            ],
            [
              121.53201114213104,
              45.34859584885917
            ],
            [
              121.53149457485145,
              45.34213514975153
            ],
            [
              121.52233312172173,
              45.342499011182994
            ],
            [
              121.52284865334215,
              45.34895979181347
            ]
          ]
        ]
      },
      "properties": {
        "biomass": 106.24221801757812,
        "min_biomass": 93.50005340576172,
        "max_biomass": 127.84784698486328,
        "timestamp": "20260513_120248",
        "grid_id": "528_144"
      }
    },
    {
      "type": "Feature",
      "geometry": {
        "type": "Polygon",
        "coordinates": [
          [
            [
              121.53201114213104,
              45.34859584885917
            ],
            [
              121.54117345581481,
              45.348231173172046
            ],
            [
              121.54065585294865,
              45.34177055575031
            ],
            [
              121.53149457485145,
              45.34213514975153
            ],
            [
              121.53201114213104,
              45.34859584885917
            ]
          ]
        ]
      },
      "properties": {
        "biomass": 130.00770568847656,
        "min_biomass": 93.48583221435547,
        "max_biomass": 219.05062866210938,
        "timestamp": "20260513_120248",
        "grid_id": "528_168"
      }
    },
    {
      "type": "Feature",
      "geometry": {
        "type": "Polygon",
        "coordinates": [
          [
            [
              121.54117345581481,
              45.348231173172046
            ],
            [
              121.55033559404541,
              45.34786576478913
            ],
            [
              121.54981695566545,
              45.34140522921638
            ],
            [
              121.54065585294865,
              45.34177055575031
            ],
            [
              121.54117345581481,
              45.348231173172046
            ]
          ]
        ]
      },
      "properties": {
        "biomass": 137.58168029785156,
        "min_biomass": 96.32823944091797,
        "max_biomass": 197.2701873779297,
        "timestamp": "20260513_120248",
        "grid_id": "528_192"
      }
    },
    {
      "type": "Feature",
      "geometry": {
        "type": "Polygon",
        "coordinates": [
          [
            [
              121.55033559404541,
              45.34786576478913
            ],
            [
              121.55949755647482,
              45.34749962374758
            ],
            [
              121.55897788265395,
              45.341039170186875
            ],
            [
              121.54981695566545,
              45.34140522921638
            ],
            [
              121.55033559404541,
              45.34786576478913
            ]
          ]
        ]
      },
      "properties": {
        "biomass": 149.21145629882812,
        "min_biomass": 110.84272766113281,
        "max_biomass": 227.86038208007812,
        "timestamp": "20260513_120248",
        "grid_id": "528_216"
      }
    },
    {
      "type": "Feature",
      "geometry": {
        "type": "Polygon",
        "coordinates": [
          [
            [
              121.55949755647482,
              45.34749962374758
            ],
            [
              121.56865934275505,
              45.3471327500846
            ],
            [
              121.56813863356635,
              45.34067237869897
            ],
            [
              121.55897788265395,
              45.341039170186875
            ],
            [
              121.55949755647482,
              45.34749962374758
            ]
          ]
        ]
      },
      "properties": {
        "biomass": 163.740966796875,
        "min_biomass": 115.33428192138672,
        "max_biomass": 230.3477783203125,
        "timestamp": "20260513_120248",
        "grid_id": "528_240"
      }
    },
    {
      "type": "Feature",
      "geometry": {
        "type": "Polygon",
        "coordinates": [
          [
            [
              121.56865934275505,
              45.3471327500846
            ],
            [
              121.57782095253825,
              45.34676514383745
            ],
            [
              121.57729920805487,
              45.34030485478995
            ],
            [
              121.56813863356635,
              45.34067237869897
            ],
            [
              121.56865934275505,
              45.3471327500846
            ]
          ]
        ]
      },
      "properties": {
        "biomass": 122.79917907714844,
        "min_biomass": 93.95758056640625,
        "max_biomass": 167.30067443847656,
        "timestamp": "20260513_120248",
        "grid_id": "528_264"
      }
    },
    {
      "type": "Feature",
      "geometry": {
        "type": "Polygon",
        "coordinates": [
          [
            [
              121.57782095253825,
              45.34676514383745
            ],
            [
              121.58698238547643,
              45.34639680504354
            ],
            [
              121.58645960577176,
              45.339936598497154
            ],
            [
              121.57729920805487,
              45.34030485478995
            ],
            [
              121.57782095253825,
              45.34676514383745
            ]
          ]
        ]
      },
      "properties": {
        "biomass": 113.36339569091797,
        "min_biomass": 93.62196350097656,
        "max_biomass": 176.52354431152344,
        "timestamp": "20260513_120248",
        "grid_id": "528_288"
      }
    },
    {
      "type": "Feature",
      "geometry": {
        "type": "Polygon",
        "coordinates": [
          [
            [
              121.58698238547643,
              45.34639680504354
            ],
            [
              121.59614364122184,
              45.346027733740236
            ],
            [
              121.59561982636933,
              45.339567609857994
            ],
            [
              121.58645960577176,
              45.339936598497154
            ],
            [
              121.58698238547643,
              45.34639680504354
            ]
          ]
        ]
      },
      "properties": {
        "biomass": 153.55474853515625,
        "min_biomass": 93.59827423095703,
        "max_biomass": 245.17037963867188,
        "timestamp": "20260513_120248",
        "grid_id": "528_312"
      }
    },
    {
      "type": "Feature",
      "geometry": {
        "type": "Polygon",
        "coordinates": [
          [
            [
              121.59614364122184,
              45.346027733740236
            ],
            [
              121.60530471942666,
              45.34565792996507
            ],
            [
              121.60477986949992,
              45.33919788890994
            ],
            [
              121.59561982636933,
              45.339567609857994
            ],
            [
              121.59614364122184,
              45.346027733740236
            ]
          ]
        ]
      },
      "properties": {
        "biomass": 188.87130737304688,
        "min_biomass": 133.41725158691406,
        "max_biomass": 248.30728149414062,
        "timestamp": "20260513_120248",
        "grid_id": "528_336"
      }
    },
    {
      "type": "Feature",
      "geometry": {
        "type": "Polygon",
        "coordinates": [
          [
            [
              121.60530471942666,
              45.34565792996507
            ],
            [
              121.61446561974313,
              45.345287393755626
            ],
            [
              121.61393973481592,
              45.33882743569057
            ],
            [
              121.60477986949992,
              45.33919788890994
            ],
            [
              121.60530471942666,
              45.34565792996507
            ]
          ]
        ]
      },
      "properties": {
        "biomass": 174.5738525390625,
        "min_biomass": 133.22329711914062,
        "max_biomass": 240.2078399658203,
        "timestamp": "20260513_120248",
        "grid_id": "528_360"
      }
    },
    {
      "type": "Feature",
      "geometry": {
        "type": "Polygon",
        "coordinates": [
          [
            [
              121.61446561974313,
              45.345287393755626
            ],
            [
              121.62362634182352,
              45.34491612514954
            ],
            [
              121.62309942196977,
              45.33845625023752
            ],
            [
              121.61393973481592,
              45.33882743569057
            ],
            [
              121.61446561974313,
              45.345287393755626
            ]
          ]
        ]
      },
      "properties": {
        "biomass": 181.5905303955078,
        "min_biomass": 133.04347229003906,
        "max_biomass": 233.65846252441406,
        "timestamp": "20260513_120248",
        "grid_id": "528_384"
      }
    },
    {
      "type": "Feature",
      "geometry": {
        "type": "Polygon",
        "coordinates": [
          [
            [
              121.62362634182352,
              45.34491612514954
            ],
            [
              121.63278688532021,
              45.34454412418453
            ],
            [
              121.63225893061393,
              45.33808433258849
            ],
            [
              121.62309942196977,
              45.33845625023752
            ],
            [
              121.62362634182352,
              45.34491612514954
            ]
          ]
        ]
      },
      "properties": {
        "biomass": 200.95616149902344,
        "min_biomass": 144.000732421875,
        "max_biomass": 270.1864318847656,
        "timestamp": "20260513_120248",
        "grid_id": "528_408"
      }
    },
    {
      "type": "Feature",
      "geometry": {
        "type": "Polygon",
        "coordinates": [
          [
            [
              121.63278688532021,
              45.34454412418453
            ],
            [
              121.64194724988555,
              45.34417139089839
            ],
            [
              121.64141826040094,
              45.337711682781254
            ],
            [
              121.63225893061393,
              45.33808433258849
            ],
            [
              121.63278688532021,
              45.34454412418453
            ]
          ]
        ]
      },
      "properties": {
        "biomass": 198.26962280273438,
        "min_biomass": 171.61273193359375,
        "max_biomass": 258.222900390625,
        "timestamp": "20260513_120248",
        "grid_id": "528_432"
      }
    },
    {
      "type": "Feature",
      "geometry": {
        "type": "Polygon",
        "coordinates": [
          [
            [
              121.64194724988555,
              45.34417139089839
            ],
            [
              121.65110743517198,
              45.34379792532901
            ],
            [
              121.65057741098335,
              45.337338300853666
            ],
            [
              121.64141826040094,
              45.337711682781254
            ],
            [
              121.64194724988555,
              45.34417139089839
            ]
          ]
        ]
      },
      "properties": {
        "biomass": 189.5720977783203,
        "min_biomass": 138.994140625,
        "max_biomass": 226.88983154296875,
        "timestamp": "20260513_120248",
        "grid_id": "528_456"
      }
    },
    {
      "type": "Feature",
      "geometry": {
        "type": "Polygon",
        "coordinates": [
          [
            [
              121.65110743517198,
              45.34379792532901
            ],
            [
              121.66026744083193,
              45.34342372751429
            ],
            [
              121.65973638201376,
              45.33696418684367
            ],
            [
              121.65057741098335,
              45.337338300853666
            ],
            [
              121.65110743517198,
              45.34379792532901
            ]
          ]
        ]
      },
      "properties": {
        "biomass": 200.0742950439453,
        "min_biomass": 152.55934143066406,
        "max_biomass": 232.9189453125,
        "timestamp": "20260513_120248",
        "grid_id": "528_480"
      }
    },
    {
      "type": "Feature",
      "geometry": {
        "type": "Polygon",
        "coordinates": [
          [
            [
              121.66026744083193,
              45.34342372751429
            ],
            [
              121.66942726651796,
              45.34304879749227
            ],
            [
              121.66889517314483,
              45.336589340789246
            ],
            [
              121.65973638201376,
              45.33696418684367
            ],
            [
              121.66026744083193,
              45.34342372751429
            ]
          ]
        ]
      },
      "properties": {
        "biomass": 194.5549774169922,
        "min_biomass": 132.93661499023438,
        "max_biomass": 232.10870361328125,
        "timestamp": "20260513_120248",
        "grid_id": "528_504"
      }
    },
    {
      "type": "Feature",
      "geometry": {
        "type": "Polygon",
        "coordinates": [
          [
            [
              121.66942726651796,
              45.34304879749227
            ],
            [
              121.67858691188255,
              45.34267313530104
            ],
            [
              121.67805378402927,
              45.336213762728455
            ],
            [
              121.66889517314483,
              45.336589340789246
            ],
            [
              121.66942726651796,
              45.34304879749227
            ]
          ]
        ]
      },
      "properties": {
        "biomass": 191.02366638183594,
        "min_biomass": 136.9801025390625,
        "max_biomass": 229.27053833007812,
        "timestamp": "20260513_120248",
        "grid_id": "528_528"
      }
    },
    {
      "type": "Feature",
      "geometry": {
        "type": "Polygon",
        "coordinates": [
          [
            [
              121.47652324276537,
              45.344307328502424
            ],
            [
              121.48568556583749,
              45.3439471304729
            ],
            [
              121.48517435086951,
              45.33748601352577
            ],
            [
              121.47601306346941,
              45.337846130866275
            ],
            [
              121.47652324276537,
              45.344307328502424
            ]
          ]
        ]
      },
      "properties": {
        "biomass": 182.55474853515625,
        "min_biomass": 138.53607177734375,
        "max_biomass": 218.57936096191406,
        "timestamp": "20260513_120248",
        "grid_id": "552_24"
      }
    },
    {
      "type": "Feature",
      "geometry": {
        "type": "Polygon",
        "coordinates": [
          [
            [
              121.48568556583749,
              45.3439471304729
            ],
            [
              121.49484771561728,
              45.343586199689476
            ],
            [
              121.49433546504918,
              45.337125163594486
            ],
            [
              121.48517435086951,
              45.33748601352577
            ],
            [
              121.48568556583749,
              45.3439471304729
            ]
          ]
        ]
      },
      "properties": {
        "biomass": 184.13792419433594,
        "min_biomass": 117.27291870117188,
        "max_biomass": 232.15797424316406,
        "timestamp": "20260513_120248",
        "grid_id": "552_48"
      }
    },
    {
      "type": "Feature",
      "geometry": {
        "type": "Polygon",
        "coordinates": [
          [
            [
              121.49484771561728,
              45.343586199689476
            ],
            [
              121.50400969175662,
              45.34322453618883
            ],
            [
              121.5034964056604,
              45.336763581109096
            ],
            [
              121.49433546504918,
              45.337125163594486
            ],
            [
              121.49484771561728,
              45.343586199689476
            ]
          ]
        ]
      },
      "properties": {
        "biomass": 165.20863342285156,
        "min_biomass": 113.63346862792969,
        "max_biomass": 252.25796508789062,
        "timestamp": "20260513_120248",
        "grid_id": "552_72"
      }
    },
    {
      "type": "Feature",
      "geometry": {
        "type": "Polygon",
        "coordinates": [
          [
            [
              121.50400969175662,
              45.34322453618883
            ],
            [
              121.51317149390746,
              45.34286214000773
            ],
            [
              121.51265717235528,
              45.33640126610634
            ],
            [
              121.5034964056604,
              45.336763581109096
            ],
            [
              121.50400969175662,
              45.34322453618883
            ]
          ]
        ]
      },
      "properties": {
        "biomass": 108.47221374511719,
        "min_biomass": 93.48431396484375,
        "max_biomass": 133.50131225585938,
        "timestamp": "20260513_120248",
        "grid_id": "552_96"
      }
    },
    {
      "type": "Feature",
      "geometry": {
        "type": "Polygon",
        "coordinates": [
          [
            [
              121.51317149390746,
              45.34286214000773
            ],
            [
              121.52233312172173,
              45.342499011182994
            ],
            [
              121.52181776478585,
              45.336038218623024
            ],
            [
              121.51265717235528,
              45.33640126610634
            ],
            [
              121.51317149390746,
              45.34286214000773
            ]
          ]
        ]
      },
      "properties": {
        "biomass": 116.74627685546875,
        "min_biomass": 94.38924407958984,
        "max_biomass": 137.87367248535156,
        "timestamp": "20260513_120248",
        "grid_id": "552_120"
      }
    },
    {
      "type": "Feature",
      "geometry": {
        "type": "Polygon",
        "coordinates": [
          [
            [
              121.52233312172173,
              45.342499011182994
            ],
            [
              121.53149457485145,
              45.34213514975153
            ],
            [
              121.53097818260434,
              45.33567443869605
            ],
            [
              121.52181776478585,
              45.336038218623024
            ],
            [
              121.52233312172173,
              45.342499011182994
            ]
          ]
        ]
      },
      "properties": {
        "biomass": 105.67451477050781,
        "min_biomass": 93.56177520751953,
        "max_biomass": 137.83367919921875,
        "timestamp": "20260513_120248",
        "grid_id": "552_144"
      }
    },
    {
      "type": "Feature",
      "geometry": {
        "type": "Polygon",
        "coordinates": [
          [
            [
              121.53149457485145,
              45.34213514975153
            ],
            [
              121.54065585294865,
              45.34177055575031
            ],
            [
              121.54013842546291,
              45.335309926362385
            ],
            [
              121.53097818260434,
              45.33567443869605
            ],
            [
              121.53149457485145,
              45.34213514975153
            ]
          ]
        ]
      },
      "properties": {
        "biomass": 107.16921997070312,
        "min_biomass": 93.55116271972656,
        "max_biomass": 127.85926818847656,
        "timestamp": "20260513_120248",
        "grid_id": "552_168"
      }
    },
    {
      "type": "Feature",
      "geometry": {
        "type": "Polygon",
        "coordinates": [
          [
            [
              121.54065585294865,
              45.34177055575031
            ],
            [
              121.54981695566545,
              45.34140522921638
            ],
            [
              121.54929849301375,
              45.33494468165904
            ],
            [
              121.54013842546291,
              45.335309926362385
            ],
            [
              121.54065585294865,
              45.34177055575031
            ]
          ]
        ]
      },
      "properties": {
        "biomass": 130.95584106445312,
        "min_biomass": 93.7770004272461,
        "max_biomass": 186.5117950439453,
        "timestamp": "20260513_120248",
        "grid_id": "552_192"
      }
    },
    {
      "type": "Feature",
      "geometry": {
        "type": "Polygon",
        "coordinates": [
          [
            [
              121.54981695566545,
              45.34140522921638
            ],
            [
              121.55897788265395,
              45.341039170186875
            ],
            [
              121.5584583849092,
              45.33457870462314
            ],
            [
              121.54929849301375,
              45.33494468165904
            ],
            [
              121.54981695566545,
              45.34140522921638
            ]
          ]
        ]
      },
      "properties": {
        "biomass": 194.2732696533203,
        "min_biomass": 154.6426239013672,
        "max_biomass": 238.9989471435547,
        "timestamp": "20260513_120248",
        "grid_id": "552_216"
      }
    },
    {
      "type": "Feature",
      "geometry": {
        "type": "Polygon",
        "coordinates": [
          [
            [
              121.55897788265395,
              45.341039170186875
            ],
            [
              121.56813863356635,
              45.34067237869897
            ],
            [
              121.56761810080157,
              45.334211995291845
            ],
            [
              121.5584583849092,
              45.33457870462314
            ],
            [
              121.55897788265395,
              45.341039170186875
            ]
          ]
        ]
      },
      "properties": {
        "biomass": 167.51129150390625,
        "min_biomass": 123.40376281738281,
        "max_biomass": 230.10061645507812,
        "timestamp": "20260513_120248",
        "grid_id": "552_240"
      }
    },
    {
      "type": "Feature",
      "geometry": {
        "type": "Polygon",
        "coordinates": [
          [
            [
              121.56813863356635,
              45.34067237869897
            ],
            [
              121.57729920805487,
              45.34030485478995
            ],
            [
              121.57677764034315,
              45.33384455370243
            ],
            [
              121.56761810080157,
              45.334211995291845
            ],
            [
              121.56813863356635,
              45.34067237869897
            ]
          ]
        ]
      },
      "properties": {
        "biomass": 129.37193298339844,
        "min_biomass": 94.11882019042969,
        "max_biomass": 173.81707763671875,
        "timestamp": "20260513_120248",
        "grid_id": "552_264"
      }
    },
    {
      "type": "Feature",
      "geometry": {
        "type": "Polygon",
        "coordinates": [
          [
            [
              121.57729920805487,
              45.34030485478995
            ],
            [
              121.58645960577176,
              45.339936598497154
            ],
            [
              121.58593700318642,
              45.333476379892204
            ],
            [
              121.57677764034315,
              45.33384455370243
            ],
            [
              121.57729920805487,
              45.34030485478995
            ]
          ]
        ]
      },
      "properties": {
        "biomass": 129.89781188964844,
        "min_biomass": 93.6262435913086,
        "max_biomass": 177.97872924804688,
        "timestamp": "20260513_120248",
        "grid_id": "552_288"
      }
    },
    {
      "type": "Feature",
      "geometry": {
        "type": "Polygon",
        "coordinates": [
          [
            [
              121.58645960577176,
              45.339936598497154
            ],
            [
              121.59561982636933,
              45.339567609857994
            ],
            [
              121.59509618898379,
              45.333107473898586
            ],
            [
              121.58593700318642,
              45.333476379892204
            ],
            [
              121.58645960577176,
              45.339936598497154
            ]
          ]
        ]
      },
      "properties": {
        "biomass": 172.1080322265625,
        "min_biomass": 94.62649536132812,
        "max_biomass": 229.33126831054688,
        "timestamp": "20260513_120248",
        "grid_id": "552_312"
      }
    },
    {
      "type": "Feature",
      "geometry": {
        "type": "Polygon",
        "coordinates": [
          [
            [
              121.59561982636933,
              45.339567609857994
            ],
            [
              121.60477986949992,
              45.33919788890994
            ],
            [
              121.60425519738777,
              45.33273783575903
            ],
            [
              121.59509618898379,
              45.333107473898586
            ],
            [
              121.59561982636933,
              45.339567609857994
            ]
          ]
        ]
      },
      "properties": {
        "biomass": 189.45228576660156,
        "min_biomass": 145.28787231445312,
        "max_biomass": 240.68716430664062,
        "timestamp": "20260513_120248",
        "grid_id": "552_336"
      }
    },
    {
      "type": "Feature",
      "geometry": {
        "type": "Polygon",
        "coordinates": [
          [
            [
              121.60477986949992,
              45.33919788890994
            ],
            [
              121.61393973481592,
              45.33882743569057
            ],
            [
              121.61341402805087,
              45.33236746551108
            ],
            [
              121.60425519738777,
              45.33273783575903
            ],
            [
              121.60477986949992,
              45.33919788890994
            ]
          ]
        ]
      },
      "properties": {
        "biomass": 193.7618408203125,
        "min_biomass": 149.2593536376953,
        "max_biomass": 237.88568115234375,
        "timestamp": "20260513_120248",
        "grid_id": "552_360"
      }
    },
    {
      "type": "Feature",
      "geometry": {
        "type": "Polygon",
        "coordinates": [
          [
            [
              121.61393973481592,
              45.33882743569057
            ],
            [
              121.62309942196977,
              45.33845625023752
            ],
            [
              121.62257268062568,
              45.33199636319238
            ],
            [
              121.61341402805087,
              45.33236746551108
            ],
            [
              121.61393973481592,
              45.33882743569057
            ]
          ]
        ]
      },
      "properties": {
        "biomass": 184.78265380859375,
        "min_biomass": 133.5977783203125,
        "max_biomass": 263.5729675292969,
        "timestamp": "20260513_120248",
        "grid_id": "552_384"
      }
    },
    {
      "type": "Feature",
      "geometry": {
        "type": "Polygon",
        "coordinates": [
          [
            [
              121.62309942196977,
              45.33845625023752
            ],
            [
              121.63225893061393,
              45.33808433258849
            ],
            [
              121.6317311547648,
              45.33162452884059
            ],
            [
              121.62257268062568,
              45.33199636319238
            ],
            [
              121.62309942196977,
              45.33845625023752
            ]
          ]
        ]
      },
      "properties": {
        "biomass": 172.45616149902344,
        "min_biomass": 117.31664276123047,
        "max_biomass": 254.30081176757812,
        "timestamp": "20260513_120248",
        "grid_id": "552_408"
      }
    },
    {
      "type": "Feature",
      "geometry": {
        "type": "Polygon",
        "coordinates": [
          [
            [
              121.63225893061393,
              45.33808433258849
            ],
            [
              121.64141826040094,
              45.337711682781254
            ],
            [
              121.6408894501209,
              45.331251962493496
            ],
            [
              121.6317311547648,
              45.33162452884059
            ],
            [
              121.63225893061393,
              45.33808433258849
            ]
          ]
        ]
      },
      "properties": {
        "biomass": 189.7168426513672,
        "min_biomass": 122.48985290527344,
        "max_biomass": 232.32177734375,
        "timestamp": "20260513_120248",
        "grid_id": "552_432"
      }
    },
    {
      "type": "Feature",
      "geometry": {
        "type": "Polygon",
        "coordinates": [
          [
            [
              121.64141826040094,
              45.337711682781254
            ],
            [
              121.65057741098335,
              45.337338300853666
            ],
            [
              121.65004756634669,
              45.33087866418893
            ],
            [
              121.6408894501209,
              45.331251962493496
            ],
            [
              121.64141826040094,
              45.337711682781254
            ]
          ]
        ]
      },
      "properties": {
        "biomass": 186.72769165039062,
        "min_biomass": 121.98816680908203,
        "max_biomass": 256.3695983886719,
        "timestamp": "20260513_120248",
        "grid_id": "552_456"
      }
    },
    {
      "type": "Feature",
      "geometry": {
        "type": "Polygon",
        "coordinates": [
          [
            [
              121.65057741098335,
              45.337338300853666
            ],
            [
              121.65973638201376,
              45.33696418684367
            ],
            [
              121.65920550309492,
              45.33050463396479
            ],
            [
              121.65004756634669,
              45.33087866418893
            ],
            [
              121.65057741098335,
              45.337338300853666
            ]
          ]
        ]
      },
      "properties": {
        "biomass": 188.94480895996094,
        "min_biomass": 123.26142883300781,
        "max_biomass": 252.50436401367188,
        "timestamp": "20260513_120248",
        "grid_id": "552_480"
      }
    },
    {
      "type": "Feature",
      "geometry": {
        "type": "Polygon",
        "coordinates": [
          [
            [
              121.65973638201376,
              45.33696418684367
            ],
            [
              121.66889517314483,
              45.336589340789246
            ],
            [
              121.6683632600184,
              45.330129871859086
            ],
            [
              121.65920550309492,
              45.33050463396479
            ],
            [
              121.65973638201376,
              45.33696418684367
            ]
          ]
        ]
      },
      "properties": {
        "biomass": 201.25669860839844,
        "min_biomass": 145.3236083984375,
        "max_biomass": 243.69712829589844,
        "timestamp": "20260513_120248",
        "grid_id": "552_504"
      }
    },
    {
      "type": "Feature",
      "geometry": {
        "type": "Polygon",
        "coordinates": [
          [
            [
              121.66889517314483,
              45.336589340789246
            ],
            [
              121.67805378402927,
              45.336213762728455
            ],
            [
              121.6775208367699,
              45.32975437790985
            ],
            [
              121.6683632600184,
              45.330129871859086
            ],
            [
              121.66889517314483,
              45.336589340789246
            ]
          ]
        ]
      },
      "properties": {
        "biomass": 191.48193359375,
        "min_biomass": 159.36944580078125,
        "max_biomass": 229.125732421875,
        "timestamp": "20260513_120248",
        "grid_id": "552_528"
      }
    },
    {
      "type": "Feature",
      "geometry": {
        "type": "Polygon",
        "coordinates": [
          [
            [
              121.67805378402927,
              45.336213762728455
            ],
            [
              121.6872122143198,
              45.335837452699465
            ],
            [
              121.68667823300235,
              45.329378152155215
            ],
            [
              121.6775208367699,
              45.32975437790985
            ],
            [
              121.67805378402927,
              45.336213762728455
            ]
          ]
        ]
      },
      "properties": {
        "biomass": 186.22076416015625,
        "min_biomass": 170.61325073242188,
        "max_biomass": 200.47633361816406,
        "timestamp": "20260513_120248",
        "grid_id": "552_552"
      }
    },
    {
      "type": "Feature",
      "geometry": {
        "type": "Polygon",
        "coordinates": [
          [
            [
              121.48517435086951,
              45.33748601352577
            ],
            [
              121.49433546504918,
              45.337125163594486
            ],
            [
              121.4938233880495,
              45.33066411562681
            ],
            [
              121.484663309122,
              45.33102488472412
            ],
            [
              121.48517435086951,
              45.33748601352577
            ]
          ]
        ]
      },
      "properties": {
        "biomass": 184.0341339111328,
        "min_biomass": 165.3906707763672,
        "max_biomass": 197.7600860595703,
        "timestamp": "20260513_120248",
        "grid_id": "576_48"
      }
    },
    {
      "type": "Feature",
      "geometry": {
        "type": "Polygon",
        "coordinates": [
          [
            [
              121.49433546504918,
              45.337125163594486
            ],
            [
              121.5034964056604,
              45.336763581109096
            ],
            [
              121.50298329348055,
              45.330302614138446
            ],
            [
              121.4938233880495,
              45.33066411562681
            ],
            [
              121.49433546504918,
              45.337125163594486
            ]
          ]
        ]
      },
      "properties": {
        "biomass": 167.08201599121094,
        "min_biomass": 94.45254516601562,
        "max_biomass": 271.1158142089844,
        "timestamp": "20260513_120248",
        "grid_id": "576_72"
      }
    },
    {
      "type": "Feature",
      "geometry": {
        "type": "Polygon",
        "coordinates": [
          [
            [
              121.5034964056604,
              45.336763581109096
            ],
            [
              121.51265717235528,
              45.33640126610634
            ],
            [
              121.51214302506735,
              45.329940380295795
            ],
            [
              121.50298329348055,
              45.330302614138446
            ],
            [
              121.5034964056604,
              45.336763581109096
            ]
          ]
        ]
      },
      "properties": {
        "biomass": 106.86833953857422,
        "min_biomass": 93.47359466552734,
        "max_biomass": 139.71478271484375,
        "timestamp": "20260513_120248",
        "grid_id": "576_96"
      }
    },
    {
      "type": "Feature",
      "geometry": {
        "type": "Polygon",
        "coordinates": [
          [
            [
              121.51265717235528,
              45.33640126610634
            ],
            [
              121.52181776478585,
              45.336038218623024
            ],
            [
              121.52130258246214,
              45.32957741413562
            ],
            [
              121.51214302506735,
              45.329940380295795
            ],
            [
              121.51265717235528,
              45.33640126610634
            ]
          ]
        ]
      },
      "properties": {
        "biomass": 111.77565002441406,
        "min_biomass": 93.48895263671875,
        "max_biomass": 132.8898468017578,
        "timestamp": "20260513_120248",
        "grid_id": "576_120"
      }
    },
    {
      "type": "Feature",
      "geometry": {
        "type": "Polygon",
        "coordinates": [
          [
            [
              121.52181776478585,
              45.336038218623024
            ],
            [
              121.53097818260434,
              45.33567443869605
            ],
            [
              121.53046196531719,
              45.32921371569482
            ],
            [
              121.52130258246214,
              45.32957741413562
            ],
            [
              121.52181776478585,
              45.336038218623024
            ]
          ]
        ]
      },
      "properties": {
        "biomass": 104.5998764038086,
        "min_biomass": 93.49927520751953,
        "max_biomass": 124.33967590332031,
        "timestamp": "20260513_120248",
        "grid_id": "576_144"
      }
    },
    {
      "type": "Feature",
      "geometry": {
        "type": "Polygon",
        "coordinates": [
          [
            [
              121.53097818260434,
              45.33567443869605
            ],
            [
              121.54013842546291,
              45.335309926362385
            ],
            [
              121.53962117328486,
              45.32884928501033
            ],
            [
              121.53046196531719,
              45.32921371569482
            ],
            [
              121.53097818260434,
              45.33567443869605
            ]
          ]
        ]
      },
      "properties": {
        "biomass": 103.19019317626953,
        "min_biomass": 93.47687530517578,
        "max_biomass": 121.87834167480469,
        "timestamp": "20260513_120248",
        "grid_id": "576_168"
      }
    },
    {
      "type": "Feature",
      "geometry": {
        "type": "Polygon",
        "coordinates": [
          [
            [
              121.54013842546291,
              45.335309926362385
            ],
            [
              121.54929849301375,
              45.33494468165904
            ],
            [
              121.54878020601751,
              45.32848412211917
            ],
            [
              121.53962117328486,
              45.32884928501033
            ],
            [
              121.54013842546291,
              45.335309926362385
            ]
          ]
        ]
      },
      "properties": {
        "biomass": 117.88999938964844,
        "min_biomass": 93.56065368652344,
        "max_biomass": 183.24559020996094,
        "timestamp": "20260513_120248",
        "grid_id": "576_192"
      }
    },
    {
      "type": "Feature",
      "geometry": {
        "type": "Polygon",
        "coordinates": [
          [
            [
              121.54929849301375,
              45.33494468165904
            ],
            [
              121.5584583849092,
              45.33457870462314
            ],
            [
              121.55793906316757,
              45.32811822705843
            ],
            [
              121.54878020601751,
              45.32848412211917
            ],
            [
              121.54929849301375,
              45.33494468165904
            ]
          ]
        ]
      },
      "properties": {
        "biomass": 174.63548278808594,
        "min_biomass": 127.27100372314453,
        "max_biomass": 236.06179809570312,
        "timestamp": "20260513_120248",
        "grid_id": "576_216"
      }
    },
    {
      "type": "Feature",
      "geometry": {
        "type": "Polygon",
        "coordinates": [
          [
            [
              121.5584583849092,
              45.33457870462314
            ],
            [
              121.56761810080157,
              45.334211995291845
            ],
            [
              121.5670977443875,
              45.32775159986529
            ],
            [
              121.55793906316757,
              45.32811822705843
            ],
            [
              121.5584583849092,
              45.33457870462314
            ]
          ]
        ]
      },
      "properties": {
        "biomass": 186.09019470214844,
        "min_biomass": 139.51708984375,
        "max_biomass": 231.61126708984375,
        "timestamp": "20260513_120248",
        "grid_id": "576_240"
      }
    },
    {
      "type": "Feature",
      "geometry": {
        "type": "Polygon",
        "coordinates": [
          [
            [
              121.56761810080157,
              45.334211995291845
            ],
            [
              121.57677764034315,
              45.33384455370243
            ],
            [
              121.57625624932979,
              45.32738424057696
            ],
            [
              121.5670977443875,
              45.32775159986529
            ],
            [
              121.56761810080157,
              45.334211995291845
            ]
          ]
        ]
      },
      "properties": {
        "biomass": 125.21662902832031,
        "min_biomass": 93.5274887084961,
        "max_biomass": 174.86036682128906,
        "timestamp": "20260513_120248",
        "grid_id": "576_264"
      }
    },
    {
      "type": "Feature",
      "geometry": {
        "type": "Polygon",
        "coordinates": [
          [
            [
              121.57677764034315,
              45.33384455370243
            ],
            [
              121.58593700318642,
              45.333476379892204
            ],
            [
              121.58541457764697,
              45.32701614923078
            ],
            [
              121.57625624932979,
              45.32738424057696
            ],
            [
              121.57677764034315,
              45.33384455370243
            ]
          ]
        ]
      },
      "properties": {
        "biomass": 113.0535659790039,
        "min_biomass": 93.49049377441406,
        "max_biomass": 153.19227600097656,
        "timestamp": "20260513_120248",
        "grid_id": "576_288"
      }
    },
    {
      "type": "Feature",
      "geometry": {
        "type": "Polygon",
        "coordinates": [
          [
            [
              121.58593700318642,
              45.333476379892204
            ],
            [
              121.59509618898379,
              45.333107473898586
            ],
            [
              121.5945727289917,
              45.32664732586412
            ],
            [
              121.58541457764697,
              45.32701614923078
            ],
            [
              121.58593700318642,
              45.333476379892204
            ]
          ]
        ]
      },
      "properties": {
        "biomass": 158.85992431640625,
        "min_biomass": 94.81253051757812,
        "max_biomass": 237.6710205078125,
        "timestamp": "20260513_120248",
        "grid_id": "576_312"
      }
    },
    {
      "type": "Feature",
      "geometry": {
        "type": "Polygon",
        "coordinates": [
          [
            [
              121.59509618898379,
              45.333107473898586
            ],
            [
              121.60425519738777,
              45.33273783575903
            ],
            [
              121.60373070301651,
              45.326277770514444
            ],
            [
              121.5945727289917,
              45.32664732586412
            ],
            [
              121.59509618898379,
              45.333107473898586
            ]
          ]
        ]
      },
      "properties": {
        "biomass": 195.14390563964844,
        "min_biomass": 163.21917724609375,
        "max_biomass": 241.67494201660156,
        "timestamp": "20260513_120248",
        "grid_id": "576_336"
      }
    },
    {
      "type": "Feature",
      "geometry": {
        "type": "Polygon",
        "coordinates": [
          [
            [
              121.60425519738777,
              45.33273783575903
            ],
            [
              121.61341402805087,
              45.33236746551108
            ],
            [
              121.61288849937412,
              45.32590748321928
            ],
            [
              121.60373070301651,
              45.326277770514444
            ],
            [
              121.60425519738777,
              45.33273783575903
            ]
          ]
        ]
      },
      "properties": {
        "biomass": 189.99737548828125,
        "min_biomass": 134.96408081054688,
        "max_biomass": 233.88223266601562,
        "timestamp": "20260513_120248",
        "grid_id": "576_360"
      }
    },
    {
      "type": "Feature",
      "geometry": {
        "type": "Polygon",
        "coordinates": [
          [
            [
              121.61341402805087,
              45.33236746551108
            ],
            [
              121.62257268062568,
              45.33199636319238
            ],
            [
              121.62204611771728,
              45.32553646401624
            ],
            [
              121.61288849937412,
              45.32590748321928
            ],
            [
              121.61341402805087,
              45.33236746551108
            ]
          ]
        ]
      },
      "properties": {
        "biomass": 177.28172302246094,
        "min_biomass": 133.66848754882812,
        "max_biomass": 262.6980285644531,
        "timestamp": "20260513_120248",
        "grid_id": "576_384"
      }
    },
    {
      "type": "Feature",
      "geometry": {
        "type": "Polygon",
        "coordinates": [
          [
            [
              121.62257268062568,
              45.33199636319238
            ],
            [
              121.6317311547648,
              45.33162452884059
            ],
            [
              121.6312035576987,
              45.325164712942986
            ],
            [
              121.62204611771728,
              45.32553646401624
            ],
            [
              121.62257268062568,
              45.33199636319238
            ]
          ]
        ]
      },
      "properties": {
        "biomass": 149.7141876220703,
        "min_biomass": 114.32901000976562,
        "max_biomass": 212.07679748535156,
        "timestamp": "20260513_120248",
        "grid_id": "576_408"
      }
    },
    {
      "type": "Feature",
      "geometry": {
        "type": "Polygon",
        "coordinates": [
          [
            [
              121.6317311547648,
              45.33162452884059
            ],
            [
              121.6408894501209,
              45.331251962493496
            ],
            [
              121.64036081897119,
              45.324792230037275
            ],
            [
              121.6312035576987,
              45.325164712942986
            ],
            [
              121.6317311547648,
              45.33162452884059
            ]
          ]
        ]
      },
      "properties": {
        "biomass": 151.73391723632812,
        "min_biomass": 114.0895004272461,
        "max_biomass": 237.15066528320312,
        "timestamp": "20260513_120248",
        "grid_id": "576_432"
      }
    },
    {
      "type": "Feature",
      "geometry": {
        "type": "Polygon",
        "coordinates": [
          [
            [
              121.6408894501209,
              45.331251962493496
            ],
            [
              121.65004756634669,
              45.33087866418893
            ],
            [
              121.64951790118764,
              45.324419015336915
            ],
            [
              121.64036081897119,
              45.324792230037275
            ],
            [
              121.6408894501209,
              45.331251962493496
            ]
          ]
        ]
      },
      "properties": {
        "biomass": 176.16026306152344,
        "min_biomass": 125.23112487792969,
        "max_biomass": 249.6969451904297,
        "timestamp": "20260513_120248",
        "grid_id": "576_456"
      }
    },
    {
      "type": "Feature",
      "geometry": {
        "type": "Polygon",
        "coordinates": [
          [
            [
              121.65004756634669,
              45.33087866418893
            ],
            [
              121.65920550309492,
              45.33050463396479
            ],
            [
              121.65867480400088,
              45.32404506887983
            ],
            [
              121.64951790118764,
              45.324419015336915
            ],
            [
              121.65004756634669,
              45.33087866418893
            ]
          ]
        ]
      },
      "properties": {
        "biomass": 197.318115234375,
        "min_biomass": 157.55926513671875,
        "max_biomass": 251.9115447998047,
        "timestamp": "20260513_120248",
        "grid_id": "576_480"
      }
    },
    {
      "type": "Feature",
      "geometry": {
        "type": "Polygon",
        "coordinates": [
          [
            [
              121.65920550309492,
              45.33050463396479
            ],
            [
              121.6683632600184,
              45.330129871859086
            ],
            [
              121.66783152706388,
              45.323670390703974
            ],
            [
              121.65867480400088,
              45.32404506887983
            ],
            [
              121.65920550309492,
              45.33050463396479
            ]
          ]
        ]
      },
      "properties": {
        "biomass": 185.08367919921875,
        "min_biomass": 144.022216796875,
        "max_biomass": 235.50489807128906,
        "timestamp": "20260513_120248",
        "grid_id": "576_504"
      }
    },
    {
      "type": "Feature",
      "geometry": {
        "type": "Polygon",
        "coordinates": [
          [
            [
              121.6683632600184,
              45.330129871859086
            ],
            [
              121.6775208367699,
              45.32975437790985
            ],
            [
              121.6769880700296,
              45.32329498084739
            ],
            [
              121.66783152706388,
              45.323670390703974
            ],
            [
              121.6683632600184,
              45.330129871859086
            ]
          ]
        ]
      },
      "properties": {
        "biomass": 191.41766357421875,
        "min_biomass": 151.6252899169922,
        "max_biomass": 232.42808532714844,
        "timestamp": "20260513_120248",
        "grid_id": "576_528"
      }
    },
    {
      "type": "Feature",
      "geometry": {
        "type": "Polygon",
        "coordinates": [
          [
            [
              121.6775208367699,
              45.32975437790985
            ],
            [
              121.68667823300235,
              45.329378152155215
            ],
            [
              121.68614443255107,
              45.32291883934818
            ],
            [
              121.6769880700296,
              45.32329498084739
            ],
            [
              121.6775208367699,
              45.32975437790985
            ]
          ]
        ]
      },
      "properties": {
        "biomass": 182.96124267578125,
        "min_biomass": 174.7069549560547,
        "max_biomass": 187.536376953125,
        "timestamp": "20260513_120248",
        "grid_id": "576_552"
      }
    },
    {
      "type": "Feature",
      "geometry": {
        "type": "Polygon",
        "coordinates": [
          [
            [
              121.4938233880495,
              45.33066411562681
            ],
            [
              121.50298329348055,
              45.330302614138446
            ],
            [
              121.50247035514498,
              45.32384163527891
            ],
            [
              121.49331148454633,
              45.32420305578843
            ],
            [
              121.4938233880495,
              45.33066411562681
            ]
          ]
        ]
      },
      "properties": {
        "biomass": 111.79389190673828,
        "min_biomass": 93.59747314453125,
        "max_biomass": 178.22451782226562,
        "timestamp": "20260513_120248",
        "grid_id": "600_72"
      }
    },
    {
      "type": "Feature",
      "geometry": {
        "type": "Polygon",
        "coordinates": [
          [
            [
              121.50298329348055,
              45.330302614138446
            ],
            [
              121.51214302506735,
              45.329940380295795
            ],
            [
              121.51162905197144,
              45.32347948257809
            ],
            [
              121.50247035514498,
              45.32384163527891
            ],
            [
              121.50298329348055,
              45.330302614138446
            ]
          ]
        ]
      },
      "properties": {
        "biomass": 113.1047592163086,
        "min_biomass": 93.77062225341797,
        "max_biomass": 127.7870101928711,
        "timestamp": "20260513_120248",
        "grid_id": "600_96"
      }
    },
    {
      "type": "Feature",
      "geometry": {
        "type": "Polygon",
        "coordinates": [
          [
            [
              121.51214302506735,
              45.329940380295795
            ],
            [
              121.52130258246214,
              45.32957741413562
            ],
            [
              121.52078757467812,
              45.32311659772279
            ],
            [
              121.51162905197144,
              45.32347948257809
            ],
            [
              121.51214302506735,
              45.329940380295795
            ]
          ]
        ]
      },
      "properties": {
        "biomass": 107.6115493774414,
        "min_biomass": 93.52816009521484,
        "max_biomass": 131.178466796875,
        "timestamp": "20260513_120248",
        "grid_id": "600_120"
      }
    },
    {
      "type": "Feature",
      "geometry": {
        "type": "Polygon",
        "coordinates": [
          [
            [
              121.52130258246214,
              45.32957741413562
            ],
            [
              121.53046196531719,
              45.32921371569482
            ],
            [
              121.5299459229174,
              45.32275298074984
            ],
            [
              121.52078757467812,
              45.32311659772279
            ],
            [
              121.52130258246214,
              45.32957741413562
            ]
          ]
        ]
      },
      "properties": {
        "biomass": 99.64168548583984,
        "min_biomass": 93.4736328125,
        "max_biomass": 116.19591522216797,
        "timestamp": "20260513_120248",
        "grid_id": "600_144"
      }
    },
    {
      "type": "Feature",
      "geometry": {
        "type": "Polygon",
        "coordinates": [
          [
            [
              121.53046196531719,
              45.32921371569482
            ],
            [
              121.53962117328486,
              45.32884928501033
            ],
            [
              121.53910409634182,
              45.32238863169618
            ],
            [
              121.5299459229174,
              45.32275298074984
            ],
            [
              121.53046196531719,
              45.32921371569482
            ]
          ]
        ]
      },
      "properties": {
        "biomass": 98.73108673095703,
        "min_biomass": 93.48487854003906,
        "max_biomass": 116.69316101074219,
        "timestamp": "20260513_120248",
        "grid_id": "600_168"
      }
    },
    {
      "type": "Feature",
      "geometry": {
        "type": "Polygon",
        "coordinates": [
          [
            [
              121.53962117328486,
              45.32884928501033
            ],
            [
              121.54878020601751,
              45.32848412211917
            ],
            [
              121.54826209460386,
              45.32202355059882
            ],
            [
              121.53910409634182,
              45.32238863169618
            ],
            [
              121.53962117328486,
              45.32884928501033
            ]
          ]
        ]
      },
      "properties": {
        "biomass": 107.2291030883789,
        "min_biomass": 93.60626220703125,
        "max_biomass": 131.5979461669922,
        "timestamp": "20260513_120248",
        "grid_id": "600_192"
      }
    },
    {
      "type": "Feature",
      "geometry": {
        "type": "Polygon",
        "coordinates": [
          [
            [
              121.54878020601751,
              45.32848412211917
            ],
            [
              121.55793906316757,
              45.32811822705843
            ],
            [
              121.55741991735609,
              45.321657737494824
            ],
            [
              121.54826209460386,
              45.32202355059882
            ],
            [
              121.54878020601751,
              45.32848412211917
            ]
          ]
        ]
      },
      "properties": {
        "biomass": 134.9329071044922,
        "min_biomass": 94.5152587890625,
        "max_biomass": 210.93373107910156,
        "timestamp": "20260513_120248",
        "grid_id": "600_216"
      }
    },
    {
      "type": "Feature",
      "geometry": {
        "type": "Polygon",
        "coordinates": [
          [
            [
              121.55793906316757,
              45.32811822705843
            ],
            [
              121.5670977443875,
              45.32775159986529
            ],
            [
              121.56657756425109,
              45.321291192421356
            ],
            [
              121.55741991735609,
              45.321657737494824
            ],
            [
              121.55793906316757,
              45.32811822705843
            ]
          ]
        ]
      },
      "properties": {
        "biomass": 166.84451293945312,
        "min_biomass": 112.42620086669922,
        "max_biomass": 250.9308319091797,
        "timestamp": "20260513_120248",
        "grid_id": "600_240"
      }
    },
    {
      "type": "Feature",
      "geometry": {
        "type": "Polygon",
        "coordinates": [
          [
            [
              121.5670977443875,
              45.32775159986529
            ],
            [
              121.57625624932979,
              45.32738424057696
            ],
            [
              121.5757350349415,
              45.32092391541564
            ],
            [
              121.56657756425109,
              45.321291192421356
            ],
            [
              121.5670977443875,
              45.32775159986529
            ]
          ]
        ]
      },
      "properties": {
        "biomass": 119.9626235961914,
        "min_biomass": 93.57169342041016,
        "max_biomass": 176.69322204589844,
        "timestamp": "20260513_120248",
        "grid_id": "600_264"
      }
    },
    {
      "type": "Feature",
      "geometry": {
        "type": "Polygon",
        "coordinates": [
          [
            [
              121.57625624932979,
              45.32738424057696
            ],
            [
              121.58541457764697,
              45.32701614923078
            ],
            [
              121.58489232908006,
              45.32055590651497
            ],
            [
              121.5757350349415,
              45.32092391541564
            ],
            [
              121.57625624932979,
              45.32738424057696
            ]
          ]
        ]
      },
      "properties": {
        "biomass": 108.83209991455078,
        "min_biomass": 93.58216857910156,
        "max_biomass": 145.34471130371094,
        "timestamp": "20260513_120248",
        "grid_id": "600_288"
      }
    },
    {
      "type": "Feature",
      "geometry": {
        "type": "Polygon",
        "coordinates": [
          [
            [
              121.58541457764697,
              45.32701614923078
            ],
            [
              121.5945727289917,
              45.32664732586412
            ],
            [
              121.59404944631943,
              45.32018716575671
            ],
            [
              121.58489232908006,
              45.32055590651497
            ],
            [
              121.58541457764697,
              45.32701614923078
            ]
          ]
        ]
      },
      "properties": {
        "biomass": 170.1769561767578,
        "min_biomass": 121.503662109375,
        "max_biomass": 216.21530151367188,
        "timestamp": "20260513_120248",
        "grid_id": "600_312"
      }
    },
    {
      "type": "Feature",
      "geometry": {
        "type": "Polygon",
        "coordinates": [
          [
            [
              121.5945727289917,
              45.32664732586412
            ],
            [
              121.60373070301651,
              45.326277770514444
            ],
            [
              121.60320638631244,
              45.31981769317832
            ],
            [
              121.59404944631943,
              45.32018716575671
            ],
            [
              121.5945727289917,
              45.32664732586412
            ]
          ]
        ]
      },
      "properties": {
        "biomass": 188.90965270996094,
        "min_biomass": 138.5393829345703,
        "max_biomass": 227.554931640625,
        "timestamp": "20260513_120248",
        "grid_id": "600_336"
      }
    },
    {
      "type": "Feature",
      "geometry": {
        "type": "Polygon",
        "coordinates": [
          [
            [
              121.60373070301651,
              45.326277770514444
            ],
            [
              121.61288849937412,
              45.32590748321928
            ],
            [
              121.61236314871186,
              45.319447488817296
            ],
            [
              121.60320638631244,
              45.31981769317832
            ],
            [
              121.60373070301651,
              45.326277770514444
            ]
          ]
        ]
      },
      "properties": {
        "biomass": 198.52099609375,
        "min_biomass": 150.30860900878906,
        "max_biomass": 223.0697784423828,
        "timestamp": "20260513_120248",
        "grid_id": "600_360"
      }
    },
    {
      "type": "Feature",
      "geometry": {
        "type": "Polygon",
        "coordinates": [
          [
            [
              121.61288849937412,
              45.32590748321928
            ],
            [
              121.62204611771728,
              45.32553646401624
            ],
            [
              121.62151973317059,
              45.31907655271123
            ],
            [
              121.61236314871186,
              45.319447488817296
            ],
            [
              121.61288849937412,
              45.32590748321928
            ]
          ]
        ]
      },
      "properties": {
        "biomass": 167.999267578125,
        "min_biomass": 125.8370361328125,
        "max_biomass": 251.0250701904297,
        "timestamp": "20260513_120248",
        "grid_id": "600_384"
      }
    },
    {
      "type": "Feature",
      "geometry": {
        "type": "Polygon",
        "coordinates": [
          [
            [
              121.62204611771728,
              45.32553646401624
            ],
            [
              121.6312035576987,
              45.325164712942986
            ],
            [
              121.63067613934152,
              45.31870488489779
            ],
            [
              121.62151973317059,
              45.31907655271123
            ],
            [
              121.62204611771728,
              45.32553646401624
            ]
          ]
        ]
      },
      "properties": {
        "biomass": 139.66793823242188,
        "min_biomass": 111.02891540527344,
        "max_biomass": 185.13897705078125,
        "timestamp": "20260513_120248",
        "grid_id": "600_408"
      }
    },
    {
      "type": "Feature",
      "geometry": {
        "type": "Polygon",
        "coordinates": [
          [
            [
              121.6312035576987,
              45.325164712942986
            ],
            [
              121.64036081897119,
              45.324792230037275
            ],
            [
              121.63983236687758,
              45.318332485414714
            ],
            [
              121.63067613934152,
              45.31870488489779
            ],
            [
              121.6312035576987,
              45.325164712942986
            ]
          ]
        ]
      },
      "properties": {
        "biomass": 177.10447692871094,
        "min_biomass": 122.24234008789062,
        "max_biomass": 224.80728149414062,
        "timestamp": "20260513_120248",
        "grid_id": "600_432"
      }
    },
    {
      "type": "Feature",
      "geometry": {
        "type": "Polygon",
        "coordinates": [
          [
            [
              121.64036081897119,
              45.324792230037275
            ],
            [
              121.64951790118764,
              45.324419015336915
            ],
            [
              121.64898841543175,
              45.31795935429981
            ],
            [
              121.63983236687758,
              45.318332485414714
            ],
            [
              121.64036081897119,
              45.324792230037275
            ]
          ]
        ]
      },
      "properties": {
        "biomass": 200.78453063964844,
        "min_biomass": 143.74134826660156,
        "max_biomass": 257.210205078125,
        "timestamp": "20260513_120248",
        "grid_id": "600_456"
      }
    },
    {
      "type": "Feature",
      "geometry": {
        "type": "Polygon",
        "coordinates": [
          [
            [
              121.64951790118764,
              45.324419015336915
            ],
            [
              121.65867480400088,
              45.32404506887983
            ],
            [
              121.65814428465708,
              45.31758549159095
            ],
            [
              121.64898841543175,
              45.31795935429981
            ],
            [
              121.64951790118764,
              45.324419015336915
            ]
          ]
        ]
      },
      "properties": {
        "biomass": 201.8754119873047,
        "min_biomass": 152.8585662841797,
        "max_biomass": 242.5458984375,
        "timestamp": "20260513_120248",
        "grid_id": "600_480"
      }
    },
    {
      "type": "Feature",
      "geometry": {
        "type": "Polygon",
        "coordinates": [
          [
            [
              121.65867480400088,
              45.32404506887983
            ],
            [
              121.66783152706388,
              45.323670390703974
            ],
            [
              121.66729997420664,
              45.317210897326085
            ],
            [
              121.65814428465708,
              45.31758549159095
            ],
            [
              121.65867480400088,
              45.32404506887983
            ]
          ]
        ]
      },
      "properties": {
        "biomass": 192.72515869140625,
        "min_biomass": 152.2047882080078,
        "max_biomass": 236.22869873046875,
        "timestamp": "20260513_120248",
        "grid_id": "600_504"
      }
    },
    {
      "type": "Feature",
      "geometry": {
        "type": "Polygon",
        "coordinates": [
          [
            [
              121.66783152706388,
              45.323670390703974
            ],
            [
              121.6769880700296,
              45.32329498084739
            ],
            [
              121.67645548373355,
              45.31683557154325
            ],
            [
              121.66729997420664,
              45.317210897326085
            ],
            [
              121.66783152706388,
              45.323670390703974
            ]
          ]
        ]
      },
      "properties": {
        "biomass": 189.73182678222656,
        "min_biomass": 142.01318359375,
        "max_biomass": 218.95452880859375,
        "timestamp": "20260513_120248",
        "grid_id": "600_528"
      }
    },
    {
      "type": "Feature",
      "geometry": {
        "type": "Polygon",
        "coordinates": [
          [
            [
              121.6769880700296,
              45.32329498084739
            ],
            [
              121.68614443255107,
              45.32291883934818
            ],
            [
              121.68561081289099,
              45.31645951428055
            ],
            [
              121.67645548373355,
              45.31683557154325
            ],
            [
              121.6769880700296,
              45.32329498084739
            ]
          ]
        ]
      },
      "properties": {
        "biomass": 178.15948486328125,
        "min_biomass": 152.52272033691406,
        "max_biomass": 210.64508056640625,
        "timestamp": "20260513_120248",
        "grid_id": "600_552"
      }
    },
    {
      "type": "Feature",
      "geometry": {
        "type": "Polygon",
        "coordinates": [
          [
            [
              121.49331148454633,
              45.32420305578843
            ],
            [
              121.50247035514498,
              45.32384163527891
            ],
            [
              121.50195759058158,
              45.317380644532484
            ],
            [
              121.49279975446767,
              45.31774198408139
            ],
            [
              121.49331148454633,
              45.32420305578843
            ]
          ]
        ]
      },
      "properties": {
        "biomass": 111.4463119506836,
        "min_biomass": 96.57872009277344,
        "max_biomass": 161.83445739746094,
        "timestamp": "20260513_120248",
        "grid_id": "624_72"
      }
    },
    {
      "type": "Feature",
      "geometry": {
        "type": "Polygon",
        "coordinates": [
          [
            [
              121.50247035514498,
              45.32384163527891
            ],
            [
              121.51162905197144,
              45.32347948257809
            ],
            [
              121.51111525299534,
              45.3170185729553
            ],
            [
              121.50195759058158,
              45.317380644532484
            ],
            [
              121.50247035514498,
              45.32384163527891
            ]
          ]
        ]
      },
      "properties": {
        "biomass": 109.1429214477539,
        "min_biomass": 93.65626525878906,
        "max_biomass": 136.3621368408203,
        "timestamp": "20260513_120248",
        "grid_id": "624_96"
      }
    },
    {
      "type": "Feature",
      "geometry": {
        "type": "Polygon",
        "coordinates": [
          [
            [
              121.51162905197144,
              45.32347948257809
            ],
            [
              121.52078757467812,
              45.32311659772279
            ],
            [
              121.52027274136148,
              45.31665576938658
            ],
            [
              121.51111525299534,
              45.3170185729553
            ],
            [
              121.51162905197144,
              45.32347948257809
            ]
          ]
        ]
      },
      "properties": {
        "biomass": 105.39185333251953,
        "min_biomass": 93.61540222167969,
        "max_biomass": 124.6095199584961,
        "timestamp": "20260513_120248",
        "grid_id": "624_120"
      }
    },
    {
      "type": "Feature",
      "geometry": {
        "type": "Polygon",
        "coordinates": [
          [
            [
              121.52078757467812,
              45.32311659772279
            ],
            [
              121.5299459229174,
              45.32275298074984
            ],
            [
              121.52943005533255,
              45.31629223386317
            ],
            [
              121.52027274136148,
              45.31665576938658
            ],
            [
              121.52078757467812,
              45.32311659772279
            ]
          ]
        ]
      },
      "properties": {
        "biomass": 104.15052795410156,
        "min_biomass": 93.54286193847656,
        "max_biomass": 125.10374450683594,
        "timestamp": "20260513_120248",
        "grid_id": "624_144"
      }
    },
    {
      "type": "Feature",
      "geometry": {
        "type": "Polygon",
        "coordinates": [
          [
            [
              121.5299459229174,
              45.32275298074984
            ],
            [
              121.53910409634182,
              45.32238863169618
            ],
            [
              121.53858719456117,
              45.315927966422
            ],
            [
              121.52943005533255,
              45.31629223386317
            ],
            [
              121.5299459229174,
              45.32275298074984
            ]
          ]
        ]
      },
      "properties": {
        "biomass": 101.98426818847656,
        "min_biomass": 93.47248077392578,
        "max_biomass": 123.43484497070312,
        "timestamp": "20260513_120248",
        "grid_id": "624_168"
      }
    },
    {
      "type": "Feature",
      "geometry": {
        "type": "Polygon",
        "coordinates": [
          [
            [
              121.53910409634182,
              45.32238863169618
            ],
            [
              121.54826209460386,
              45.32202355059882
            ],
            [
              121.54774415870004,
              45.31556296710005
            ],
            [
              121.53858719456117,
              45.315927966422
            ],
            [
              121.53910409634182,
              45.32238863169618
            ]
          ]
        ]
      },
      "properties": {
        "biomass": 104.10197448730469,
        "min_biomass": 93.48873138427734,
        "max_biomass": 120.28897857666016,
        "timestamp": "20260513_120248",
        "grid_id": "624_192"
      }
    },
    {
      "type": "Feature",
      "geometry": {
        "type": "Polygon",
        "coordinates": [
          [
            [
              121.54826209460386,
              45.32202355059882
            ],
            [
              121.55741991735609,
              45.321657737494824
            ],
            [
              121.5569009474018,
              45.31519723593439
            ],
            [
              121.54774415870004,
              45.31556296710005
            ],
            [
              121.54826209460386,
              45.32202355059882
            ]
          ]
        ]
      },
      "properties": {
        "biomass": 103.19535827636719,
        "min_biomass": 93.49090576171875,
        "max_biomass": 119.7654037475586,
        "timestamp": "20260513_120248",
        "grid_id": "624_216"
      }
    },
    {
      "type": "Feature",
      "geometry": {
        "type": "Polygon",
        "coordinates": [
          [
            [
              121.55741991735609,
              45.321657737494824
            ],
            [
              121.56657756425109,
              45.321291192421356
            ],
            [
              121.56605756031924,
              45.314830772962154
            ],
            [
              121.5569009474018,
              45.31519723593439
            ],
            [
              121.55741991735609,
              45.321657737494824
            ]
          ]
        ]
      },
      "properties": {
        "biomass": 108.75604248046875,
        "min_biomass": 93.48101806640625,
        "max_biomass": 169.7917022705078,
        "timestamp": "20260513_120248",
        "grid_id": "624_240"
      }
    },
    {
      "type": "Feature",
      "geometry": {
        "type": "Polygon",
        "coordinates": [
          [
            [
              121.56657756425109,
              45.321291192421356
            ],
            [
              121.5757350349415,
              45.32092391541564
            ],
            [
              121.57521399710511,
              45.31446357822056
            ],
            [
              121.56605756031924,
              45.314830772962154
            ],
            [
              121.56657756425109,
              45.321291192421356
            ]
          ]
        ]
      },
      "properties": {
        "biomass": 103.0690689086914,
        "min_biomass": 93.48043823242188,
        "max_biomass": 120.78998565673828,
        "timestamp": "20260513_120248",
        "grid_id": "624_264"
      }
    },
    {
      "type": "Feature",
      "geometry": {
        "type": "Polygon",
        "coordinates": [
          [
            [
              121.5757350349415,
              45.32092391541564
            ],
            [
              121.58489232908006,
              45.32055590651497
            ],
            [
              121.58437025741229,
              45.31409565174687
            ],
            [
              121.57521399710511,
              45.31446357822056
            ],
            [
              121.5757350349415,
              45.32092391541564
            ]
          ]
        ]
      },
      "properties": {
        "biomass": 119.18871307373047,
        "min_biomass": 93.55242156982422,
        "max_biomass": 187.4380340576172,
        "timestamp": "20260513_120248",
        "grid_id": "624_288"
      }
    },
    {
      "type": "Feature",
      "geometry": {
        "type": "Polygon",
        "coordinates": [
          [
            [
              121.58489232908006,
              45.32055590651497
            ],
            [
              121.59404944631943,
              45.32018716575671
            ],
            [
              121.5935263408936,
              45.31372699357845
            ],
            [
              121.58437025741229,
              45.31409565174687
            ],
            [
              121.58489232908006,
              45.32055590651497
            ]
          ]
        ]
      },
      "properties": {
        "biomass": 172.061279296875,
        "min_biomass": 107.10191345214844,
        "max_biomass": 243.3883819580078,
        "timestamp": "20260513_120248",
        "grid_id": "624_312"
      }
    },
    {
      "type": "Feature",
      "geometry": {
        "type": "Polygon",
        "coordinates": [
          [
            [
              121.59404944631943,
              45.32018716575671
            ],
            [
              121.60320638631244,
              45.31981769317832
            ],
            [
              121.60268224720195,
              45.31335760375273
            ],
            [
              121.5935263408936,
              45.31372699357845
            ],
            [
              121.59404944631943,
              45.32018716575671
            ]
          ]
        ]
      },
      "properties": {
        "biomass": 169.57301330566406,
        "min_biomass": 114.2199935913086,
        "max_biomass": 238.63931274414062,
        "timestamp": "20260513_120248",
        "grid_id": "624_336"
      }
    },
    {
      "type": "Feature",
      "geometry": {
        "type": "Polygon",
        "coordinates": [
          [
            [
              121.60320638631244,
              45.31981769317832
            ],
            [
              121.61236314871186,
              45.319447488817296
            ],
            [
              121.61183797599033,
              45.31298748230723
            ],
            [
              121.60268224720195,
              45.31335760375273
            ],
            [
              121.60320638631244,
              45.31981769317832
            ]
          ]
        ]
      },
      "properties": {
        "biomass": 197.51046752929688,
        "min_biomass": 151.35806274414062,
        "max_biomass": 248.95382690429688,
        "timestamp": "20260513_120248",
        "grid_id": "624_360"
      }
    },
    {
      "type": "Feature",
      "geometry": {
        "type": "Polygon",
        "coordinates": [
          [
            [
              121.61236314871186,
              45.319447488817296
            ],
            [
              121.62151973317059,
              45.31907655271123
            ],
            [
              121.62099352691176,
              45.31261662927949
            ],
            [
              121.61183797599033,
              45.31298748230723
            ],
            [
              121.61236314871186,
              45.319447488817296
            ]
          ]
        ]
      },
      "properties": {
        "biomass": 150.8223419189453,
        "min_biomass": 104.94412994384766,
        "max_biomass": 206.9580535888672,
        "timestamp": "20260513_120248",
        "grid_id": "624_384"
      }
    },
    {
      "type": "Feature",
      "geometry": {
        "type": "Polygon",
        "coordinates": [
          [
            [
              121.62151973317059,
              45.31907655271123
            ],
            [
              121.63067613934152,
              45.31870488489779
            ],
            [
              121.63014889961921,
              45.312245044707154
            ],
            [
              121.62099352691176,
              45.31261662927949
            ],
            [
              121.62151973317059,
              45.31907655271123
            ]
          ]
        ]
      },
      "properties": {
        "biomass": 144.44003295898438,
        "min_biomass": 100.75862121582031,
        "max_biomass": 194.1925048828125,
        "timestamp": "20260513_120248",
        "grid_id": "624_408"
      }
    },
    {
      "type": "Feature",
      "geometry": {
        "type": "Polygon",
        "coordinates": [
          [
            [
              121.63067613934152,
              45.31870488489779
            ],
            [
              121.63983236687758,
              45.318332485414714
            ],
            [
              121.63930409376584,
              45.31187272862798
            ],
            [
              121.63014889961921,
              45.312245044707154
            ],
            [
              121.63067613934152,
              45.31870488489779
            ]
          ]
        ]
      },
      "properties": {
        "biomass": 185.03392028808594,
        "min_biomass": 129.5860137939453,
        "max_biomass": 229.21234130859375,
        "timestamp": "20260513_120248",
        "grid_id": "624_432"
      }
    },
    {
      "type": "Feature",
      "geometry": {
        "type": "Polygon",
        "coordinates": [
          [
            [
              121.63983236687758,
              45.318332485414714
            ],
            [
              121.64898841543175,
              45.31795935429981
            ],
            [
              121.64845910900473,
              45.31149968107974
            ],
            [
              121.63930409376584,
              45.31187272862798
            ],
            [
              121.63983236687758,
              45.318332485414714
            ]
          ]
        ]
      },
      "properties": {
        "biomass": 194.06103515625,
        "min_biomass": 126.06515502929688,
        "max_biomass": 239.30911254882812,
        "timestamp": "20260513_120248",
        "grid_id": "624_456"
      }
    },
    {
      "type": "Feature",
      "geometry": {
        "type": "Polygon",
        "coordinates": [
          [
            [
              121.64898841543175,
              45.31795935429981
            ],
            [
              121.65814428465708,
              45.31758549159095
            ],
            [
              121.65761394498907,
              45.31112590210029
            ],
            [
              121.64845910900473,
              45.31149968107974
            ],
            [
              121.64898841543175,
              45.31795935429981
            ]
          ]
        ]
      },
      "properties": {
        "biomass": 184.34295654296875,
        "min_biomass": 123.68574523925781,
        "max_biomass": 249.76968383789062,
        "timestamp": "20260513_120248",
        "grid_id": "624_480"
      }
    },
    {
      "type": "Feature",
      "geometry": {
        "type": "Polygon",
        "coordinates": [
          [
            [
              121.65814428465708,
              45.31758549159095
            ],
            [
              121.66729997420664,
              45.317210897326085
            ],
            [
              121.66676860137208,
              45.31075139172759
            ],
            [
              121.65761394498907,
              45.31112590210029
            ],
            [
              121.65814428465708,
              45.31758549159095
            ]
          ]
        ]
      },
      "properties": {
        "biomass": 191.1471405029297,
        "min_biomass": 134.3036346435547,
        "max_biomass": 245.62762451171875,
        "timestamp": "20260513_120248",
        "grid_id": "624_504"
      }
    },
    {
      "type": "Feature",
      "geometry": {
        "type": "Polygon",
        "coordinates": [
          [
            [
              121.66729997420664,
              45.317210897326085
            ],
            [
              121.67645548373355,
              45.31683557154325
            ],
            [
              121.67592307780703,
              45.31037614999963
            ],
            [
              121.66676860137208,
              45.31075139172759
            ],
            [
              121.66729997420664,
              45.317210897326085
            ]
          ]
        ]
      },
      "properties": {
        "biomass": 196.6884307861328,
        "min_biomass": 137.22251892089844,
        "max_biomass": 225.4046173095703,
        "timestamp": "20260513_120248",
        "grid_id": "624_528"
      }
    },
    {
      "type": "Feature",
      "geometry": {
        "type": "Polygon",
        "coordinates": [
          [
            [
              121.49279975446767,
              45.31774198408139
            ],
            [
              121.50195759058158,
              45.317380644532484
            ],
            [
              121.50144499971837,
              45.310919641901215
            ],
            [
              121.49228819774166,
              45.31128090050766
            ],
            [
              121.49279975446767,
              45.31774198408139
            ]
          ]
        ]
      },
      "properties": {
        "biomass": 126.373046875,
        "min_biomass": 93.6777114868164,
        "max_biomass": 173.48883056640625,
        "timestamp": "20260513_120248",
        "grid_id": "648_72"
      }
    },
    {
      "type": "Feature",
      "geometry": {
        "type": "Polygon",
        "coordinates": [
          [
            [
              121.50195759058158,
              45.317380644532484
            ],
            [
              121.51111525299534,
              45.3170185729553
            ],
            [
              121.5106016280669,
              45.3105576514294
            ],
            [
              121.50144499971837,
              45.310919641901215
            ],
            [
              121.50195759058158,
              45.317380644532484
            ]
          ]
        ]
      },
      "properties": {
        "biomass": 151.3667449951172,
        "min_biomass": 96.56039428710938,
        "max_biomass": 228.11572265625,
        "timestamp": "20260513_120248",
        "grid_id": "648_96"
      }
    },
    {
      "type": "Feature",
      "geometry": {
        "type": "Polygon",
        "coordinates": [
          [
            [
              121.51111525299534,
              45.3170185729553
            ],
            [
              121.52027274136148,
              45.31665576938658
            ],
            [
              121.5197580824399,
              45.310194929129004
            ],
            [
              121.5106016280669,
              45.3105576514294
            ],
            [
              121.51111525299534,
              45.3170185729553
            ]
          ]
        ]
      },
      "properties": {
        "biomass": 150.8979949951172,
        "min_biomass": 93.73063659667969,
        "max_biomass": 234.99151611328125,
        "timestamp": "20260513_120248",
        "grid_id": "648_120"
      }
    },
    {
      "type": "Feature",
      "geometry": {
        "type": "Polygon",
        "coordinates": [
          [
            [
              121.52027274136148,
              45.31665576938658
            ],
            [
              121.52943005533255,
              45.31629223386317
            ],
            [
              121.52891436249014,
              45.30983147503684
            ],
            [
              121.5197580824399,
              45.310194929129004
            ],
            [
              121.52027274136148,
              45.31665576938658
            ]
          ]
        ]
      },
      "properties": {
        "biomass": 127.95612335205078,
        "min_biomass": 93.65003967285156,
        "max_biomass": 173.14434814453125,
        "timestamp": "20260513_120248",
        "grid_id": "648_144"
      }
    },
    {
      "type": "Feature",
      "geometry": {
        "type": "Polygon",
        "coordinates": [
          [
            [
              121.52943005533255,
              45.31629223386317
            ],
            [
              121.53858719456117,
              45.315927966422
            ],
            [
              121.53807046787033,
              45.30946728918982
            ],
            [
              121.52891436249014,
              45.30983147503684
            ],
            [
              121.52943005533255,
              45.31629223386317
            ]
          ]
        ]
      },
      "properties": {
        "biomass": 106.49943542480469,
        "min_biomass": 93.55633544921875,
        "max_biomass": 146.3982696533203,
        "timestamp": "20260513_120248",
        "grid_id": "648_168"
      }
    },
    {
      "type": "Feature",
      "geometry": {
        "type": "Polygon",
        "coordinates": [
          [
            [
              121.53858719456117,
              45.315927966422
            ],
            [
              121.54774415870004,
              45.31556296710005
            ],
            [
              121.5472263982333,
              45.309102371624924
            ],
            [
              121.53807046787033,
              45.30946728918982
            ],
            [
              121.53858719456117,
              45.315927966422
            ]
          ]
        ]
      },
      "properties": {
        "biomass": 105.58321380615234,
        "min_biomass": 93.56045532226562,
        "max_biomass": 131.83058166503906,
        "timestamp": "20260513_120248",
        "grid_id": "648_192"
      }
    },
    {
      "type": "Feature",
      "geometry": {
        "type": "Polygon",
        "coordinates": [
          [
            [
              121.54774415870004,
              45.31556296710005
            ],
            [
              121.5569009474018,
              45.31519723593439
            ],
            [
              121.5563821532319,
              45.30873672237919
            ],
            [
              121.5472263982333,
              45.309102371624924
            ],
            [
              121.54774415870004,
              45.31556296710005
            ]
          ]
        ]
      },
      "properties": {
        "biomass": 120.44087219238281,
        "min_biomass": 93.62725067138672,
        "max_biomass": 174.8292694091797,
        "timestamp": "20260513_120248",
        "grid_id": "648_216"
      }
    },
    {
      "type": "Feature",
      "geometry": {
        "type": "Polygon",
        "coordinates": [
          [
            [
              121.5569009474018,
              45.31519723593439
            ],
            [
              121.56605756031924,
              45.314830772962154
            ],
            [
              121.56553773251895,
              45.308370341489734
            ],
            [
              121.5563821532319,
              45.30873672237919
            ],
            [
              121.5569009474018,
              45.31519723593439
            ]
          ]
        ]
      },
      "properties": {
        "biomass": 148.41012573242188,
        "min_biomass": 93.70030212402344,
        "max_biomass": 213.1783905029297,
        "timestamp": "20260513_120248",
        "grid_id": "648_240"
      }
    },
    {
      "type": "Feature",
      "geometry": {
        "type": "Polygon",
        "coordinates": [
          [
            [
              121.56605756031924,
              45.314830772962154
            ],
            [
              121.57521399710511,
              45.31446357822056
            ],
            [
              121.57469313574748,
              45.30800322899376
            ],
            [
              121.56553773251895,
              45.308370341489734
            ],
            [
              121.56605756031924,
              45.314830772962154
            ]
          ]
        ]
      },
      "properties": {
        "biomass": 136.80120849609375,
        "min_biomass": 93.80702209472656,
        "max_biomass": 217.75936889648438,
        "timestamp": "20260513_120248",
        "grid_id": "648_264"
      }
    },
    {
      "type": "Feature",
      "geometry": {
        "type": "Polygon",
        "coordinates": [
          [
            [
              121.57521399710511,
              45.31446357822056
            ],
            [
              121.58437025741229,
              45.31409565174687
            ],
            [
              121.58384836257038,
              45.30763538492857
            ],
            [
              121.57469313574748,
              45.30800322899376
            ],
            [
              121.57521399710511,
              45.31446357822056
            ]
          ]
        ]
      },
      "properties": {
        "biomass": 107.25342559814453,
        "min_biomass": 93.59955596923828,
        "max_biomass": 132.2749481201172,
        "timestamp": "20260513_120248",
        "grid_id": "648_288"
      }
    },
    {
      "type": "Feature",
      "geometry": {
        "type": "Polygon",
        "coordinates": [
          [
            [
              121.58437025741229,
              45.31409565174687
            ],
            [
              121.5935263408936,
              45.31372699357845
            ],
            [
              121.59300341264067,
              45.30726680933144
            ],
            [
              121.58384836257038,
              45.30763538492857
            ],
            [
              121.58437025741229,
              45.31409565174687
            ]
          ]
        ]
      },
      "properties": {
        "biomass": 122.42880249023438,
        "min_biomass": 93.54277801513672,
        "max_biomass": 206.85154724121094,
        "timestamp": "20260513_120248",
        "grid_id": "648_312"
      }
    },
    {
      "type": "Feature",
      "geometry": {
        "type": "Polygon",
        "coordinates": [
          [
            [
              121.5935263408936,
              45.31372699357845
            ],
            [
              121.60268224720195,
              45.31335760375273
            ],
            [
              121.60215828561145,
              45.30689750223981
            ],
            [
              121.59300341264067,
              45.30726680933144
            ],
            [
              121.5935263408936,
              45.31372699357845
            ]
          ]
        ]
      },
      "properties": {
        "biomass": 150.63462829589844,
        "min_biomass": 105.0577392578125,
        "max_biomass": 206.9423370361328,
        "timestamp": "20260513_120248",
        "grid_id": "648_336"
      }
    },
    {
      "type": "Feature",
      "geometry": {
        "type": "Polygon",
        "coordinates": [
          [
            [
              121.60268224720195,
              45.31335760375273
            ],
            [
              121.61183797599033,
              45.31298748230723
            ],
            [
              121.6113129811358,
              45.306527463691175
            ],
            [
              121.60215828561145,
              45.30689750223981
            ],
            [
              121.60268224720195,
              45.31335760375273
            ]
          ]
        ]
      },
      "properties": {
        "biomass": 188.0,
        "min_biomass": 108.54598999023438,
        "max_biomass": 268.8046569824219,
        "timestamp": "20260513_120248",
        "grid_id": "648_360"
      }
    },
    {
      "type": "Feature",
      "geometry": {
        "type": "Polygon",
        "coordinates": [
          [
            [
              121.61183797599033,
              45.31298748230723
            ],
            [
              121.62099352691176,
              45.31261662927949
            ],
            [
              121.62046749886686,
              45.3061566937231
            ],
            [
              121.6113129811358,
              45.306527463691175
            ],
            [
              121.61183797599033,
              45.31298748230723
            ]
          ]
        ]
      },
      "properties": {
        "biomass": 152.6256561279297,
        "min_biomass": 108.54541778564453,
        "max_biomass": 223.88116455078125,
        "timestamp": "20260513_120248",
        "grid_id": "648_384"
      }
    },
    {
      "type": "Feature",
      "geometry": {
        "type": "Polygon",
        "coordinates": [
          [
            [
              121.62099352691176,
              45.31261662927949
            ],
            [
              121.63014889961921,
              45.312245044707154
            ],
            [
              121.62962183845777,
              45.30578519237321
            ],
            [
              121.62046749886686,
              45.3061566937231
            ],
            [
              121.62099352691176,
              45.31261662927949
            ]
          ]
        ]
      },
      "properties": {
        "biomass": 124.14530181884766,
        "min_biomass": 94.8464584350586,
        "max_biomass": 197.64019775390625,
        "timestamp": "20260513_120248",
        "grid_id": "648_408"
      }
    },
    {
      "type": "Feature",
      "geometry": {
        "type": "Polygon",
        "coordinates": [
          [
            [
              121.63014889961921,
              45.312245044707154
            ],
            [
              121.63930409376584,
              45.31187272862798
            ],
            [
              121.63877599956183,
              45.30541295967919
            ],
            [
              121.62962183845777,
              45.30578519237321
            ],
            [
              121.63014889961921,
              45.312245044707154
            ]
          ]
        ]
      },
      "properties": {
        "biomass": 164.69439697265625,
        "min_biomass": 100.34642028808594,
        "max_biomass": 234.17169189453125,
        "timestamp": "20260513_120248",
        "grid_id": "648_432"
      }
    },
    {
      "type": "Feature",
      "geometry": {
        "type": "Polygon",
        "coordinates": [
          [
            [
              121.63930409376584,
              45.31187272862798
            ],
            [
              121.64845910900473,
              45.31149968107974
            ],
            [
              121.64792998183226,
              45.30503999567885
            ],
            [
              121.63877599956183,
              45.30541295967919
            ],
            [
              121.63930409376584,
              45.31187272862798
            ]
          ]
        ]
      },
      "properties": {
        "biomass": 144.20388793945312,
        "min_biomass": 100.34756469726562,
        "max_biomass": 208.98141479492188,
        "timestamp": "20260513_120248",
        "grid_id": "648_456"
      }
    },
    {
      "type": "Feature",
      "geometry": {
        "type": "Polygon",
        "coordinates": [
          [
            [
              121.64845910900473,
              45.31149968107974
            ],
            [
              121.65761394498907,
              45.31112590210029
            ],
            [
              121.6570837849224,
              45.30466630041002
            ],
            [
              121.64792998183226,
              45.30503999567885
            ],
            [
              121.64845910900473,
              45.31149968107974
            ]
          ]
        ]
      },
      "properties": {
        "biomass": 137.43133544921875,
        "min_biomass": 99.82379913330078,
        "max_biomass": 179.02943420410156,
        "timestamp": "20260513_120248",
        "grid_id": "648_480"
      }
    },
    {
      "type": "Feature",
      "geometry": {
        "type": "Polygon",
        "coordinates": [
          [
            [
              121.65761394498907,
              45.31112590210029
            ],
            [
              121.66676860137208,
              45.31075139172759
            ],
            [
              121.6662374084856,
              45.30429187391062
            ],
            [
              121.6570837849224,
              45.30466630041002
            ],
            [
              121.65761394498907,
              45.31112590210029
            ]
          ]
        ]
      },
      "properties": {
        "biomass": 152.4436492919922,
        "min_biomass": 117.25568389892578,
        "max_biomass": 200.38902282714844,
        "timestamp": "20260513_120248",
        "grid_id": "648_504"
      }
    },
    {
      "type": "Feature",
      "geometry": {
        "type": "Polygon",
        "coordinates": [
          [
            [
              121.66676860137208,
              45.31075139172759
            ],
            [
              121.67592307780703,
              45.31037614999963
            ],
            [
              121.67539085217525,
              45.30391671621867
            ],
            [
              121.6662374084856,
              45.30429187391062
            ],
            [
              121.66676860137208,
              45.31075139172759
            ]
          ]
        ]
      },
      "properties": {
        "biomass": 192.61004638671875,
        "min_biomass": 150.04769897460938,
        "max_biomass": 242.0602569580078,
        "timestamp": "20260513_120248",
        "grid_id": "648_528"
      }
    },
    {
      "type": "Feature",
      "geometry": {
        "type": "Polygon",
        "coordinates": [
          [
            [
              121.50144499971837,
              45.310919641901215
            ],
            [
              121.5106016280669,
              45.3105576514294
            ],
            [
              121.51008817711394,
              45.30409671800243
            ],
            [
              121.50093258248334,
              45.30445862738707
            ],
            [
              121.50144499971837,
              45.310919641901215
            ]
          ]
        ]
      },
      "properties": {
        "biomass": 176.08741760253906,
        "min_biomass": 118.66219329833984,
        "max_biomass": 220.98336791992188,
        "timestamp": "20260513_120248",
        "grid_id": "672_96"
      }
    },
    {
      "type": "Feature",
      "geometry": {
        "type": "Polygon",
        "coordinates": [
          [
            [
              121.5106016280669,
              45.3105576514294
            ],
            [
              121.5197580824399,
              45.310194929129004
            ],
            [
              121.51924359784114,
              45.303734076952104
            ],
            [
              121.51008817711394,
              45.30409671800243
            ],
            [
              121.5106016280669,
              45.3105576514294
            ]
          ]
        ]
      },
      "properties": {
        "biomass": 140.34536743164062,
        "min_biomass": 93.47265625,
        "max_biomass": 226.01486206054688,
        "timestamp": "20260513_120248",
        "grid_id": "672_120"
      }
    },
    {
      "type": "Feature",
      "geometry": {
        "type": "Polygon",
        "coordinates": [
          [
            [
              121.5197580824399,
              45.310194929129004
            ],
            [
              121.52891436249014,
              45.30983147503684
            ],
            [
              121.52839884431775,
              45.30337070427289
            ],
            [
              121.51924359784114,
              45.303734076952104
            ],
            [
              121.5197580824399,
              45.310194929129004
            ]
          ]
        ]
      },
      "properties": {
        "biomass": 111.91358947753906,
        "min_biomass": 93.61486053466797,
        "max_biomass": 167.76605224609375,
        "timestamp": "20260513_120248",
        "grid_id": "672_144"
      }
    },
    {
      "type": "Feature",
      "geometry": {
        "type": "Polygon",
        "coordinates": [
          [
            [
              121.52891436249014,
              45.30983147503684
            ],
            [
              121.53807046787033,
              45.30946728918982
            ],
            [
              121.5375539161967,
              45.30300660000171
            ],
            [
              121.52839884431775,
              45.30337070427289
            ],
            [
              121.52891436249014,
              45.30983147503684
            ]
          ]
        ]
      },
      "properties": {
        "biomass": 107.95196533203125,
        "min_biomass": 96.83612823486328,
        "max_biomass": 126.65486907958984,
        "timestamp": "20260513_120248",
        "grid_id": "672_168"
      }
    },
    {
      "type": "Feature",
      "geometry": {
        "type": "Polygon",
        "coordinates": [
          [
            [
              121.53807046787033,
              45.30946728918982
            ],
            [
              121.5472263982333,
              45.309102371624924
            ],
            [
              121.54670881313095,
              45.30264176417548
            ],
            [
              121.5375539161967,
              45.30300660000171
            ],
            [
              121.53807046787033,
              45.30946728918982
            ]
          ]
        ]
      },
      "properties": {
        "biomass": 121.35678100585938,
        "min_biomass": 93.90129089355469,
        "max_biomass": 169.83029174804688,
        "timestamp": "20260513_120248",
        "grid_id": "672_192"
      }
    },
    {
      "type": "Feature",
      "geometry": {
        "type": "Polygon",
        "coordinates": [
          [
            [
              121.5472263982333,
              45.309102371624924
            ],
            [
              121.5563821532319,
              45.30873672237919
            ],
            [
              121.55586353477345,
              45.30227619683128
            ],
            [
              121.54670881313095,
              45.30264176417548
            ],
            [
              121.5472263982333,
              45.309102371624924
            ]
          ]
        ]
      },
      "properties": {
        "biomass": 139.4994354248047,
        "min_biomass": 99.25193786621094,
        "max_biomass": 184.58302307128906,
        "timestamp": "20260513_120248",
        "grid_id": "672_216"
      }
    },
    {
      "type": "Feature",
      "geometry": {
        "type": "Polygon",
        "coordinates": [
          [
            [
              121.5563821532319,
              45.30873672237919
            ],
            [
              121.56553773251895,
              45.308370341489734
            ],
            [
              121.56501808077725,
              45.30190989800618
            ],
            [
              121.55586353477345,
              45.30227619683128
            ],
            [
              121.5563821532319,
              45.30873672237919
            ]
          ]
        ]
      },
      "properties": {
        "biomass": 185.373291015625,
        "min_biomass": 123.60955810546875,
        "max_biomass": 230.5264892578125,
        "timestamp": "20260513_120248",
        "grid_id": "672_240"
      }
    },
    {
      "type": "Feature",
      "geometry": {
        "type": "Polygon",
        "coordinates": [
          [
            [
              121.56553773251895,
              45.308370341489734
            ],
            [
              121.57469313574748,
              45.30800322899376
            ],
            [
              121.57417245079542,
              45.30154286773738
            ],
            [
              121.56501808077725,
              45.30190989800618
            ],
            [
              121.56553773251895,
              45.308370341489734
            ]
          ]
        ]
      },
      "properties": {
        "biomass": 186.3660125732422,
        "min_biomass": 123.10108947753906,
        "max_biomass": 249.10833740234375,
        "timestamp": "20260513_120248",
        "grid_id": "672_264"
      }
    },
    {
      "type": "Feature",
      "geometry": {
        "type": "Polygon",
        "coordinates": [
          [
            [
              121.57469313574748,
              45.30800322899376
            ],
            [
              121.58384836257038,
              45.30763538492857
            ],
            [
              121.58332664448105,
              45.30117510606214
            ],
            [
              121.57417245079542,
              45.30154286773738
            ],
            [
              121.57469313574748,
              45.30800322899376
            ]
          ]
        ]
      },
      "properties": {
        "biomass": 131.5552215576172,
        "min_biomass": 93.86005401611328,
        "max_biomass": 194.58338928222656,
        "timestamp": "20260513_120248",
        "grid_id": "672_288"
      }
    },
    {
      "type": "Feature",
      "geometry": {
        "type": "Polygon",
        "coordinates": [
          [
            [
              121.58384836257038,
              45.30763538492857
            ],
            [
              121.59300341264067,
              45.30726680933144
            ],
            [
              121.59248066148731,
              45.30080661301775
            ],
            [
              121.58332664448105,
              45.30117510606214
            ],
            [
              121.58384836257038,
              45.30763538492857
            ]
          ]
        ]
      },
      "properties": {
        "biomass": 104.3996353149414,
        "min_biomass": 93.75418853759766,
        "max_biomass": 122.65191650390625,
        "timestamp": "20260513_120248",
        "grid_id": "672_312"
      }
    },
    {
      "type": "Feature",
      "geometry": {
        "type": "Polygon",
        "coordinates": [
          [
            [
              121.59300341264067,
              45.30726680933144
            ],
            [
              121.60215828561145,
              45.30689750223981
            ],
            [
              121.60163450146742,
              45.300437388641654
            ],
            [
              121.59248066148731,
              45.30080661301775
            ],
            [
              121.59300341264067,
              45.30726680933144
            ]
          ]
        ]
      },
      "properties": {
        "biomass": 131.36624145507812,
        "min_biomass": 94.24493408203125,
        "max_biomass": 211.72567749023438,
        "timestamp": "20260513_120248",
        "grid_id": "672_336"
      }
    },
    {
      "type": "Feature",
      "geometry": {
        "type": "Polygon",
        "coordinates": [
          [
            [
              121.60215828561145,
              45.30689750223981
            ],
            [
              121.6113129811358,
              45.306527463691175
            ],
            [
              121.61078816407453,
              45.300067432971304
            ],
            [
              121.60163450146742,
              45.300437388641654
            ],
            [
              121.60215828561145,
              45.30689750223981
            ]
          ]
        ]
      },
      "properties": {
        "biomass": 154.5848846435547,
        "min_biomass": 93.7254638671875,
        "max_biomass": 222.03549194335938,
        "timestamp": "20260513_120248",
        "grid_id": "672_360"
      }
    },
    {
      "type": "Feature",
      "geometry": {
        "type": "Polygon",
        "coordinates": [
          [
            [
              121.6113129811358,
              45.306527463691175
            ],
            [
              121.62046749886686,
              45.3061566937231
            ],
            [
              121.61994164896204,
              45.29969674604423
            ],
            [
              121.61078816407453,
              45.300067432971304
            ],
            [
              121.6113129811358,
              45.306527463691175
            ]
          ]
        ]
      },
      "properties": {
        "biomass": 142.64767456054688,
        "min_biomass": 99.89598846435547,
        "max_biomass": 208.3514404296875,
        "timestamp": "20260513_120248",
        "grid_id": "672_384"
      }
    },
    {
      "type": "Feature",
      "geometry": {
        "type": "Polygon",
        "coordinates": [
          [
            [
              121.62046749886686,
              45.3061566937231
            ],
            [
              121.62962183845777,
              45.30578519237321
            ],
            [
              121.62909495578322,
              45.29932532789807
            ],
            [
              121.61994164896204,
              45.29969674604423
            ],
            [
              121.62046749886686,
              45.3061566937231
            ]
          ]
        ]
      },
      "properties": {
        "biomass": 108.29939270019531,
        "min_biomass": 93.56761932373047,
        "max_biomass": 155.4289093017578,
        "timestamp": "20260513_120248",
        "grid_id": "672_408"
      }
    },
    {
      "type": "Feature",
      "geometry": {
        "type": "Polygon",
        "coordinates": [
          [
            [
              121.62962183845777,
              45.30578519237321
            ],
            [
              121.63877599956183,
              45.30541295967919
            ],
            [
              121.63824808419143,
              45.29895317857049
            ],
            [
              121.62909495578322,
              45.29932532789807
            ],
            [
              121.62962183845777,
              45.30578519237321
            ]
          ]
        ]
      },
      "properties": {
        "biomass": 127.25387573242188,
        "min_biomass": 95.6745834350586,
        "max_biomass": 228.07394409179688,
        "timestamp": "20260513_120248",
        "grid_id": "672_432"
      }
    },
    {
      "type": "Feature",
      "geometry": {
        "type": "Polygon",
        "coordinates": [
          [
            [
              121.63877599956183,
              45.30541295967919
            ],
            [
              121.64792998183226,
              45.30503999567885
            ],
            [
              121.6474010338401,
              45.2985802980993
            ],
            [
              121.63824808419143,
              45.29895317857049
            ],
            [
              121.63877599956183,
              45.30541295967919
            ]
          ]
        ]
      },
      "properties": {
        "biomass": 154.5360565185547,
        "min_biomass": 105.69734954833984,
        "max_biomass": 244.9820556640625,
        "timestamp": "20260513_120248",
        "grid_id": "672_456"
      }
    },
    {
      "type": "Feature",
      "geometry": {
        "type": "Polygon",
        "coordinates": [
          [
            [
              121.64792998183226,
              45.30503999567885
            ],
            [
              121.6570837849224,
              45.30466630041002
            ],
            [
              121.65655380438268,
              45.29820668652229
            ],
            [
              121.6474010338401,
              45.2985802980993
            ],
            [
              121.64792998183226,
              45.30503999567885
            ]
          ]
        ]
      },
      "properties": {
        "biomass": 177.65960693359375,
        "min_biomass": 118.36882781982422,
        "max_biomass": 263.7494812011719,
        "timestamp": "20260513_120248",
        "grid_id": "672_480"
      }
    },
    {
      "type": "Feature",
      "geometry": {
        "type": "Polygon",
        "coordinates": [
          [
            [
              121.6570837849224,
              45.30466630041002
            ],
            [
              121.6662374084856,
              45.30429187391062
            ],
            [
              121.66570639547267,
              45.297832343877396
            ],
            [
              121.65655380438268,
              45.29820668652229
            ],
            [
              121.6570837849224,
              45.30466630041002
            ]
          ]
        ]
      },
      "properties": {
        "biomass": 166.53732299804688,
        "min_biomass": 128.21279907226562,
        "max_biomass": 217.8046875,
        "timestamp": "20260513_120248",
        "grid_id": "672_504"
      }
    },
    {
      "type": "Feature",
      "geometry": {
        "type": "Polygon",
        "coordinates": [
          [
            [
              121.6662374084856,
              45.30429187391062
            ],
            [
              121.67539085217525,
              45.30391671621867
            ],
            [
              121.67485880676361,
              45.29745727020258
            ],
            [
              121.66570639547267,
              45.297832343877396
            ],
            [
              121.6662374084856,
              45.30429187391062
            ]
          ]
        ]
      },
      "properties": {
        "biomass": 176.64083862304688,
        "min_biomass": 135.1807403564453,
        "max_biomass": 223.27951049804688,
        "timestamp": "20260513_120248",
        "grid_id": "672_528"
      }
    },
    {
      "type": "Feature",
      "geometry": {
        "type": "Polygon",
        "coordinates": [
          [
            [
              121.4917768142965,
              45.30481980506928
            ],
            [
              121.50093258248334,
              45.30445862738707
            ],
            [
              121.50042033880455,
              45.2979976009921
            ],
            [
              121.49126560406032,
              45.29835869776822
            ],
            [
              121.4917768142965,
              45.30481980506928
            ]
          ]
        ]
      },
      "properties": {
        "biomass": 116.62689971923828,
        "min_biomass": 94.26980590820312,
        "max_biomass": 160.9276580810547,
        "timestamp": "20260513_120248",
        "grid_id": "696_72"
      }
    },
    {
      "type": "Feature",
      "geometry": {
        "type": "Polygon",
        "coordinates": [
          [
            [
              121.50093258248334,
              45.30445862738707
            ],
            [
              121.51008817711394,
              45.30409671800243
            ],
            [
              121.50957490006442,
              45.29763577267641
            ],
            [
              121.50042033880455,
              45.2979976009921
            ],
            [
              121.50093258248334,
              45.30445862738707
            ]
          ]
        ]
      },
      "properties": {
        "biomass": 144.00112915039062,
        "min_biomass": 93.4793930053711,
        "max_biomass": 213.36952209472656,
        "timestamp": "20260513_120248",
        "grid_id": "696_96"
      }
    },
    {
      "type": "Feature",
      "geometry": {
        "type": "Polygon",
        "coordinates": [
          [
            [
              121.51008817711394,
              45.30409671800243
            ],
            [
              121.51924359784114,
              45.303734076952104
            ],
            [
              121.51872928749292,
              45.2972732128579
            ],
            [
              121.50957490006442,
              45.29763577267641
            ],
            [
              121.51008817711394,
              45.30409671800243
            ]
          ]
        ]
      },
      "properties": {
        "biomass": 109.98350524902344,
        "min_biomass": 93.49118041992188,
        "max_biomass": 139.11717224121094,
        "timestamp": "20260513_120248",
        "grid_id": "696_120"
      }
    },
    {
      "type": "Feature",
      "geometry": {
        "type": "Polygon",
        "coordinates": [
          [
            [
              121.51924359784114,
              45.303734076952104
            ],
            [
              121.52839884431775,
              45.30337070427289
            ],
            [
              121.52788350074304,
              45.296909921573366
            ],
            [
              121.51872928749292,
              45.2972732128579
            ],
            [
              121.51924359784114,
              45.303734076952104
            ]
          ]
        ]
      },
      "properties": {
        "biomass": 107.46711730957031,
        "min_biomass": 93.82695770263672,
        "max_biomass": 127.52649688720703,
        "timestamp": "20260513_120248",
        "grid_id": "696_144"
      }
    },
    {
      "type": "Feature",
      "geometry": {
        "type": "Polygon",
        "coordinates": [
          [
            [
              121.52839884431775,
              45.30337070427289
            ],
            [
              121.5375539161967,
              45.30300660000171
            ],
            [
              121.5370375394678,
              45.29654589885969
            ],
            [
              121.52788350074304,
              45.296909921573366
            ],
            [
              121.52839884431775,
              45.30337070427289
            ]
          ]
        ]
      },
      "properties": {
        "biomass": 119.85580444335938,
        "min_biomass": 93.60220336914062,
        "max_biomass": 161.4373779296875,
        "timestamp": "20260513_120248",
        "grid_id": "696_168"
      }
    },
    {
      "type": "Feature",
      "geometry": {
        "type": "Polygon",
        "coordinates": [
          [
            [
              121.5375539161967,
              45.30300660000171
            ],
            [
              121.54670881313095,
              45.30264176417548
            ],
            [
              121.54619140332036,
              45.2961811447538
            ],
            [
              121.5370375394678,
              45.29654589885969
            ],
            [
              121.5375539161967,
              45.30300660000171
            ]
          ]
        ]
      },
      "properties": {
        "biomass": 116.62531280517578,
        "min_biomass": 93.56970977783203,
        "max_biomass": 166.4458465576172,
        "timestamp": "20260513_120248",
        "grid_id": "696_192"
      }
    },
    {
      "type": "Feature",
      "geometry": {
        "type": "Polygon",
        "coordinates": [
          [
            [
              121.54670881313095,
              45.30264176417548
            ],
            [
              121.55586353477345,
              45.30227619683128
            ],
            [
              121.55534509195377,
              45.29581565929273
            ],
            [
              121.54619140332036,
              45.2961811447538
            ],
            [
              121.54670881313095,
              45.30264176417548
            ]
          ]
        ]
      },
      "properties": {
        "biomass": 121.2078857421875,
        "min_biomass": 93.66490936279297,
        "max_biomass": 197.5648193359375,
        "timestamp": "20260513_120248",
        "grid_id": "696_216"
      }
    },
    {
      "type": "Feature",
      "geometry": {
        "type": "Polygon",
        "coordinates": [
          [
            [
              121.55586353477345,
              45.30227619683128
            ],
            [
              121.56501808077725,
              45.30190989800618
            ],
            [
              121.56449860502121,
              45.295449442513565
            ],
            [
              121.55534509195377,
              45.29581565929273
            ],
            [
              121.55586353477345,
              45.30227619683128
            ]
          ]
        ]
      },
      "properties": {
        "biomass": 164.08218383789062,
        "min_biomass": 108.8135986328125,
        "max_biomass": 229.12734985351562,
        "timestamp": "20260513_120248",
        "grid_id": "696_240"
      }
    },
    {
      "type": "Feature",
      "geometry": {
        "type": "Polygon",
        "coordinates": [
          [
            [
              121.56501808077725,
              45.30190989800618
            ],
            [
              121.57417245079542,
              45.30154286773738
            ],
            [
              121.57365194217591,
              45.295082494453474
            ],
            [
              121.56449860502121,
              45.295449442513565
            ],
            [
              121.56501808077725,
              45.30190989800618
            ]
          ]
        ]
      },
      "properties": {
        "biomass": 172.8281707763672,
        "min_biomass": 114.0494613647461,
        "max_biomass": 237.9795379638672,
        "timestamp": "20260513_120248",
        "grid_id": "696_264"
      }
    },
    {
      "type": "Feature",
      "geometry": {
        "type": "Polygon",
        "coordinates": [
          [
            [
              121.57417245079542,
              45.30154286773738
            ],
            [
              121.58332664448105,
              45.30117510606214
            ],
            [
              121.58280510307114,
              45.29471481514969
            ],
            [
              121.57365194217591,
              45.295082494453474
            ],
            [
              121.57417245079542,
              45.30154286773738
            ]
          ]
        ]
      },
      "properties": {
        "biomass": 164.42428588867188,
        "min_biomass": 103.4945297241211,
        "max_biomass": 245.76605224609375,
        "timestamp": "20260513_120248",
        "grid_id": "696_288"
      }
    },
    {
      "type": "Feature",
      "geometry": {
        "type": "Polygon",
        "coordinates": [
          [
            [
              121.58332664448105,
              45.30117510606214
            ],
            [
              121.59248066148731,
              45.30080661301775
            ],
            [
              121.59195808736014,
              45.29434640463952
            ],
            [
              121.58280510307114,
              45.29471481514969
            ],
            [
              121.58332664448105,
              45.30117510606214
            ]
          ]
        ]
      },
      "properties": {
        "biomass": 138.33717346191406,
        "min_biomass": 94.63954162597656,
        "max_biomass": 240.6343231201172,
        "timestamp": "20260513_120248",
        "grid_id": "696_312"
      }
    },
    {
      "type": "Feature",
      "geometry": {
        "type": "Polygon",
        "coordinates": [
          [
            [
              121.59248066148731,
              45.30080661301775
            ],
            [
              121.60163450146742,
              45.300437388641654
            ],
            [
              121.60111089469629,
              45.29397726296037
            ],
            [
              121.59195808736014,
              45.29434640463952
            ],
            [
              121.59248066148731,
              45.30080661301775
            ]
          ]
        ]
      },
      "properties": {
        "biomass": 106.03072357177734,
        "min_biomass": 93.4834213256836,
        "max_biomass": 130.15843200683594,
        "timestamp": "20260513_120248",
        "grid_id": "696_336"
      }
    },
    {
      "type": "Feature",
      "geometry": {
        "type": "Polygon",
        "coordinates": [
          [
            [
              121.60163450146742,
              45.300437388641654
            ],
            [
              121.61078816407453,
              45.300067432971304
            ],
            [
              121.61026352473296,
              45.29360739014967
            ],
            [
              121.60111089469629,
              45.29397726296037
            ],
            [
              121.60163450146742,
              45.300437388641654
            ]
          ]
        ]
      },
      "properties": {
        "biomass": 109.038330078125,
        "min_biomass": 94.04122161865234,
        "max_biomass": 188.0698699951172,
        "timestamp": "20260513_120248",
        "grid_id": "696_360"
      }
    },
    {
      "type": "Feature",
      "geometry": {
        "type": "Polygon",
        "coordinates": [
          [
            [
              121.61078816407453,
              45.300067432971304
            ],
            [
              121.61994164896204,
              45.29969674604423
            ],
            [
              121.6194159771236,
              45.293236786244975
            ],
            [
              121.61026352473296,
              45.29360739014967
            ],
            [
              121.61078816407453,
              45.300067432971304
            ]
          ]
        ]
      },
      "properties": {
        "biomass": 118.60834503173828,
        "min_biomass": 94.93156433105469,
        "max_biomass": 205.319580078125,
        "timestamp": "20260513_120248",
        "grid_id": "696_384"
      }
    },
    {
      "type": "Feature",
      "geometry": {
        "type": "Polygon",
        "coordinates": [
          [
            [
              121.61994164896204,
              45.29969674604423
            ],
            [
              121.62909495578322,
              45.29932532789807
            ],
            [
              121.62856825152163,
              45.29286545128387
            ],
            [
              121.6194159771236,
              45.293236786244975
            ],
            [
              121.61994164896204,
              45.29969674604423
            ]
          ]
        ]
      },
      "properties": {
        "biomass": 108.37325286865234,
        "min_biomass": 93.70980072021484,
        "max_biomass": 130.28280639648438,
        "timestamp": "20260513_120248",
        "grid_id": "696_408"
      }
    },
    {
      "type": "Feature",
      "geometry": {
        "type": "Polygon",
        "coordinates": [
          [
            [
              121.62909495578322,
              45.29932532789807
            ],
            [
              121.63824808419143,
              45.29895317857049
            ],
            [
              121.6377203475806,
              45.29249338530404
            ],
            [
              121.62856825152163,
              45.29286545128387
            ],
            [
              121.62909495578322,
              45.29932532789807
            ]
          ]
        ]
      },
      "properties": {
        "biomass": 140.69357299804688,
        "min_biomass": 97.10295867919922,
        "max_biomass": 225.79803466796875,
        "timestamp": "20260513_120248",
        "grid_id": "696_432"
      }
    },
    {
      "type": "Feature",
      "geometry": {
        "type": "Polygon",
        "coordinates": [
          [
            [
              121.63824808419143,
              45.29895317857049
            ],
            [
              121.6474010338401,
              45.2985802980993
            ],
            [
              121.64687226495404,
              45.29212058834324
            ],
            [
              121.6377203475806,
              45.29249338530404
            ],
            [
              121.63824808419143,
              45.29895317857049
            ]
          ]
        ]
      },
      "properties": {
        "biomass": 183.65272521972656,
        "min_biomass": 125.31291961669922,
        "max_biomass": 237.01535034179688,
        "timestamp": "20260513_120248",
        "grid_id": "696_456"
      }
    },
    {
      "type": "Feature",
      "geometry": {
        "type": "Polygon",
        "coordinates": [
          [
            [
              121.6474010338401,
              45.2985802980993
            ],
            [
              121.65655380438268,
              45.29820668652229
            ],
            [
              121.65602400329556,
              45.291747060439256
            ],
            [
              121.64687226495404,
              45.29212058834324
            ],
            [
              121.6474010338401,
              45.2985802980993
            ]
          ]
        ]
      },
      "properties": {
        "biomass": 182.40078735351562,
        "min_biomass": 128.50527954101562,
        "max_biomass": 231.7813262939453,
        "timestamp": "20260513_120248",
        "grid_id": "696_480"
      }
    },
    {
      "type": "Feature",
      "geometry": {
        "type": "Polygon",
        "coordinates": [
          [
            [
              121.65655380438268,
              45.29820668652229
            ],
            [
              121.66570639547267,
              45.297832343877396
            ],
            [
              121.66517556225878,
              45.291372801630025
            ],
            [
              121.65602400329556,
              45.291747060439256
            ],
            [
              121.65655380438268,
              45.29820668652229
            ]
          ]
        ]
      },
      "properties": {
        "biomass": 185.99649047851562,
        "min_biomass": 149.08245849609375,
        "max_biomass": 232.1555633544922,
        "timestamp": "20260513_120248",
        "grid_id": "696_504"
      }
    },
    {
      "type": "Feature",
      "geometry": {
        "type": "Polygon",
        "coordinates": [
          [
            [
              121.66570639547267,
              45.297832343877396
            ],
            [
              121.67485880676361,
              45.29745727020258
            ],
            [
              121.67432694149741,
              45.290997811953495
            ],
            [
              121.66517556225878,
              45.291372801630025
            ],
            [
              121.66570639547267,
              45.297832343877396
            ]
          ]
        ]
      },
      "properties": {
        "biomass": 179.75625610351562,
        "min_biomass": 128.37168884277344,
        "max_biomass": 219.52601623535156,
        "timestamp": "20260513_120248",
        "grid_id": "696_528"
      }
    },
    {
      "type": "Feature",
      "geometry": {
        "type": "Polygon",
        "coordinates": [
          [
            [
              121.49126560406032,
              45.29835869776822
            ],
            [
              121.50042033880455,
              45.2979976009921
            ],
            [
              121.49990826861007,
              45.2915365627183
            ],
            [
              121.49075456696143,
              45.291897578606516
            ],
            [
              121.49126560406032,
              45.29835869776822
            ]
          ]
        ]
      },
      "properties": {
        "biomass": 105.27873229980469,
        "min_biomass": 93.5340805053711,
        "max_biomass": 161.23565673828125,
        "timestamp": "20260513_120248",
        "grid_id": "720_72"
      }
    },
    {
      "type": "Feature",
      "geometry": {
        "type": "Polygon",
        "coordinates": [
          [
            [
              121.50042033880455,
              45.2979976009921
            ],
            [
              121.50957490006442,
              45.29763577267641
            ],
            [
              121.50906179684627,
              45.29117481545337
            ],
            [
              121.49990826861007,
              45.2915365627183
            ],
            [
              121.50042033880455,
              45.2979976009921
            ]
          ]
        ]
      },
      "properties": {
        "biomass": 102.13733673095703,
        "min_biomass": 93.5254135131836,
        "max_biomass": 136.21788024902344,
        "timestamp": "20260513_120248",
        "grid_id": "720_96"
      }
    },
    {
      "type": "Feature",
      "geometry": {
        "type": "Polygon",
        "coordinates": [
          [
            [
              121.50957490006442,
              45.29763577267641
            ],
            [
              121.51872928749292,
              45.2972732128579
            ],
            [
              121.51821515132308,
              45.29081233684844
            ],
            [
              121.50906179684627,
              45.29117481545337
            ],
            [
              121.50957490006442,
              45.29763577267641
            ]
          ]
        ]
      },
      "properties": {
        "biomass": 108.02894592285156,
        "min_biomass": 93.70777893066406,
        "max_biomass": 145.48226928710938,
        "timestamp": "20260513_120248",
        "grid_id": "720_120"
      }
    },
    {
      "type": "Feature",
      "geometry": {
        "type": "Polygon",
        "coordinates": [
          [
            [
              121.51872928749292,
              45.2972732128579
            ],
            [
              121.52788350074304,
              45.296909921573366
            ],
            [
              121.52736833169367,
              45.29044912694031
            ],
            [
              121.51821515132308,
              45.29081233684844
            ],
            [
              121.51872928749292,
              45.2972732128579
            ]
          ]
        ]
      },
      "properties": {
        "biomass": 109.9657974243164,
        "min_biomass": 94.29704284667969,
        "max_biomass": 123.71360778808594,
        "timestamp": "20260513_120248",
        "grid_id": "720_144"
      }
    },
    {
      "type": "Feature",
      "geometry": {
        "type": "Polygon",
        "coordinates": [
          [
            [
              121.52788350074304,
              45.296909921573366
            ],
            [
              121.5370375394678,
              45.29654589885969
            ],
            [
              121.53652133761118,
              45.290085185765825
            ],
            [
              121.52736833169367,
              45.29044912694031
            ],
            [
              121.52788350074304,
              45.296909921573366
            ]
          ]
        ]
      },
      "properties": {
        "biomass": 104.10649871826172,
        "min_biomass": 93.53009033203125,
        "max_biomass": 139.4147491455078,
        "timestamp": "20260513_120248",
        "grid_id": "720_168"
      }
    },
    {
      "type": "Feature",
      "geometry": {
        "type": "Polygon",
        "coordinates": [
          [
            [
              121.5370375394678,
              45.29654589885969
            ],
            [
              121.54619140332036,
              45.2961811447538
            ],
            [
              121.54567416872888,
              45.28972051336192
            ],
            [
              121.53652133761118,
              45.290085185765825
            ],
            [
              121.5370375394678,
              45.29654589885969
            ]
          ]
        ]
      },
      "properties": {
        "biomass": 122.03260803222656,
        "min_biomass": 94.35034942626953,
        "max_biomass": 176.74563598632812,
        "timestamp": "20260513_120248",
        "grid_id": "720_192"
      }
    },
    {
      "type": "Feature",
      "geometry": {
        "type": "Polygon",
        "coordinates": [
          [
            [
              121.54619140332036,
              45.2961811447538
            ],
            [
              121.55534509195377,
              45.29581565929273
            ],
            [
              121.55482682470002,
              45.28935510976559
            ],
            [
              121.54567416872888,
              45.28972051336192
            ],
            [
              121.54619140332036,
              45.2961811447538
            ]
          ]
        ]
      },
      "properties": {
        "biomass": 141.9547882080078,
        "min_biomass": 96.50392150878906,
        "max_biomass": 181.35986328125,
        "timestamp": "20260513_120248",
        "grid_id": "720_216"
      }
    },
    {
      "type": "Feature",
      "geometry": {
        "type": "Polygon",
        "coordinates": [
          [
            [
              121.55534509195377,
              45.29581565929273
            ],
            [
              121.56449860502121,
              45.295449442513565
            ],
            [
              121.56397930517791,
              45.28898897501392
            ],
            [
              121.55482682470002,
              45.28935510976559
            ],
            [
              121.55534509195377,
              45.29581565929273
            ]
          ]
        ]
      },
      "properties": {
        "biomass": 130.12957763671875,
        "min_biomass": 96.83760833740234,
        "max_biomass": 185.28248596191406,
        "timestamp": "20260513_120248",
        "grid_id": "720_240"
      }
    },
    {
      "type": "Feature",
      "geometry": {
        "type": "Polygon",
        "coordinates": [
          [
            [
              121.56449860502121,
              45.295449442513565
            ],
            [
              121.57365194217591,
              45.295082494453474
            ],
            [
              121.5731316098159,
              45.28862210914409
            ],
            [
              121.56397930517791,
              45.28898897501392
            ],
            [
              121.56449860502121,
              45.295449442513565
            ]
          ]
        ]
      },
      "properties": {
        "biomass": 140.65077209472656,
        "min_biomass": 105.91533660888672,
        "max_biomass": 219.9384307861328,
        "timestamp": "20260513_120248",
        "grid_id": "720_264"
      }
    },
    {
      "type": "Feature",
      "geometry": {
        "type": "Polygon",
        "coordinates": [
          [
            [
              121.57365194217591,
              45.295082494453474
            ],
            [
              121.58280510307114,
              45.29471481514969
            ],
            [
              121.58228373826739,
              45.288254512193284
            ],
            [
              121.5731316098159,
              45.28862210914409
            ],
            [
              121.57365194217591,
              45.295082494453474
            ]
          ]
        ]
      },
      "properties": {
        "biomass": 177.81668090820312,
        "min_biomass": 113.24864959716797,
        "max_biomass": 241.4187469482422,
        "timestamp": "20260513_120248",
        "grid_id": "720_288"
      }
    },
    {
      "type": "Feature",
      "geometry": {
        "type": "Polygon",
        "coordinates": [
          [
            [
              121.58280510307114,
              45.29471481514969
            ],
            [
              121.59195808736014,
              45.29434640463952
            ],
            [
              121.59143569018583,
              45.28788618419881
            ],
            [
              121.58228373826739,
              45.288254512193284
            ],
            [
              121.58280510307114,
              45.29471481514969
            ]
          ]
        ]
      },
      "properties": {
        "biomass": 165.9983367919922,
        "min_biomass": 115.33060455322266,
        "max_biomass": 222.66632080078125,
        "timestamp": "20260513_120248",
        "grid_id": "720_312"
      }
    },
    {
      "type": "Feature",
      "geometry": {
        "type": "Polygon",
        "coordinates": [
          [
            [
              121.59195808736014,
              45.29434640463952
            ],
            [
              121.60111089469629,
              45.29397726296037
            ],
            [
              121.60058746522466,
              45.28751712519804
            ],
            [
              121.59143569018583,
              45.28788618419881
            ],
            [
              121.59195808736014,
              45.29434640463952
            ]
          ]
        ]
      },
      "properties": {
        "biomass": 141.4559326171875,
        "min_biomass": 103.01054382324219,
        "max_biomass": 222.72706604003906,
        "timestamp": "20260513_120248",
        "grid_id": "720_336"
      }
    },
    {
      "type": "Feature",
      "geometry": {
        "type": "Polygon",
        "coordinates": [
          [
            [
              121.60111089469629,
              45.29397726296037
            ],
            [
              121.61026352473296,
              45.29360739014967
            ],
            [
              121.60973906303745,
              45.28714733522842
            ],
            [
              121.60058746522466,
              45.28751712519804
            ],
            [
              121.60111089469629,
              45.29397726296037
            ]
          ]
        ]
      },
      "properties": {
        "biomass": 112.13809204101562,
        "min_biomass": 93.58789825439453,
        "max_biomass": 155.0885772705078,
        "timestamp": "20260513_120248",
        "grid_id": "720_360"
      }
    },
    {
      "type": "Feature",
      "geometry": {
        "type": "Polygon",
        "coordinates": [
          [
            [
              121.61026352473296,
              45.29360739014967
            ],
            [
              121.6194159771236,
              45.293236786244975
            ],
            [
              121.61889048327774,
              45.286776814327474
            ],
            [
              121.60973906303745,
              45.28714733522842
            ],
            [
              121.61026352473296,
              45.29360739014967
            ]
          ]
        ]
      },
      "properties": {
        "biomass": 105.3560791015625,
        "min_biomass": 93.73706817626953,
        "max_biomass": 126.3378677368164,
        "timestamp": "20260513_120248",
        "grid_id": "720_384"
      }
    },
    {
      "type": "Feature",
      "geometry": {
        "type": "Polygon",
        "coordinates": [
          [
            [
              121.6194159771236,
              45.293236786244975
            ],
            [
              121.62856825152163,
              45.29286545128387
            ],
            [
              121.62804172559913,
              45.286405562532764
            ],
            [
              121.61889048327774,
              45.286776814327474
            ],
            [
              121.6194159771236,
              45.293236786244975
            ]
          ]
        ]
      },
      "properties": {
        "biomass": 114.37508392333984,
        "min_biomass": 94.80864715576172,
        "max_biomass": 135.65737915039062,
        "timestamp": "20260513_120248",
        "grid_id": "720_408"
      }
    },
    {
      "type": "Feature",
      "geometry": {
        "type": "Polygon",
        "coordinates": [
          [
            [
              121.62856825152163,
              45.29286545128387
            ],
            [
              121.6377203475806,
              45.29249338530404
            ],
            [
              121.63719278965527,
              45.286033579881966
            ],
            [
              121.62804172559913,
              45.286405562532764
            ],
            [
              121.62856825152163,
              45.29286545128387
            ]
          ]
        ]
      },
      "properties": {
        "biomass": 129.6924591064453,
        "min_biomass": 108.6109390258789,
        "max_biomass": 156.25250244140625,
        "timestamp": "20260513_120248",
        "grid_id": "720_432"
      }
    },
    {
      "type": "Feature",
      "geometry": {
        "type": "Polygon",
        "coordinates": [
          [
            [
              121.6377203475806,
              45.29249338530404
            ],
            [
              121.64687226495404,
              45.29212058834324
            ],
            [
              121.64634367509989,
              45.28566086641279
            ],
            [
              121.63719278965527,
              45.286033579881966
            ],
            [
              121.6377203475806,
              45.29249338530404
            ]
          ]
        ]
      },
      "properties": {
        "biomass": 132.32199096679688,
        "min_biomass": 110.9227523803711,
        "max_biomass": 180.84002685546875,
        "timestamp": "20260513_120248",
        "grid_id": "720_456"
      }
    },
    {
      "type": "Feature",
      "geometry": {
        "type": "Polygon",
        "coordinates": [
          [
            [
              121.64687226495404,
              45.29212058834324
            ],
            [
              121.65602400329556,
              45.291747060439256
            ],
            [
              121.6554943815867,
              45.285287422163094
            ],
            [
              121.64634367509989,
              45.28566086641279
            ],
            [
              121.64687226495404,
              45.29212058834324
            ]
          ]
        ]
      },
      "properties": {
        "biomass": 138.42132568359375,
        "min_biomass": 113.77439880371094,
        "max_biomass": 175.91685485839844,
        "timestamp": "20260513_120248",
        "grid_id": "720_480"
      }
    },
    {
      "type": "Feature",
      "geometry": {
        "type": "Polygon",
        "coordinates": [
          [
            [
              121.65602400329556,
              45.291747060439256
            ],
            [
              121.66517556225878,
              45.291372801630025
            ],
            [
              121.66464490876952,
              45.284913247170714
            ],
            [
              121.6554943815867,
              45.285287422163094
            ],
            [
              121.65602400329556,
              45.291747060439256
            ]
          ]
        ]
      },
      "properties": {
        "biomass": 177.63656616210938,
        "min_biomass": 122.53730010986328,
        "max_biomass": 232.8861846923828,
        "timestamp": "20260513_120248",
        "grid_id": "720_504"
      }
    },
    {
      "type": "Feature",
      "geometry": {
        "type": "Polygon",
        "coordinates": [
          [
            [
              121.66517556225878,
              45.291372801630025
            ],
            [
              121.67432694149741,
              45.290997811953495
            ],
            [
              121.6737952563021,
              45.284538341473606
            ],
            [
              121.66464490876952,
              45.284913247170714
            ],
            [
              121.66517556225878,
              45.291372801630025
            ]
          ]
        ]
      },
      "properties": {
        "biomass": 194.21945190429688,
        "min_biomass": 147.19247436523438,
        "max_biomass": 221.2003936767578,
        "timestamp": "20260513_120248",
        "grid_id": "720_528"
      }
    },
    {
      "type": "Feature",
      "geometry": {
        "type": "Polygon",
        "coordinates": [
          [
            [
              121.49075456696143,
              45.291897578606516
            ],
            [
              121.49990826861007,
              45.2915365627183
            ],
            [
              121.49939637182811,
              45.2850755125677
            ],
            [
              121.49024370292805,
              45.28543644758616
            ],
            [
              121.49075456696143,
              45.291897578606516
            ]
          ]
        ]
      },
      "properties": {
        "biomass": 107.40119934082031,
        "min_biomass": 93.49931335449219,
        "max_biomass": 164.80641174316406,
        "timestamp": "20260513_120248",
        "grid_id": "744_72"
      }
    },
    {
      "type": "Feature",
      "geometry": {
        "type": "Polygon",
        "coordinates": [
          [
            [
              121.49990826861007,
              45.2915365627183
            ],
            [
              121.50906179684627,
              45.29117481545337
            ],
            [
              121.50854886738752,
              45.28471384633533
            ],
            [
              121.49939637182811,
              45.2850755125677
            ],
            [
              121.49990826861007,
              45.2915365627183
            ]
          ]
        ]
      },
      "properties": {
        "biomass": 106.43634033203125,
        "min_biomass": 93.53520965576172,
        "max_biomass": 123.81239318847656,
        "timestamp": "20260513_120248",
        "grid_id": "744_96"
      }
    },
    {
      "type": "Feature",
      "geometry": {
        "type": "Polygon",
        "coordinates": [
          [
            [
              121.50906179684627,
              45.29117481545337
            ],
            [
              121.51821515132308,
              45.29081233684844
            ],
            [
              121.51770118925951,
              45.284351448925754
            ],
            [
              121.50854886738752,
              45.28471384633533
            ],
            [
              121.50906179684627,
              45.29117481545337
            ]
          ]
        ]
      },
      "properties": {
        "biomass": 111.29728698730469,
        "min_biomass": 95.97503662109375,
        "max_biomass": 127.1094970703125,
        "timestamp": "20260513_120248",
        "grid_id": "744_120"
      }
    },
    {
      "type": "Feature",
      "geometry": {
        "type": "Polygon",
        "coordinates": [
          [
            [
              121.51821515132308,
              45.29081233684844
            ],
            [
              121.52736833169367,
              45.29044912694031
            ],
            [
              121.52685333709735,
              45.28398832037575
            ],
            [
              121.51770118925951,
              45.284351448925754
            ],
            [
              121.51821515132308,
              45.29081233684844
            ]
          ]
        ]
      },
      "properties": {
        "biomass": 112.23857116699219,
        "min_biomass": 94.87640380859375,
        "max_biomass": 127.05927276611328,
        "timestamp": "20260513_120248",
        "grid_id": "744_144"
      }
    },
    {
      "type": "Feature",
      "geometry": {
        "type": "Polygon",
        "coordinates": [
          [
            [
              121.52736833169367,
              45.29044912694031
            ],
            [
              121.53652133761118,
              45.290085185765825
            ],
            [
              121.53600531055437,
              45.28362446072216
            ],
            [
              121.52685333709735,
              45.28398832037575
            ],
            [
              121.52736833169367,
              45.29044912694031
            ]
          ]
        ]
      },
      "properties": {
        "biomass": 107.19837188720703,
        "min_biomass": 93.7636947631836,
        "max_biomass": 126.21142578125,
        "timestamp": "20260513_120248",
        "grid_id": "744_168"
      }
    },
    {
      "type": "Feature",
      "geometry": {
        "type": "Polygon",
        "coordinates": [
          [
            [
              121.53652133761118,
              45.290085185765825
            ],
            [
              121.54567416872888,
              45.28972051336192
            ],
            [
              121.54515710928399,
              45.2832598700019
            ],
            [
              121.53600531055437,
              45.28362446072216
            ],
            [
              121.53652133761118,
              45.290085185765825
            ]
          ]
        ]
      },
      "properties": {
        "biomass": 117.873779296875,
        "min_biomass": 93.52394104003906,
        "max_biomass": 165.7755584716797,
        "timestamp": "20260513_120248",
        "grid_id": "744_192"
      }
    },
    {
      "type": "Feature",
      "geometry": {
        "type": "Polygon",
        "coordinates": [
          [
            [
              121.54567416872888,
              45.28972051336192
            ],
            [
              121.55482682470002,
              45.28935510976559
            ],
            [
              121.55430873293955,
              45.28289454825195
            ],
            [
              121.54515710928399,
              45.2832598700019
            ],
            [
              121.54567416872888,
              45.28972051336192
            ]
          ]
        ]
      },
      "properties": {
        "biomass": 147.19834899902344,
        "min_biomass": 95.3056869506836,
        "max_biomass": 221.5273895263672,
        "timestamp": "20260513_120248",
        "grid_id": "744_216"
      }
    },
    {
      "type": "Feature",
      "geometry": {
        "type": "Polygon",
        "coordinates": [
          [
            [
              121.55482682470002,
              45.28935510976559
            ],
            [
              121.56397930517791,
              45.28898897501392
            ],
            [
              121.5634601811745,
              45.282528495509396
            ],
            [
              121.55430873293955,
              45.28289454825195
            ],
            [
              121.55482682470002,
              45.28935510976559
            ]
          ]
        ]
      },
      "properties": {
        "biomass": 159.33184814453125,
        "min_biomass": 109.4599380493164,
        "max_biomass": 220.9676971435547,
        "timestamp": "20260513_120248",
        "grid_id": "744_240"
      }
    },
    {
      "type": "Feature",
      "geometry": {
        "type": "Polygon",
        "coordinates": [
          [
            [
              121.56397930517791,
              45.28898897501392
            ],
            [
              121.5731316098159,
              45.28862210914409
            ],
            [
              121.5726114536424,
              45.28216171181135
            ],
            [
              121.5634601811745,
              45.282528495509396
            ],
            [
              121.56397930517791,
              45.28898897501392
            ]
          ]
        ]
      },
      "properties": {
        "biomass": 177.40562438964844,
        "min_biomass": 121.12054443359375,
        "max_biomass": 238.18814086914062,
        "timestamp": "20260513_120248",
        "grid_id": "744_264"
      }
    },
    {
      "type": "Feature",
      "geometry": {
        "type": "Polygon",
        "coordinates": [
          [
            [
              121.5731316098159,
              45.28862210914409
            ],
            [
              121.58228373826739,
              45.288254512193284
            ],
            [
              121.58176254999675,
              45.281794197195055
            ],
            [
              121.5726114536424,
              45.28216171181135
            ],
            [
              121.5731316098159,
              45.28862210914409
            ]
          ]
        ]
      },
      "properties": {
        "biomass": 180.4849853515625,
        "min_biomass": 128.43093872070312,
        "max_biomass": 251.3749237060547,
        "timestamp": "20260513_120248",
        "grid_id": "744_288"
      }
    },
    {
      "type": "Feature",
      "geometry": {
        "type": "Polygon",
        "coordinates": [
          [
            [
              121.58228373826739,
              45.288254512193284
            ],
            [
              121.59143569018583,
              45.28788618419881
            ],
            [
              121.59091346989109,
              45.281425951697756
            ],
            [
              121.58176254999675,
              45.281794197195055
            ],
            [
              121.58228373826739,
              45.288254512193284
            ]
          ]
        ]
      },
      "properties": {
        "biomass": 163.08242797851562,
        "min_biomass": 112.81061553955078,
        "max_biomass": 242.85569763183594,
        "timestamp": "20260513_120248",
        "grid_id": "744_312"
      }
    },
    {
      "type": "Feature",
      "geometry": {
        "type": "Polygon",
        "coordinates": [
          [
            [
              121.59143569018583,
              45.28788618419881
            ],
            [
              121.60058746522466,
              45.28751712519804
            ],
            [
              121.60006421297912,
              45.28105697535682
            ],
            [
              121.59091346989109,
              45.281425951697756
            ],
            [
              121.59143569018583,
              45.28788618419881
            ]
          ]
        ]
      },
      "properties": {
        "biomass": 165.865478515625,
        "min_biomass": 110.88582611083984,
        "max_biomass": 225.6500244140625,
        "timestamp": "20260513_120248",
        "grid_id": "744_336"
      }
    },
    {
      "type": "Feature",
      "geometry": {
        "type": "Polygon",
        "coordinates": [
          [
            [
              121.60058746522466,
              45.28751712519804
            ],
            [
              121.60973906303745,
              45.28714733522842
            ],
            [
              121.60921477891442,
              45.28068726820967
            ],
            [
              121.60006421297912,
              45.28105697535682
            ],
            [
              121.60058746522466,
              45.28751712519804
            ]
          ]
        ]
      },
      "properties": {
        "biomass": 145.12460327148438,
        "min_biomass": 115.63861083984375,
        "max_biomass": 232.0831298828125,
        "timestamp": "20260513_120248",
        "grid_id": "744_360"
      }
    },
    {
      "type": "Feature",
      "geometry": {
        "type": "Polygon",
        "coordinates": [
          [
            [
              121.60973906303745,
              45.28714733522842
            ],
            [
              121.61889048327774,
              45.286776814327474
            ],
            [
              121.61836516735075,
              45.28031683029383
            ],
            [
              121.60921477891442,
              45.28068726820967
            ],
            [
              121.60973906303745,
              45.28714733522842
            ]
          ]
        ]
      },
      "properties": {
        "biomass": 109.17789459228516,
        "min_biomass": 93.57133483886719,
        "max_biomass": 139.93521118164062,
        "timestamp": "20260513_120248",
        "grid_id": "744_384"
      }
    },
    {
      "type": "Feature",
      "geometry": {
        "type": "Polygon",
        "coordinates": [
          [
            [
              121.61889048327774,
              45.286776814327474
            ],
            [
              121.62804172559913,
              45.286405562532764
            ],
            [
              121.62751537794186,
              45.27994566164685
            ],
            [
              121.61836516735075,
              45.28031683029383
            ],
            [
              121.61889048327774,
              45.286776814327474
            ]
          ]
        ]
      },
      "properties": {
        "biomass": 109.20014953613281,
        "min_biomass": 95.54191589355469,
        "max_biomass": 140.19534301757812,
        "timestamp": "20260513_120248",
        "grid_id": "744_408"
      }
    },
    {
      "type": "Feature",
      "geometry": {
        "type": "Polygon",
        "coordinates": [
          [
            [
              121.62804172559913,
              45.286405562532764
            ],
            [
              121.63719278965527,
              45.286033579881966
            ],
            [
              121.63666541034151,
              45.279573762306384
            ],
            [
              121.62751537794186,
              45.27994566164685
            ],
            [
              121.62804172559913,
              45.286405562532764
            ]
          ]
        ]
      },
      "properties": {
        "biomass": 115.8731689453125,
        "min_biomass": 99.7333984375,
        "max_biomass": 148.87619018554688,
        "timestamp": "20260513_120248",
        "grid_id": "744_432"
      }
    },
    {
      "type": "Feature",
      "geometry": {
        "type": "Polygon",
        "coordinates": [
          [
            [
              121.63719278965527,
              45.286033579881966
            ],
            [
              121.64634367509989,
              45.28566086641279
            ],
            [
              121.64581526420358,
              45.279201132310135
            ],
            [
              121.63666541034151,
              45.279573762306384
            ],
            [
              121.63719278965527,
              45.286033579881966
            ]
          ]
        ]
      },
      "properties": {
        "biomass": 123.75115203857422,
        "min_biomass": 104.49671936035156,
        "max_biomass": 158.39622497558594,
        "timestamp": "20260513_120248",
        "grid_id": "744_456"
      }
    },
    {
      "type": "Feature",
      "geometry": {
        "type": "Polygon",
        "coordinates": [
          [
            [
              121.64634367509989,
              45.28566086641279
            ],
            [
              121.6554943815867,
              45.285287422163094
            ],
            [
              121.6549649391819,
              45.27882777169594
            ],
            [
              121.64581526420358,
              45.279201132310135
            ],
            [
              121.64634367509989,
              45.28566086641279
            ]
          ]
        ]
      },
      "properties": {
        "biomass": 133.8461151123047,
        "min_biomass": 107.15454864501953,
        "max_biomass": 179.4923858642578,
        "timestamp": "20260513_120248",
        "grid_id": "744_480"
      }
    },
    {
      "type": "Feature",
      "geometry": {
        "type": "Polygon",
        "coordinates": [
          [
            [
              121.6554943815867,
              45.285287422163094
            ],
            [
              121.66464490876952,
              45.284913247170714
            ],
            [
              121.66411443493044,
              45.2784536805016
            ],
            [
              121.6549649391819,
              45.27882777169594
            ],
            [
              121.6554943815867,
              45.285287422163094
            ]
          ]
        ]
      },
      "properties": {
        "biomass": 170.82261657714844,
        "min_biomass": 116.9729232788086,
        "max_biomass": 232.36697387695312,
        "timestamp": "20260513_120248",
        "grid_id": "744_504"
      }
    },
    {
      "type": "Feature",
      "geometry": {
        "type": "Polygon",
        "coordinates": [
          [
            [
              121.66464490876952,
              45.284913247170714
            ],
            [
              121.6737952563021,
              45.284538341473606
            ],
            [
              121.67326375110312,
              45.27807885876511
            ],
            [
              121.66411443493044,
              45.2784536805016
            ],
            [
              121.66464490876952,
              45.284913247170714
            ]
          ]
        ]
      },
      "properties": {
        "biomass": 190.8650665283203,
        "min_biomass": 135.93980407714844,
        "max_biomass": 227.57118225097656,
        "timestamp": "20260513_120248",
        "grid_id": "744_528"
      }
    },
    {
      "type": "Feature",
      "geometry": {
        "type": "Polygon",
        "coordinates": [
          [
            [
              121.6737952563021,
              45.284538341473606
            ],
            [
              121.68294542383836,
              45.28416270510982
            ],
            [
              121.68241288735398,
              45.27770330652443
            ],
            [
              121.67326375110312,
              45.27807885876511
            ],
            [
              121.6737952563021,
              45.284538341473606
            ]
          ]
        ]
      },
      "properties": {
        "biomass": 189.0456085205078,
        "min_biomass": 133.79833984375,
        "max_biomass": 217.229248046875,
        "timestamp": "20260513_120248",
        "grid_id": "744_552"
      }
    },
    {
      "type": "Feature",
      "geometry": {
        "type": "Polygon",
        "coordinates": [
          [
            [
              121.68294542383836,
              45.28416270510982
            ],
            [
              121.69209541103221,
              45.28378633811742
            ],
            [
              121.69156184333708,
              45.277327023817676
            ],
            [
              121.68241288735398,
              45.27770330652443
            ],
            [
              121.68294542383836,
              45.28416270510982
            ]
          ]
        ]
      },
      "properties": {
        "biomass": 173.50929260253906,
        "min_biomass": 132.03968811035156,
        "max_biomass": 209.0853271484375,
        "timestamp": "20260513_120248",
        "grid_id": "744_576"
      }
    },
    {
      "type": "Feature",
      "geometry": {
        "type": "Polygon",
        "coordinates": [
          [
            [
              121.49024370292805,
              45.28543644758616
            ],
            [
              121.49939637182811,
              45.2850755125677
            ],
            [
              121.49888464838679,
              45.278614450542285
            ],
            [
              121.48973301188855,
              45.27897530470914
            ],
            [
              121.49024370292805,
              45.28543644758616
            ]
          ]
        ]
      },
      "properties": {
        "biomass": 153.98443603515625,
        "min_biomass": 153.98443603515625,
        "max_biomass": 153.98443603515625,
        "timestamp": "20260513_120248",
        "grid_id": "768_72"
      }
    },
    {
      "type": "Feature",
      "geometry": {
        "type": "Polygon",
        "coordinates": [
          [
            [
              121.49939637182811,
              45.2850755125677
            ],
            [
              121.50854886738752,
              45.28471384633533
            ],
            [
              121.50803611161616,
              45.27825286532428
            ],
            [
              121.49888464838679,
              45.278614450542285
            ],
            [
              121.49939637182811,
              45.2850755125677
            ]
          ]
        ]
      },
      "properties": {
        "biomass": 113.51541900634766,
        "min_biomass": 98.24078369140625,
        "max_biomass": 153.8021697998047,
        "timestamp": "20260513_120248",
        "grid_id": "768_96"
      }
    },
    {
      "type": "Feature",
      "geometry": {
        "type": "Polygon",
        "coordinates": [
          [
            [
              121.50854886738752,
              45.28471384633533
            ],
            [
              121.51770118925951,
              45.284351448925754
            ],
            [
              121.51718740123005,
              45.27789054909185
            ],
            [
              121.50803611161616,
              45.27825286532428
            ],
            [
              121.50854886738752,
              45.28471384633533
            ]
          ]
        ]
      },
      "properties": {
        "biomass": 110.7540054321289,
        "min_biomass": 93.517333984375,
        "max_biomass": 125.59049224853516,
        "timestamp": "20260513_120248",
        "grid_id": "768_120"
      }
    },
    {
      "type": "Feature",
      "geometry": {
        "type": "Polygon",
        "coordinates": [
          [
            [
              121.51770118925951,
              45.284351448925754
            ],
            [
              121.52685333709735,
              45.28398832037575
            ],
            [
              121.52633851688186,
              45.277527501881714
            ],
            [
              121.51718740123005,
              45.27789054909185
            ],
            [
              121.51770118925951,
              45.284351448925754
            ]
          ]
        ]
      },
      "properties": {
        "biomass": 107.21953582763672,
        "min_biomass": 94.09856414794922,
        "max_biomass": 125.55970764160156,
        "timestamp": "20260513_120248",
        "grid_id": "768_144"
      }
    },
    {
      "type": "Feature",
      "geometry": {
        "type": "Polygon",
        "coordinates": [
          [
            [
              121.52685333709735,
              45.28398832037575
            ],
            [
              121.53600531055437,
              45.28362446072216
            ],
            [
              121.53548945822503,
              45.27716372373072
            ],
            [
              121.52633851688186,
              45.277527501881714
            ],
            [
              121.52685333709735,
              45.28398832037575
            ]
          ]
        ]
      },
      "properties": {
        "biomass": 107.06684112548828,
        "min_biomass": 93.59864044189453,
        "max_biomass": 126.28612518310547,
        "timestamp": "20260513_120248",
        "grid_id": "768_168"
      }
    },
    {
      "type": "Feature",
      "geometry": {
        "type": "Polygon",
        "coordinates": [
          [
            [
              121.53600531055437,
              45.28362446072216
            ],
            [
              121.54515710928399,
              45.2832598700019
            ],
            [
              121.54464022491312,
              45.27679921467577
            ],
            [
              121.53548945822503,
              45.27716372373072
            ],
            [
              121.53600531055437,
              45.28362446072216
            ]
          ]
        ]
      },
      "properties": {
        "biomass": 100.46039581298828,
        "min_biomass": 93.470458984375,
        "max_biomass": 116.25469970703125,
        "timestamp": "20260513_120248",
        "grid_id": "768_192"
      }
    },
    {
      "type": "Feature",
      "geometry": {
        "type": "Polygon",
        "coordinates": [
          [
            [
              121.54515710928399,
              45.2832598700019
            ],
            [
              121.55430873293955,
              45.28289454825195
            ],
            [
              121.55379081659964,
              45.27643397475385
            ],
            [
              121.54464022491312,
              45.27679921467577
            ],
            [
              121.54515710928399,
              45.2832598700019
            ]
          ]
        ]
      },
      "properties": {
        "biomass": 107.89234161376953,
        "min_biomass": 93.61341857910156,
        "max_biomass": 155.9303741455078,
        "timestamp": "20260513_120248",
        "grid_id": "768_216"
      }
    },
    {
      "type": "Feature",
      "geometry": {
        "type": "Polygon",
        "coordinates": [
          [
            [
              121.55430873293955,
              45.28289454825195
            ],
            [
              121.5634601811745,
              45.282528495509396
            ],
            [
              121.56294123293823,
              45.276068004001985
            ],
            [
              121.55379081659964,
              45.27643397475385
            ],
            [
              121.55430873293955,
              45.28289454825195
            ]
          ]
        ]
      },
      "properties": {
        "biomass": 108.0506591796875,
        "min_biomass": 93.55224609375,
        "max_biomass": 139.98477172851562,
        "timestamp": "20260513_120248",
        "grid_id": "768_240"
      }
    },
    {
      "type": "Feature",
      "geometry": {
        "type": "Polygon",
        "coordinates": [
          [
            [
              121.5634601811745,
              45.282528495509396
            ],
            [
              121.5726114536424,
              45.28216171181135
            ],
            [
              121.57209147358247,
              45.275701302457314
            ],
            [
              121.56294123293823,
              45.276068004001985
            ],
            [
              121.5634601811745,
              45.282528495509396
            ]
          ]
        ]
      },
      "properties": {
        "biomass": 135.25274658203125,
        "min_biomass": 93.80653381347656,
        "max_biomass": 192.35952758789062,
        "timestamp": "20260513_120248",
        "grid_id": "768_264"
      }
    },
    {
      "type": "Feature",
      "geometry": {
        "type": "Polygon",
        "coordinates": [
          [
            [
              121.5726114536424,
              45.28216171181135
            ],
            [
              121.58176254999675,
              45.281794197195055
            ],
            [
              121.58124153818608,
              45.275333870157034
            ],
            [
              121.57209147358247,
              45.275701302457314
            ],
            [
              121.5726114536424,
              45.28216171181135
            ]
          ]
        ]
      },
      "properties": {
        "biomass": 122.1216812133789,
        "min_biomass": 93.57817077636719,
        "max_biomass": 184.04605102539062,
        "timestamp": "20260513_120248",
        "grid_id": "768_288"
      }
    },
    {
      "type": "Feature",
      "geometry": {
        "type": "Polygon",
        "coordinates": [
          [
            [
              121.58176254999675,
              45.281794197195055
            ],
            [
              121.59091346989109,
              45.281425951697756
            ],
            [
              121.59039142640273,
              45.2749657071384
            ],
            [
              121.58124153818608,
              45.275333870157034
            ],
            [
              121.58176254999675,
              45.281794197195055
            ]
          ]
        ]
      },
      "properties": {
        "biomass": 120.75951385498047,
        "min_biomass": 93.85235595703125,
        "max_biomass": 163.79888916015625,
        "timestamp": "20260513_120248",
        "grid_id": "768_312"
      }
    },
    {
      "type": "Feature",
      "geometry": {
        "type": "Polygon",
        "coordinates": [
          [
            [
              121.59091346989109,
              45.281425951697756
            ],
            [
              121.60006421297912,
              45.28105697535682
            ],
            [
              121.59954113788623,
              45.27459681343875
            ],
            [
              121.59039142640273,
              45.2749657071384
            ],
            [
              121.59091346989109,
              45.281425951697756
            ]
          ]
        ]
      },
      "properties": {
        "biomass": 140.23036193847656,
        "min_biomass": 106.34325408935547,
        "max_biomass": 181.57293701171875,
        "timestamp": "20260513_120248",
        "grid_id": "768_336"
      }
    },
    {
      "type": "Feature",
      "geometry": {
        "type": "Polygon",
        "coordinates": [
          [
            [
              121.60006421297912,
              45.28105697535682
            ],
            [
              121.60921477891442,
              45.28068726820967
            ],
            [
              121.60869067229038,
              45.274227189095505
            ],
            [
              121.59954113788623,
              45.27459681343875
            ],
            [
              121.60006421297912,
              45.28105697535682
            ]
          ]
        ]
      },
      "properties": {
        "biomass": 120.43073272705078,
        "min_biomass": 94.38411712646484,
        "max_biomass": 155.47059631347656,
        "timestamp": "20260513_120248",
        "grid_id": "768_360"
      }
    },
    {
      "type": "Feature",
      "geometry": {
        "type": "Polygon",
        "coordinates": [
          [
            [
              121.60921477891442,
              45.28068726820967
            ],
            [
              121.61836516735075,
              45.28031683029383
            ],
            [
              121.61784002926902,
              45.273856834146166
            ],
            [
              121.60869067229038,
              45.274227189095505
            ],
            [
              121.60921477891442,
              45.28068726820967
            ]
          ]
        ]
      },
      "properties": {
        "biomass": 109.51670837402344,
        "min_biomass": 93.78194427490234,
        "max_biomass": 140.03677368164062,
        "timestamp": "20260513_120248",
        "grid_id": "768_384"
      }
    },
    {
      "type": "Feature",
      "geometry": {
        "type": "Polygon",
        "coordinates": [
          [
            [
              121.61836516735075,
              45.28031683029383
            ],
            [
              121.62751537794186,
              45.27994566164685
            ],
            [
              121.62698920847605,
              45.27348574862826
            ],
            [
              121.61784002926902,
              45.273856834146166
            ],
            [
              121.61836516735075,
              45.28031683029383
            ]
          ]
        ]
      },
      "properties": {
        "biomass": 124.28033447265625,
        "min_biomass": 93.86325073242188,
        "max_biomass": 158.22512817382812,
        "timestamp": "20260513_120248",
        "grid_id": "768_408"
      }
    },
    {
      "type": "Feature",
      "geometry": {
        "type": "Polygon",
        "coordinates": [
          [
            [
              121.62751537794186,
              45.27994566164685
            ],
            [
              121.63666541034151,
              45.279573762306384
            ],
            [
              121.63613820956536,
              45.27311393257944
            ],
            [
              121.62698920847605,
              45.27348574862826
            ],
            [
              121.62751537794186,
              45.27994566164685
            ]
          ]
        ]
      },
      "properties": {
        "biomass": 121.44912719726562,
        "min_biomass": 93.63926696777344,
        "max_biomass": 137.62567138671875,
        "timestamp": "20260513_120248",
        "grid_id": "768_432"
      }
    },
    {
      "type": "Feature",
      "geometry": {
        "type": "Polygon",
        "coordinates": [
          [
            [
              121.63666541034151,
              45.279573762306384
            ],
            [
              121.64581526420358,
              45.279201132310135
            ],
            [
              121.64528703219098,
              45.2727413860374
            ],
            [
              121.63613820956536,
              45.27311393257944
            ],
            [
              121.63666541034151,
              45.279573762306384
            ]
          ]
        ]
      },
      "properties": {
        "biomass": 134.34918212890625,
        "min_biomass": 101.30337524414062,
        "max_biomass": 176.2046661376953,
        "timestamp": "20260513_120248",
        "grid_id": "768_456"
      }
    },
    {
      "type": "Feature",
      "geometry": {
        "type": "Polygon",
        "coordinates": [
          [
            [
              121.64581526420358,
              45.279201132310135
            ],
            [
              121.6549649391819,
              45.27882777169594
            ],
            [
              121.65443567600691,
              45.27236810903993
            ],
            [
              121.64528703219098,
              45.2727413860374
            ],
            [
              121.64581526420358,
              45.279201132310135
            ]
          ]
        ]
      },
      "properties": {
        "biomass": 148.21975708007812,
        "min_biomass": 110.11907196044922,
        "max_biomass": 193.137939453125,
        "timestamp": "20260513_120248",
        "grid_id": "768_480"
      }
    },
    {
      "type": "Feature",
      "geometry": {
        "type": "Polygon",
        "coordinates": [
          [
            [
              121.6549649391819,
              45.27882777169594
            ],
            [
              121.66411443493044,
              45.2784536805016
            ],
            [
              121.66358414066723,
              45.27199410162486
            ],
            [
              121.65443567600691,
              45.27236810903993
            ],
            [
              121.6549649391819,
              45.27882777169594
            ]
          ]
        ]
      },
      "properties": {
        "biomass": 118.5887680053711,
        "min_biomass": 94.2205810546875,
        "max_biomass": 176.99261474609375,
        "timestamp": "20260513_120248",
        "grid_id": "768_504"
      }
    },
    {
      "type": "Feature",
      "geometry": {
        "type": "Polygon",
        "coordinates": [
          [
            [
              121.66411443493044,
              45.2784536805016
            ],
            [
              121.67326375110312,
              45.27807885876511
            ],
            [
              121.672732425826,
              45.27161936383013
            ],
            [
              121.66358414066723,
              45.27199410162486
            ],
            [
              121.66411443493044,
              45.2784536805016
            ]
          ]
        ]
      },
      "properties": {
        "biomass": 140.37237548828125,
        "min_biomass": 93.49288940429688,
        "max_biomass": 226.5242462158203,
        "timestamp": "20260513_120248",
        "grid_id": "768_528"
      }
    },
    {
      "type": "Feature",
      "geometry": {
        "type": "Polygon",
        "coordinates": [
          [
            [
              121.67326375110312,
              45.27807885876511
            ],
            [
              121.68241288735398,
              45.27770330652443
            ],
            [
              121.68188053113741,
              45.271243895693715
            ],
            [
              121.672732425826,
              45.27161936383013
            ],
            [
              121.67326375110312,
              45.27807885876511
            ]
          ]
        ]
      },
      "properties": {
        "biomass": 146.8875274658203,
        "min_biomass": 101.84235382080078,
        "max_biomass": 221.24610900878906,
        "timestamp": "20260513_120248",
        "grid_id": "768_552"
      }
    },
    {
      "type": "Feature",
      "geometry": {
        "type": "Polygon",
        "coordinates": [
          [
            [
              121.68241288735398,
              45.27770330652443
            ],
            [
              121.69156184333708,
              45.277327023817676
            ],
            [
              121.69102845625564,
              45.270867697253706
            ],
            [
              121.68188053113741,
              45.271243895693715
            ],
            [
              121.68241288735398,
              45.27770330652443
            ]
          ]
        ]
      },
      "properties": {
        "biomass": 145.7346649169922,
        "min_biomass": 112.41606140136719,
        "max_biomass": 197.5411376953125,
        "timestamp": "20260513_120248",
        "grid_id": "768_576"
      }
    },
    {
      "type": "Feature",
      "geometry": {
        "type": "Polygon",
        "coordinates": [
          [
            [
              121.69156184333708,
              45.277327023817676
            ],
            [
              121.70071061870648,
              45.276950010683
            ],
            [
              121.70017620083493,
              45.27049076854822
            ],
            [
              121.69102845625564,
              45.270867697253706
            ],
            [
              121.69156184333708,
              45.277327023817676
            ]
          ]
        ]
      },
      "properties": {
        "biomass": 129.70628356933594,
        "min_biomass": 114.05416107177734,
        "max_biomass": 166.03712463378906,
        "timestamp": "20260513_120248",
        "grid_id": "768_600"
      }
    },
    {
      "type": "Feature",
      "geometry": {
        "type": "Polygon",
        "coordinates": [
          [
            [
              121.49888464838679,
              45.278614450542285
            ],
            [
              121.50803611161616,
              45.27825286532428
            ],
            [
              121.50752352946034,
              45.27179187242228
            ],
            [
              121.49837309821439,
              45.27215337664409
            ],
            [
              121.49888464838679,
              45.278614450542285
            ]
          ]
        ]
      },
      "properties": {
        "biomass": 114.45087432861328,
        "min_biomass": 96.76253509521484,
        "max_biomass": 146.2471923828125,
        "timestamp": "20260513_120248",
        "grid_id": "792_96"
      }
    },
    {
      "type": "Feature",
      "geometry": {
        "type": "Polygon",
        "coordinates": [
          [
            [
              121.50803611161616,
              45.27825286532428
            ],
            [
              121.51718740123005,
              45.27789054909185
            ],
            [
              121.51667378716267,
              45.27142963734875
            ],
            [
              121.50752352946034,
              45.27179187242228
            ],
            [
              121.50803611161616,
              45.27825286532428
            ]
          ]
        ]
      },
      "properties": {
        "biomass": 106.6724624633789,
        "min_biomass": 93.6764907836914,
        "max_biomass": 141.43817138671875,
        "timestamp": "20260513_120248",
        "grid_id": "792_120"
      }
    },
    {
      "type": "Feature",
      "geometry": {
        "type": "Polygon",
        "coordinates": [
          [
            [
              121.51718740123005,
              45.27789054909185
            ],
            [
              121.52633851688186,
              45.277527501881714
            ],
            [
              121.52582387097497,
              45.271066671460254
            ],
            [
              121.51667378716267,
              45.27142963734875
            ],
            [
              121.51718740123005,
              45.27789054909185
            ]
          ]
        ]
      },
      "properties": {
        "biomass": 105.20809936523438,
        "min_biomass": 93.49717712402344,
        "max_biomass": 143.3330535888672,
        "timestamp": "20260513_120248",
        "grid_id": "792_144"
      }
    },
    {
      "type": "Feature",
      "geometry": {
        "type": "Polygon",
        "coordinates": [
          [
            [
              121.52633851688186,
              45.277527501881714
            ],
            [
              121.53548945822503,
              45.27716372373072
            ],
            [
              121.5349737805508,
              45.27070297479357
            ],
            [
              121.52582387097497,
              45.271066671460254
            ],
            [
              121.52633851688186,
              45.277527501881714
            ]
          ]
        ]
      },
      "properties": {
        "biomass": 106.8648452758789,
        "min_biomass": 94.31120300292969,
        "max_biomass": 154.68968200683594,
        "timestamp": "20260513_120248",
        "grid_id": "792_168"
      }
    },
    {
      "type": "Feature",
      "geometry": {
        "type": "Polygon",
        "coordinates": [
          [
            [
              121.53548945822503,
              45.27716372373072
            ],
            [
              121.54464022491312,
              45.27679921467577
            ],
            [
              121.5441235155438,
              45.27033854738561
            ],
            [
              121.5349737805508,
              45.27070297479357
            ],
            [
              121.53548945822503,
              45.27716372373072
            ]
          ]
        ]
      },
      "properties": {
        "biomass": 103.90010833740234,
        "min_biomass": 93.53117370605469,
        "max_biomass": 151.1825408935547,
        "timestamp": "20260513_120248",
        "grid_id": "792_192"
      }
    },
    {
      "type": "Feature",
      "geometry": {
        "type": "Polygon",
        "coordinates": [
          [
            [
              121.54464022491312,
              45.27679921467577
            ],
            [
              121.55379081659964,
              45.27643397475385
            ],
            [
              121.55327307560772,
              45.269973389273346
            ],
            [
              121.5441235155438,
              45.27033854738561
            ],
            [
              121.54464022491312,
              45.27679921467577
            ]
          ]
        ]
      },
      "properties": {
        "biomass": 103.3114013671875,
        "min_biomass": 93.54631042480469,
        "max_biomass": 119.67668151855469,
        "timestamp": "20260513_120248",
        "grid_id": "792_216"
      }
    },
    {
      "type": "Feature",
      "geometry": {
        "type": "Polygon",
        "coordinates": [
          [
            [
              121.55379081659964,
              45.27643397475385
            ],
            [
              121.56294123293823,
              45.276068004001985
            ],
            [
              121.56242246039626,
              45.26960750049379
            ],
            [
              121.55327307560772,
              45.269973389273346
            ],
            [
              121.55379081659964,
              45.27643397475385
            ]
          ]
        ]
      },
      "properties": {
        "biomass": 104.48818969726562,
        "min_biomass": 93.49284362792969,
        "max_biomass": 125.78916931152344,
        "timestamp": "20260513_120248",
        "grid_id": "792_240"
      }
    },
    {
      "type": "Feature",
      "geometry": {
        "type": "Polygon",
        "coordinates": [
          [
            [
              121.56294123293823,
              45.276068004001985
            ],
            [
              121.57209147358247,
              45.275701302457314
            ],
            [
              121.5715716695632,
              45.26924088108406
            ],
            [
              121.56242246039626,
              45.26960750049379
            ],
            [
              121.56294123293823,
              45.276068004001985
            ]
          ]
        ]
      },
      "properties": {
        "biomass": 105.43954467773438,
        "min_biomass": 93.47382354736328,
        "max_biomass": 129.49888610839844,
        "timestamp": "20260513_120248",
        "grid_id": "792_264"
      }
    },
    {
      "type": "Feature",
      "geometry": {
        "type": "Polygon",
        "coordinates": [
          [
            [
              121.57209147358247,
              45.275701302457314
            ],
            [
              121.58124153818608,
              45.275333870157034
            ],
            [
              121.58072070276232,
              45.26887353108133
            ],
            [
              121.5715716695632,
              45.26924088108406
            ],
            [
              121.57209147358247,
              45.275701302457314
            ]
          ]
        ]
      },
      "properties": {
        "biomass": 101.54795837402344,
        "min_biomass": 93.47469329833984,
        "max_biomass": 127.53575134277344,
        "timestamp": "20260513_120248",
        "grid_id": "792_288"
      }
    },
    {
      "type": "Feature",
      "geometry": {
        "type": "Polygon",
        "coordinates": [
          [
            [
              121.58124153818608,
              45.275333870157034
            ],
            [
              121.59039142640273,
              45.2749657071384
            ],
            [
              121.58986955964757,
              45.26850545052286
            ],
            [
              121.58072070276232,
              45.26887353108133
            ],
            [
              121.58124153818608,
              45.275333870157034
            ]
          ]
        ]
      },
      "properties": {
        "biomass": 106.64179992675781,
        "min_biomass": 93.54656982421875,
        "max_biomass": 148.18869018554688,
        "timestamp": "20260513_120248",
        "grid_id": "792_312"
      }
    },
    {
      "type": "Feature",
      "geometry": {
        "type": "Polygon",
        "coordinates": [
          [
            [
              121.59039142640273,
              45.2749657071384
            ],
            [
              121.59954113788623,
              45.27459681343875
            ],
            [
              121.59901823987276,
              45.26813663944597
            ],
            [
              121.58986955964757,
              45.26850545052286
            ],
            [
              121.59039142640273,
              45.2749657071384
            ]
          ]
        ]
      },
      "properties": {
        "biomass": 136.93453979492188,
        "min_biomass": 94.74783325195312,
        "max_biomass": 193.88186645507812,
        "timestamp": "20260513_120248",
        "grid_id": "792_336"
      }
    },
    {
      "type": "Feature",
      "geometry": {
        "type": "Polygon",
        "coordinates": [
          [
            [
              121.59954113788623,
              45.27459681343875
            ],
            [
              121.60869067229038,
              45.274227189095505
            ],
            [
              121.60816674309189,
              45.26776709788807
            ],
            [
              121.59901823987276,
              45.26813663944597
            ],
            [
              121.59954113788623,
              45.27459681343875
            ]
          ]
        ]
      },
      "properties": {
        "biomass": 132.88719177246094,
        "min_biomass": 98.99555969238281,
        "max_biomass": 179.4865264892578,
        "timestamp": "20260513_120248",
        "grid_id": "792_360"
      }
    },
    {
      "type": "Feature",
      "geometry": {
        "type": "Polygon",
        "coordinates": [
          [
            [
              121.60869067229038,
              45.274227189095505
            ],
            [
              121.61784002926902,
              45.273856834146166
            ],
            [
              121.61731506895892,
              45.26739682588661
            ],
            [
              121.60816674309189,
              45.26776709788807
            ],
            [
              121.60869067229038,
              45.274227189095505
            ]
          ]
        ]
      },
      "properties": {
        "biomass": 110.78986358642578,
        "min_biomass": 94.07571411132812,
        "max_biomass": 143.19845581054688,
        "timestamp": "20260513_120248",
        "grid_id": "792_384"
      }
    },
    {
      "type": "Feature",
      "geometry": {
        "type": "Polygon",
        "coordinates": [
          [
            [
              121.61784002926902,
              45.273856834146166
            ],
            [
              121.62698920847605,
              45.27348574862826
            ],
            [
              121.62646321712792,
              45.267025823479145
            ],
            [
              121.61731506895892,
              45.26739682588661
            ],
            [
              121.61784002926902,
              45.273856834146166
            ]
          ]
        ]
      },
      "properties": {
        "biomass": 118.87850952148438,
        "min_biomass": 93.93685150146484,
        "max_biomass": 157.36231994628906,
        "timestamp": "20260513_120248",
        "grid_id": "792_408"
      }
    },
    {
      "type": "Feature",
      "geometry": {
        "type": "Polygon",
        "coordinates": [
          [
            [
              121.62698920847605,
              45.27348574862826
            ],
            [
              121.63613820956536,
              45.27311393257944
            ],
            [
              121.63561118725293,
              45.266654090703284
            ],
            [
              121.62646321712792,
              45.267025823479145
            ],
            [
              121.62698920847605,
              45.27348574862826
            ]
          ]
        ]
      },
      "properties": {
        "biomass": 113.49769592285156,
        "min_biomass": 93.49775695800781,
        "max_biomass": 145.31716918945312,
        "timestamp": "20260513_120248",
        "grid_id": "792_432"
      }
    },
    {
      "type": "Feature",
      "geometry": {
        "type": "Polygon",
        "coordinates": [
          [
            [
              121.63613820956536,
              45.27311393257944
            ],
            [
              121.64528703219098,
              45.2727413860374
            ],
            [
              121.6447589789881,
              45.26628162759673
            ],
            [
              121.63561118725293,
              45.266654090703284
            ],
            [
              121.63613820956536,
              45.27311393257944
            ]
          ]
        ]
      },
      "properties": {
        "biomass": 112.87721252441406,
        "min_biomass": 93.53810119628906,
        "max_biomass": 155.11526489257812,
        "timestamp": "20260513_120248",
        "grid_id": "792_456"
      }
    },
    {
      "type": "Feature",
      "geometry": {
        "type": "Polygon",
        "coordinates": [
          [
            [
              121.64528703219098,
              45.2727413860374
            ],
            [
              121.65443567600691,
              45.27236810903993
            ],
            [
              121.65390659198755,
              45.26590843419725
            ],
            [
              121.6447589789881,
              45.26628162759673
            ],
            [
              121.64528703219098,
              45.2727413860374
            ]
          ]
        ]
      },
      "properties": {
        "biomass": 126.68440246582031,
        "min_biomass": 93.63365936279297,
        "max_biomass": 171.67874145507812,
        "timestamp": "20260513_120248",
        "grid_id": "792_480"
      }
    },
    {
      "type": "Feature",
      "geometry": {
        "type": "Polygon",
        "coordinates": [
          [
            [
              121.65443567600691,
              45.27236810903993
            ],
            [
              121.66358414066723,
              45.27199410162486
            ],
            [
              121.66305402590552,
              45.26553451054264
            ],
            [
              121.65390659198755,
              45.26590843419725
            ],
            [
              121.65443567600691,
              45.27236810903993
            ]
          ]
        ]
      },
      "properties": {
        "biomass": 128.46884155273438,
        "min_biomass": 96.66873168945312,
        "max_biomass": 183.37542724609375,
        "timestamp": "20260513_120248",
        "grid_id": "792_504"
      }
    },
    {
      "type": "Feature",
      "geometry": {
        "type": "Polygon",
        "coordinates": [
          [
            [
              121.66358414066723,
              45.27199410162486
            ],
            [
              121.672732425826,
              45.27161936383013
            ],
            [
              121.67220128039621,
              45.26515985667086
            ],
            [
              121.66305402590552,
              45.26553451054264
            ],
            [
              121.66358414066723,
              45.27199410162486
            ]
          ]
        ]
      },
      "properties": {
        "biomass": 106.75727844238281,
        "min_biomass": 93.51274871826172,
        "max_biomass": 134.98582458496094,
        "timestamp": "20260513_120248",
        "grid_id": "792_528"
      }
    },
    {
      "type": "Feature",
      "geometry": {
        "type": "Polygon",
        "coordinates": [
          [
            [
              121.672732425826,
              45.27161936383013
            ],
            [
              121.68188053113741,
              45.271243895693715
            ],
            [
              121.681348355114,
              45.26478447261985
            ],
            [
              121.67220128039621,
              45.26515985667086
            ],
            [
              121.672732425826,
              45.27161936383013
            ]
          ]
        ]
      },
      "properties": {
        "biomass": 105.30360412597656,
        "min_biomass": 93.51441955566406,
        "max_biomass": 139.5918731689453,
        "timestamp": "20260513_120248",
        "grid_id": "792_552"
      }
    },
    {
      "type": "Feature",
      "geometry": {
        "type": "Polygon",
        "coordinates": [
          [
            [
              121.68188053113741,
              45.271243895693715
            ],
            [
              121.69102845625564,
              45.270867697253706
            ],
            [
              121.69049524971315,
              45.26440835842768
            ],
            [
              121.681348355114,
              45.26478447261985
            ],
            [
              121.68188053113741,
              45.271243895693715
            ]
          ]
        ]
      },
      "properties": {
        "biomass": 114.23517608642578,
        "min_biomass": 93.50679016113281,
        "max_biomass": 156.7580108642578,
        "timestamp": "20260513_120248",
        "grid_id": "792_576"
      }
    },
    {
      "type": "Feature",
      "geometry": {
        "type": "Polygon",
        "coordinates": [
          [
            [
              121.69102845625564,
              45.270867697253706
            ],
            [
              121.70017620083493,
              45.27049076854822
            ],
            [
              121.69964196384804,
              45.26403151413247
            ],
            [
              121.69049524971315,
              45.26440835842768
            ],
            [
              121.69102845625564,
              45.270867697253706
            ]
          ]
        ]
      },
      "properties": {
        "biomass": 108.97183990478516,
        "min_biomass": 93.47308349609375,
        "max_biomass": 152.05648803710938,
        "timestamp": "20260513_120248",
        "grid_id": "792_600"
      }
    },
    {
      "type": "Feature",
      "geometry": {
        "type": "Polygon",
        "coordinates": [
          [
            [
              121.5349737805508,
              45.27070297479357
            ],
            [
              121.5441235155438,
              45.27033854738561
            ],
            [
              121.54360698110365,
              45.26387786813348
            ],
            [
              121.53445827745936,
              45.26424221391275
            ],
            [
              121.5349737805508,
              45.27070297479357
            ]
          ]
        ]
      },
      "properties": {
        "biomass": 125.5580825805664,
        "min_biomass": 102.1854019165039,
        "max_biomass": 152.41168212890625,
        "timestamp": "20260513_120248",
        "grid_id": "816_192"
      }
    },
    {
      "type": "Feature",
      "geometry": {
        "type": "Polygon",
        "coordinates": [
          [
            [
              121.5441235155438,
              45.27033854738561
            ],
            [
              121.55327307560772,
              45.269973389273346
            ],
            [
              121.55275550989118,
              45.26351279181251
            ],
            [
              121.54360698110365,
              45.26387786813348
            ],
            [
              121.5441235155438,
              45.27033854738561
            ]
          ]
        ]
      },
      "properties": {
        "biomass": 105.60716247558594,
        "min_biomass": 93.54380798339844,
        "max_biomass": 156.91587829589844,
        "timestamp": "20260513_120248",
        "grid_id": "816_216"
      }
    },
    {
      "type": "Feature",
      "geometry": {
        "type": "Polygon",
        "coordinates": [
          [
            [
              121.55327307560772,
              45.269973389273346
            ],
            [
              121.56242246039626,
              45.26960750049379
            ],
            [
              121.5619038634759,
              45.263146984986875
            ],
            [
              121.55275550989118,
              45.26351279181251
            ],
            [
              121.55327307560772,
              45.269973389273346
            ]
          ]
        ]
      },
      "properties": {
        "biomass": 108.67047882080078,
        "min_biomass": 93.70555114746094,
        "max_biomass": 159.4877166748047,
        "timestamp": "20260513_120248",
        "grid_id": "816_240"
      }
    },
    {
      "type": "Feature",
      "geometry": {
        "type": "Polygon",
        "coordinates": [
          [
            [
              121.56242246039626,
              45.26960750049379
            ],
            [
              121.5715716695632,
              45.26924088108406
            ],
            [
              121.57105204151169,
              45.262780447693665
            ],
            [
              121.5619038634759,
              45.263146984986875
            ],
            [
              121.56242246039626,
              45.26960750049379
            ]
          ]
        ]
      },
      "properties": {
        "biomass": 104.83229064941406,
        "min_biomass": 93.79924011230469,
        "max_biomass": 167.55384826660156,
        "timestamp": "20260513_120248",
        "grid_id": "816_264"
      }
    },
    {
      "type": "Feature",
      "geometry": {
        "type": "Polygon",
        "coordinates": [
          [
            [
              121.5715716695632,
              45.26924088108406
            ],
            [
              121.58072070276232,
              45.26887353108133
            ],
            [
              121.58020004365252,
              45.26241317997003
            ],
            [
              121.57105204151169,
              45.262780447693665
            ],
            [
              121.5715716695632,
              45.26924088108406
            ]
          ]
        ]
      },
      "properties": {
        "biomass": 103.55746459960938,
        "min_biomass": 93.74156951904297,
        "max_biomass": 169.1060028076172,
        "timestamp": "20260513_120248",
        "grid_id": "816_288"
      }
    },
    {
      "type": "Feature",
      "geometry": {
        "type": "Polygon",
        "coordinates": [
          [
            [
              121.58072070276232,
              45.26887353108133
            ],
            [
              121.58986955964757,
              45.26850545052286
            ],
            [
              121.58934786955238,
              45.26204518185324
            ],
            [
              121.58020004365252,
              45.26241317997003
            ],
            [
              121.58072070276232,
              45.26887353108133
            ]
          ]
        ]
      },
      "properties": {
        "biomass": 103.02865600585938,
        "min_biomass": 93.48672485351562,
        "max_biomass": 138.0458221435547,
        "timestamp": "20260513_120248",
        "grid_id": "816_312"
      }
    },
    {
      "type": "Feature",
      "geometry": {
        "type": "Polygon",
        "coordinates": [
          [
            [
              121.58986955964757,
              45.26850545052286
            ],
            [
              121.59901823987276,
              45.26813663944597
            ],
            [
              121.59849551886533,
              45.26167645338058
            ],
            [
              121.58934786955238,
              45.26204518185324
            ],
            [
              121.58986955964757,
              45.26850545052286
            ]
          ]
        ]
      },
      "properties": {
        "biomass": 114.74049377441406,
        "min_biomass": 93.50946044921875,
        "max_biomass": 165.93331909179688,
        "timestamp": "20260513_120248",
        "grid_id": "816_336"
      }
    },
    {
      "type": "Feature",
      "geometry": {
        "type": "Polygon",
        "coordinates": [
          [
            [
              121.59901823987276,
              45.26813663944597
            ],
            [
              121.60816674309189,
              45.26776709788807
            ],
            [
              121.60764299124547,
              45.26130699458944
            ],
            [
              121.59849551886533,
              45.26167645338058
            ],
            [
              121.59901823987276,
              45.26813663944597
            ]
          ]
        ]
      },
      "properties": {
        "biomass": 108.5047378540039,
        "min_biomass": 93.47420501708984,
        "max_biomass": 142.56976318359375,
        "timestamp": "20260513_120248",
        "grid_id": "816_360"
      }
    },
    {
      "type": "Feature",
      "geometry": {
        "type": "Polygon",
        "coordinates": [
          [
            [
              121.60816674309189,
              45.26776709788807
            ],
            [
              121.61731506895892,
              45.26739682588661
            ],
            [
              121.61679028634688,
              45.26093680551727
            ],
            [
              121.60764299124547,
              45.26130699458944
            ],
            [
              121.60816674309189,
              45.26776709788807
            ]
          ]
        ]
      },
      "properties": {
        "biomass": 104.45603942871094,
        "min_biomass": 93.59439849853516,
        "max_biomass": 158.7798309326172,
        "timestamp": "20260513_120248",
        "grid_id": "816_384"
      }
    },
    {
      "type": "Feature",
      "geometry": {
        "type": "Polygon",
        "coordinates": [
          [
            [
              121.61731506895892,
              45.26739682588661
            ],
            [
              121.62646321712792,
              45.267025823479145
            ],
            [
              121.62593740382377,
              45.260565886201604
            ],
            [
              121.61679028634688,
              45.26093680551727
            ],
            [
              121.61731506895892,
              45.26739682588661
            ]
          ]
        ]
      },
      "properties": {
        "biomass": 103.156494140625,
        "min_biomass": 93.49916076660156,
        "max_biomass": 148.19435119628906,
        "timestamp": "20260513_120248",
        "grid_id": "816_408"
      }
    },
    {
      "type": "Feature",
      "geometry": {
        "type": "Polygon",
        "coordinates": [
          [
            [
              121.62646321712792,
              45.267025823479145
            ],
            [
              121.63561118725293,
              45.266654090703284
            ],
            [
              121.63508434333036,
              45.26019423668005
            ],
            [
              121.62593740382377,
              45.260565886201604
            ],
            [
              121.62646321712792,
              45.267025823479145
            ]
          ]
        ]
      },
      "properties": {
        "biomass": 142.94285583496094,
        "min_biomass": 100.22766876220703,
        "max_biomass": 203.59185791015625,
        "timestamp": "20260513_120248",
        "grid_id": "816_432"
      }
    },
    {
      "type": "Feature",
      "geometry": {
        "type": "Polygon",
        "coordinates": [
          [
            [
              121.63561118725293,
              45.266654090703284
            ],
            [
              121.6447589789881,
              45.26628162759673
            ],
            [
              121.6442311045209,
              45.25982185699027
            ],
            [
              121.63508434333036,
              45.26019423668005
            ],
            [
              121.63561118725293,
              45.266654090703284
            ]
          ]
        ]
      },
      "properties": {
        "biomass": 131.63536071777344,
        "min_biomass": 102.59689331054688,
        "max_biomass": 173.44845581054688,
        "timestamp": "20260513_120248",
        "grid_id": "816_456"
      }
    },
    {
      "type": "Feature",
      "geometry": {
        "type": "Polygon",
        "coordinates": [
          [
            [
              121.6447589789881,
              45.26628162759673
            ],
            [
              121.65390659198755,
              45.26590843419725
            ],
            [
              121.6533776870497,
              45.25944874717003
            ],
            [
              121.6442311045209,
              45.25982185699027
            ],
            [
              121.6447589789881,
              45.26628162759673
            ]
          ]
        ]
      },
      "properties": {
        "biomass": 106.52801513671875,
        "min_biomass": 93.75399017333984,
        "max_biomass": 132.90423583984375,
        "timestamp": "20260513_120248",
        "grid_id": "816_480"
      }
    },
    {
      "type": "Feature",
      "geometry": {
        "type": "Polygon",
        "coordinates": [
          [
            [
              121.65390659198755,
              45.26590843419725
            ],
            [
              121.66305402590552,
              45.26553451054264
            ],
            [
              121.66252409057107,
              45.25907490725712
            ],
            [
              121.6533776870497,
              45.25944874717003
            ],
            [
              121.65390659198755,
              45.26590843419725
            ]
          ]
        ]
      },
      "properties": {
        "biomass": 109.06314086914062,
        "min_biomass": 93.50614166259766,
        "max_biomass": 142.15084838867188,
        "timestamp": "20260513_120248",
        "grid_id": "816_504"
      }
    },
    {
      "type": "Feature",
      "geometry": {
        "type": "Polygon",
        "coordinates": [
          [
            [
              121.66305402590552,
              45.26553451054264
            ],
            [
              121.67220128039621,
              45.26515985667086
            ],
            [
              121.67167031473943,
              45.25870033728947
            ],
            [
              121.66252409057107,
              45.25907490725712
            ],
            [
              121.66305402590552,
              45.26553451054264
            ]
          ]
        ]
      },
      "properties": {
        "biomass": 106.18948364257812,
        "min_biomass": 93.52668762207031,
        "max_biomass": 131.42454528808594,
        "timestamp": "20260513_120248",
        "grid_id": "816_528"
      }
    },
    {
      "type": "Feature",
      "geometry": {
        "type": "Polygon",
        "coordinates": [
          [
            [
              121.67220128039621,
              45.26515985667086
            ],
            [
              121.681348355114,
              45.26478447261985
            ],
            [
              121.6808163592092,
              45.258325037305
            ],
            [
              121.67167031473943,
              45.25870033728947
            ],
            [
              121.67220128039621,
              45.26515985667086
            ]
          ]
        ]
      },
      "properties": {
        "biomass": 103.78955841064453,
        "min_biomass": 93.75047302246094,
        "max_biomass": 136.09542846679688,
        "timestamp": "20260513_120248",
        "grid_id": "816_552"
      }
    },
    {
      "type": "Feature",
      "geometry": {
        "type": "Polygon",
        "coordinates": [
          [
            [
              121.681348355114,
              45.26478447261985
            ],
            [
              121.69049524971315,
              45.26440835842768
            ],
            [
              121.6899622236349,
              45.2579490073418
            ],
            [
              121.6808163592092,
              45.258325037305
            ],
            [
              121.681348355114,
              45.26478447261985
            ]
          ]
        ]
      },
      "properties": {
        "biomass": 105.63648223876953,
        "min_biomass": 93.51824188232422,
        "max_biomass": 149.62013244628906,
        "timestamp": "20260513_120248",
        "grid_id": "816_576"
      }
    },
    {
      "type": "Feature",
      "geometry": {
        "type": "Polygon",
        "coordinates": [
          [
            [
              121.69049524971315,
              45.26440835842768
            ],
            [
              121.69964196384804,
              45.26403151413247
            ],
            [
              121.69910790767096,
              45.25757224743794
            ],
            [
              121.6899622236349,
              45.2579490073418
            ],
            [
              121.69049524971315,
              45.26440835842768
            ]
          ]
        ]
      },
      "properties": {
        "biomass": 106.76686096191406,
        "min_biomass": 93.75833129882812,
        "max_biomass": 158.45191955566406,
        "timestamp": "20260513_120248",
        "grid_id": "816_600"
      }
    },
    {
      "type": "Feature",
      "geometry": {
        "type": "Polygon",
        "coordinates": [
          [
            [
              121.5619038634759,
              45.263146984986875
            ],
            [
              121.57105204151169,
              45.262780447693665
            ],
            [
              121.57053258935517,
              45.25632000228819
            ],
            [
              121.56138544210448,
              45.256686457483305
            ],
            [
              121.5619038634759,
              45.263146984986875
            ]
          ]
        ]
      },
      "properties": {
        "biomass": 128.783203125,
        "min_biomass": 123.03746795654297,
        "max_biomass": 135.79600524902344,
        "timestamp": "20260513_120248",
        "grid_id": "840_264"
      }
    },
    {
      "type": "Feature",
      "geometry": {
        "type": "Polygon",
        "coordinates": [
          [
            [
              121.57105204151169,
              45.262780447693665
            ],
            [
              121.58020004365252,
              45.26241317997003
            ],
            [
              121.57967956078369,
              45.25595281682522
            ],
            [
              121.57053258935517,
              45.25632000228819
            ],
            [
              121.57105204151169,
              45.262780447693665
            ]
          ]
        ]
      },
      "properties": {
        "biomass": 133.24046325683594,
        "min_biomass": 133.24046325683594,
        "max_biomass": 133.24046325683594,
        "timestamp": "20260513_120248",
        "grid_id": "840_288"
      }
    },
    {
      "type": "Feature",
      "geometry": {
        "type": "Polygon",
        "coordinates": [
          [
            [
              121.61679028634688,
              45.26093680551727
            ],
            [
              121.62593740382377,
              45.260565886201604
            ],
            [
              121.62541176848997,
              45.25410593679778
            ],
            [
              121.61626568135937,
              45.25447677304026
            ],
            [
              121.61679028634688,
              45.26093680551727
            ]
          ]
        ]
      },
      "properties": {
        "biomass": 100.60044860839844,
        "min_biomass": 93.49737548828125,
        "max_biomass": 133.74334716796875,
        "timestamp": "20260513_120248",
        "grid_id": "840_408"
      }
    },
    {
      "type": "Feature",
      "geometry": {
        "type": "Polygon",
        "coordinates": [
          [
            [
              121.62593740382377,
              45.260565886201604
            ],
            [
              121.63508434333036,
              45.26019423668005
            ],
            [
              121.63455767772386,
              45.25373437051185
            ],
            [
              121.62541176848997,
              45.25410593679778
            ],
            [
              121.62593740382377,
              45.260565886201604
            ]
          ]
        ]
      },
      "properties": {
        "biomass": 116.44560241699219,
        "min_biomass": 93.6553955078125,
        "max_biomass": 181.95114135742188,
        "timestamp": "20260513_120248",
        "grid_id": "840_432"
      }
    },
    {
      "type": "Feature",
      "geometry": {
        "type": "Polygon",
        "coordinates": [
          [
            [
              121.63508434333036,
              45.26019423668005
            ],
            [
              121.6442311045209,
              45.25982185699027
            ],
            [
              121.64370340871545,
              45.25336207422016
            ],
            [
              121.63455767772386,
              45.25373437051185
            ],
            [
              121.63508434333036,
              45.26019423668005
            ]
          ]
        ]
      },
      "properties": {
        "biomass": 112.81278228759766,
        "min_biomass": 98.15782165527344,
        "max_biomass": 141.86228942871094,
        "timestamp": "20260513_120248",
        "grid_id": "840_456"
      }
    },
    {
      "type": "Feature",
      "geometry": {
        "type": "Polygon",
        "coordinates": [
          [
            [
              121.6442311045209,
              45.25982185699027
            ],
            [
              121.6533776870497,
              45.25944874717003
            ],
            [
              121.65284896111923,
              45.252989047960426
            ],
            [
              121.64370340871545,
              45.25336207422016
            ],
            [
              121.6442311045209,
              45.25982185699027
            ]
          ]
        ]
      },
      "properties": {
        "biomass": 106.25570678710938,
        "min_biomass": 93.75685119628906,
        "max_biomass": 136.13986206054688,
        "timestamp": "20260513_120248",
        "grid_id": "840_480"
      }
    },
    {
      "type": "Feature",
      "geometry": {
        "type": "Polygon",
        "coordinates": [
          [
            [
              121.6533776870497,
              45.25944874717003
            ],
            [
              121.66252409057107,
              45.25907490725712
            ],
            [
              121.66199433458964,
              45.252615291770454
            ],
            [
              121.65284896111923,
              45.252989047960426
            ],
            [
              121.6533776870497,
              45.25944874717003
            ]
          ]
        ]
      },
      "properties": {
        "biomass": 106.68013000488281,
        "min_biomass": 93.59969329833984,
        "max_biomass": 159.6208038330078,
        "timestamp": "20260513_120248",
        "grid_id": "840_504"
      }
    },
    {
      "type": "Feature",
      "geometry": {
        "type": "Polygon",
        "coordinates": [
          [
            [
              121.66252409057107,
              45.25907490725712
            ],
            [
              121.67167031473943,
              45.25870033728947
            ],
            [
              121.67113952878123,
              45.25224080568812
            ],
            [
              121.66199433458964,
              45.252615291770454
            ],
            [
              121.66252409057107,
              45.25907490725712
            ]
          ]
        ]
      },
      "properties": {
        "biomass": 110.54322814941406,
        "min_biomass": 94.01961517333984,
        "max_biomass": 149.26956176757812,
        "timestamp": "20260513_120248",
        "grid_id": "840_528"
      }
    },
    {
      "type": "Feature",
      "geometry": {
        "type": "Polygon",
        "coordinates": [
          [
            [
              121.67167031473943,
              45.25870033728947
            ],
            [
              121.6808163592092,
              45.258325037305
            ],
            [
              121.68028454334855,
              45.251865589751375
            ],
            [
              121.67113952878123,
              45.25224080568812
            ],
            [
              121.67167031473943,
              45.25870033728947
            ]
          ]
        ]
      },
      "properties": {
        "biomass": 126.03123474121094,
        "min_biomass": 122.2632064819336,
        "max_biomass": 131.3927764892578,
        "timestamp": "20260513_120248",
        "grid_id": "840_552"
      }
    },
    {
      "type": "Feature",
      "geometry": {
        "type": "Polygon",
        "coordinates": [
          [
            [
              121.61626568135937,
              45.25447677304026
            ],
            [
              121.62541176848997,
              45.25410593679778
            ],
            [
              121.62488631105283,
              45.2476459752698
            ],
            [
              121.6157412539229,
              45.24801672845773
            ],
            [
              121.61626568135937,
              45.25447677304026
            ]
          ]
        ]
      },
      "properties": {
        "biomass": 106.65994262695312,
        "min_biomass": 93.6100082397461,
        "max_biomass": 137.8767547607422,
        "timestamp": "20260513_120248",
        "grid_id": "864_408"
      }
    },
    {
      "type": "Feature",
      "geometry": {
        "type": "Polygon",
        "coordinates": [
          [
            [
              121.62541176848997,
              45.25410593679778
            ],
            [
              121.63455767772386,
              45.25373437051185
            ],
            [
              121.63403119035964,
              45.247274492200866
            ],
            [
              121.62488631105283,
              45.2476459752698
            ],
            [
              121.62541176848997,
              45.25410593679778
            ]
          ]
        ]
      },
      "properties": {
        "biomass": 110.86772918701172,
        "min_biomass": 93.82801055908203,
        "max_biomass": 153.76666259765625,
        "timestamp": "20260513_120248",
        "grid_id": "864_432"
      }
    },
    {
      "type": "Feature",
      "geometry": {
        "type": "Polygon",
        "coordinates": [
          [
            [
              121.63455767772386,
              45.25373437051185
            ],
            [
              121.64370340871545,
              45.25336207422016
            ],
            [
              121.64317589149788,
              45.246902279288555
            ],
            [
              121.63403119035964,
              45.247274492200866
            ],
            [
              121.63455767772386,
              45.25373437051185
            ]
          ]
        ]
      },
      "properties": {
        "biomass": 104.0440902709961,
        "min_biomass": 93.4732666015625,
        "max_biomass": 148.18341064453125,
        "timestamp": "20260513_120248",
        "grid_id": "864_456"
      }
    },
    {
      "type": "Feature",
      "geometry": {
        "type": "Polygon",
        "coordinates": [
          [
            [
              121.64370340871545,
              45.25336207422016
            ],
            [
              121.65284896111923,
              45.252989047960426
            ],
            [
              121.65232041412214,
              45.246529336570596
            ],
            [
              121.64317589149788,
              45.246902279288555
            ],
            [
              121.64370340871545,
              45.25336207422016
            ]
          ]
        ]
      },
      "properties": {
        "biomass": 109.72626495361328,
        "min_biomass": 93.547119140625,
        "max_biomass": 161.3177490234375,
        "timestamp": "20260513_120248",
        "grid_id": "864_480"
      }
    },
    {
      "type": "Feature",
      "geometry": {
        "type": "Polygon",
        "coordinates": [
          [
            [
              121.6157412539229,
              45.24801672845773
            ],
            [
              121.62488631105283,
              45.2476459752698
            ],
            [
              121.6246017625264,
              45.24414682438062
            ],
            [
              121.61545726316923,
              45.24451753258843
            ],
            [
              121.6157412539229,
              45.24801672845773
            ]
          ]
        ]
      },
      "properties": {
        "biomass": 104.58765411376953,
        "min_biomass": 93.76593780517578,
        "max_biomass": 153.4140167236328,
        "timestamp": "20260513_120248",
        "grid_id": "888_408"
      }
    },
    {
      "type": "Feature",
      "geometry": {
        "type": "Polygon",
        "coordinates": [
          [
            [
              121.62488631105283,
              45.2476459752698
            ],
            [
              121.63403119035964,
              45.247274492200866
            ],
            [
              121.63374608410027,
              45.24377538637976
            ],
            [
              121.6246017625264,
              45.24414682438062
            ],
            [
              121.62488631105283,
              45.2476459752698
            ]
          ]
        ]
      },
      "properties": {
        "biomass": 103.49150848388672,
        "min_biomass": 93.52053833007812,
        "max_biomass": 146.5690155029297,
        "timestamp": "20260513_120248",
        "grid_id": "888_432"
      }
    },
    {
      "type": "Feature",
      "geometry": {
        "type": "Polygon",
        "coordinates": [
          [
            [
              121.63403119035964,
              45.247274492200866
            ],
            [
              121.64317589149788,
              45.246902279288555
            ],
            [
              121.64289022754552,
              45.24340321862349
            ],
            [
              121.63374608410027,
              45.24377538637976
            ],
            [
              121.63403119035964,
              45.247274492200866
            ]
          ]
        ]
      },
      "properties": {
        "biomass": 121.4211196899414,
        "min_biomass": 95.4878158569336,
        "max_biomass": 144.12705993652344,
        "timestamp": "20260513_120248",
        "grid_id": "888_456"
      }
    }
  ],
  "properties": {
    "timestamp": "20260513_120248",
    "valid_grids": 598,
    "invalid_grids": 428,
    "threshold": 93.47030893999147
  }
}