{
  "type": "FeatureCollection",
  "features": [
    {
      "type": "Feature",
      "geometry": {
        "type": "Polygon",
        "coordinates": [
          [
            [
              121.64444729033491,
              45.48665646054774
            ],
            [
              121.65363050821333,
              45.48628188596129
            ],
            [
              121.65309755734542,
              45.479822446141654
            ],
            [
              121.643915381925,
              45.48019693683425
            ],
            [
              121.64444729033491,
              45.48665646054774
            ]
          ]
        ]
      },
      "properties": {
        "biomass": 190.04306030273438,
        "min_biomass": 137.80245971679688,
        "max_biomass": 291.0440368652344,
        "timestamp": "20260407_130617",
        "grid_id": "0_432"
      }
    },
    {
      "type": "Feature",
      "geometry": {
        "type": "Polygon",
        "coordinates": [
          [
            [
              121.65363050821333,
              45.48628188596129
            ],
            [
              121.66281354516656,
              45.48590657549843
            ],
            [
              121.66227955191594,
              45.479447219736365
            ],
            [
              121.65309755734542,
              45.479822446141654
            ],
            [
              121.65363050821333,
              45.48628188596129
            ]
          ]
        ]
      },
      "properties": {
        "biomass": 264.97210693359375,
        "min_biomass": 185.02027893066406,
        "max_biomass": 299.9068908691406,
        "timestamp": "20260407_130617",
        "grid_id": "0_456"
      }
    },
    {
      "type": "Feature",
      "geometry": {
        "type": "Polygon",
        "coordinates": [
          [
            [
              121.63473302600529,
              45.48057069177597
            ],
            [
              121.643915381925,
              45.48019693683425
            ],
            [
              121.64338365401439,
              45.473737400921706
            ],
            [
              121.63420234027721,
              45.4741110721522
            ],
            [
              121.63473302600529,
              45.48057069177597
            ]
          ]
        ]
      },
      "properties": {
        "biomass": 179.96533203125,
        "min_biomass": 174.2066192626953,
        "max_biomass": 193.4657745361328,
        "timestamp": "20260407_130617",
        "grid_id": "24_408"
      }
    },
    {
      "type": "Feature",
      "geometry": {
        "type": "Polygon",
        "coordinates": [
          [
            [
              121.643915381925,
              45.48019693683425
            ],
            [
              121.65309755734542,
              45.479822446141654
            ],
            [
              121.65256478732738,
              45.47336299410403
            ],
            [
              121.64338365401439,
              45.473737400921706
            ],
            [
              121.643915381925,
              45.48019693683425
            ]
          ]
        ]
      },
      "properties": {
        "biomass": 189.8700408935547,
        "min_biomass": 125.02485656738281,
        "max_biomass": 307.75286865234375,
        "timestamp": "20260407_130617",
        "grid_id": "24_432"
      }
    },
    {
      "type": "Feature",
      "geometry": {
        "type": "Polygon",
        "coordinates": [
          [
            [
              121.65309755734542,
              45.479822446141654
            ],
            [
              121.66227955191594,
              45.479447219736365
            ],
            [
              121.66174573986574,
              45.472987851737315
            ],
            [
              121.65256478732738,
              45.47336299410403
            ],
            [
              121.65309755734542,
              45.479822446141654
            ]
          ]
        ]
      },
      "properties": {
        "biomass": 272.39849853515625,
        "min_biomass": 173.91856384277344,
        "max_biomass": 306.35498046875,
        "timestamp": "20260407_130617",
        "grid_id": "24_456"
      }
    },
    {
      "type": "Feature",
      "geometry": {
        "type": "Polygon",
        "coordinates": [
          [
            [
              121.63420234027721,
              45.4741110721522
            ],
            [
              121.64338365401439,
              45.473737400921706
            ],
            [
              121.642852106528,
              45.46727785281228
            ],
            [
              121.63367183462285,
              45.467651440350465
            ],
            [
              121.63420234027721,
              45.4741110721522
            ]
          ]
        ]
      },
      "properties": {
        "biomass": 184.22691345214844,
        "min_biomass": 105.37273406982422,
        "max_biomass": 293.60772705078125,
        "timestamp": "20260407_130617",
        "grid_id": "48_408"
      }
    },
    {
      "type": "Feature",
      "geometry": {
        "type": "Polygon",
        "coordinates": [
          [
            [
              121.64338365401439,
              45.473737400921706
            ],
            [
              121.65256478732738,
              45.47336299410403
            ],
            [
              121.65203219808402,
              45.46690352985057
            ],
            [
              121.642852106528,
              45.46727785281228
            ],
            [
              121.64338365401439,
              45.473737400921706
            ]
          ]
        ]
      },
      "properties": {
        "biomass": 189.82467651367188,
        "min_biomass": 132.07655334472656,
        "max_biomass": 327.964599609375,
        "timestamp": "20260407_130617",
        "grid_id": "48_432"
      }
    },
    {
      "type": "Feature",
      "geometry": {
        "type": "Polygon",
        "coordinates": [
          [
            [
              121.65256478732738,
              45.47336299410403
            ],
            [
              121.66174573986574,
              45.472987851737315
            ],
            [
              121.66121210894059,
              45.466528471503466
            ],
            [
              121.65203219808402,
              45.46690352985057
            ],
            [
              121.65256478732738,
              45.47336299410403
            ]
          ]
        ]
      },
      "properties": {
        "biomass": 260.3677978515625,
        "min_biomass": 130.14442443847656,
        "max_biomass": 337.6801452636719,
        "timestamp": "20260407_130617",
        "grid_id": "48_456"
      }
    },
    {
      "type": "Feature",
      "geometry": {
        "type": "Polygon",
        "coordinates": [
          [
            [
              121.66174573986574,
              45.472987851737315
            ],
            [
              121.67092651127906,
              45.472611973859834
            ],
            [
              121.67039183874746,
              45.46615267780919
            ],
            [
              121.66121210894059,
              45.466528471503466
            ],
            [
              121.66174573986574,
              45.472987851737315
            ]
          ]
        ]
      },
      "properties": {
        "biomass": 264.01959228515625,
        "min_biomass": 244.329833984375,
        "max_biomass": 283.7093200683594,
        "timestamp": "20260407_130617",
        "grid_id": "48_480"
      }
    },
    {
      "type": "Feature",
      "geometry": {
        "type": "Polygon",
        "coordinates": [
          [
            [
              121.6244913827189,
              45.468024292427
            ],
            [
              121.63367183462285,
              45.467651440350465
            ],
            [
              121.63314150896731,
              45.46119179637289
            ],
            [
              121.62396209861996,
              45.461564564939636
            ],
            [
              121.6244913827189,
              45.468024292427
            ]
          ]
        ]
      },
      "properties": {
        "biomass": 196.00340270996094,
        "min_biomass": 124.9761962890625,
        "max_biomass": 293.7652587890625,
        "timestamp": "20260407_130617",
        "grid_id": "72_384"
      }
    },
    {
      "type": "Feature",
      "geometry": {
        "type": "Polygon",
        "coordinates": [
          [
            [
              121.63367183462285,
              45.467651440350465
            ],
            [
              121.642852106528,
              45.46727785281228
            ],
            [
              121.64232073939075,
              45.460818292508144
            ],
            [
              121.63314150896731,
              45.46119179637289
            ],
            [
              121.63367183462285,
              45.467651440350465
            ]
          ]
        ]
      },
      "properties": {
        "biomass": 216.23504638671875,
        "min_biomass": 137.2958984375,
        "max_biomass": 308.5670471191406,
        "timestamp": "20260407_130617",
        "grid_id": "72_408"
      }
    },
    {
      "type": "Feature",
      "geometry": {
        "type": "Polygon",
        "coordinates": [
          [
            [
              121.642852106528,
              45.46727785281228
            ],
            [
              121.65203219808402,
              45.46690352985057
            ],
            [
              121.65149978954007,
              45.46044405338347
            ],
            [
              121.64232073939075,
              45.460818292508144
            ],
            [
              121.642852106528,
              45.46727785281228
            ]
          ]
        ]
      },
      "properties": {
        "biomass": 183.12486267089844,
        "min_biomass": 124.70111083984375,
        "max_biomass": 275.984375,
        "timestamp": "20260407_130617",
        "grid_id": "72_432"
      }
    },
    {
      "type": "Feature",
      "geometry": {
        "type": "Polygon",
        "coordinates": [
          [
            [
              121.65203219808402,
              45.46690352985057
            ],
            [
              121.66121210894059,
              45.466528471503466
            ],
            [
              121.6606786590651,
              45.46006907903699
            ],
            [
              121.65149978954007,
              45.46044405338347
            ],
            [
              121.65203219808402,
              45.46690352985057
            ]
          ]
        ]
      },
      "properties": {
        "biomass": 226.87933349609375,
        "min_biomass": 125.69444274902344,
        "max_biomass": 332.6330261230469,
        "timestamp": "20260407_130617",
        "grid_id": "72_456"
      }
    },
    {
      "type": "Feature",
      "geometry": {
        "type": "Polygon",
        "coordinates": [
          [
            [
              121.66121210894059,
              45.466528471503466
            ],
            [
              121.67039183874746,
              45.46615267780919
            ],
            [
              121.66985734761576,
              45.45969336950693
            ],
            [
              121.6606786590651,
              45.46006907903699
            ],
            [
              121.66121210894059,
              45.466528471503466
            ]
          ]
        ]
      },
      "properties": {
        "biomass": 246.113525390625,
        "min_biomass": 128.32269287109375,
        "max_biomass": 387.15252685546875,
        "timestamp": "20260407_130617",
        "grid_id": "72_480"
      }
    },
    {
      "type": "Feature",
      "geometry": {
        "type": "Polygon",
        "coordinates": [
          [
            [
              121.62396209861996,
              45.461564564939636
            ],
            [
              121.63314150896731,
              45.46119179637289
            ],
            [
              121.63261136323571,
              45.45473214022164
            ],
            [
              121.62343299409469,
              45.45510482529745
            ],
            [
              121.62396209861996,
              45.461564564939636
            ]
          ]
        ]
      },
      "properties": {
        "biomass": 185.51014709472656,
        "min_biomass": 123.62255859375,
        "max_biomass": 293.2520751953125,
        "timestamp": "20260407_130617",
        "grid_id": "96_384"
      }
    },
    {
      "type": "Feature",
      "geometry": {
        "type": "Polygon",
        "coordinates": [
          [
            [
              121.63314150896731,
              45.46119179637289
            ],
            [
              121.64232073939075,
              45.460818292508144
            ],
            [
              121.64178955252763,
              45.45435872001143
            ],
            [
              121.63261136323571,
              45.45473214022164
            ],
            [
              121.63314150896731,
              45.46119179637289
            ]
          ]
        ]
      },
      "properties": {
        "biomass": 207.31521606445312,
        "min_biomass": 101.22013854980469,
        "max_biomass": 313.97314453125,
        "timestamp": "20260407_130617",
        "grid_id": "96_408"
      }
    },
    {
      "type": "Feature",
      "geometry": {
        "type": "Polygon",
        "coordinates": [
          [
            [
              121.64232073939075,
              45.460818292508144
            ],
            [
              121.65149978954007,
              45.46044405338347
            ],
            [
              121.65096756162038,
              45.45398456470485
            ],
            [
              121.64178955252763,
              45.45435872001143
            ],
            [
              121.64232073939075,
              45.460818292508144
            ]
          ]
        ]
      },
      "properties": {
        "biomass": 201.9031524658203,
        "min_biomass": 129.12709045410156,
        "max_biomass": 333.3709716796875,
        "timestamp": "20260407_130617",
        "grid_id": "96_432"
      }
    },
    {
      "type": "Feature",
      "geometry": {
        "type": "Polygon",
        "coordinates": [
          [
            [
              121.65149978954007,
              45.46044405338347
            ],
            [
              121.6606786590651,
              45.46006907903699
            ],
            [
              121.66014539016399,
              45.45360967434004
            ],
            [
              121.65096756162038,
              45.45398456470485
            ],
            [
              121.65149978954007,
              45.46044405338347
            ]
          ]
        ]
      },
      "properties": {
        "biomass": 197.489013671875,
        "min_biomass": 98.91349792480469,
        "max_biomass": 305.4155578613281,
        "timestamp": "20260407_130617",
        "grid_id": "96_456"
      }
    },
    {
      "type": "Feature",
      "geometry": {
        "type": "Polygon",
        "coordinates": [
          [
            [
              121.6606786590651,
              45.46006907903699
            ],
            [
              121.66985734761576,
              45.45969336950693
            ],
            [
              121.66932303780848,
              45.453234048955196
            ],
            [
              121.66014539016399,
              45.45360967434004
            ],
            [
              121.6606786590651,
              45.46006907903699
            ]
          ]
        ]
      },
      "properties": {
        "biomass": 242.88307189941406,
        "min_biomass": 128.28343200683594,
        "max_biomass": 429.8792724609375,
        "timestamp": "20260407_130617",
        "grid_id": "96_480"
      }
    },
    {
      "type": "Feature",
      "geometry": {
        "type": "Polygon",
        "coordinates": [
          [
            [
              121.67903585484197,
              45.45931692483156
            ],
            [
              121.68821418039373,
              45.45893974504925
            ],
            [
              121.68767778900047,
              45.452480593278516
            ],
            [
              121.67850050420392,
              45.45285768858857
            ],
            [
              121.67903585484197,
              45.45931692483156
            ]
          ]
        ]
      },
      "properties": {
        "biomass": 214.36798095703125,
        "min_biomass": 142.55955505371094,
        "max_biomass": 394.2991943359375,
        "timestamp": "20260407_130617",
        "grid_id": "96_528"
      }
    },
    {
      "type": "Feature",
      "geometry": {
        "type": "Polygon",
        "coordinates": [
          [
            [
              121.68821418039373,
              45.45893974504925
            ],
            [
              121.69739232392111,
              45.458561830198434
            ],
            [
              121.69685489184826,
              45.45210276306343
            ],
            [
              121.68767778900047,
              45.452480593278516
            ],
            [
              121.68821418039373,
              45.45893974504925
            ]
          ]
        ]
      },
      "properties": {
        "biomass": 246.73387145996094,
        "min_biomass": 114.29039764404297,
        "max_biomass": 411.8523864746094,
        "timestamp": "20260407_130617",
        "grid_id": "96_552"
      }
    },
    {
      "type": "Feature",
      "geometry": {
        "type": "Polygon",
        "coordinates": [
          [
            [
              121.69739232392111,
              45.458561830198434
            ],
            [
              121.7065702850741,
              45.45818318031759
            ],
            [
              121.70603181239757,
              45.45172419798184
            ],
            [
              121.69685489184826,
              45.45210276306343
            ],
            [
              121.69739232392111,
              45.458561830198434
            ]
          ]
        ]
      },
      "properties": {
        "biomass": 208.92481994628906,
        "min_biomass": 117.09709167480469,
        "max_biomass": 303.8203430175781,
        "timestamp": "20260407_130617",
        "grid_id": "96_576"
      }
    },
    {
      "type": "Feature",
      "geometry": {
        "type": "Polygon",
        "coordinates": [
          [
            [
              121.7065702850741,
              45.45818318031759
            ],
            [
              121.71574806350287,
              45.45780379544533
            ],
            [
              121.7152085502986,
              45.45134489807228
            ],
            [
              121.70603181239757,
              45.45172419798184
            ],
            [
              121.7065702850741,
              45.45818318031759
            ]
          ]
        ]
      },
      "properties": {
        "biomass": 270.6444091796875,
        "min_biomass": 270.6444091796875,
        "max_biomass": 270.6444091796875,
        "timestamp": "20260407_130617",
        "grid_id": "96_600"
      }
    },
    {
      "type": "Feature",
      "geometry": {
        "type": "Polygon",
        "coordinates": [
          [
            [
              121.62343299409469,
              45.45510482529745
            ],
            [
              121.63261136323571,
              45.45473214022164
            ],
            [
              121.63208139735323,
              45.44827247189884
            ],
            [
              121.62290406906847,
              45.448645073502554
            ],
            [
              121.62343299409469,
              45.45510482529745
            ]
          ]
        ]
      },
      "properties": {
        "biomass": 199.47959899902344,
        "min_biomass": 129.84149169921875,
        "max_biomass": 331.51666259765625,
        "timestamp": "20260407_130617",
        "grid_id": "120_384"
      }
    },
    {
      "type": "Feature",
      "geometry": {
        "type": "Polygon",
        "coordinates": [
          [
            [
              121.63261136323571,
              45.45473214022164
            ],
            [
              121.64178955252763,
              45.45435872001143
            ],
            [
              121.64125854586366,
              45.44789913532428
            ],
            [
              121.63208139735323,
              45.44827247189884
            ],
            [
              121.63261136323571,
              45.45473214022164
            ]
          ]
        ]
      },
      "properties": {
        "biomass": 151.95391845703125,
        "min_biomass": 86.63267517089844,
        "max_biomass": 321.50653076171875,
        "timestamp": "20260407_130617",
        "grid_id": "120_408"
      }
    },
    {
      "type": "Feature",
      "geometry": {
        "type": "Polygon",
        "coordinates": [
          [
            [
              121.64178955252763,
              45.45435872001143
            ],
            [
              121.65096756162038,
              45.45398456470485
            ],
            [
              121.65043551424989,
              45.447525063816904
            ],
            [
              121.64125854586366,
              45.44789913532428
            ],
            [
              121.64178955252763,
              45.45435872001143
            ]
          ]
        ]
      },
      "properties": {
        "biomass": 174.84500122070312,
        "min_biomass": 81.56829833984375,
        "max_biomass": 336.7261047363281,
        "timestamp": "20260407_130617",
        "grid_id": "120_432"
      }
    },
    {
      "type": "Feature",
      "geometry": {
        "type": "Polygon",
        "coordinates": [
          [
            [
              121.65096756162038,
              45.45398456470485
            ],
            [
              121.66014539016399,
              45.45360967434004
            ],
            [
              121.65961230216202,
              45.44715025741481
            ],
            [
              121.65043551424989,
              45.447525063816904
            ],
            [
              121.65096756162038,
              45.45398456470485
            ]
          ]
        ]
      },
      "properties": {
        "biomass": 190.37966918945312,
        "min_biomass": 93.87760925292969,
        "max_biomass": 295.5321044921875,
        "timestamp": "20260407_130617",
        "grid_id": "120_456"
      }
    },
    {
      "type": "Feature",
      "geometry": {
        "type": "Polygon",
        "coordinates": [
          [
            [
              121.66014539016399,
              45.45360967434004
            ],
            [
              121.66932303780848,
              45.453234048955196
            ],
            [
              121.66878890925024,
              45.44677471615618
            ],
            [
              121.65961230216202,
              45.44715025741481
            ],
            [
              121.66014539016399,
              45.45360967434004
            ]
          ]
        ]
      },
      "properties": {
        "biomass": 174.3912811279297,
        "min_biomass": 84.85501098632812,
        "max_biomass": 314.6215515136719,
        "timestamp": "20260407_130617",
        "grid_id": "120_480"
      }
    },
    {
      "type": "Feature",
      "geometry": {
        "type": "Polygon",
        "coordinates": [
          [
            [
              121.66932303780848,
              45.453234048955196
            ],
            [
              121.67850050420392,
              45.45285768858857
            ],
            [
              121.67796533516477,
              45.44639844007926
            ],
            [
              121.66878890925024,
              45.44677471615618
            ],
            [
              121.66932303780848,
              45.453234048955196
            ]
          ]
        ]
      },
      "properties": {
        "biomass": 214.36033630371094,
        "min_biomass": 147.20982360839844,
        "max_biomass": 346.0744323730469,
        "timestamp": "20260407_130617",
        "grid_id": "120_504"
      }
    },
    {
      "type": "Feature",
      "geometry": {
        "type": "Polygon",
        "coordinates": [
          [
            [
              121.67850050420392,
              45.45285768858857
            ],
            [
              121.68767778900047,
              45.452480593278516
            ],
            [
              121.68714157955593,
              45.446021429222405
            ],
            [
              121.67796533516477,
              45.44639844007926
            ],
            [
              121.67850050420392,
              45.45285768858857
            ]
          ]
        ]
      },
      "properties": {
        "biomass": 166.87918090820312,
        "min_biomass": 103.04650115966797,
        "max_biomass": 313.7777404785156,
        "timestamp": "20260407_130617",
        "grid_id": "120_528"
      }
    },
    {
      "type": "Feature",
      "geometry": {
        "type": "Polygon",
        "coordinates": [
          [
            [
              121.68767778900047,
              45.452480593278516
            ],
            [
              121.69685489184826,
              45.45210276306343
            ],
            [
              121.69631764207398,
              45.445643683623985
            ],
            [
              121.68714157955593,
              45.446021429222405
            ],
            [
              121.68767778900047,
              45.452480593278516
            ]
          ]
        ]
      },
      "properties": {
        "biomass": 185.1456756591797,
        "min_biomass": 118.9618148803711,
        "max_biomass": 306.0531311035156,
        "timestamp": "20260407_130617",
        "grid_id": "120_552"
      }
    },
    {
      "type": "Feature",
      "geometry": {
        "type": "Polygon",
        "coordinates": [
          [
            [
              121.69685489184826,
              45.45210276306343
            ],
            [
              121.70603181239757,
              45.45172419798184
            ],
            [
              121.7054935223693,
              45.445265203322485
            ],
            [
              121.69631764207398,
              45.445643683623985
            ],
            [
              121.69685489184826,
              45.45210276306343
            ]
          ]
        ]
      },
      "properties": {
        "biomass": 216.6839141845703,
        "min_biomass": 120.03788757324219,
        "max_biomass": 322.64202880859375,
        "timestamp": "20260407_130617",
        "grid_id": "120_576"
      }
    },
    {
      "type": "Feature",
      "geometry": {
        "type": "Polygon",
        "coordinates": [
          [
            [
              121.70603181239757,
              45.45172419798184
            ],
            [
              121.7152085502986,
              45.45134489807228
            ],
            [
              121.71466922009228,
              45.444885988356454
            ],
            [
              121.7054935223693,
              45.445265203322485
            ],
            [
              121.70603181239757,
              45.45172419798184
            ]
          ]
        ]
      },
      "properties": {
        "biomass": 250.88232421875,
        "min_biomass": 126.83378601074219,
        "max_biomass": 329.4538269042969,
        "timestamp": "20260407_130617",
        "grid_id": "120_600"
      }
    },
    {
      "type": "Feature",
      "geometry": {
        "type": "Polygon",
        "coordinates": [
          [
            [
              121.61372656135931,
              45.44901694009744
            ],
            [
              121.62290406906847,
              45.448645073502554
            ],
            [
              121.62237532346663,
              45.442185309557104
            ],
            [
              121.61319885633839,
              45.44255709286226
            ],
            [
              121.61372656135931,
              45.44901694009744
            ]
          ]
        ]
      },
      "properties": {
        "biomass": 220.25633239746094,
        "min_biomass": 125.16205596923828,
        "max_biomass": 373.8270263671875,
        "timestamp": "20260407_130617",
        "grid_id": "144_360"
      }
    },
    {
      "type": "Feature",
      "geometry": {
        "type": "Polygon",
        "coordinates": [
          [
            [
              121.62290406906847,
              45.448645073502554
            ],
            [
              121.63208139735323,
              45.44827247189884
            ],
            [
              121.63155161124507,
              45.44181279140666
            ],
            [
              121.62237532346663,
              45.442185309557104
            ],
            [
              121.62290406906847,
              45.448645073502554
            ]
          ]
        ]
      },
      "properties": {
        "biomass": 164.0629425048828,
        "min_biomass": 93.14969635009766,
        "max_biomass": 279.3841247558594,
        "timestamp": "20260407_130617",
        "grid_id": "144_384"
      }
    },
    {
      "type": "Feature",
      "geometry": {
        "type": "Polygon",
        "coordinates": [
          [
            [
              121.63208139735323,
              45.44827247189884
            ],
            [
              121.64125854586366,
              45.44789913532428
            ],
            [
              121.64072771932396,
              45.441439538448876
            ],
            [
              121.63155161124507,
              45.44181279140666
            ],
            [
              121.63208139735323,
              45.44827247189884
            ]
          ]
        ]
      },
      "properties": {
        "biomass": 191.8783721923828,
        "min_biomass": 99.7049331665039,
        "max_biomass": 362.7740173339844,
        "timestamp": "20260407_130617",
        "grid_id": "144_408"
      }
    },
    {
      "type": "Feature",
      "geometry": {
        "type": "Polygon",
        "coordinates": [
          [
            [
              121.64125854586366,
              45.44789913532428
            ],
            [
              121.65043551424989,
              45.447525063816904
            ],
            [
              121.6499036473535,
              45.44106555072177
            ],
            [
              121.64072771932396,
              45.441439538448876
            ],
            [
              121.64125854586366,
              45.44789913532428
            ]
          ]
        ]
      },
      "properties": {
        "biomass": 138.13441467285156,
        "min_biomass": 84.06706237792969,
        "max_biomass": 262.5937194824219,
        "timestamp": "20260407_130617",
        "grid_id": "144_432"
      }
    },
    {
      "type": "Feature",
      "geometry": {
        "type": "Polygon",
        "coordinates": [
          [
            [
              121.65043551424989,
              45.447525063816904
            ],
            [
              121.65961230216202,
              45.44715025741481
            ],
            [
              121.65907939498396,
              45.44069082826344
            ],
            [
              121.6499036473535,
              45.44106555072177
            ],
            [
              121.65043551424989,
              45.447525063816904
            ]
          ]
        ]
      },
      "properties": {
        "biomass": 140.79617309570312,
        "min_biomass": 90.97894287109375,
        "max_biomass": 246.44754028320312,
        "timestamp": "20260407_130617",
        "grid_id": "144_456"
      }
    },
    {
      "type": "Feature",
      "geometry": {
        "type": "Polygon",
        "coordinates": [
          [
            [
              121.65961230216202,
              45.44715025741481
            ],
            [
              121.66878890925024,
              45.44677471615618
            ],
            [
              121.6682549618657,
              45.44031537111205
            ],
            [
              121.65907939498396,
              45.44069082826344
            ],
            [
              121.65961230216202,
              45.44715025741481
            ]
          ]
        ]
      },
      "properties": {
        "biomass": 194.096923828125,
        "min_biomass": 94.88975524902344,
        "max_biomass": 311.1817932128906,
        "timestamp": "20260407_130617",
        "grid_id": "144_480"
      }
    },
    {
      "type": "Feature",
      "geometry": {
        "type": "Polygon",
        "coordinates": [
          [
            [
              121.66878890925024,
              45.44677471615618
            ],
            [
              121.67796533516477,
              45.44639844007926
            ],
            [
              121.67743034764906,
              45.439939179305846
            ],
            [
              121.6682549618657,
              45.44031537111205
            ],
            [
              121.66878890925024,
              45.44677471615618
            ]
          ]
        ]
      },
      "properties": {
        "biomass": 202.8232421875,
        "min_biomass": 118.2990493774414,
        "max_biomass": 325.083984375,
        "timestamp": "20260407_130617",
        "grid_id": "144_504"
      }
    },
    {
      "type": "Feature",
      "geometry": {
        "type": "Polygon",
        "coordinates": [
          [
            [
              121.67796533516477,
              45.44639844007926
            ],
            [
              121.68714157955593,
              45.446021429222405
            ],
            [
              121.68660555198447,
              45.439562252883114
            ],
            [
              121.67743034764906,
              45.439939179305846
            ],
            [
              121.67796533516477,
              45.44639844007926
            ]
          ]
        ]
      },
      "properties": {
        "biomass": 187.29544067382812,
        "min_biomass": 101.90059661865234,
        "max_biomass": 345.04644775390625,
        "timestamp": "20260407_130617",
        "grid_id": "144_528"
      }
    },
    {
      "type": "Feature",
      "geometry": {
        "type": "Polygon",
        "coordinates": [
          [
            [
              121.68714157955593,
              45.446021429222405
            ],
            [
              121.69631764207398,
              45.445643683623985
            ],
            [
              121.69578057452242,
              45.43918459188225
            ],
            [
              121.68660555198447,
              45.439562252883114
            ],
            [
              121.68714157955593,
              45.446021429222405
            ]
          ]
        ]
      },
      "properties": {
        "biomass": 191.36685180664062,
        "min_biomass": 116.19670867919922,
        "max_biomass": 319.8525390625,
        "timestamp": "20260407_130617",
        "grid_id": "144_552"
      }
    },
    {
      "type": "Feature",
      "geometry": {
        "type": "Polygon",
        "coordinates": [
          [
            [
              121.69631764207398,
              45.445643683623985
            ],
            [
              121.7054935223693,
              45.445265203322485
            ],
            [
              121.70495541491334,
              45.43880619634172
            ],
            [
              121.69578057452242,
              45.43918459188225
            ],
            [
              121.69631764207398,
              45.445643683623985
            ]
          ]
        ]
      },
      "properties": {
        "biomass": 197.10198974609375,
        "min_biomass": 80.12995910644531,
        "max_biomass": 330.9302062988281,
        "timestamp": "20260407_130617",
        "grid_id": "144_576"
      }
    },
    {
      "type": "Feature",
      "geometry": {
        "type": "Polygon",
        "coordinates": [
          [
            [
              121.7054935223693,
              45.445265203322485
            ],
            [
              121.71466922009228,
              45.444885988356454
            ],
            [
              121.71413007280783,
              45.438427066300065
            ],
            [
              121.70495541491334,
              45.43880619634172
            ],
            [
              121.7054935223693,
              45.445265203322485
            ]
          ]
        ]
      },
      "properties": {
        "biomass": 252.7499542236328,
        "min_biomass": 137.41065979003906,
        "max_biomass": 330.0972595214844,
        "timestamp": "20260407_130617",
        "grid_id": "144_600"
      }
    },
    {
      "type": "Feature",
      "geometry": {
        "type": "Polygon",
        "coordinates": [
          [
            [
              121.61319885633839,
              45.44255709286226
            ],
            [
              121.62237532346663,
              45.442185309557104
            ],
            [
              121.62184675721457,
              45.43572553346321
            ],
            [
              121.61267133031737,
              45.436097233497435
            ],
            [
              121.61319885633839,
              45.44255709286226
            ]
          ]
        ]
      },
      "properties": {
        "biomass": 208.9904327392578,
        "min_biomass": 123.3748779296875,
        "max_biomass": 401.6650085449219,
        "timestamp": "20260407_130617",
        "grid_id": "168_360"
      }
    },
    {
      "type": "Feature",
      "geometry": {
        "type": "Polygon",
        "coordinates": [
          [
            [
              121.62237532346663,
              45.442185309557104
            ],
            [
              121.63155161124507,
              45.44181279140666
            ],
            [
              121.63102200483651,
              45.43535309874721
            ],
            [
              121.62184675721457,
              45.43572553346321
            ],
            [
              121.62237532346663,
              45.442185309557104
            ]
          ]
        ]
      },
      "properties": {
        "biomass": 147.66604614257812,
        "min_biomass": 99.73329162597656,
        "max_biomass": 308.7406921386719,
        "timestamp": "20260407_130617",
        "grid_id": "168_384"
      }
    },
    {
      "type": "Feature",
      "geometry": {
        "type": "Polygon",
        "coordinates": [
          [
            [
              121.63155161124507,
              45.44181279140666
            ],
            [
              121.64072771932396,
              45.441439538448876
            ],
            [
              121.64019707283359,
              45.43497992938734
            ],
            [
              121.63102200483651,
              45.43535309874721
            ],
            [
              121.63155161124507,
              45.44181279140666
            ]
          ]
        ]
      },
      "properties": {
        "biomass": 259.9356689453125,
        "min_biomass": 106.22022247314453,
        "max_biomass": 368.8562927246094,
        "timestamp": "20260407_130617",
        "grid_id": "168_408"
      }
    },
    {
      "type": "Feature",
      "geometry": {
        "type": "Polygon",
        "coordinates": [
          [
            [
              121.64072771932396,
              45.441439538448876
            ],
            [
              121.6499036473535,
              45.44106555072177
            ],
            [
              121.64937196085616,
              45.434606025421616
            ],
            [
              121.64019707283359,
              45.43497992938734
            ],
            [
              121.64072771932396,
              45.441439538448876
            ]
          ]
        ]
      },
      "properties": {
        "biomass": 148.3317413330078,
        "min_biomass": 92.09333801269531,
        "max_biomass": 347.0912170410156,
        "timestamp": "20260407_130617",
        "grid_id": "168_432"
      }
    },
    {
      "type": "Feature",
      "geometry": {
        "type": "Polygon",
        "coordinates": [
          [
            [
              121.6499036473535,
              45.44106555072177
            ],
            [
              121.65907939498396,
              45.44069082826344
            ],
            [
              121.65854666855465,
              45.43423138688813
            ],
            [
              121.64937196085616,
              45.434606025421616
            ],
            [
              121.6499036473535,
              45.44106555072177
            ]
          ]
        ]
      },
      "properties": {
        "biomass": 156.4114227294922,
        "min_biomass": 91.45366668701172,
        "max_biomass": 242.2639923095703,
        "timestamp": "20260407_130617",
        "grid_id": "168_456"
      }
    },
    {
      "type": "Feature",
      "geometry": {
        "type": "Polygon",
        "coordinates": [
          [
            [
              121.65907939498396,
              45.44069082826344
            ],
            [
              121.6682549618657,
              45.44031537111205
            ],
            [
              121.66772119557952,
              45.433856013825
            ],
            [
              121.65854666855465,
              45.43423138688813
            ],
            [
              121.65907939498396,
              45.44069082826344
            ]
          ]
        ]
      },
      "properties": {
        "biomass": 216.6715545654297,
        "min_biomass": 109.98497009277344,
        "max_biomass": 321.0258483886719,
        "timestamp": "20260407_130617",
        "grid_id": "168_480"
      }
    },
    {
      "type": "Feature",
      "geometry": {
        "type": "Polygon",
        "coordinates": [
          [
            [
              121.6682549618657,
              45.44031537111205
            ],
            [
              121.67743034764906,
              45.439939179305846
            ],
            [
              121.67689554158129,
              45.43347990627047
            ],
            [
              121.66772119557952,
              45.433856013825
            ],
            [
              121.6682549618657,
              45.44031537111205
            ]
          ]
        ]
      },
      "properties": {
        "biomass": 183.10032653808594,
        "min_biomass": 118.09786987304688,
        "max_biomass": 332.9663391113281,
        "timestamp": "20260407_130617",
        "grid_id": "168_504"
      }
    },
    {
      "type": "Feature",
      "geometry": {
        "type": "Polygon",
        "coordinates": [
          [
            [
              121.67743034764906,
              45.439939179305846
            ],
            [
              121.68660555198447,
              45.439562252883114
            ],
            [
              121.68606970621053,
              45.43310306426284
            ],
            [
              121.67689554158129,
              45.43347990627047
            ],
            [
              121.67743034764906,
              45.439939179305846
            ]
          ]
        ]
      },
      "properties": {
        "biomass": 189.36993408203125,
        "min_biomass": 95.31109619140625,
        "max_biomass": 325.93292236328125,
        "timestamp": "20260407_130617",
        "grid_id": "168_528"
      }
    },
    {
      "type": "Feature",
      "geometry": {
        "type": "Polygon",
        "coordinates": [
          [
            [
              121.68660555198447,
              45.439562252883114
            ],
            [
              121.69578057452242,
              45.43918459188225
            ],
            [
              121.69524368911785,
              45.43272548784046
            ],
            [
              121.68606970621053,
              45.43310306426284
            ],
            [
              121.68660555198447,
              45.439562252883114
            ]
          ]
        ]
      },
      "properties": {
        "biomass": 168.04722595214844,
        "min_biomass": 82.94207763671875,
        "max_biomass": 296.2855529785156,
        "timestamp": "20260407_130617",
        "grid_id": "168_552"
      }
    },
    {
      "type": "Feature",
      "geometry": {
        "type": "Polygon",
        "coordinates": [
          [
            [
              121.69578057452242,
              45.43918459188225
            ],
            [
              121.70495541491334,
              45.43880619634172
            ],
            [
              121.70441748995385,
              45.43234717704179
            ],
            [
              121.69524368911785,
              45.43272548784046
            ],
            [
              121.69578057452242,
              45.43918459188225
            ]
          ]
        ]
      },
      "properties": {
        "biomass": 152.95361328125,
        "min_biomass": 71.8709945678711,
        "max_biomass": 311.7191162109375,
        "timestamp": "20260407_130617",
        "grid_id": "168_576"
      }
    },
    {
      "type": "Feature",
      "geometry": {
        "type": "Polygon",
        "coordinates": [
          [
            [
              121.70495541491334,
              45.43880619634172
            ],
            [
              121.71413007280783,
              45.438427066300065
            ],
            [
              121.71359110836927,
              45.43196813190534
            ],
            [
              121.70441748995385,
              45.43234717704179
            ],
            [
              121.70495541491334,
              45.43880619634172
            ]
          ]
        ]
      },
      "properties": {
        "biomass": 192.94491577148438,
        "min_biomass": 84.31904602050781,
        "max_biomass": 315.1740417480469,
        "timestamp": "20260407_130617",
        "grid_id": "168_600"
      }
    },
    {
      "type": "Feature",
      "geometry": {
        "type": "Polygon",
        "coordinates": [
          [
            [
              121.71413007280783,
              45.438427066300065
            ],
            [
              121.72292228171793,
              45.438063044146794
            ],
            [
              121.72238232118319,
              45.43160419127285
            ],
            [
              121.71359110836927,
              45.43196813190534
            ],
            [
              121.71413007280783,
              45.438427066300065
            ]
          ]
        ]
      },
      "properties": {
        "biomass": 208.14976501464844,
        "min_biomass": 149.2650604248047,
        "max_biomass": 279.57659912109375,
        "timestamp": "20260407_130617",
        "grid_id": "168_624"
      }
    },
    {
      "type": "Feature",
      "geometry": {
        "type": "Polygon",
        "coordinates": [
          [
            [
              121.61267133031737,
              45.436097233497435
            ],
            [
              121.62184675721457,
              45.43572553346321
            ],
            [
              121.62131837023774,
              45.429265745223034
            ],
            [
              121.61214398322191,
              45.429637362005096
            ],
            [
              121.61267133031737,
              45.436097233497435
            ]
          ]
        ]
      },
      "properties": {
        "biomass": 172.28546142578125,
        "min_biomass": 116.33001708984375,
        "max_biomass": 338.41937255859375,
        "timestamp": "20260407_130617",
        "grid_id": "192_360"
      }
    },
    {
      "type": "Feature",
      "geometry": {
        "type": "Polygon",
        "coordinates": [
          [
            [
              121.62184675721457,
              45.43572553346321
            ],
            [
              121.63102200483651,
              45.43535309874721
            ],
            [
              121.63049257805287,
              45.42889339392263
            ],
            [
              121.62131837023774,
              45.429265745223034
            ],
            [
              121.62184675721457,
              45.43572553346321
            ]
          ]
        ]
      },
      "properties": {
        "biomass": 157.0255584716797,
        "min_biomass": 89.6244125366211,
        "max_biomass": 309.9411926269531,
        "timestamp": "20260407_130617",
        "grid_id": "192_384"
      }
    },
    {
      "type": "Feature",
      "geometry": {
        "type": "Polygon",
        "coordinates": [
          [
            [
              121.63102200483651,
              45.43535309874721
            ],
            [
              121.64019707283359,
              45.43497992938734
            ],
            [
              121.63966660631776,
              45.42852030814183
            ],
            [
              121.63049257805287,
              45.42889339392263
            ],
            [
              121.63102200483651,
              45.43535309874721
            ]
          ]
        ]
      },
      "properties": {
        "biomass": 181.7151641845703,
        "min_biomass": 101.89320373535156,
        "max_biomass": 368.2877197265625,
        "timestamp": "20260407_130617",
        "grid_id": "192_408"
      }
    },
    {
      "type": "Feature",
      "geometry": {
        "type": "Polygon",
        "coordinates": [
          [
            [
              121.64019707283359,
              45.43497992938734
            ],
            [
              121.64937196085616,
              45.434606025421616
            ],
            [
              121.64884045468293,
              45.42814648791859
            ],
            [
              121.63966660631776,
              45.42852030814183
            ],
            [
              121.64019707283359,
              45.43497992938734
            ]
          ]
        ]
      },
      "properties": {
        "biomass": 170.69195556640625,
        "min_biomass": 96.52163696289062,
        "max_biomass": 374.3309631347656,
        "timestamp": "20260407_130617",
        "grid_id": "192_432"
      }
    },
    {
      "type": "Feature",
      "geometry": {
        "type": "Polygon",
        "coordinates": [
          [
            [
              121.64937196085616,
              45.434606025421616
            ],
            [
              121.65854666855465,
              45.43423138688813
            ],
            [
              121.65801412279895,
              45.427771933291005
            ],
            [
              121.64884045468293,
              45.42814648791859
            ],
            [
              121.64937196085616,
              45.434606025421616
            ]
          ]
        ]
      },
      "properties": {
        "biomass": 201.232666015625,
        "min_biomass": 95.07141876220703,
        "max_biomass": 349.21978759765625,
        "timestamp": "20260407_130617",
        "grid_id": "192_456"
      }
    },
    {
      "type": "Feature",
      "geometry": {
        "type": "Polygon",
        "coordinates": [
          [
            [
              121.65854666855465,
              45.43423138688813
            ],
            [
              121.66772119557952,
              45.433856013825
            ],
            [
              121.66718761031645,
              45.427396644297175
            ],
            [
              121.65801412279895,
              45.427771933291005
            ],
            [
              121.65854666855465,
              45.43423138688813
            ]
          ]
        ]
      },
      "properties": {
        "biomass": 227.85794067382812,
        "min_biomass": 124.2055435180664,
        "max_biomass": 334.9758605957031,
        "timestamp": "20260407_130617",
        "grid_id": "192_480"
      }
    },
    {
      "type": "Feature",
      "geometry": {
        "type": "Polygon",
        "coordinates": [
          [
            [
              121.66772119557952,
              45.433856013825
            ],
            [
              121.67689554158129,
              45.43347990627047
            ],
            [
              121.67636091688608,
              45.42702062097534
            ],
            [
              121.66718761031645,
              45.427396644297175
            ],
            [
              121.66772119557952,
              45.433856013825
            ]
          ]
        ]
      },
      "properties": {
        "biomass": 162.6700439453125,
        "min_biomass": 87.91889190673828,
        "max_biomass": 348.1711730957031,
        "timestamp": "20260407_130617",
        "grid_id": "192_504"
      }
    },
    {
      "type": "Feature",
      "geometry": {
        "type": "Polygon",
        "coordinates": [
          [
            [
              121.67689554158129,
              45.43347990627047
            ],
            [
              121.68606970621053,
              45.43310306426284
            ],
            [
              121.68553404215855,
              45.42664386336376
            ],
            [
              121.67636091688608,
              45.42702062097534
            ],
            [
              121.67689554158129,
              45.43347990627047
            ]
          ]
        ]
      },
      "properties": {
        "biomass": 162.53150939941406,
        "min_biomass": 95.701171875,
        "max_biomass": 313.3580017089844,
        "timestamp": "20260407_130617",
        "grid_id": "192_528"
      }
    },
    {
      "type": "Feature",
      "geometry": {
        "type": "Polygon",
        "coordinates": [
          [
            [
              121.68606970621053,
              45.43310306426284
            ],
            [
              121.69524368911785,
              45.43272548784046
            ],
            [
              121.69470698578458,
              45.426266371500795
            ],
            [
              121.68553404215855,
              45.42664386336376
            ],
            [
              121.68606970621053,
              45.43310306426284
            ]
          ]
        ]
      },
      "properties": {
        "biomass": 152.0244598388672,
        "min_biomass": 92.69805145263672,
        "max_biomass": 297.7550354003906,
        "timestamp": "20260407_130617",
        "grid_id": "192_552"
      }
    },
    {
      "type": "Feature",
      "geometry": {
        "type": "Polygon",
        "coordinates": [
          [
            [
              121.69524368911785,
              45.43272548784046
            ],
            [
              121.70441748995385,
              45.43234717704179
            ],
            [
              121.70387974741496,
              45.42588814542487
            ],
            [
              121.69470698578458,
              45.426266371500795
            ],
            [
              121.69524368911785,
              45.43272548784046
            ]
          ]
        ]
      },
      "properties": {
        "biomass": 190.8314208984375,
        "min_biomass": 70.93972778320312,
        "max_biomass": 326.8084716796875,
        "timestamp": "20260407_130617",
        "grid_id": "192_576"
      }
    },
    {
      "type": "Feature",
      "geometry": {
        "type": "Polygon",
        "coordinates": [
          [
            [
              121.70441748995385,
              45.43234717704179
            ],
            [
              121.71359110836927,
              45.43196813190534
            ],
            [
              121.71305232670053,
              45.425509185174505
            ],
            [
              121.70387974741496,
              45.42588814542487
            ],
            [
              121.70441748995385,
              45.43234717704179
            ]
          ]
        ]
      },
      "properties": {
        "biomass": 187.4298553466797,
        "min_biomass": 84.20799255371094,
        "max_biomass": 284.5970764160156,
        "timestamp": "20260407_130617",
        "grid_id": "192_600"
      }
    },
    {
      "type": "Feature",
      "geometry": {
        "type": "Polygon",
        "coordinates": [
          [
            [
              121.71359110836927,
              45.43196813190534
            ],
            [
              121.72238232118319,
              45.43160419127285
            ],
            [
              121.72184254375298,
              45.4251453260444
            ],
            [
              121.71305232670053,
              45.425509185174505
            ],
            [
              121.71359110836927,
              45.43196813190534
            ]
          ]
        ]
      },
      "properties": {
        "biomass": 238.21463012695312,
        "min_biomass": 174.89891052246094,
        "max_biomass": 323.83465576171875,
        "timestamp": "20260407_130617",
        "grid_id": "192_624"
      }
    },
    {
      "type": "Feature",
      "geometry": {
        "type": "Polygon",
        "coordinates": [
          [
            [
              121.61214398322191,
              45.429637362005096
            ],
            [
              121.62131837023774,
              45.429265745223034
            ],
            [
              121.62079016246165,
              45.422805944838665
            ],
            [
              121.6116168149776,
              45.423177478387345
            ],
            [
              121.61214398322191,
              45.429637362005096
            ]
          ]
        ]
      },
      "properties": {
        "biomass": 208.1173858642578,
        "min_biomass": 149.66265869140625,
        "max_biomass": 243.31207275390625,
        "timestamp": "20260407_130617",
        "grid_id": "216_360"
      }
    },
    {
      "type": "Feature",
      "geometry": {
        "type": "Polygon",
        "coordinates": [
          [
            [
              121.62131837023774,
              45.429265745223034
            ],
            [
              121.63049257805287,
              45.42889339392263
            ],
            [
              121.62996333081944,
              45.42243367693507
            ],
            [
              121.62079016246165,
              45.422805944838665
            ],
            [
              121.62131837023774,
              45.429265745223034
            ]
          ]
        ]
      },
      "properties": {
        "biomass": 152.538818359375,
        "min_biomass": 90.20008850097656,
        "max_biomass": 309.1211853027344,
        "timestamp": "20260407_130617",
        "grid_id": "216_384"
      }
    },
    {
      "type": "Feature",
      "geometry": {
        "type": "Polygon",
        "coordinates": [
          [
            [
              121.63049257805287,
              45.42889339392263
            ],
            [
              121.63966660631776,
              45.42852030814183
            ],
            [
              121.6391363197016,
              45.42206067471449
            ],
            [
              121.62996333081944,
              45.42243367693507
            ],
            [
              121.63049257805287,
              45.42889339392263
            ]
          ]
        ]
      },
      "properties": {
        "biomass": 145.0819091796875,
        "min_biomass": 90.42559051513672,
        "max_biomass": 304.8441162109375,
        "timestamp": "20260407_130617",
        "grid_id": "216_408"
      }
    },
    {
      "type": "Feature",
      "geometry": {
        "type": "Polygon",
        "coordinates": [
          [
            [
              121.63966660631776,
              45.42852030814183
            ],
            [
              121.64884045468293,
              45.42814648791859
            ],
            [
              121.64830912875883,
              45.42168693821487
            ],
            [
              121.6391363197016,
              45.42206067471449
            ],
            [
              121.63966660631776,
              45.42852030814183
            ]
          ]
        ]
      },
      "properties": {
        "biomass": 165.14556884765625,
        "min_biomass": 90.90518188476562,
        "max_biomass": 332.3833923339844,
        "timestamp": "20260407_130617",
        "grid_id": "216_432"
      }
    },
    {
      "type": "Feature",
      "geometry": {
        "type": "Polygon",
        "coordinates": [
          [
            [
              121.64884045468293,
              45.42814648791859
            ],
            [
              121.65801412279895,
              45.427771933291005
            ],
            [
              121.65748175764179,
              45.42131246747425
            ],
            [
              121.64830912875883,
              45.42168693821487
            ],
            [
              121.64884045468293,
              45.42814648791859
            ]
          ]
        ]
      },
      "properties": {
        "biomass": 223.7032012939453,
        "min_biomass": 122.91140747070312,
        "max_biomass": 364.1589660644531,
        "timestamp": "20260407_130617",
        "grid_id": "216_456"
      }
    },
    {
      "type": "Feature",
      "geometry": {
        "type": "Polygon",
        "coordinates": [
          [
            [
              121.65801412279895,
              45.427771933291005
            ],
            [
              121.66718761031645,
              45.427396644297175
            ],
            [
              121.66665420600125,
              45.42093726253078
            ],
            [
              121.65748175764179,
              45.42131246747425
            ],
            [
              121.65801412279895,
              45.427771933291005
            ]
          ]
        ]
      },
      "properties": {
        "biomass": 200.06129455566406,
        "min_biomass": 99.83613586425781,
        "max_biomass": 337.20135498046875,
        "timestamp": "20260407_130617",
        "grid_id": "216_480"
      }
    },
    {
      "type": "Feature",
      "geometry": {
        "type": "Polygon",
        "coordinates": [
          [
            [
              121.66718761031645,
              45.427396644297175
            ],
            [
              121.67636091688608,
              45.42702062097534
            ],
            [
              121.67582647348803,
              45.42056132342263
            ],
            [
              121.66665420600125,
              45.42093726253078
            ],
            [
              121.66718761031645,
              45.427396644297175
            ]
          ]
        ]
      },
      "properties": {
        "biomass": 147.96884155273438,
        "min_biomass": 91.53128051757812,
        "max_biomass": 236.40042114257812,
        "timestamp": "20260407_130617",
        "grid_id": "216_504"
      }
    },
    {
      "type": "Feature",
      "geometry": {
        "type": "Polygon",
        "coordinates": [
          [
            [
              121.67636091688608,
              45.42702062097534
            ],
            [
              121.68553404215855,
              45.42664386336376
            ],
            [
              121.68499855975297,
              45.42018465018808
            ],
            [
              121.67582647348803,
              45.42056132342263
            ],
            [
              121.67636091688608,
              45.42702062097534
            ]
          ]
        ]
      },
      "properties": {
        "biomass": 158.4292755126953,
        "min_biomass": 90.0806655883789,
        "max_biomass": 273.0718688964844,
        "timestamp": "20260407_130617",
        "grid_id": "216_528"
      }
    },
    {
      "type": "Feature",
      "geometry": {
        "type": "Polygon",
        "coordinates": [
          [
            [
              121.68553404215855,
              45.42664386336376
            ],
            [
              121.69470698578458,
              45.426266371500795
            ],
            [
              121.69417046444694,
              45.41980724286546
            ],
            [
              121.68499855975297,
              45.42018465018808
            ],
            [
              121.68553404215855,
              45.42664386336376
            ]
          ]
        ]
      },
      "properties": {
        "biomass": 196.10462951660156,
        "min_biomass": 82.25212097167969,
        "max_biomass": 306.6258850097656,
        "timestamp": "20260407_130617",
        "grid_id": "216_552"
      }
    },
    {
      "type": "Feature",
      "geometry": {
        "type": "Polygon",
        "coordinates": [
          [
            [
              121.69470698578458,
              45.426266371500795
            ],
            [
              121.70387974741496,
              45.42588814542487
            ],
            [
              121.70334218722088,
              45.419429101493186
            ],
            [
              121.69417046444694,
              45.41980724286546
            ],
            [
              121.69470698578458,
              45.426266371500795
            ]
          ]
        ]
      },
      "properties": {
        "biomass": 211.49063110351562,
        "min_biomass": 113.2720718383789,
        "max_biomass": 324.4138488769531,
        "timestamp": "20260407_130617",
        "grid_id": "216_576"
      }
    },
    {
      "type": "Feature",
      "geometry": {
        "type": "Polygon",
        "coordinates": [
          [
            [
              121.70387974741496,
              45.42588814542487
            ],
            [
              121.71305232670053,
              45.425509185174505
            ],
            [
              121.71251372772576,
              45.41905022610975
            ],
            [
              121.70334218722088,
              45.419429101493186
            ],
            [
              121.70387974741496,
              45.42588814542487
            ]
          ]
        ]
      },
      "properties": {
        "biomass": 181.165771484375,
        "min_biomass": 118.10810852050781,
        "max_biomass": 297.79205322265625,
        "timestamp": "20260407_130617",
        "grid_id": "216_600"
      }
    },
    {
      "type": "Feature",
      "geometry": {
        "type": "Polygon",
        "coordinates": [
          [
            [
              121.71305232670053,
              45.425509185174505
            ],
            [
              121.72184254375298,
              45.4251453260444
            ],
            [
              121.72130294935124,
              45.41868644846367
            ],
            [
              121.71251372772576,
              45.41905022610975
            ],
            [
              121.71305232670053,
              45.425509185174505
            ]
          ]
        ]
      },
      "properties": {
        "biomass": 205.48667907714844,
        "min_biomass": 123.76227569580078,
        "max_biomass": 307.8751525878906,
        "timestamp": "20260407_130617",
        "grid_id": "216_624"
      }
    },
    {
      "type": "Feature",
      "geometry": {
        "type": "Polygon",
        "coordinates": [
          [
            [
              121.6116168149776,
              45.423177478387345
            ],
            [
              121.62079016246165,
              45.422805944838665
            ],
            [
              121.62026213381179,
              45.41634613231228
            ],
            [
              121.61108982551012,
              45.41671758264635
            ],
            [
              121.6116168149776,
              45.423177478387345
            ]
          ]
        ]
      },
      "properties": {
        "biomass": 172.339599609375,
        "min_biomass": 111.08349609375,
        "max_biomass": 228.8971710205078,
        "timestamp": "20260407_130617",
        "grid_id": "240_360"
      }
    },
    {
      "type": "Feature",
      "geometry": {
        "type": "Polygon",
        "coordinates": [
          [
            [
              121.62079016246165,
              45.422805944838665
            ],
            [
              121.62996333081944,
              45.42243367693507
            ],
            [
              121.62943426306165,
              45.41597394778669
            ],
            [
              121.62026213381179,
              45.41634613231228
            ],
            [
              121.62079016246165,
              45.422805944838665
            ]
          ]
        ]
      },
      "properties": {
        "biomass": 132.23764038085938,
        "min_biomass": 87.70767211914062,
        "max_biomass": 261.4386291503906,
        "timestamp": "20260407_130617",
        "grid_id": "240_384"
      }
    },
    {
      "type": "Feature",
      "geometry": {
        "type": "Polygon",
        "coordinates": [
          [
            [
              121.62996333081944,
              45.42243367693507
            ],
            [
              121.6391363197016,
              45.42206067471449
            ],
            [
              121.63860621291045,
              45.41560102910747
            ],
            [
              121.62943426306165,
              45.41597394778669
            ],
            [
              121.62996333081944,
              45.42243367693507
            ]
          ]
        ]
      },
      "properties": {
        "biomass": 125.72834014892578,
        "min_biomass": 86.61131286621094,
        "max_biomass": 194.67539978027344,
        "timestamp": "20260407_130617",
        "grid_id": "240_408"
      }
    },
    {
      "type": "Feature",
      "geometry": {
        "type": "Polygon",
        "coordinates": [
          [
            [
              121.6391363197016,
              45.42206067471449
            ],
            [
              121.64830912875883,
              45.42168693821487
            ],
            [
              121.64777798300898,
              45.41522737631258
            ],
            [
              121.63860621291045,
              45.41560102910747
            ],
            [
              121.6391363197016,
              45.42206067471449
            ]
          ]
        ]
      },
      "properties": {
        "biomass": 178.47496032714844,
        "min_biomass": 95.3705062866211,
        "max_biomass": 308.12786865234375,
        "timestamp": "20260407_130617",
        "grid_id": "240_432"
      }
    },
    {
      "type": "Feature",
      "geometry": {
        "type": "Polygon",
        "coordinates": [
          [
            [
              121.64830912875883,
              45.42168693821487
            ],
            [
              121.65748175764179,
              45.42131246747425
            ],
            [
              121.65694957300813,
              45.414852989440035
            ],
            [
              121.64777798300898,
              45.41522737631258
            ],
            [
              121.64830912875883,
              45.42168693821487
            ]
          ]
        ]
      },
      "properties": {
        "biomass": 200.81692504882812,
        "min_biomass": 108.9684829711914,
        "max_biomass": 315.8891906738281,
        "timestamp": "20260407_130617",
        "grid_id": "240_456"
      }
    },
    {
      "type": "Feature",
      "geometry": {
        "type": "Polygon",
        "coordinates": [
          [
            [
              121.65748175764179,
              45.42131246747425
            ],
            [
              121.66665420600125,
              45.42093726253078
            ],
            [
              121.66612098255878,
              45.41447786852797
            ],
            [
              121.65694957300813,
              45.414852989440035
            ],
            [
              121.65748175764179,
              45.42131246747425
            ]
          ]
        ]
      },
      "properties": {
        "biomass": 153.0559539794922,
        "min_biomass": 101.42869567871094,
        "max_biomass": 329.8532409667969,
        "timestamp": "20260407_130617",
        "grid_id": "240_480"
      }
    },
    {
      "type": "Feature",
      "geometry": {
        "type": "Polygon",
        "coordinates": [
          [
            [
              121.66665420600125,
              45.42093726253078
            ],
            [
              121.67582647348803,
              45.42056132342263
            ],
            [
              121.67529221131186,
              45.41410201361453
            ],
            [
              121.66612098255878,
              45.41447786852797
            ],
            [
              121.66665420600125,
              45.42093726253078
            ]
          ]
        ]
      },
      "properties": {
        "biomass": 207.3797149658203,
        "min_biomass": 102.3727798461914,
        "max_biomass": 318.09320068359375,
        "timestamp": "20260407_130617",
        "grid_id": "240_504"
      }
    },
    {
      "type": "Feature",
      "geometry": {
        "type": "Polygon",
        "coordinates": [
          [
            [
              121.67582647348803,
              45.42056132342263
            ],
            [
              121.68499855975297,
              45.42018465018808
            ],
            [
              121.68446325891837,
              45.41372542473798
            ],
            [
              121.67529221131186,
              45.41410201361453
            ],
            [
              121.67582647348803,
              45.42056132342263
            ]
          ]
        ]
      },
      "properties": {
        "biomass": 193.44737243652344,
        "min_biomass": 85.75365447998047,
        "max_biomass": 317.7855529785156,
        "timestamp": "20260407_130617",
        "grid_id": "240_528"
      }
    },
    {
      "type": "Feature",
      "geometry": {
        "type": "Polygon",
        "coordinates": [
          [
            [
              121.68499855975297,
              45.42018465018808
            ],
            [
              121.69417046444694,
              45.41980724286546
            ],
            [
              121.69363412502933,
              45.413348101936656
            ],
            [
              121.68446325891837,
              45.41372542473798
            ],
            [
              121.68499855975297,
              45.42018465018808
            ]
          ]
        ]
      },
      "properties": {
        "biomass": 186.23440551757812,
        "min_biomass": 100.0560073852539,
        "max_biomass": 306.6258850097656,
        "timestamp": "20260407_130617",
        "grid_id": "240_552"
      }
    },
    {
      "type": "Feature",
      "geometry": {
        "type": "Polygon",
        "coordinates": [
          [
            [
              121.69417046444694,
              45.41980724286546
            ],
            [
              121.70334218722088,
              45.419429101493186
            ],
            [
              121.70280480929586,
              45.41297004524895
            ],
            [
              121.69363412502933,
              45.413348101936656
            ],
            [
              121.69417046444694,
              45.41980724286546
            ]
          ]
        ]
      },
      "properties": {
        "biomass": 214.05804443359375,
        "min_biomass": 118.58155059814453,
        "max_biomass": 288.16357421875,
        "timestamp": "20260407_130617",
        "grid_id": "240_576"
      }
    },
    {
      "type": "Feature",
      "geometry": {
        "type": "Polygon",
        "coordinates": [
          [
            [
              121.70334218722088,
              45.419429101493186
            ],
            [
              121.71251372772576,
              45.41905022610975
            ],
            [
              121.71197531136903,
              45.41259125471332
            ],
            [
              121.70280480929586,
              45.41297004524895
            ],
            [
              121.70334218722088,
              45.419429101493186
            ]
          ]
        ]
      },
      "properties": {
        "biomass": 179.2021484375,
        "min_biomass": 99.08518981933594,
        "max_biomass": 242.1908416748047,
        "timestamp": "20260407_130617",
        "grid_id": "240_600"
      }
    },
    {
      "type": "Feature",
      "geometry": {
        "type": "Polygon",
        "coordinates": [
          [
            [
              121.71251372772576,
              45.41905022610975
            ],
            [
              121.72130294935124,
              45.41868644846367
            ],
            [
              121.72076353790195,
              45.4122275585329
            ],
            [
              121.71197531136903,
              45.41259125471332
            ],
            [
              121.71251372772576,
              45.41905022610975
            ]
          ]
        ]
      },
      "properties": {
        "biomass": 171.99156188964844,
        "min_biomass": 95.81526184082031,
        "max_biomass": 223.99339294433594,
        "timestamp": "20260407_130617",
        "grid_id": "240_624"
      }
    },
    {
      "type": "Feature",
      "geometry": {
        "type": "Polygon",
        "coordinates": [
          [
            [
              121.60191733850588,
              45.41708829875108
            ],
            [
              121.61108982551012,
              45.41671758264635
            ],
            [
              121.61056301474521,
              45.41025767478419
            ],
            [
              121.6013915666483,
              45.41062830785644
            ],
            [
              121.60191733850588,
              45.41708829875108
            ]
          ]
        ]
      },
      "properties": {
        "biomass": 168.2343292236328,
        "min_biomass": 101.79338836669922,
        "max_biomass": 213.54002380371094,
        "timestamp": "20260407_130617",
        "grid_id": "264_336"
      }
    },
    {
      "type": "Feature",
      "geometry": {
        "type": "Polygon",
        "coordinates": [
          [
            [
              121.61108982551012,
              45.41671758264635
            ],
            [
              121.62026213381179,
              45.41634613231228
            ],
            [
              121.61973428421382,
              45.409886307645976
            ],
            [
              121.61056301474521,
              45.41025767478419
            ],
            [
              121.61108982551012,
              45.41671758264635
            ]
          ]
        ]
      },
      "properties": {
        "biomass": 150.30218505859375,
        "min_biomass": 94.87103271484375,
        "max_biomass": 251.34152221679688,
        "timestamp": "20260407_130617",
        "grid_id": "264_360"
      }
    },
    {
      "type": "Feature",
      "geometry": {
        "type": "Polygon",
        "coordinates": [
          [
            [
              121.62026213381179,
              45.41634613231228
            ],
            [
              121.62943426306165,
              45.41597394778669
            ],
            [
              121.62890537470496,
              45.4095142064796
            ],
            [
              121.61973428421382,
              45.409886307645976
            ],
            [
              121.62026213381179,
              45.41634613231228
            ]
          ]
        ]
      },
      "properties": {
        "biomass": 120.80067443847656,
        "min_biomass": 85.87977600097656,
        "max_biomass": 196.67408752441406,
        "timestamp": "20260407_130617",
        "grid_id": "264_384"
      }
    },
    {
      "type": "Feature",
      "geometry": {
        "type": "Polygon",
        "coordinates": [
          [
            [
              121.62943426306165,
              45.41597394778669
            ],
            [
              121.63860621291045,
              45.41560102910747
            ],
            [
              121.63807628586954,
              45.409141371322924
            ],
            [
              121.62890537470496,
              45.4095142064796
            ],
            [
              121.62943426306165,
              45.41597394778669
            ]
          ]
        ]
      },
      "properties": {
        "biomass": 114.69520568847656,
        "min_biomass": 80.3933334350586,
        "max_biomass": 189.54042053222656,
        "timestamp": "20260407_130617",
        "grid_id": "264_408"
      }
    },
    {
      "type": "Feature",
      "geometry": {
        "type": "Polygon",
        "coordinates": [
          [
            [
              121.63860621291045,
              45.41560102910747
            ],
            [
              121.64777798300898,
              45.41522737631258
            ],
            [
              121.64724701735855,
              45.408767802213895
            ],
            [
              121.63807628586954,
              45.409141371322924
            ],
            [
              121.63860621291045,
              45.41560102910747
            ]
          ]
        ]
      },
      "properties": {
        "biomass": 154.54241943359375,
        "min_biomass": 84.8288345336914,
        "max_biomass": 272.5536804199219,
        "timestamp": "20260407_130617",
        "grid_id": "264_432"
      }
    },
    {
      "type": "Feature",
      "geometry": {
        "type": "Polygon",
        "coordinates": [
          [
            [
              121.64777798300898,
              45.41522737631258
            ],
            [
              121.65694957300813,
              45.414852989440035
            ],
            [
              121.65641756882296,
              45.40839349919053
            ],
            [
              121.64724701735855,
              45.408767802213895
            ],
            [
              121.64777798300898,
              45.41522737631258
            ]
          ]
        ]
      },
      "properties": {
        "biomass": 149.4173126220703,
        "min_biomass": 90.52835083007812,
        "max_biomass": 255.28848266601562,
        "timestamp": "20260407_130617",
        "grid_id": "264_456"
      }
    },
    {
      "type": "Feature",
      "geometry": {
        "type": "Polygon",
        "coordinates": [
          [
            [
              121.65694957300813,
              45.414852989440035
            ],
            [
              121.66612098255878,
              45.41447786852797
            ],
            [
              121.66558793991385,
              45.40801846229091
            ],
            [
              121.65641756882296,
              45.40839349919053
            ],
            [
              121.65694957300813,
              45.414852989440035
            ]
          ]
        ]
      },
      "properties": {
        "biomass": 151.6851348876953,
        "min_biomass": 90.31492614746094,
        "max_biomass": 269.2430419921875,
        "timestamp": "20260407_130617",
        "grid_id": "264_480"
      }
    },
    {
      "type": "Feature",
      "geometry": {
        "type": "Polygon",
        "coordinates": [
          [
            [
              121.66612098255878,
              45.41447786852797
            ],
            [
              121.67529221131186,
              45.41410201361453
            ],
            [
              121.67475813028224,
              45.40764269155322
            ],
            [
              121.66558793991385,
              45.40801846229091
            ],
            [
              121.66612098255878,
              45.41447786852797
            ]
          ]
        ]
      },
      "properties": {
        "biomass": 200.4593048095703,
        "min_biomass": 108.2030029296875,
        "max_biomass": 302.3634948730469,
        "timestamp": "20260407_130617",
        "grid_id": "264_504"
      }
    },
    {
      "type": "Feature",
      "geometry": {
        "type": "Polygon",
        "coordinates": [
          [
            [
              121.67529221131186,
              45.41410201361453
            ],
            [
              121.68446325891837,
              45.41372542473798
            ],
            [
              121.68392813957932,
              45.40726618701568
            ],
            [
              121.67475813028224,
              45.40764269155322
            ],
            [
              121.67529221131186,
              45.41410201361453
            ]
          ]
        ]
      },
      "properties": {
        "biomass": 218.53250122070312,
        "min_biomass": 104.7978286743164,
        "max_biomass": 319.1393737792969,
        "timestamp": "20260407_130617",
        "grid_id": "264_528"
      }
    },
    {
      "type": "Feature",
      "geometry": {
        "type": "Polygon",
        "coordinates": [
          [
            [
              121.68446325891837,
              45.41372542473798
            ],
            [
              121.69363412502933,
              45.413348101936656
            ],
            [
              121.69309796745623,
              45.40688894871659
            ],
            [
              121.68392813957932,
              45.40726618701568
            ],
            [
              121.68446325891837,
              45.41372542473798
            ]
          ]
        ]
      },
      "properties": {
        "biomass": 203.00399780273438,
        "min_biomass": 94.40673065185547,
        "max_biomass": 254.0130615234375,
        "timestamp": "20260407_130617",
        "grid_id": "264_552"
      }
    },
    {
      "type": "Feature",
      "geometry": {
        "type": "Polygon",
        "coordinates": [
          [
            [
              121.50049394800874,
              45.41465681256123
            ],
            [
              121.50966733796199,
              45.41429425668816
            ],
            [
              121.5091521340142,
              45.407833432541786
            ],
            [
              121.49997978342577,
              45.40819590719868
            ],
            [
              121.50049394800874,
              45.41465681256123
            ]
          ]
        ]
      },
      "properties": {
        "biomass": 224.35301208496094,
        "min_biomass": 189.12893676757812,
        "max_biomass": 266.59930419921875,
        "timestamp": "20260407_130617",
        "grid_id": "288_72"
      }
    },
    {
      "type": "Feature",
      "geometry": {
        "type": "Polygon",
        "coordinates": [
          [
            [
              121.50966733796199,
              45.41429425668816
            ],
            [
              121.51884055313023,
              45.413930966338214
            ],
            [
              121.51832430989023,
              45.4074702235715
            ],
            [
              121.5091521340142,
              45.407833432541786
            ],
            [
              121.50966733796199,
              45.41429425668816
            ]
          ]
        ]
      },
      "properties": {
        "biomass": 198.7000274658203,
        "min_biomass": 96.23692321777344,
        "max_biomass": 308.0184631347656,
        "timestamp": "20260407_130617",
        "grid_id": "288_96"
      }
    },
    {
      "type": "Feature",
      "geometry": {
        "type": "Polygon",
        "coordinates": [
          [
            [
              121.51884055313023,
              45.413930966338214
            ],
            [
              121.52801359316386,
              45.413566941548375
            ],
            [
              121.52749631070441,
              45.40710628032481
            ],
            [
              121.51832430989023,
              45.4074702235715
            ],
            [
              121.51884055313023,
              45.413930966338214
            ]
          ]
        ]
      },
      "properties": {
        "biomass": 217.48085021972656,
        "min_biomass": 113.80641174316406,
        "max_biomass": 330.7432861328125,
        "timestamp": "20260407_130617",
        "grid_id": "288_120"
      }
    },
    {
      "type": "Feature",
      "geometry": {
        "type": "Polygon",
        "coordinates": [
          [
            [
              121.52801359316386,
              45.413566941548375
            ],
            [
              121.53718645771333,
              45.41320218235568
            ],
            [
              121.53666813610734,
              45.40674160283875
            ],
            [
              121.52749631070441,
              45.40710628032481
            ],
            [
              121.52801359316386,
              45.413566941548375
            ]
          ]
        ]
      },
      "properties": {
        "biomass": 141.20556640625,
        "min_biomass": 79.68534851074219,
        "max_biomass": 247.40846252441406,
        "timestamp": "20260407_130617",
        "grid_id": "288_144"
      }
    },
    {
      "type": "Feature",
      "geometry": {
        "type": "Polygon",
        "coordinates": [
          [
            [
              121.53718645771333,
              45.41320218235568
            ],
            [
              121.5463591464291,
              45.41283668879733
            ],
            [
              121.5458397857496,
              45.406376191150436
            ],
            [
              121.53666813610734,
              45.40674160283875
            ],
            [
              121.53718645771333,
              45.41320218235568
            ]
          ]
        ]
      },
      "properties": {
        "biomass": 194.0146484375,
        "min_biomass": 103.78176879882812,
        "max_biomass": 300.7568054199219,
        "timestamp": "20260407_130617",
        "grid_id": "288_168"
      }
    },
    {
      "type": "Feature",
      "geometry": {
        "type": "Polygon",
        "coordinates": [
          [
            [
              121.59221994027226,
              45.410998206825
            ],
            [
              121.6013915666483,
              45.41062830785644
            ],
            [
              121.60086597306987,
              45.40416830486146
            ],
            [
              121.59169538532603,
              45.40453812097959
            ],
            [
              121.59221994027226,
              45.410998206825
            ]
          ]
        ]
      },
      "properties": {
        "biomass": 202.8312225341797,
        "min_biomass": 160.1268310546875,
        "max_biomass": 226.95697021484375,
        "timestamp": "20260407_130617",
        "grid_id": "288_312"
      }
    },
    {
      "type": "Feature",
      "geometry": {
        "type": "Polygon",
        "coordinates": [
          [
            [
              121.6013915666483,
              45.41062830785644
            ],
            [
              121.61056301474521,
              45.41025767478419
            ],
            [
              121.61003638260863,
              45.403797754803
            ],
            [
              121.60086597306987,
              45.40416830486146
            ],
            [
              121.6013915666483,
              45.41062830785644
            ]
          ]
        ]
      },
      "properties": {
        "biomass": 141.35658264160156,
        "min_biomass": 85.57310485839844,
        "max_biomass": 242.7212371826172,
        "timestamp": "20260407_130617",
        "grid_id": "288_336"
      }
    },
    {
      "type": "Feature",
      "geometry": {
        "type": "Polygon",
        "coordinates": [
          [
            [
              121.61056301474521,
              45.41025767478419
            ],
            [
              121.61973428421382,
              45.409886307645976
            ],
            [
              121.61920661359325,
              45.40342647084189
            ],
            [
              121.61003638260863,
              45.403797754803
            ],
            [
              121.61056301474521,
              45.41025767478419
            ]
          ]
        ]
      },
      "properties": {
        "biomass": 122.53152465820312,
        "min_biomass": 89.38336181640625,
        "max_biomass": 253.30381774902344,
        "timestamp": "20260407_130617",
        "grid_id": "288_360"
      }
    },
    {
      "type": "Feature",
      "geometry": {
        "type": "Polygon",
        "coordinates": [
          [
            [
              121.61973428421382,
              45.409886307645976
            ],
            [
              121.62890537470496,
              45.4095142064796
            ],
            [
              121.62837666567478,
              45.40305445301593
            ],
            [
              121.61920661359325,
              45.40342647084189
            ],
            [
              121.61973428421382,
              45.409886307645976
            ]
          ]
        ]
      },
      "properties": {
        "biomass": 123.3185043334961,
        "min_biomass": 84.03772735595703,
        "max_biomass": 195.50697326660156,
        "timestamp": "20260407_130617",
        "grid_id": "288_384"
      }
    },
    {
      "type": "Feature",
      "geometry": {
        "type": "Polygon",
        "coordinates": [
          [
            [
              121.62890537470496,
              45.4095142064796
            ],
            [
              121.63807628586954,
              45.409141371322924
            ],
            [
              121.63754653850422,
              45.40268170136299
            ],
            [
              121.62837666567478,
              45.40305445301593
            ],
            [
              121.62890537470496,
              45.4095142064796
            ]
          ]
        ]
      },
      "properties": {
        "biomass": 106.1376724243164,
        "min_biomass": 76.07918548583984,
        "max_biomass": 184.444091796875,
        "timestamp": "20260407_130617",
        "grid_id": "288_408"
      }
    },
    {
      "type": "Feature",
      "geometry": {
        "type": "Polygon",
        "coordinates": [
          [
            [
              121.63807628586954,
              45.409141371322924
            ],
            [
              121.64724701735855,
              45.408767802213895
            ],
            [
              121.6467162317327,
              45.40230821592097
            ],
            [
              121.63754653850422,
              45.40268170136299
            ],
            [
              121.63807628586954,
              45.409141371322924
            ]
          ]
        ]
      },
      "properties": {
        "biomass": 116.50294494628906,
        "min_biomass": 81.8674545288086,
        "max_biomass": 200.89559936523438,
        "timestamp": "20260407_130617",
        "grid_id": "288_432"
      }
    },
    {
      "type": "Feature",
      "geometry": {
        "type": "Polygon",
        "coordinates": [
          [
            [
              121.64724701735855,
              45.408767802213895
            ],
            [
              121.65641756882296,
              45.40839349919053
            ],
            [
              121.65588574501137,
              45.40193399672788
            ],
            [
              121.6467162317327,
              45.40230821592097
            ],
            [
              121.64724701735855,
              45.408767802213895
            ]
          ]
        ]
      },
      "properties": {
        "biomass": 117.38851165771484,
        "min_biomass": 82.27466583251953,
        "max_biomass": 187.8167266845703,
        "timestamp": "20260407_130617",
        "grid_id": "288_456"
      }
    },
    {
      "type": "Feature",
      "geometry": {
        "type": "Polygon",
        "coordinates": [
          [
            [
              121.65641756882296,
              45.40839349919053
            ],
            [
              121.66558793991385,
              45.40801846229091
            ],
            [
              121.66505507799138,
              45.401559043821806
            ],
            [
              121.65588574501137,
              45.40193399672788
            ],
            [
              121.65641756882296,
              45.40839349919053
            ]
          ]
        ]
      },
      "properties": {
        "biomass": 153.99766540527344,
        "min_biomass": 82.74752807617188,
        "max_biomass": 249.39581298828125,
        "timestamp": "20260407_130617",
        "grid_id": "288_480"
      }
    },
    {
      "type": "Feature",
      "geometry": {
        "type": "Polygon",
        "coordinates": [
          [
            [
              121.66558793991385,
              45.40801846229091
            ],
            [
              121.67475813028224,
              45.40764269155322
            ],
            [
              121.67422423032399,
              45.40118335724088
            ],
            [
              121.66505507799138,
              45.401559043821806
            ],
            [
              121.66558793991385,
              45.40801846229091
            ]
          ]
        ]
      },
      "properties": {
        "biomass": 169.80645751953125,
        "min_biomass": 98.37165832519531,
        "max_biomass": 258.55975341796875,
        "timestamp": "20260407_130617",
        "grid_id": "288_504"
      }
    },
    {
      "type": "Feature",
      "geometry": {
        "type": "Polygon",
        "coordinates": [
          [
            [
              121.67475813028224,
              45.40764269155322
            ],
            [
              121.68392813957932,
              45.40726618701568
            ],
            [
              121.68339320166045,
              45.400806937023326
            ],
            [
              121.67422423032399,
              45.40118335724088
            ],
            [
              121.67475813028224,
              45.40764269155322
            ]
          ]
        ]
      },
      "properties": {
        "biomass": 182.39837646484375,
        "min_biomass": 93.52783966064453,
        "max_biomass": 316.7524108886719,
        "timestamp": "20260407_130617",
        "grid_id": "288_528"
      }
    },
    {
      "type": "Feature",
      "geometry": {
        "type": "Polygon",
        "coordinates": [
          [
            [
              121.68392813957932,
              45.40726618701568
            ],
            [
              121.69309796745623,
              45.40688894871659
            ],
            [
              121.69256199165206,
              45.40042978320744
            ],
            [
              121.68339320166045,
              45.400806937023326
            ],
            [
              121.68392813957932,
              45.40726618701568
            ]
          ]
        ]
      },
      "properties": {
        "biomass": 179.5949249267578,
        "min_biomass": 101.54986572265625,
        "max_biomass": 321.85650634765625,
        "timestamp": "20260407_130617",
        "grid_id": "288_552"
      }
    },
    {
      "type": "Feature",
      "geometry": {
        "type": "Polygon",
        "coordinates": [
          [
            [
              121.49997978342577,
              45.40819590719868
            ],
            [
              121.5091521340142,
              45.407833432541786
            ],
            [
              121.5086371047788,
              45.401372596482254
            ],
            [
              121.4994657932057,
              45.40173498994128
            ],
            [
              121.49997978342577,
              45.40819590719868
            ]
          ]
        ]
      },
      "properties": {
        "biomass": 248.3051300048828,
        "min_biomass": 146.46754455566406,
        "max_biomass": 305.3421630859375,
        "timestamp": "20260407_130617",
        "grid_id": "312_72"
      }
    },
    {
      "type": "Feature",
      "geometry": {
        "type": "Polygon",
        "coordinates": [
          [
            [
              121.5091521340142,
              45.407833432541786
            ],
            [
              121.51832430989023,
              45.4074702235715
            ],
            [
              121.51780824171209,
              45.401009468873305
            ],
            [
              121.5086371047788,
              45.401372596482254
            ],
            [
              121.5091521340142,
              45.407833432541786
            ]
          ]
        ]
      },
      "properties": {
        "biomass": 165.5872344970703,
        "min_biomass": 91.6346435546875,
        "max_biomass": 309.2049865722656,
        "timestamp": "20260407_130617",
        "grid_id": "312_96"
      }
    },
    {
      "type": "Feature",
      "geometry": {
        "type": "Polygon",
        "coordinates": [
          [
            [
              121.51832430989023,
              45.4074702235715
            ],
            [
              121.52749631070441,
              45.40710628032481
            ],
            [
              121.52697920365624,
              45.40064560715137
            ],
            [
              121.51780824171209,
              45.401009468873305
            ],
            [
              121.51832430989023,
              45.4074702235715
            ]
          ]
        ]
      },
      "properties": {
        "biomass": 207.7250213623047,
        "min_biomass": 101.80748748779297,
        "max_biomass": 320.31536865234375,
        "timestamp": "20260407_130617",
        "grid_id": "312_120"
      }
    },
    {
      "type": "Feature",
      "geometry": {
        "type": "Polygon",
        "coordinates": [
          [
            [
              121.52749631070441,
              45.40710628032481
            ],
            [
              121.53666813610734,
              45.40674160283875
            ],
            [
              121.53614999026199,
              45.400281011353506
            ],
            [
              121.52697920365624,
              45.40064560715137
            ],
            [
              121.52749631070441,
              45.40710628032481
            ]
          ]
        ]
      },
      "properties": {
        "biomass": 131.7926025390625,
        "min_biomass": 86.71803283691406,
        "max_biomass": 204.90835571289062,
        "timestamp": "20260407_130617",
        "grid_id": "312_144"
      }
    },
    {
      "type": "Feature",
      "geometry": {
        "type": "Polygon",
        "coordinates": [
          [
            [
              121.53666813610734,
              45.40674160283875
            ],
            [
              121.5458397857496,
              45.406376191150436
            ],
            [
              121.54532060118011,
              45.39991568151681
            ],
            [
              121.53614999026199,
              45.400281011353506
            ],
            [
              121.53666813610734,
              45.40674160283875
            ]
          ]
        ]
      },
      "properties": {
        "biomass": 197.0028839111328,
        "min_biomass": 84.68305206298828,
        "max_biomass": 312.68414306640625,
        "timestamp": "20260407_130617",
        "grid_id": "312_168"
      }
    },
    {
      "type": "Feature",
      "geometry": {
        "type": "Polygon",
        "coordinates": [
          [
            [
              121.5458397857496,
              45.406376191150436
            ],
            [
              121.55501125928188,
              45.40601004529708
            ],
            [
              121.55449103606138,
              45.399549617678446
            ],
            [
              121.54532060118011,
              45.39991568151681
            ],
            [
              121.5458397857496,
              45.406376191150436
            ]
          ]
        ]
      },
      "properties": {
        "biomass": 281.73504638671875,
        "min_biomass": 208.65133666992188,
        "max_biomass": 308.8480529785156,
        "timestamp": "20260407_130617",
        "grid_id": "312_192"
      }
    },
    {
      "type": "Feature",
      "geometry": {
        "type": "Polygon",
        "coordinates": [
          [
            [
              121.59169538532603,
              45.40453812097959
            ],
            [
              121.60086597306987,
              45.40416830486146
            ],
            [
              121.60034055769654,
              45.39770828976829
            ],
            [
              121.59117100823582,
              45.398078023054644
            ],
            [
              121.59169538532603,
              45.40453812097959
            ]
          ]
        ]
      },
      "properties": {
        "biomass": 213.80332946777344,
        "min_biomass": 156.42909240722656,
        "max_biomass": 332.68402099609375,
        "timestamp": "20260407_130617",
        "grid_id": "312_312"
      }
    },
    {
      "type": "Feature",
      "geometry": {
        "type": "Polygon",
        "coordinates": [
          [
            [
              121.60086597306987,
              45.40416830486146
            ],
            [
              121.61003638260863,
              45.403797754803
            ],
            [
              121.60950992902619,
              45.39733782270489
            ],
            [
              121.60034055769654,
              45.39770828976829
            ],
            [
              121.60086597306987,
              45.40416830486146
            ]
          ]
        ]
      },
      "properties": {
        "biomass": 159.07252502441406,
        "min_biomass": 97.00819396972656,
        "max_biomass": 308.2027587890625,
        "timestamp": "20260407_130617",
        "grid_id": "312_336"
      }
    },
    {
      "type": "Feature",
      "geometry": {
        "type": "Polygon",
        "coordinates": [
          [
            [
              121.61003638260863,
              45.403797754803
            ],
            [
              121.61920661359325,
              45.40342647084189
            ],
            [
              121.61867912187584,
              45.39696662190216
            ],
            [
              121.60950992902619,
              45.39733782270489
            ],
            [
              121.61003638260863,
              45.403797754803
            ]
          ]
        ]
      },
      "properties": {
        "biomass": 132.9906005859375,
        "min_biomass": 95.00098419189453,
        "max_biomass": 224.03207397460938,
        "timestamp": "20260407_130617",
        "grid_id": "312_360"
      }
    },
    {
      "type": "Feature",
      "geometry": {
        "type": "Polygon",
        "coordinates": [
          [
            [
              121.61920661359325,
              45.40342647084189
            ],
            [
              121.62837666567478,
              45.40305445301593
            ],
            [
              121.62784813589668,
              45.396594687397844
            ],
            [
              121.61867912187584,
              45.39696662190216
            ],
            [
              121.61920661359325,
              45.40342647084189
            ]
          ]
        ]
      },
      "properties": {
        "biomass": 108.26277160644531,
        "min_biomass": 76.81795501708984,
        "max_biomass": 184.57627868652344,
        "timestamp": "20260407_130617",
        "grid_id": "312_384"
      }
    },
    {
      "type": "Feature",
      "geometry": {
        "type": "Polygon",
        "coordinates": [
          [
            [
              121.62837666567478,
              45.40305445301593
            ],
            [
              121.63754653850422,
              45.40268170136299
            ],
            [
              121.6370169707399,
              45.396222019229796
            ],
            [
              121.62784813589668,
              45.396594687397844
            ],
            [
              121.62837666567478,
              45.40305445301593
            ]
          ]
        ]
      },
      "properties": {
        "biomass": 102.77594757080078,
        "min_biomass": 75.11769104003906,
        "max_biomass": 167.1018829345703,
        "timestamp": "20260407_130617",
        "grid_id": "312_408"
      }
    },
    {
      "type": "Feature",
      "geometry": {
        "type": "Polygon",
        "coordinates": [
          [
            [
              121.63754653850422,
              45.40268170136299
            ],
            [
              121.6467162317327,
              45.40230821592097
            ],
            [
              121.64618562605672,
              45.395848617435945
            ],
            [
              121.6370169707399,
              45.396222019229796
            ],
            [
              121.63754653850422,
              45.40268170136299
            ]
          ]
        ]
      },
      "properties": {
        "biomass": 122.54998016357422,
        "min_biomass": 72.27320861816406,
        "max_biomass": 197.8875274658203,
        "timestamp": "20260407_130617",
        "grid_id": "312_432"
      }
    },
    {
      "type": "Feature",
      "geometry": {
        "type": "Polygon",
        "coordinates": [
          [
            [
              121.6467162317327,
              45.40230821592097
            ],
            [
              121.65588574501137,
              45.40193399672788
            ],
            [
              121.65535410149842,
              45.39547448205424
            ],
            [
              121.64618562605672,
              45.395848617435945
            ],
            [
              121.6467162317327,
              45.40230821592097
            ]
          ]
        ]
      },
      "properties": {
        "biomass": 153.2801055908203,
        "min_biomass": 79.42023468017578,
        "max_biomass": 262.75848388671875,
        "timestamp": "20260407_130617",
        "grid_id": "312_456"
      }
    },
    {
      "type": "Feature",
      "geometry": {
        "type": "Polygon",
        "coordinates": [
          [
            [
              121.65588574501137,
              45.40193399672788
            ],
            [
              121.66505507799138,
              45.401559043821806
            ],
            [
              121.66452239671635,
              45.39509961312278
            ],
            [
              121.65535410149842,
              45.39547448205424
            ],
            [
              121.65588574501137,
              45.40193399672788
            ]
          ]
        ]
      },
      "properties": {
        "biomass": 120.55023956298828,
        "min_biomass": 80.89653015136719,
        "max_biomass": 244.98904418945312,
        "timestamp": "20260407_130617",
        "grid_id": "312_480"
      }
    },
    {
      "type": "Feature",
      "geometry": {
        "type": "Polygon",
        "coordinates": [
          [
            [
              121.66505507799138,
              45.401559043821806
            ],
            [
              121.67422423032399,
              45.40118335724088
            ],
            [
              121.67369051136187,
              45.39472401067967
            ],
            [
              121.66452239671635,
              45.39509961312278
            ],
            [
              121.66505507799138,
              45.401559043821806
            ]
          ]
        ]
      },
      "properties": {
        "biomass": 144.7216033935547,
        "min_biomass": 76.17352294921875,
        "max_biomass": 247.3501434326172,
        "timestamp": "20260407_130617",
        "grid_id": "312_504"
      }
    },
    {
      "type": "Feature",
      "geometry": {
        "type": "Polygon",
        "coordinates": [
          [
            [
              121.67422423032399,
              45.40118335724088
            ],
            [
              121.68339320166045,
              45.400806937023326
            ],
            [
              121.68285844508638,
              45.39434767476311
            ],
            [
              121.67369051136187,
              45.39472401067967
            ],
            [
              121.67422423032399,
              45.40118335724088
            ]
          ]
        ]
      },
      "properties": {
        "biomass": 156.7450714111328,
        "min_biomass": 92.43165588378906,
        "max_biomass": 263.9228210449219,
        "timestamp": "20260407_130617",
        "grid_id": "312_528"
      }
    },
    {
      "type": "Feature",
      "geometry": {
        "type": "Polygon",
        "coordinates": [
          [
            [
              121.68339320166045,
              45.400806937023326
            ],
            [
              121.69256199165206,
              45.40042978320744
            ],
            [
              121.69202619754138,
              45.39397060541141
            ],
            [
              121.68285844508638,
              45.39434767476311
            ],
            [
              121.68339320166045,
              45.400806937023326
            ]
          ]
        ]
      },
      "properties": {
        "biomass": 184.07546997070312,
        "min_biomass": 104.60204315185547,
        "max_biomass": 272.25128173828125,
        "timestamp": "20260407_130617",
        "grid_id": "312_552"
      }
    },
    {
      "type": "Feature",
      "geometry": {
        "type": "Polygon",
        "coordinates": [
          [
            [
              121.49029430734218,
              45.40209664921348
            ],
            [
              121.4994657932057,
              45.40173498994128
            ],
            [
              121.49895197727608,
              45.39527406079106
            ],
            [
              121.4897815301509,
              45.395635639047114
            ],
            [
              121.49029430734218,
              45.40209664921348
            ]
          ]
        ]
      },
      "properties": {
        "biomass": 179.54090881347656,
        "min_biomass": 122.18753814697266,
        "max_biomass": 234.8435821533203,
        "timestamp": "20260407_130617",
        "grid_id": "336_48"
      }
    },
    {
      "type": "Feature",
      "geometry": {
        "type": "Polygon",
        "coordinates": [
          [
            [
              121.4994657932057,
              45.40173498994128
            ],
            [
              121.5086371047788,
              45.401372596482254
            ],
            [
              121.50812225018322,
              45.3949117485116
            ],
            [
              121.49895197727608,
              45.39527406079106
            ],
            [
              121.4994657932057,
              45.40173498994128
            ]
          ]
        ]
      },
      "properties": {
        "biomass": 197.63778686523438,
        "min_biomass": 105.3934326171875,
        "max_biomass": 297.9872741699219,
        "timestamp": "20260407_130617",
        "grid_id": "336_72"
      }
    },
    {
      "type": "Feature",
      "geometry": {
        "type": "Polygon",
        "coordinates": [
          [
            [
              121.5086371047788,
              45.401372596482254
            ],
            [
              121.51780824171209,
              45.401009468873305
            ],
            [
              121.51729234852307,
              45.39454870224564
            ],
            [
              121.50812225018322,
              45.3949117485116
            ],
            [
              121.5086371047788,
              45.401372596482254
            ]
          ]
        ]
      },
      "properties": {
        "biomass": 145.93624877929688,
        "min_biomass": 91.31607818603516,
        "max_biomass": 276.3453674316406,
        "timestamp": "20260407_130617",
        "grid_id": "336_96"
      }
    },
    {
      "type": "Feature",
      "geometry": {
        "type": "Polygon",
        "coordinates": [
          [
            [
              121.51780824171209,
              45.401009468873305
            ],
            [
              121.52697920365624,
              45.40064560715137
            ],
            [
              121.52646227194649,
              45.39418492203012
            ],
            [
              121.51729234852307,
              45.39454870224564
            ],
            [
              121.51780824171209,
              45.401009468873305
            ]
          ]
        ]
      },
      "properties": {
        "biomass": 196.96043395996094,
        "min_biomass": 139.73756408691406,
        "max_biomass": 306.00115966796875,
        "timestamp": "20260407_130617",
        "grid_id": "336_120"
      }
    },
    {
      "type": "Feature",
      "geometry": {
        "type": "Polygon",
        "coordinates": [
          [
            [
              121.52697920365624,
              45.40064560715137
            ],
            [
              121.53614999026199,
              45.400281011353506
            ],
            [
              121.53563202010432,
              45.39382040790203
            ],
            [
              121.52646227194649,
              45.39418492203012
            ],
            [
              121.52697920365624,
              45.40064560715137
            ]
          ]
        ]
      },
      "properties": {
        "biomass": 154.75665283203125,
        "min_biomass": 91.69580841064453,
        "max_biomass": 207.6200408935547,
        "timestamp": "20260407_130617",
        "grid_id": "336_144"
      }
    },
    {
      "type": "Feature",
      "geometry": {
        "type": "Polygon",
        "coordinates": [
          [
            [
              121.53614999026199,
              45.400281011353506
            ],
            [
              121.54532060118011,
              45.39991568151681
            ],
            [
              121.54480159264746,
              45.3934551598985
            ],
            [
              121.53563202010432,
              45.39382040790203
            ],
            [
              121.53614999026199,
              45.400281011353506
            ]
          ]
        ]
      },
      "properties": {
        "biomass": 193.44769287109375,
        "min_biomass": 102.68289184570312,
        "max_biomass": 305.8870849609375,
        "timestamp": "20260407_130617",
        "grid_id": "336_168"
      }
    },
    {
      "type": "Feature",
      "geometry": {
        "type": "Polygon",
        "coordinates": [
          [
            [
              121.54532060118011,
              45.39991568151681
            ],
            [
              121.55449103606138,
              45.399549617678446
            ],
            [
              121.55397098922687,
              45.393089178056655
            ],
            [
              121.54480159264746,
              45.3934551598985
            ],
            [
              121.54532060118011,
              45.39991568151681
            ]
          ]
        ]
      },
      "properties": {
        "biomass": 198.24615478515625,
        "min_biomass": 98.09441375732422,
        "max_biomass": 302.5764465332031,
        "timestamp": "20260407_130617",
        "grid_id": "336_192"
      }
    },
    {
      "type": "Feature",
      "geometry": {
        "type": "Polygon",
        "coordinates": [
          [
            [
              121.55449103606138,
              45.399549617678446
            ],
            [
              121.56366129455668,
              45.39918281987568
            ],
            [
              121.56314020949354,
              45.392722462413765
            ],
            [
              121.55397098922687,
              45.393089178056655
            ],
            [
              121.55449103606138,
              45.399549617678446
            ]
          ]
        ]
      },
      "properties": {
        "biomass": 154.5030517578125,
        "min_biomass": 111.0293960571289,
        "max_biomass": 238.9179229736328,
        "timestamp": "20260407_130617",
        "grid_id": "336_216"
      }
    },
    {
      "type": "Feature",
      "geometry": {
        "type": "Polygon",
        "coordinates": [
          [
            [
              121.56366129455668,
              45.39918281987568
            ],
            [
              121.57283137631688,
              45.39881528814586
            ],
            [
              121.57230925309854,
              45.39235501300714
            ],
            [
              121.56314020949354,
              45.392722462413765
            ],
            [
              121.56366129455668,
              45.39918281987568
            ]
          ]
        ]
      },
      "properties": {
        "biomass": 158.44468688964844,
        "min_biomass": 111.35047149658203,
        "max_biomass": 198.41294860839844,
        "timestamp": "20260407_130617",
        "grid_id": "336_240"
      }
    },
    {
      "type": "Feature",
      "geometry": {
        "type": "Polygon",
        "coordinates": [
          [
            [
              121.57283137631688,
              45.39881528814586
            ],
            [
              121.58200128099294,
              45.39844702252635
            ],
            [
              121.5814781196929,
              45.39198682987414
            ],
            [
              121.57230925309854,
              45.39235501300714
            ],
            [
              121.57283137631688,
              45.39881528814586
            ]
          ]
        ]
      },
      "properties": {
        "biomass": 187.53375244140625,
        "min_biomass": 172.56558227539062,
        "max_biomass": 213.73638916015625,
        "timestamp": "20260407_130617",
        "grid_id": "336_264"
      }
    },
    {
      "type": "Feature",
      "geometry": {
        "type": "Polygon",
        "coordinates": [
          [
            [
              121.58200128099294,
              45.39844702252635
            ],
            [
              121.59117100823582,
              45.398078023054644
            ],
            [
              121.59064680892777,
              45.39161791305225
            ],
            [
              121.5814781196929,
              45.39198682987414
            ],
            [
              121.58200128099294,
              45.39844702252635
            ]
          ]
        ]
      },
      "properties": {
        "biomass": 213.81199645996094,
        "min_biomass": 142.39126586914062,
        "max_biomass": 303.8735656738281,
        "timestamp": "20260407_130617",
        "grid_id": "336_288"
      }
    },
    {
      "type": "Feature",
      "geometry": {
        "type": "Polygon",
        "coordinates": [
          [
            [
              121.59117100823582,
              45.398078023054644
            ],
            [
              121.60034055769654,
              45.39770828976829
            ],
            [
              121.59981532045431,
              45.39124826257899
            ],
            [
              121.59064680892777,
              45.39161791305225
            ],
            [
              121.59117100823582,
              45.398078023054644
            ]
          ]
        ]
      },
      "properties": {
        "biomass": 195.89456176757812,
        "min_biomass": 103.15863037109375,
        "max_biomass": 328.517822265625,
        "timestamp": "20260407_130617",
        "grid_id": "336_312"
      }
    },
    {
      "type": "Feature",
      "geometry": {
        "type": "Polygon",
        "coordinates": [
          [
            [
              121.60034055769654,
              45.39770828976829
            ],
            [
              121.60950992902619,
              45.39733782270489
            ],
            [
              121.60898365392372,
              45.39087787849199
            ],
            [
              121.59981532045431,
              45.39124826257899
            ],
            [
              121.60034055769654,
              45.39770828976829
            ]
          ]
        ]
      },
      "properties": {
        "biomass": 132.9125213623047,
        "min_biomass": 95.86788177490234,
        "max_biomass": 218.12158203125,
        "timestamp": "20260407_130617",
        "grid_id": "336_336"
      }
    },
    {
      "type": "Feature",
      "geometry": {
        "type": "Polygon",
        "coordinates": [
          [
            [
              121.60950992902619,
              45.39733782270489
            ],
            [
              121.61867912187584,
              45.39696662190216
            ],
            [
              121.61815180898728,
              45.390506760828885
            ],
            [
              121.60898365392372,
              45.39087787849199
            ],
            [
              121.60950992902619,
              45.39733782270489
            ]
          ]
        ]
      },
      "properties": {
        "biomass": 122.20187377929688,
        "min_biomass": 72.95391845703125,
        "max_biomass": 208.36520385742188,
        "timestamp": "20260407_130617",
        "grid_id": "336_360"
      }
    },
    {
      "type": "Feature",
      "geometry": {
        "type": "Polygon",
        "coordinates": [
          [
            [
              121.61867912187584,
              45.39696662190216
            ],
            [
              121.62784813589668,
              45.396594687397844
            ],
            [
              121.62731978529622,
              45.39013490962745
            ],
            [
              121.61815180898728,
              45.390506760828885
            ],
            [
              121.61867912187584,
              45.39696662190216
            ]
          ]
        ]
      },
      "properties": {
        "biomass": 96.3268051147461,
        "min_biomass": 70.16045379638672,
        "max_biomass": 174.2337646484375,
        "timestamp": "20260407_130617",
        "grid_id": "336_384"
      }
    },
    {
      "type": "Feature",
      "geometry": {
        "type": "Polygon",
        "coordinates": [
          [
            [
              121.62784813589668,
              45.396594687397844
            ],
            [
              121.6370169707399,
              45.396222019229796
            ],
            [
              121.63648758250194,
              45.38976232492552
            ],
            [
              121.62731978529622,
              45.39013490962745
            ],
            [
              121.62784813589668,
              45.396594687397844
            ]
          ]
        ]
      },
      "properties": {
        "biomass": 106.57623291015625,
        "min_biomass": 69.9659652709961,
        "max_biomass": 165.0310516357422,
        "timestamp": "20260407_130617",
        "grid_id": "336_408"
      }
    },
    {
      "type": "Feature",
      "geometry": {
        "type": "Polygon",
        "coordinates": [
          [
            [
              121.6370169707399,
              45.396222019229796
            ],
            [
              121.64618562605672,
              45.395848617435945
            ],
            [
              121.64565520025583,
              45.38938900676098
            ],
            [
              121.63648758250194,
              45.38976232492552
            ],
            [
              121.6370169707399,
              45.396222019229796
            ]
          ]
        ]
      },
      "properties": {
        "biomass": 142.86273193359375,
        "min_biomass": 82.17252349853516,
        "max_biomass": 248.50369262695312,
        "timestamp": "20260407_130617",
        "grid_id": "336_432"
      }
    },
    {
      "type": "Feature",
      "geometry": {
        "type": "Polygon",
        "coordinates": [
          [
            [
              121.64618562605672,
              45.395848617435945
            ],
            [
              121.65535410149842,
              45.39547448205424
            ],
            [
              121.65482263820927,
              45.389014955171795
            ],
            [
              121.64565520025583,
              45.38938900676098
            ],
            [
              121.64618562605672,
              45.395848617435945
            ]
          ]
        ]
      },
      "properties": {
        "biomass": 205.18582153320312,
        "min_biomass": 99.08518981933594,
        "max_biomass": 300.08148193359375,
        "timestamp": "20260407_130617",
        "grid_id": "336_456"
      }
    },
    {
      "type": "Feature",
      "geometry": {
        "type": "Polygon",
        "coordinates": [
          [
            [
              121.65535410149842,
              45.39547448205424
            ],
            [
              121.66452239671635,
              45.39509961312278
            ],
            [
              121.66398989601375,
              45.388640170196005
            ],
            [
              121.65482263820927,
              45.389014955171795
            ],
            [
              121.65535410149842,
              45.39547448205424
            ]
          ]
        ]
      },
      "properties": {
        "biomass": 160.60191345214844,
        "min_biomass": 97.567626953125,
        "max_biomass": 266.89288330078125,
        "timestamp": "20260407_130617",
        "grid_id": "336_480"
      }
    },
    {
      "type": "Feature",
      "geometry": {
        "type": "Polygon",
        "coordinates": [
          [
            [
              121.66452239671635,
              45.39509961312278
            ],
            [
              121.67369051136187,
              45.39472401067967
            ],
            [
              121.67315697332074,
              45.38826465187178
            ],
            [
              121.66398989601375,
              45.388640170196005
            ],
            [
              121.66452239671635,
              45.39509961312278
            ]
          ]
        ]
      },
      "properties": {
        "biomass": 134.43399047851562,
        "min_biomass": 97.27269744873047,
        "max_biomass": 215.5648956298828,
        "timestamp": "20260407_130617",
        "grid_id": "336_504"
      }
    },
    {
      "type": "Feature",
      "geometry": {
        "type": "Polygon",
        "coordinates": [
          [
            [
              121.67369051136187,
              45.39472401067967
            ],
            [
              121.68285844508638,
              45.39434767476311
            ],
            [
              121.68232386978187,
              45.38788840023725
            ],
            [
              121.67315697332074,
              45.38826465187178
            ],
            [
              121.67369051136187,
              45.39472401067967
            ]
          ]
        ]
      },
      "properties": {
        "biomass": 186.83750915527344,
        "min_biomass": 163.87962341308594,
        "max_biomass": 229.44619750976562,
        "timestamp": "20260407_130617",
        "grid_id": "336_528"
      }
    },
    {
      "type": "Feature",
      "geometry": {
        "type": "Polygon",
        "coordinates": [
          [
            [
              121.4714401146435,
              45.39635659334196
            ],
            [
              121.48061090915695,
              45.395996483242996
            ],
            [
              121.48009934429577,
              45.38953538036961
            ],
            [
              121.47092958831568,
              45.38989540979754
            ],
            [
              121.4714401146435,
              45.39635659334196
            ]
          ]
        ]
      },
      "properties": {
        "biomass": 227.23880004882812,
        "min_biomass": 115.677490234375,
        "max_biomass": 447.09356689453125,
        "timestamp": "20260407_130617",
        "grid_id": "360_0"
      }
    },
    {
      "type": "Feature",
      "geometry": {
        "type": "Polygon",
        "coordinates": [
          [
            [
              121.48061090915695,
              45.395996483242996
            ],
            [
              121.4897815301509,
              45.395635639047114
            ],
            [
              121.48926892682844,
              45.3891746170082
            ],
            [
              121.48009934429577,
              45.38953538036961
            ],
            [
              121.48061090915695,
              45.395996483242996
            ]
          ]
        ]
      },
      "properties": {
        "biomass": 202.459716796875,
        "min_biomass": 101.99340057373047,
        "max_biomass": 353.9872131347656,
        "timestamp": "20260407_130617",
        "grid_id": "360_24"
      }
    },
    {
      "type": "Feature",
      "geometry": {
        "type": "Polygon",
        "coordinates": [
          [
            [
              121.4897815301509,
              45.395635639047114
            ],
            [
              121.49895197727608,
              45.39527406079106
            ],
            [
              121.49843833556453,
              45.38881311975003
            ],
            [
              121.48926892682844,
              45.3891746170082
            ],
            [
              121.4897815301509,
              45.395635639047114
            ]
          ]
        ]
      },
      "properties": {
        "biomass": 132.29981994628906,
        "min_biomass": 84.36888885498047,
        "max_biomass": 188.11830139160156,
        "timestamp": "20260407_130617",
        "grid_id": "360_48"
      }
    },
    {
      "type": "Feature",
      "geometry": {
        "type": "Polygon",
        "coordinates": [
          [
            [
              121.49895197727608,
              45.39527406079106
            ],
            [
              121.50812225018322,
              45.3949117485116
            ],
            [
              121.50760757015492,
              45.38845088863186
            ],
            [
              121.49843833556453,
              45.38881311975003
            ],
            [
              121.49895197727608,
              45.39527406079106
            ]
          ]
        ]
      },
      "properties": {
        "biomass": 163.98672485351562,
        "min_biomass": 84.36888885498047,
        "max_biomass": 233.93643188476562,
        "timestamp": "20260407_130617",
        "grid_id": "360_72"
      }
    },
    {
      "type": "Feature",
      "geometry": {
        "type": "Polygon",
        "coordinates": [
          [
            [
              121.50812225018322,
              45.3949117485116
            ],
            [
              121.51729234852307,
              45.39454870224564
            ],
            [
              121.51677663025052,
              45.38808792369056
            ],
            [
              121.50760757015492,
              45.38845088863186
            ],
            [
              121.50812225018322,
              45.3949117485116
            ]
          ]
        ]
      },
      "properties": {
        "biomass": 162.73904418945312,
        "min_biomass": 101.3646469116211,
        "max_biomass": 294.4091796875,
        "timestamp": "20260407_130617",
        "grid_id": "360_96"
      }
    },
    {
      "type": "Feature",
      "geometry": {
        "type": "Polygon",
        "coordinates": [
          [
            [
              121.51729234852307,
              45.39454870224564
            ],
            [
              121.52646227194649,
              45.39418492203012
            ],
            [
              121.52594551550231,
              45.387724224963065
            ],
            [
              121.51677663025052,
              45.38808792369056
            ],
            [
              121.51729234852307,
              45.39454870224564
            ]
          ]
        ]
      },
      "properties": {
        "biomass": 236.16845703125,
        "min_biomass": 124.70960998535156,
        "max_biomass": 383.55853271484375,
        "timestamp": "20260407_130617",
        "grid_id": "360_120"
      }
    },
    {
      "type": "Feature",
      "geometry": {
        "type": "Polygon",
        "coordinates": [
          [
            [
              121.52646227194649,
              45.39418492203012
            ],
            [
              121.53563202010432,
              45.39382040790203
            ],
            [
              121.53511422556129,
              45.38735979248637
            ],
            [
              121.52594551550231,
              45.387724224963065
            ],
            [
              121.52646227194649,
              45.39418492203012
            ]
          ]
        ]
      },
      "properties": {
        "biomass": 147.3636016845703,
        "min_biomass": 100.11006164550781,
        "max_biomass": 203.63267517089844,
        "timestamp": "20260407_130617",
        "grid_id": "360_144"
      }
    },
    {
      "type": "Feature",
      "geometry": {
        "type": "Polygon",
        "coordinates": [
          [
            [
              121.53563202010432,
              45.39382040790203
            ],
            [
              121.54480159264746,
              45.3934551598985
            ],
            [
              121.5442827600785,
              45.38699462629756
            ],
            [
              121.53511422556129,
              45.38735979248637
            ],
            [
              121.53563202010432,
              45.39382040790203
            ]
          ]
        ]
      },
      "properties": {
        "biomass": 171.29632568359375,
        "min_biomass": 83.62020874023438,
        "max_biomass": 220.57569885253906,
        "timestamp": "20260407_130617",
        "grid_id": "360_168"
      }
    },
    {
      "type": "Feature",
      "geometry": {
        "type": "Polygon",
        "coordinates": [
          [
            [
              121.54480159264746,
              45.3934551598985
            ],
            [
              121.55397098922687,
              45.393089178056655
            ],
            [
              121.55345111870507,
              45.38662872643377
            ],
            [
              121.5442827600785,
              45.38699462629756
            ],
            [
              121.54480159264746,
              45.3934551598985
            ]
          ]
        ]
      },
      "properties": {
        "biomass": 163.75814819335938,
        "min_biomass": 88.64868927001953,
        "max_biomass": 214.70501708984375,
        "timestamp": "20260407_130617",
        "grid_id": "360_192"
      }
    },
    {
      "type": "Feature",
      "geometry": {
        "type": "Polygon",
        "coordinates": [
          [
            [
              121.55397098922687,
              45.393089178056655
            ],
            [
              121.56314020949354,
              45.392722462413765
            ],
            [
              121.56261930109211,
              45.38626209293224
            ],
            [
              121.55345111870507,
              45.38662872643377
            ],
            [
              121.55397098922687,
              45.393089178056655
            ]
          ]
        ]
      },
      "properties": {
        "biomass": 187.27587890625,
        "min_biomass": 104.64774322509766,
        "max_biomass": 308.0753479003906,
        "timestamp": "20260407_130617",
        "grid_id": "360_216"
      }
    },
    {
      "type": "Feature",
      "geometry": {
        "type": "Polygon",
        "coordinates": [
          [
            [
              121.56314020949354,
              45.392722462413765
            ],
            [
              121.57230925309854,
              45.39235501300714
            ],
            [
              121.5717873068908,
              45.38589472583027
            ],
            [
              121.56261930109211,
              45.38626209293224
            ],
            [
              121.56314020949354,
              45.392722462413765
            ]
          ]
        ]
      },
      "properties": {
        "biomass": 129.09344482421875,
        "min_biomass": 98.01692199707031,
        "max_biomass": 195.8349151611328,
        "timestamp": "20260407_130617",
        "grid_id": "360_240"
      }
    },
    {
      "type": "Feature",
      "geometry": {
        "type": "Polygon",
        "coordinates": [
          [
            [
              121.57230925309854,
              45.39235501300714
            ],
            [
              121.5814781196929,
              45.39198682987414
            ],
            [
              121.58095513575236,
              45.38552662516521
            ],
            [
              121.5717873068908,
              45.38589472583027
            ],
            [
              121.57230925309854,
              45.39235501300714
            ]
          ]
        ]
      },
      "properties": {
        "biomass": 165.37252807617188,
        "min_biomass": 100.25446319580078,
        "max_biomass": 275.9479675292969,
        "timestamp": "20260407_130617",
        "grid_id": "360_264"
      }
    },
    {
      "type": "Feature",
      "geometry": {
        "type": "Polygon",
        "coordinates": [
          [
            [
              121.5814781196929,
              45.39198682987414
            ],
            [
              121.59064680892777,
              45.39161791305225
            ],
            [
              121.59012278732806,
              45.385157790974525
            ],
            [
              121.58095513575236,
              45.38552662516521
            ],
            [
              121.5814781196929,
              45.39198682987414
            ]
          ]
        ]
      },
      "properties": {
        "biomass": 192.30181884765625,
        "min_biomass": 101.59175109863281,
        "max_biomass": 313.4339904785156,
        "timestamp": "20260407_130617",
        "grid_id": "360_288"
      }
    },
    {
      "type": "Feature",
      "geometry": {
        "type": "Polygon",
        "coordinates": [
          [
            [
              121.59064680892777,
              45.39161791305225
            ],
            [
              121.59981532045431,
              45.39124826257899
            ],
            [
              121.59929026126919,
              45.38478822329573
            ],
            [
              121.59012278732806,
              45.385157790974525
            ],
            [
              121.59064680892777,
              45.39161791305225
            ]
          ]
        ]
      },
      "properties": {
        "biomass": 174.67596435546875,
        "min_biomass": 109.69975280761719,
        "max_biomass": 290.969970703125,
        "timestamp": "20260407_130617",
        "grid_id": "360_312"
      }
    },
    {
      "type": "Feature",
      "geometry": {
        "type": "Polygon",
        "coordinates": [
          [
            [
              121.59981532045431,
              45.39124826257899
            ],
            [
              121.60898365392372,
              45.39087787849199
            ],
            [
              121.60845755722715,
              45.3844179221664
            ],
            [
              121.59929026126919,
              45.38478822329573
            ],
            [
              121.59981532045431,
              45.39124826257899
            ]
          ]
        ]
      },
      "properties": {
        "biomass": 127.24514770507812,
        "min_biomass": 82.7797622680664,
        "max_biomass": 182.99172973632812,
        "timestamp": "20260407_130617",
        "grid_id": "360_336"
      }
    },
    {
      "type": "Feature",
      "geometry": {
        "type": "Polygon",
        "coordinates": [
          [
            [
              121.60898365392372,
              45.39087787849199
            ],
            [
              121.61815180898728,
              45.390506760828885
            ],
            [
              121.61762467485326,
              45.38404688762421
            ],
            [
              121.60845755722715,
              45.3844179221664
            ],
            [
              121.60898365392372,
              45.39087787849199
            ]
          ]
        ]
      },
      "properties": {
        "biomass": 105.49397277832031,
        "min_biomass": 70.34837341308594,
        "max_biomass": 171.45574951171875,
        "timestamp": "20260407_130617",
        "grid_id": "360_360"
      }
    },
    {
      "type": "Feature",
      "geometry": {
        "type": "Polygon",
        "coordinates": [
          [
            [
              121.61815180898728,
              45.390506760828885
            ],
            [
              121.62731978529622,
              45.39013490962745
            ],
            [
              121.62679161379901,
              45.38367511970689
            ],
            [
              121.61762467485326,
              45.38404688762421
            ],
            [
              121.61815180898728,
              45.390506760828885
            ]
          ]
        ]
      },
      "properties": {
        "biomass": 104.90155792236328,
        "min_biomass": 69.53009796142578,
        "max_biomass": 184.20639038085938,
        "timestamp": "20260407_130617",
        "grid_id": "360_384"
      }
    },
    {
      "type": "Feature",
      "geometry": {
        "type": "Polygon",
        "coordinates": [
          [
            [
              121.62731978529622,
              45.39013490962745
            ],
            [
              121.63648758250194,
              45.38976232492552
            ],
            [
              121.63595837371588,
              45.38330261845227
            ],
            [
              121.62679161379901,
              45.38367511970689
            ],
            [
              121.62731978529622,
              45.39013490962745
            ]
          ]
        ]
      },
      "properties": {
        "biomass": 111.87649536132812,
        "min_biomass": 73.05362701416016,
        "max_biomass": 182.87010192871094,
        "timestamp": "20260407_130617",
        "grid_id": "360_408"
      }
    },
    {
      "type": "Feature",
      "geometry": {
        "type": "Polygon",
        "coordinates": [
          [
            [
              121.63648758250194,
              45.38976232492552
            ],
            [
              121.64565520025583,
              45.38938900676098
            ],
            [
              121.64512495425538,
              45.38292938389821
            ],
            [
              121.63595837371588,
              45.38330261845227
            ],
            [
              121.63648758250194,
              45.38976232492552
            ]
          ]
        ]
      },
      "properties": {
        "biomass": 163.26307678222656,
        "min_biomass": 86.29170989990234,
        "max_biomass": 269.5088806152344,
        "timestamp": "20260407_130617",
        "grid_id": "360_432"
      }
    },
    {
      "type": "Feature",
      "geometry": {
        "type": "Polygon",
        "coordinates": [
          [
            [
              121.64565520025583,
              45.38938900676098
            ],
            [
              121.65482263820927,
              45.389014955171795
            ],
            [
              121.65429135506906,
              45.38255541608268
            ],
            [
              121.64512495425538,
              45.38292938389821
            ],
            [
              121.64565520025583,
              45.38938900676098
            ]
          ]
        ]
      },
      "properties": {
        "biomass": 208.10354614257812,
        "min_biomass": 92.57672882080078,
        "max_biomass": 317.4853210449219,
        "timestamp": "20260407_130617",
        "grid_id": "360_456"
      }
    },
    {
      "type": "Feature",
      "geometry": {
        "type": "Polygon",
        "coordinates": [
          [
            [
              121.65482263820927,
              45.389014955171795
            ],
            [
              121.66398989601375,
              45.388640170196005
            ],
            [
              121.66345757580858,
              45.3821807150437
            ],
            [
              121.65429135506906,
              45.38255541608268
            ],
            [
              121.65482263820927,
              45.389014955171795
            ]
          ]
        ]
      },
      "properties": {
        "biomass": 177.46603393554688,
        "min_biomass": 100.06639099121094,
        "max_biomass": 268.1022033691406,
        "timestamp": "20260407_130617",
        "grid_id": "360_480"
      }
    },
    {
      "type": "Feature",
      "geometry": {
        "type": "Polygon",
        "coordinates": [
          [
            [
              121.66398989601375,
              45.388640170196005
            ],
            [
              121.67315697332074,
              45.38826465187178
            ],
            [
              121.67262361612553,
              45.38180528081938
            ],
            [
              121.66345757580858,
              45.3821807150437
            ],
            [
              121.66398989601375,
              45.388640170196005
            ]
          ]
        ]
      },
      "properties": {
        "biomass": 204.24893188476562,
        "min_biomass": 119.08479309082031,
        "max_biomass": 301.4047546386719,
        "timestamp": "20260407_130617",
        "grid_id": "360_504"
      }
    },
    {
      "type": "Feature",
      "geometry": {
        "type": "Polygon",
        "coordinates": [
          [
            [
              121.47092958831568,
              45.38989540979754
            ],
            [
              121.48009934429577,
              45.38953538036961
            ],
            [
              121.47958795288204,
              45.383074265643906
            ],
            [
              121.4704192350861,
              45.38343421441895
            ],
            [
              121.47092958831568,
              45.38989540979754
            ]
          ]
        ]
      },
      "properties": {
        "biomass": 156.43331909179688,
        "min_biomass": 94.92347717285156,
        "max_biomass": 290.0915222167969,
        "timestamp": "20260407_130617",
        "grid_id": "384_0"
      }
    },
    {
      "type": "Feature",
      "geometry": {
        "type": "Polygon",
        "coordinates": [
          [
            [
              121.48009934429577,
              45.38953538036961
            ],
            [
              121.48926892682844,
              45.3891746170082
            ],
            [
              121.48875649730256,
              45.382713583098756
            ],
            [
              121.47958795288204,
              45.383074265643906
            ],
            [
              121.48009934429577,
              45.38953538036961
            ]
          ]
        ]
      },
      "properties": {
        "biomass": 174.42745971679688,
        "min_biomass": 101.45391082763672,
        "max_biomass": 332.31634521484375,
        "timestamp": "20260407_130617",
        "grid_id": "384_24"
      }
    },
    {
      "type": "Feature",
      "geometry": {
        "type": "Polygon",
        "coordinates": [
          [
            [
              121.48926892682844,
              45.3891746170082
            ],
            [
              121.49843833556453,
              45.38881311975003
            ],
            [
              121.49792486799868,
              45.38235216682021
            ],
            [
              121.48875649730256,
              45.382713583098756
            ],
            [
              121.48926892682844,
              45.3891746170082
            ]
          ]
        ]
      },
      "properties": {
        "biomass": 127.16532135009766,
        "min_biomass": 73.66927337646484,
        "max_biomass": 264.7923889160156,
        "timestamp": "20260407_130617",
        "grid_id": "384_48"
      }
    },
    {
      "type": "Feature",
      "geometry": {
        "type": "Polygon",
        "coordinates": [
          [
            [
              121.49843833556453,
              45.38881311975003
            ],
            [
              121.50760757015492,
              45.38845088863186
            ],
            [
              121.5070930646214,
              45.38199001684505
            ],
            [
              121.49792486799868,
              45.38235216682021
            ],
            [
              121.49843833556453,
              45.38881311975003
            ]
          ]
        ]
      },
      "properties": {
        "biomass": 152.55303955078125,
        "min_biomass": 79.22909545898438,
        "max_biomass": 232.0563201904297,
        "timestamp": "20260407_130617",
        "grid_id": "384_72"
      }
    },
    {
      "type": "Feature",
      "geometry": {
        "type": "Polygon",
        "coordinates": [
          [
            [
              121.50760757015492,
              45.38845088863186
            ],
            [
              121.51677663025052,
              45.38808792369056
            ],
            [
              121.51626108682179,
              45.3816271332101
            ],
            [
              121.5070930646214,
              45.38199001684505
            ],
            [
              121.50760757015492,
              45.38845088863186
            ]
          ]
        ]
      },
      "properties": {
        "biomass": 143.29400634765625,
        "min_biomass": 86.18334197998047,
        "max_biomass": 217.2667694091797,
        "timestamp": "20260407_130617",
        "grid_id": "384_96"
      }
    },
    {
      "type": "Feature",
      "geometry": {
        "type": "Polygon",
        "coordinates": [
          [
            [
              121.51677663025052,
              45.38808792369056
            ],
            [
              121.52594551550231,
              45.387724224963065
            ],
            [
              121.52542893425095,
              45.38126351595228
            ],
            [
              121.51626108682179,
              45.3816271332101
            ],
            [
              121.51677663025052,
              45.38808792369056
            ]
          ]
        ]
      },
      "properties": {
        "biomass": 148.75506591796875,
        "min_biomass": 74.0724868774414,
        "max_biomass": 254.5618133544922,
        "timestamp": "20260407_130617",
        "grid_id": "384_120"
      }
    },
    {
      "type": "Feature",
      "geometry": {
        "type": "Polygon",
        "coordinates": [
          [
            [
              121.52594551550231,
              45.387724224963065
            ],
            [
              121.53511422556129,
              45.38735979248637
            ],
            [
              121.53459660656004,
              45.38089916510858
            ],
            [
              121.52542893425095,
              45.38126351595228
            ],
            [
              121.52594551550231,
              45.387724224963065
            ]
          ]
        ]
      },
      "properties": {
        "biomass": 124.20172119140625,
        "min_biomass": 71.26477813720703,
        "max_biomass": 186.8214874267578,
        "timestamp": "20260407_130617",
        "grid_id": "384_144"
      }
    },
    {
      "type": "Feature",
      "geometry": {
        "type": "Polygon",
        "coordinates": [
          [
            [
              121.53511422556129,
              45.38735979248637
            ],
            [
              121.5442827600785,
              45.38699462629756
            ],
            [
              121.54376410340026,
              45.38053408071607
            ],
            [
              121.53459660656004,
              45.38089916510858
            ],
            [
              121.53511422556129,
              45.38735979248637
            ]
          ]
        ]
      },
      "properties": {
        "biomass": 141.34402465820312,
        "min_biomass": 74.22611999511719,
        "max_biomass": 195.27337646484375,
        "timestamp": "20260407_130617",
        "grid_id": "384_168"
      }
    },
    {
      "type": "Feature",
      "geometry": {
        "type": "Polygon",
        "coordinates": [
          [
            [
              121.5442827600785,
              45.38699462629756
            ],
            [
              121.55345111870507,
              45.38662872643377
            ],
            [
              121.55293142442284,
              45.38016826281187
            ],
            [
              121.54376410340026,
              45.38053408071607
            ],
            [
              121.5442827600785,
              45.38699462629756
            ]
          ]
        ]
      },
      "properties": {
        "biomass": 187.23414611816406,
        "min_biomass": 123.66349029541016,
        "max_biomass": 323.2618713378906,
        "timestamp": "20260407_130617",
        "grid_id": "384_192"
      }
    },
    {
      "type": "Feature",
      "geometry": {
        "type": "Polygon",
        "coordinates": [
          [
            [
              121.55345111870507,
              45.38662872643377
            ],
            [
              121.56261930109211,
              45.38626209293224
            ],
            [
              121.56209856927906,
              45.379801711433196
            ],
            [
              121.55293142442284,
              45.38016826281187
            ],
            [
              121.55345111870507,
              45.38662872643377
            ]
          ]
        ]
      },
      "properties": {
        "biomass": 157.28765869140625,
        "min_biomass": 96.12470245361328,
        "max_biomass": 313.8835144042969,
        "timestamp": "20260407_130617",
        "grid_id": "384_216"
      }
    },
    {
      "type": "Feature",
      "geometry": {
        "type": "Polygon",
        "coordinates": [
          [
            [
              121.56261930109211,
              45.38626209293224
            ],
            [
              121.5717873068908,
              45.38589472583027
            ],
            [
              121.5712655376202,
              45.37943442661734
            ],
            [
              121.56209856927906,
              45.379801711433196
            ],
            [
              121.56261930109211,
              45.38626209293224
            ]
          ]
        ]
      },
      "properties": {
        "biomass": 125.21781921386719,
        "min_biomass": 96.06549072265625,
        "max_biomass": 164.23138427734375,
        "timestamp": "20260407_130617",
        "grid_id": "384_240"
      }
    },
    {
      "type": "Feature",
      "geometry": {
        "type": "Polygon",
        "coordinates": [
          [
            [
              121.5717873068908,
              45.38589472583027
            ],
            [
              121.58095513575236,
              45.38552662516521
            ],
            [
              121.58043232909769,
              45.37906640840166
            ],
            [
              121.5712655376202,
              45.37943442661734
            ],
            [
              121.5717873068908,
              45.38589472583027
            ]
          ]
        ]
      },
      "properties": {
        "biomass": 140.6755828857422,
        "min_biomass": 83.23394012451172,
        "max_biomass": 221.83229064941406,
        "timestamp": "20260407_130617",
        "grid_id": "384_264"
      }
    },
    {
      "type": "Feature",
      "geometry": {
        "type": "Polygon",
        "coordinates": [
          [
            [
              121.58095513575236,
              45.38552662516521
            ],
            [
              121.59012278732806,
              45.385157790974525
            ],
            [
              121.5895989433629,
              45.37869765682357
            ],
            [
              121.58043232909769,
              45.37906640840166
            ],
            [
              121.58095513575236,
              45.38552662516521
            ]
          ]
        ]
      },
      "properties": {
        "biomass": 211.98910522460938,
        "min_biomass": 118.68275451660156,
        "max_biomass": 311.1050720214844,
        "timestamp": "20260407_130617",
        "grid_id": "384_288"
      }
    },
    {
      "type": "Feature",
      "geometry": {
        "type": "Polygon",
        "coordinates": [
          [
            [
              121.59012278732806,
              45.385157790974525
            ],
            [
              121.59929026126919,
              45.38478822329573
            ],
            [
              121.59876538006729,
              45.37832817192058
            ],
            [
              121.5895989433629,
              45.37869765682357
            ],
            [
              121.59012278732806,
              45.385157790974525
            ]
          ]
        ]
      },
      "properties": {
        "biomass": 139.9785919189453,
        "min_biomass": 78.56451416015625,
        "max_biomass": 198.2571258544922,
        "timestamp": "20260407_130617",
        "grid_id": "384_312"
      }
    },
    {
      "type": "Feature",
      "geometry": {
        "type": "Polygon",
        "coordinates": [
          [
            [
              121.59929026126919,
              45.38478822329573
            ],
            [
              121.60845755722715,
              45.3844179221664
            ],
            [
              121.60793163886238,
              45.37795795373026
            ],
            [
              121.59876538006729,
              45.37832817192058
            ],
            [
              121.59929026126919,
              45.38478822329573
            ]
          ]
        ]
      },
      "properties": {
        "biomass": 105.69561004638672,
        "min_biomass": 70.38441467285156,
        "max_biomass": 205.52584838867188,
        "timestamp": "20260407_130617",
        "grid_id": "384_336"
      }
    },
    {
      "type": "Feature",
      "geometry": {
        "type": "Polygon",
        "coordinates": [
          [
            [
              121.60845755722715,
              45.3844179221664
            ],
            [
              121.61762467485326,
              45.38404688762421
            ],
            [
              121.61709771939965,
              45.37758700229026
            ],
            [
              121.60793163886238,
              45.37795795373026
            ],
            [
              121.60845755722715,
              45.3844179221664
            ]
          ]
        ]
      },
      "properties": {
        "biomass": 171.18011474609375,
        "min_biomass": 75.3875503540039,
        "max_biomass": 401.3343200683594,
        "timestamp": "20260407_130617",
        "grid_id": "384_360"
      }
    },
    {
      "type": "Feature",
      "geometry": {
        "type": "Polygon",
        "coordinates": [
          [
            [
              121.61762467485326,
              45.38404688762421
            ],
            [
              121.62679161379901,
              45.38367511970689
            ],
            [
              121.6262636213307,
              45.37721531763832
            ],
            [
              121.61709771939965,
              45.37758700229026
            ],
            [
              121.61762467485326,
              45.38404688762421
            ]
          ]
        ]
      },
      "properties": {
        "biomass": 250.04461669921875,
        "min_biomass": 85.1698226928711,
        "max_biomass": 419.352294921875,
        "timestamp": "20260407_130617",
        "grid_id": "384_384"
      }
    },
    {
      "type": "Feature",
      "geometry": {
        "type": "Polygon",
        "coordinates": [
          [
            [
              121.62679161379901,
              45.38367511970689
            ],
            [
              121.63595837371588,
              45.38330261845227
            ],
            [
              121.63542934430718,
              45.37684289981222
            ],
            [
              121.6262636213307,
              45.37721531763832
            ],
            [
              121.62679161379901,
              45.38367511970689
            ]
          ]
        ]
      },
      "properties": {
        "biomass": 123.23941802978516,
        "min_biomass": 85.98003387451172,
        "max_biomass": 215.31362915039062,
        "timestamp": "20260407_130617",
        "grid_id": "384_408"
      }
    },
    {
      "type": "Feature",
      "geometry": {
        "type": "Polygon",
        "coordinates": [
          [
            [
              121.63595837371588,
              45.38330261845227
            ],
            [
              121.64512495425538,
              45.38292938389821
            ],
            [
              121.64459488798073,
              45.376469748849814
            ],
            [
              121.63542934430718,
              45.37684289981222
            ],
            [
              121.63595837371588,
              45.38330261845227
            ]
          ]
        ]
      },
      "properties": {
        "biomass": 124.12773895263672,
        "min_biomass": 83.93592071533203,
        "max_biomass": 207.7672119140625,
        "timestamp": "20260407_130617",
        "grid_id": "384_432"
      }
    },
    {
      "type": "Feature",
      "geometry": {
        "type": "Polygon",
        "coordinates": [
          [
            [
              121.64512495425538,
              45.38292938389821
            ],
            [
              121.65429135506906,
              45.38255541608268
            ],
            [
              121.65376025200308,
              45.37609586478907
            ],
            [
              121.64459488798073,
              45.376469748849814
            ],
            [
              121.64512495425538,
              45.38292938389821
            ]
          ]
        ]
      },
      "properties": {
        "biomass": 154.43536376953125,
        "min_biomass": 90.18385314941406,
        "max_biomass": 320.89990234375,
        "timestamp": "20260407_130617",
        "grid_id": "384_456"
      }
    },
    {
      "type": "Feature",
      "geometry": {
        "type": "Polygon",
        "coordinates": [
          [
            [
              121.65429135506906,
              45.38255541608268
            ],
            [
              121.66345757580858,
              45.3821807150437
            ],
            [
              121.66292543602596,
              45.37572124766799
            ],
            [
              121.65376025200308,
              45.37609586478907
            ],
            [
              121.65429135506906,
              45.38255541608268
            ]
          ]
        ]
      },
      "properties": {
        "biomass": 164.23745727539062,
        "min_biomass": 94.9959487915039,
        "max_biomass": 320.89990234375,
        "timestamp": "20260407_130617",
        "grid_id": "384_480"
      }
    },
    {
      "type": "Feature",
      "geometry": {
        "type": "Polygon",
        "coordinates": [
          [
            [
              121.66345757580858,
              45.3821807150437
            ],
            [
              121.67262361612553,
              45.38180528081938
            ],
            [
              121.67209043970118,
              45.375345897524674
            ],
            [
              121.66292543602596,
              45.37572124766799
            ],
            [
              121.66345757580858,
              45.3821807150437
            ]
          ]
        ]
      },
      "properties": {
        "biomass": 210.87403869628906,
        "min_biomass": 133.9811248779297,
        "max_biomass": 315.06842041015625,
        "timestamp": "20260407_130617",
        "grid_id": "384_504"
      }
    },
    {
      "type": "Feature",
      "geometry": {
        "type": "Polygon",
        "coordinates": [
          [
            [
              121.67262361612553,
              45.38180528081938
            ],
            [
              121.68178947567169,
              45.3814291134479
            ],
            [
              121.68125526268058,
              45.37496981439727
            ],
            [
              121.67209043970118,
              45.375345897524674
            ],
            [
              121.67262361612553,
              45.38180528081938
            ]
          ]
        ]
      },
      "properties": {
        "biomass": 197.76553344726562,
        "min_biomass": 181.306884765625,
        "max_biomass": 236.83328247070312,
        "timestamp": "20260407_130617",
        "grid_id": "384_528"
      }
    },
    {
      "type": "Feature",
      "geometry": {
        "type": "Polygon",
        "coordinates": [
          [
            [
              121.4704192350861,
              45.38343421441895
            ],
            [
              121.47958795288204,
              45.383074265643906
            ],
            [
              121.47907673484372,
              45.376613139067835
            ],
            [
              121.46990905488286,
              45.37697300720819
            ],
            [
              121.4704192350861,
              45.38343421441895
            ]
          ]
        ]
      },
      "properties": {
        "biomass": 200.6392364501953,
        "min_biomass": 140.11814880371094,
        "max_biomass": 286.57281494140625,
        "timestamp": "20260407_130617",
        "grid_id": "408_0"
      }
    },
    {
      "type": "Feature",
      "geometry": {
        "type": "Polygon",
        "coordinates": [
          [
            [
              121.47958795288204,
              45.383074265643906
            ],
            [
              121.48875649730256,
              45.382713583098756
            ],
            [
              121.48824424150112,
              45.37625253732076
            ],
            [
              121.47907673484372,
              45.376613139067835
            ],
            [
              121.47958795288204,
              45.383074265643906
            ]
          ]
        ]
      },
      "properties": {
        "biomass": 176.1029815673828,
        "min_biomass": 107.90665435791016,
        "max_biomass": 310.5195617675781,
        "timestamp": "20260407_130617",
        "grid_id": "408_24"
      }
    },
    {
      "type": "Feature",
      "geometry": {
        "type": "Polygon",
        "coordinates": [
          [
            [
              121.48875649730256,
              45.382713583098756
            ],
            [
              121.49792486799868,
              45.38235216682021
            ],
            [
              121.49741157450623,
              45.37589120200362
            ],
            [
              121.48824424150112,
              45.37625253732076
            ],
            [
              121.48875649730256,
              45.382713583098756
            ]
          ]
        ]
      },
      "properties": {
        "biomass": 150.85296630859375,
        "min_biomass": 75.3169937133789,
        "max_biomass": 316.1689758300781,
        "timestamp": "20260407_130617",
        "grid_id": "408_48"
      }
    },
    {
      "type": "Feature",
      "geometry": {
        "type": "Polygon",
        "coordinates": [
          [
            [
              121.49792486799868,
              45.38235216682021
            ],
            [
              121.5070930646214,
              45.38199001684505
            ],
            [
              121.50657873351021,
              45.37552913315319
            ],
            [
              121.49741157450623,
              45.37589120200362
            ],
            [
              121.49792486799868,
              45.38235216682021
            ]
          ]
        ]
      },
      "properties": {
        "biomass": 118.78824615478516,
        "min_biomass": 69.74696350097656,
        "max_biomass": 195.23260498046875,
        "timestamp": "20260407_130617",
        "grid_id": "408_72"
      }
    },
    {
      "type": "Feature",
      "geometry": {
        "type": "Polygon",
        "coordinates": [
          [
            [
              121.5070930646214,
              45.38199001684505
            ],
            [
              121.51626108682179,
              45.3816271332101
            ],
            [
              121.51574571816428,
              45.375166330806266
            ],
            [
              121.50657873351021,
              45.37552913315319
            ],
            [
              121.5070930646214,
              45.38199001684505
            ]
          ]
        ]
      },
      "properties": {
        "biomass": 108.38044738769531,
        "min_biomass": 69.45285034179688,
        "max_biomass": 169.7293701171875,
        "timestamp": "20260407_130617",
        "grid_id": "408_96"
      }
    },
    {
      "type": "Feature",
      "geometry": {
        "type": "Polygon",
        "coordinates": [
          [
            [
              121.51626108682179,
              45.3816271332101
            ],
            [
              121.52542893425095,
              45.38126351595228
            ],
            [
              121.52491252811969,
              45.37480279499978
            ],
            [
              121.51574571816428,
              45.375166330806266
            ],
            [
              121.51626108682179,
              45.3816271332101
            ]
          ]
        ]
      },
      "properties": {
        "biomass": 110.55701446533203,
        "min_biomass": 69.7735595703125,
        "max_biomass": 190.3877716064453,
        "timestamp": "20260407_130617",
        "grid_id": "408_120"
      }
    },
    {
      "type": "Feature",
      "geometry": {
        "type": "Polygon",
        "coordinates": [
          [
            [
              121.52542893425095,
              45.38126351595228
            ],
            [
              121.53459660656004,
              45.38089916510858
            ],
            [
              121.5340791630277,
              45.374438525770685
            ],
            [
              121.52491252811969,
              45.37480279499978
            ],
            [
              121.52542893425095,
              45.38126351595228
            ]
          ]
        ]
      },
      "properties": {
        "biomass": 116.68317413330078,
        "min_biomass": 69.46691131591797,
        "max_biomass": 181.32118225097656,
        "timestamp": "20260407_130617",
        "grid_id": "408_144"
      }
    },
    {
      "type": "Feature",
      "geometry": {
        "type": "Polygon",
        "coordinates": [
          [
            [
              121.53459660656004,
              45.38089916510858
            ],
            [
              121.54376410340026,
              45.38053408071607
            ],
            [
              121.54324562253967,
              45.37407352315605
            ],
            [
              121.5340791630277,
              45.374438525770685
            ],
            [
              121.53459660656004,
              45.38089916510858
            ]
          ]
        ]
      },
      "properties": {
        "biomass": 160.39053344726562,
        "min_biomass": 84.8738021850586,
        "max_biomass": 211.44822692871094,
        "timestamp": "20260407_130617",
        "grid_id": "408_168"
      }
    },
    {
      "type": "Feature",
      "geometry": {
        "type": "Polygon",
        "coordinates": [
          [
            [
              121.54376410340026,
              45.38053408071607
            ],
            [
              121.55293142442284,
              45.38016826281187
            ],
            [
              121.55241190630696,
              45.373707787193
            ],
            [
              121.54324562253967,
              45.37407352315605
            ],
            [
              121.54376410340026,
              45.38053408071607
            ]
          ]
        ]
      },
      "properties": {
        "biomass": 195.2715606689453,
        "min_biomass": 129.8749237060547,
        "max_biomass": 270.71258544921875,
        "timestamp": "20260407_130617",
        "grid_id": "408_192"
      }
    },
    {
      "type": "Feature",
      "geometry": {
        "type": "Polygon",
        "coordinates": [
          [
            [
              121.55293142442284,
              45.38016826281187
            ],
            [
              121.56209856927906,
              45.379801711433196
            ],
            [
              121.56157801398103,
              45.373341317918694
            ],
            [
              121.55241190630696,
              45.373707787193
            ],
            [
              121.55293142442284,
              45.38016826281187
            ]
          ]
        ]
      },
      "properties": {
        "biomass": 177.92044067382812,
        "min_biomass": 112.29084777832031,
        "max_biomass": 300.8204345703125,
        "timestamp": "20260407_130617",
        "grid_id": "408_216"
      }
    },
    {
      "type": "Feature",
      "geometry": {
        "type": "Polygon",
        "coordinates": [
          [
            [
              121.56209856927906,
              45.379801711433196
            ],
            [
              121.5712655376202,
              45.37943442661734
            ],
            [
              121.57074394521331,
              45.37297411537043
            ],
            [
              121.56157801398103,
              45.373341317918694
            ],
            [
              121.56209856927906,
              45.379801711433196
            ]
          ]
        ]
      },
      "properties": {
        "biomass": 141.57461547851562,
        "min_biomass": 99.22672271728516,
        "max_biomass": 205.3806915283203,
        "timestamp": "20260407_130617",
        "grid_id": "408_240"
      }
    },
    {
      "type": "Feature",
      "geometry": {
        "type": "Polygon",
        "coordinates": [
          [
            [
              121.5712655376202,
              45.37943442661734
            ],
            [
              121.58043232909769,
              45.37906640840166
            ],
            [
              121.5799096996553,
              45.37260617958555
            ],
            [
              121.57074394521331,
              45.37297411537043
            ],
            [
              121.5712655376202,
              45.37943442661734
            ]
          ]
        ]
      },
      "properties": {
        "biomass": 144.47923278808594,
        "min_biomass": 84.80479431152344,
        "max_biomass": 225.31338500976562,
        "timestamp": "20260407_130617",
        "grid_id": "408_264"
      }
    },
    {
      "type": "Feature",
      "geometry": {
        "type": "Polygon",
        "coordinates": [
          [
            [
              121.58043232909769,
              45.37906640840166
            ],
            [
              121.5895989433629,
              45.37869765682357
            ],
            [
              121.58907527695858,
              45.37223751060146
            ],
            [
              121.5799096996553,
              45.37260617958555
            ],
            [
              121.58043232909769,
              45.37906640840166
            ]
          ]
        ]
      },
      "properties": {
        "biomass": 184.405517578125,
        "min_biomass": 102.74885559082031,
        "max_biomass": 309.32684326171875,
        "timestamp": "20260407_130617",
        "grid_id": "408_288"
      }
    },
    {
      "type": "Feature",
      "geometry": {
        "type": "Polygon",
        "coordinates": [
          [
            [
              121.5895989433629,
              45.37869765682357
            ],
            [
              121.59876538006729,
              45.37832817192058
            ],
            [
              121.59824067677474,
              45.37186810845564
            ],
            [
              121.58907527695858,
              45.37223751060146
            ],
            [
              121.5895989433629,
              45.37869765682357
            ]
          ]
        ]
      },
      "properties": {
        "biomass": 130.33531188964844,
        "min_biomass": 81.65801239013672,
        "max_biomass": 195.0321044921875,
        "timestamp": "20260407_130617",
        "grid_id": "408_312"
      }
    },
    {
      "type": "Feature",
      "geometry": {
        "type": "Polygon",
        "coordinates": [
          [
            [
              121.59876538006729,
              45.37832817192058
            ],
            [
              121.60793163886238,
              45.37795795373026
            ],
            [
              121.6074058987554,
              45.371497973185654
            ],
            [
              121.59824067677474,
              45.37186810845564
            ],
            [
              121.59876538006729,
              45.37832817192058
            ]
          ]
        ]
      },
      "properties": {
        "biomass": 170.47628784179688,
        "min_biomass": 79.20836639404297,
        "max_biomass": 264.52386474609375,
        "timestamp": "20260407_130617",
        "grid_id": "408_336"
      }
    },
    {
      "type": "Feature",
      "geometry": {
        "type": "Polygon",
        "coordinates": [
          [
            [
              121.60793163886238,
              45.37795795373026
            ],
            [
              121.61709771939965,
              45.37758700229026
            ],
            [
              121.61657094255223,
              45.37112710482916
            ],
            [
              121.6074058987554,
              45.371497973185654
            ],
            [
              121.60793163886238,
              45.37795795373026
            ]
          ]
        ]
      },
      "properties": {
        "biomass": 190.29576110839844,
        "min_biomass": 91.89065551757812,
        "max_biomass": 351.10357666015625,
        "timestamp": "20260407_130617",
        "grid_id": "408_360"
      }
    },
    {
      "type": "Feature",
      "geometry": {
        "type": "Polygon",
        "coordinates": [
          [
            [
              121.61709771939965,
              45.37758700229026
            ],
            [
              121.6262636213307,
              45.37721531763832
            ],
            [
              121.625735807817,
              45.37075550342383
            ],
            [
              121.61657094255223,
              45.37112710482916
            ],
            [
              121.61709771939965,
              45.37758700229026
            ]
          ]
        ]
      },
      "properties": {
        "biomass": 213.65380859375,
        "min_biomass": 96.36344909667969,
        "max_biomass": 416.0416564941406,
        "timestamp": "20260407_130617",
        "grid_id": "408_384"
      }
    },
    {
      "type": "Feature",
      "geometry": {
        "type": "Polygon",
        "coordinates": [
          [
            [
              121.6262636213307,
              45.37721531763832
            ],
            [
              121.63542934430718,
              45.37684289981222
            ],
            [
              121.6349004942014,
              45.37038316900747
            ],
            [
              121.625735807817,
              45.37075550342383
            ],
            [
              121.6262636213307,
              45.37721531763832
            ]
          ]
        ]
      },
      "properties": {
        "biomass": 234.0884552001953,
        "min_biomass": 99.77165222167969,
        "max_biomass": 413.8670959472656,
        "timestamp": "20260407_130617",
        "grid_id": "408_408"
      }
    },
    {
      "type": "Feature",
      "geometry": {
        "type": "Polygon",
        "coordinates": [
          [
            [
              121.63542934430718,
              45.37684289981222
            ],
            [
              121.64459488798073,
              45.376469748849814
            ],
            [
              121.64406500135732,
              45.37001010161792
            ],
            [
              121.6349004942014,
              45.37038316900747
            ],
            [
              121.63542934430718,
              45.37684289981222
            ]
          ]
        ]
      },
      "properties": {
        "biomass": 144.02395629882812,
        "min_biomass": 90.47128295898438,
        "max_biomass": 341.36322021484375,
        "timestamp": "20260407_130617",
        "grid_id": "408_432"
      }
    },
    {
      "type": "Feature",
      "geometry": {
        "type": "Polygon",
        "coordinates": [
          [
            [
              121.64459488798073,
              45.376469748849814
            ],
            [
              121.65376025200308,
              45.37609586478907
            ],
            [
              121.65322932893653,
              45.36963630129311
            ],
            [
              121.64406500135732,
              45.37001010161792
            ],
            [
              121.64459488798073,
              45.376469748849814
            ]
          ]
        ]
      },
      "properties": {
        "biomass": 142.04380798339844,
        "min_biomass": 88.14632415771484,
        "max_biomass": 248.50369262695312,
        "timestamp": "20260407_130617",
        "grid_id": "408_456"
      }
    },
    {
      "type": "Feature",
      "geometry": {
        "type": "Polygon",
        "coordinates": [
          [
            [
              121.65376025200308,
              45.37609586478907
            ],
            [
              121.66292543602596,
              45.37572124766799
            ],
            [
              121.66239347659099,
              45.36926176807105
            ],
            [
              121.65322932893653,
              45.36963630129311
            ],
            [
              121.65376025200308,
              45.37609586478907
            ]
          ]
        ]
      },
      "properties": {
        "biomass": 164.9403839111328,
        "min_biomass": 93.24060821533203,
        "max_biomass": 305.8032531738281,
        "timestamp": "20260407_130617",
        "grid_id": "408_480"
      }
    },
    {
      "type": "Feature",
      "geometry": {
        "type": "Polygon",
        "coordinates": [
          [
            [
              121.66292543602596,
              45.37572124766799
            ],
            [
              121.67209043970118,
              45.375345897524674
            ],
            [
              121.67155744397262,
              45.3688865019898
            ],
            [
              121.66239347659099,
              45.36926176807105
            ],
            [
              121.66292543602596,
              45.37572124766799
            ]
          ]
        ]
      },
      "properties": {
        "biomass": 215.7473907470703,
        "min_biomass": 153.51715087890625,
        "max_biomass": 293.78778076171875,
        "timestamp": "20260407_130617",
        "grid_id": "408_504"
      }
    },
    {
      "type": "Feature",
      "geometry": {
        "type": "Polygon",
        "coordinates": [
          [
            [
              121.67209043970118,
              45.375345897524674
            ],
            [
              121.68125526268058,
              45.37496981439727
            ],
            [
              121.68072123073341,
              45.36851050308751
            ],
            [
              121.67155744397262,
              45.3688865019898
            ],
            [
              121.67209043970118,
              45.375345897524674
            ]
          ]
        ]
      },
      "properties": {
        "biomass": 207.1004638671875,
        "min_biomass": 176.9065399169922,
        "max_biomass": 248.4802703857422,
        "timestamp": "20260407_130617",
        "grid_id": "408_528"
      }
    },
    {
      "type": "Feature",
      "geometry": {
        "type": "Polygon",
        "coordinates": [
          [
            [
              121.46990905488286,
              45.37697300720819
            ],
            [
              121.47907673484372,
              45.376613139067835
            ],
            [
              121.4785656901088,
              45.37015200064346
            ],
            [
              121.46939904763414,
              45.37051178816725
            ],
            [
              121.46990905488286,
              45.37697300720819
            ]
          ]
        ]
      },
      "properties": {
        "biomass": 138.46372985839844,
        "min_biomass": 138.46372985839844,
        "max_biomass": 138.46372985839844,
        "timestamp": "20260407_130617",
        "grid_id": "432_0"
      }
    },
    {
      "type": "Feature",
      "geometry": {
        "type": "Polygon",
        "coordinates": [
          [
            [
              121.47907673484372,
              45.376613139067835
            ],
            [
              121.48824424150112,
              45.37625253732076
            ],
            [
              121.48773215935196,
              45.369791479676245
            ],
            [
              121.4785656901088,
              45.37015200064346
            ],
            [
              121.47907673484372,
              45.376613139067835
            ]
          ]
        ]
      },
      "properties": {
        "biomass": 149.89646911621094,
        "min_biomass": 78.5357437133789,
        "max_biomass": 278.5697021484375,
        "timestamp": "20260407_130617",
        "grid_id": "432_24"
      }
    },
    {
      "type": "Feature",
      "geometry": {
        "type": "Polygon",
        "coordinates": [
          [
            [
              121.48824424150112,
              45.37625253732076
            ],
            [
              121.49741157450623,
              45.37589120200362
            ],
            [
              121.49689845501493,
              45.36943022530226
            ],
            [
              121.48773215935196,
              45.369791479676245
            ],
            [
              121.48824424150112,
              45.37625253732076
            ]
          ]
        ]
      },
      "properties": {
        "biomass": 184.00738525390625,
        "min_biomass": 98.51956176757812,
        "max_biomass": 351.1446838378906,
        "timestamp": "20260407_130617",
        "grid_id": "432_48"
      }
    },
    {
      "type": "Feature",
      "geometry": {
        "type": "Polygon",
        "coordinates": [
          [
            [
              121.49741157450623,
              45.37589120200362
            ],
            [
              121.50657873351021,
              45.37552913315319
            ],
            [
              121.50606457674897,
              45.36906823755828
            ],
            [
              121.49689845501493,
              45.36943022530226
            ],
            [
              121.49741157450623,
              45.37589120200362
            ]
          ]
        ]
      },
      "properties": {
        "biomass": 158.50682067871094,
        "min_biomass": 88.22845458984375,
        "max_biomass": 254.7862091064453,
        "timestamp": "20260407_130617",
        "grid_id": "432_72"
      }
    },
    {
      "type": "Feature",
      "geometry": {
        "type": "Polygon",
        "coordinates": [
          [
            [
              121.50657873351021,
              45.37552913315319
            ],
            [
              121.51574571816428,
              45.375166330806266
            ],
            [
              121.51523052420545,
              45.36870551648109
            ],
            [
              121.50606457674897,
              45.36906823755828
            ],
            [
              121.50657873351021,
              45.37552913315319
            ]
          ]
        ]
      },
      "properties": {
        "biomass": 153.38194274902344,
        "min_biomass": 76.65353393554688,
        "max_biomass": 258.5361633300781,
        "timestamp": "20260407_130617",
        "grid_id": "432_96"
      }
    },
    {
      "type": "Feature",
      "geometry": {
        "type": "Polygon",
        "coordinates": [
          [
            [
              121.51574571816428,
              45.375166330806266
            ],
            [
              121.52491252811969,
              45.37480279499978
            ],
            [
              121.52439629703579,
              45.36834206210761
            ],
            [
              121.51523052420545,
              45.36870551648109
            ],
            [
              121.51574571816428,
              45.375166330806266
            ]
          ]
        ]
      },
      "properties": {
        "biomass": 100.72753143310547,
        "min_biomass": 71.37939453125,
        "max_biomass": 156.8624267578125,
        "timestamp": "20260407_130617",
        "grid_id": "432_120"
      }
    },
    {
      "type": "Feature",
      "geometry": {
        "type": "Polygon",
        "coordinates": [
          [
            [
              121.52491252811969,
              45.37480279499978
            ],
            [
              121.5340791630277,
              45.374438525770685
            ],
            [
              121.53356189489138,
              45.36797787447477
            ],
            [
              121.52439629703579,
              45.36834206210761
            ],
            [
              121.52491252811969,
              45.37480279499978
            ]
          ]
        ]
      },
      "properties": {
        "biomass": 98.9912338256836,
        "min_biomass": 69.60759735107422,
        "max_biomass": 180.6710662841797,
        "timestamp": "20260407_130617",
        "grid_id": "432_144"
      }
    },
    {
      "type": "Feature",
      "geometry": {
        "type": "Polygon",
        "coordinates": [
          [
            [
              121.5340791630277,
              45.374438525770685
            ],
            [
              121.54324562253967,
              45.37407352315605
            ],
            [
              121.54272731742373,
              45.3676129536196
            ],
            [
              121.53356189489138,
              45.36797787447477
            ],
            [
              121.5340791630277,
              45.374438525770685
            ]
          ]
        ]
      },
      "properties": {
        "biomass": 184.1654815673828,
        "min_biomass": 107.16923522949219,
        "max_biomass": 289.4144287109375,
        "timestamp": "20260407_130617",
        "grid_id": "432_168"
      }
    },
    {
      "type": "Feature",
      "geometry": {
        "type": "Polygon",
        "coordinates": [
          [
            [
              121.54324562253967,
              45.37407352315605
            ],
            [
              121.55241190630696,
              45.373707787193
            ],
            [
              121.55189256428434,
              45.367247299579226
            ],
            [
              121.54272731742373,
              45.3676129536196
            ],
            [
              121.54324562253967,
              45.37407352315605
            ]
          ]
        ]
      },
      "properties": {
        "biomass": 223.2758026123047,
        "min_biomass": 138.30601501464844,
        "max_biomass": 324.042724609375,
        "timestamp": "20260407_130617",
        "grid_id": "432_192"
      }
    },
    {
      "type": "Feature",
      "geometry": {
        "type": "Polygon",
        "coordinates": [
          [
            [
              121.55241190630696,
              45.373707787193
            ],
            [
              121.56157801398103,
              45.373341317918694
            ],
            [
              121.56105763512478,
              45.36688091239081
            ],
            [
              121.55189256428434,
              45.367247299579226
            ],
            [
              121.55241190630696,
              45.373707787193
            ]
          ]
        ]
      },
      "properties": {
        "biomass": 176.81480407714844,
        "min_biomass": 126.96808624267578,
        "max_biomass": 301.5087585449219,
        "timestamp": "20260407_130617",
        "grid_id": "432_216"
      }
    },
    {
      "type": "Feature",
      "geometry": {
        "type": "Polygon",
        "coordinates": [
          [
            [
              121.56157801398103,
              45.373341317918694
            ],
            [
              121.57074394521331,
              45.37297411537043
            ],
            [
              121.57022252959669,
              45.366513792091624
            ],
            [
              121.56105763512478,
              45.36688091239081
            ],
            [
              121.56157801398103,
              45.373341317918694
            ]
          ]
        ]
      },
      "properties": {
        "biomass": 150.9586944580078,
        "min_biomass": 104.88911437988281,
        "max_biomass": 209.25730895996094,
        "timestamp": "20260407_130617",
        "grid_id": "432_240"
      }
    },
    {
      "type": "Feature",
      "geometry": {
        "type": "Polygon",
        "coordinates": [
          [
            [
              121.57074394521331,
              45.37297411537043
            ],
            [
              121.5799096996553,
              45.37260617958555
            ],
            [
              121.57938724735165,
              45.36614593871899
            ],
            [
              121.57022252959669,
              45.366513792091624
            ],
            [
              121.57074394521331,
              45.37297411537043
            ]
          ]
        ]
      },
      "properties": {
        "biomass": 126.50569915771484,
        "min_biomass": 81.86646270751953,
        "max_biomass": 192.02622985839844,
        "timestamp": "20260407_130617",
        "grid_id": "432_264"
      }
    },
    {
      "type": "Feature",
      "geometry": {
        "type": "Polygon",
        "coordinates": [
          [
            [
              121.5799096996553,
              45.37260617958555
            ],
            [
              121.58907527695858,
              45.37223751060146
            ],
            [
              121.58855178804141,
              45.365777352310296
            ],
            [
              121.57938724735165,
              45.36614593871899
            ],
            [
              121.5799096996553,
              45.37260617958555
            ]
          ]
        ]
      },
      "properties": {
        "biomass": 115.58686828613281,
        "min_biomass": 73.25676727294922,
        "max_biomass": 201.24249267578125,
        "timestamp": "20260407_130617",
        "grid_id": "432_288"
      }
    },
    {
      "type": "Feature",
      "geometry": {
        "type": "Polygon",
        "coordinates": [
          [
            [
              121.58907527695858,
              45.37223751060146
            ],
            [
              121.59824067677474,
              45.37186810845564
            ],
            [
              121.59771615131768,
              45.365408032903034
            ],
            [
              121.58855178804141,
              45.365777352310296
            ],
            [
              121.58907527695858,
              45.37223751060146
            ]
          ]
        ]
      },
      "properties": {
        "biomass": 108.25177001953125,
        "min_biomass": 71.1161880493164,
        "max_biomass": 182.50387573242188,
        "timestamp": "20260407_130617",
        "grid_id": "432_312"
      }
    },
    {
      "type": "Feature",
      "geometry": {
        "type": "Polygon",
        "coordinates": [
          [
            [
              121.59824067677474,
              45.37186810845564
            ],
            [
              121.6074058987554,
              45.371497973185654
            ],
            [
              121.60688033683226,
              45.36503798053473
            ],
            [
              121.59771615131768,
              45.365408032903034
            ],
            [
              121.59824067677474,
              45.37186810845564
            ]
          ]
        ]
      },
      "properties": {
        "biomass": 124.10488891601562,
        "min_biomass": 77.25469207763672,
        "max_biomass": 248.80511474609375,
        "timestamp": "20260407_130617",
        "grid_id": "432_336"
      }
    },
    {
      "type": "Feature",
      "geometry": {
        "type": "Polygon",
        "coordinates": [
          [
            [
              121.6074058987554,
              45.371497973185654
            ],
            [
              121.61657094255223,
              45.37112710482916
            ],
            [
              121.61604434423695,
              45.364667195243015
            ],
            [
              121.60688033683226,
              45.36503798053473
            ],
            [
              121.6074058987554,
              45.371497973185654
            ]
          ]
        ]
      },
      "properties": {
        "biomass": 167.08059692382812,
        "min_biomass": 75.49839782714844,
        "max_biomass": 293.361083984375,
        "timestamp": "20260407_130617",
        "grid_id": "432_360"
      }
    },
    {
      "type": "Feature",
      "geometry": {
        "type": "Polygon",
        "coordinates": [
          [
            [
              121.61657094255223,
              45.37112710482916
            ],
            [
              121.625735807817,
              45.37075550342383
            ],
            [
              121.62520817318362,
              45.36429567706558
            ],
            [
              121.61604434423695,
              45.364667195243015
            ],
            [
              121.61657094255223,
              45.37112710482916
            ]
          ]
        ]
      },
      "properties": {
        "biomass": 156.09500122070312,
        "min_biomass": 87.47378540039062,
        "max_biomass": 262.0833435058594,
        "timestamp": "20260407_130617",
        "grid_id": "432_384"
      }
    },
    {
      "type": "Feature",
      "geometry": {
        "type": "Polygon",
        "coordinates": [
          [
            [
              121.625735807817,
              45.37075550342383
            ],
            [
              121.6349004942014,
              45.37038316900747
            ],
            [
              121.63437182332416,
              45.36392342604019
            ],
            [
              121.62520817318362,
              45.36429567706558
            ],
            [
              121.625735807817,
              45.37075550342383
            ]
          ]
        ]
      },
      "properties": {
        "biomass": 200.3650360107422,
        "min_biomass": 87.44906616210938,
        "max_biomass": 360.9642639160156,
        "timestamp": "20260407_130617",
        "grid_id": "432_408"
      }
    },
    {
      "type": "Feature",
      "geometry": {
        "type": "Polygon",
        "coordinates": [
          [
            [
              121.6349004942014,
              45.37038316900747
            ],
            [
              121.64406500135732,
              45.37001010161792
            ],
            [
              121.64353529431057,
              45.363550442204684
            ],
            [
              121.63437182332416,
              45.36392342604019
            ],
            [
              121.6349004942014,
              45.37038316900747
            ]
          ]
        ]
      },
      "properties": {
        "biomass": 203.65255737304688,
        "min_biomass": 95.9697265625,
        "max_biomass": 356.8638916015625,
        "timestamp": "20260407_130617",
        "grid_id": "432_432"
      }
    },
    {
      "type": "Feature",
      "geometry": {
        "type": "Polygon",
        "coordinates": [
          [
            [
              121.64406500135732,
              45.37001010161792
            ],
            [
              121.65322932893653,
              45.36963630129311
            ],
            [
              121.65269858579478,
              45.363176725596965
            ],
            [
              121.64353529431057,
              45.363550442204684
            ],
            [
              121.64406500135732,
              45.37001010161792
            ]
          ]
        ]
      },
      "properties": {
        "biomass": 199.7798614501953,
        "min_biomass": 120.3342056274414,
        "max_biomass": 319.93231201171875,
        "timestamp": "20260407_130617",
        "grid_id": "432_456"
      }
    },
    {
      "type": "Feature",
      "geometry": {
        "type": "Polygon",
        "coordinates": [
          [
            [
              121.65322932893653,
              45.36963630129311
            ],
            [
              121.66239347659099,
              45.36926176807105
            ],
            [
              121.66186169742889,
              45.36280227625504
            ],
            [
              121.65269858579478,
              45.363176725596965
            ],
            [
              121.65322932893653,
              45.36963630129311
            ]
          ]
        ]
      },
      "properties": {
        "biomass": 162.9347381591797,
        "min_biomass": 87.21210479736328,
        "max_biomass": 263.1080322265625,
        "timestamp": "20260407_130617",
        "grid_id": "432_480"
      }
    },
    {
      "type": "Feature",
      "geometry": {
        "type": "Polygon",
        "coordinates": [
          [
            [
              121.66239347659099,
              45.36926176807105
            ],
            [
              121.67155744397262,
              45.3688865019898
            ],
            [
              121.67102462886494,
              45.362427094216955
            ],
            [
              121.66186169742889,
              45.36280227625504
            ],
            [
              121.66239347659099,
              45.36926176807105
            ]
          ]
        ]
      },
      "properties": {
        "biomass": 221.12977600097656,
        "min_biomass": 160.701171875,
        "max_biomass": 322.7465515136719,
        "timestamp": "20260407_130617",
        "grid_id": "432_504"
      }
    },
    {
      "type": "Feature",
      "geometry": {
        "type": "Polygon",
        "coordinates": [
          [
            [
              121.67155744397262,
              45.3688865019898
            ],
            [
              121.68072123073341,
              45.36851050308751
            ],
            [
              121.68018737975508,
              45.36205117952083
            ],
            [
              121.67102462886494,
              45.362427094216955
            ],
            [
              121.67155744397262,
              45.3688865019898
            ]
          ]
        ]
      },
      "properties": {
        "biomass": 223.9341583251953,
        "min_biomass": 189.99493408203125,
        "max_biomass": 300.4892883300781,
        "timestamp": "20260407_130617",
        "grid_id": "432_528"
      }
    },
    {
      "type": "Feature",
      "geometry": {
        "type": "Polygon",
        "coordinates": [
          [
            [
              121.46939904763414,
              45.37051178816725
            ],
            [
              121.4785656901088,
              45.37015200064346
            ],
            [
              121.47805481860537,
              45.36369085037272
            ],
            [
              121.46888921326814,
              45.36405055729812
            ],
            [
              121.46939904763414,
              45.37051178816725
            ]
          ]
        ]
      },
      "properties": {
        "biomass": 145.84132385253906,
        "min_biomass": 93.94546508789062,
        "max_biomass": 264.4731750488281,
        "timestamp": "20260407_130617",
        "grid_id": "456_0"
      }
    },
    {
      "type": "Feature",
      "geometry": {
        "type": "Polygon",
        "coordinates": [
          [
            [
              121.4785656901088,
              45.37015200064346
            ],
            [
              121.48773215935196,
              45.369791479676245
            ],
            [
              121.48722025078305,
              45.36333041016719
            ],
            [
              121.47805481860537,
              45.36369085037272
            ],
            [
              121.4785656901088,
              45.37015200064346
            ]
          ]
        ]
      },
      "properties": {
        "biomass": 119.15570831298828,
        "min_biomass": 73.14761352539062,
        "max_biomass": 203.0549774169922,
        "timestamp": "20260407_130617",
        "grid_id": "456_24"
      }
    },
    {
      "type": "Feature",
      "geometry": {
        "type": "Polygon",
        "coordinates": [
          [
            [
              121.48773215935196,
              45.369791479676245
            ],
            [
              121.49689845501493,
              45.36943022530226
            ],
            [
              121.49638550945252,
              45.362969236718165
            ],
            [
              121.48722025078305,
              45.36333041016719
            ],
            [
              121.48773215935196,
              45.369791479676245
            ]
          ]
        ]
      },
      "properties": {
        "biomass": 128.38827514648438,
        "min_biomass": 70.94621276855469,
        "max_biomass": 218.3448028564453,
        "timestamp": "20260407_130617",
        "grid_id": "456_48"
      }
    },
    {
      "type": "Feature",
      "geometry": {
        "type": "Polygon",
        "coordinates": [
          [
            [
              121.49689845501493,
              45.36943022530226
            ],
            [
              121.50606457674897,
              45.36906823755828
            ],
            [
              121.5055505942653,
              45.362607330062374
            ],
            [
              121.49638550945252,
              45.362969236718165
            ],
            [
              121.49689845501493,
              45.36943022530226
            ]
          ]
        ]
      },
      "properties": {
        "biomass": 207.8070526123047,
        "min_biomass": 99.50945281982422,
        "max_biomass": 311.2966003417969,
        "timestamp": "20260407_130617",
        "grid_id": "456_72"
      }
    },
    {
      "type": "Feature",
      "geometry": {
        "type": "Polygon",
        "coordinates": [
          [
            [
              121.50606457674897,
              45.36906823755828
            ],
            [
              121.51523052420545,
              45.36870551648109
            ],
            [
              121.51471550487283,
              45.36224469023664
            ],
            [
              121.5055505942653,
              45.362607330062374
            ],
            [
              121.50606457674897,
              45.36906823755828
            ]
          ]
        ]
      },
      "properties": {
        "biomass": 176.89138793945312,
        "min_biomass": 97.71578979492188,
        "max_biomass": 339.7442321777344,
        "timestamp": "20260407_130617",
        "grid_id": "456_96"
      }
    },
    {
      "type": "Feature",
      "geometry": {
        "type": "Polygon",
        "coordinates": [
          [
            [
              121.51523052420545,
              45.36870551648109
            ],
            [
              121.52439629703579,
              45.36834206210761
            ],
            [
              121.52388024092663,
              45.361881317277806
            ],
            [
              121.51471550487283,
              45.36224469023664
            ],
            [
              121.51523052420545,
              45.36870551648109
            ]
          ]
        ]
      },
      "properties": {
        "biomass": 96.24707794189453,
        "min_biomass": 70.05215454101562,
        "max_biomass": 162.6162109375,
        "timestamp": "20260407_130617",
        "grid_id": "456_120"
      }
    },
    {
      "type": "Feature",
      "geometry": {
        "type": "Polygon",
        "coordinates": [
          [
            [
              121.52439629703579,
              45.36834206210761
            ],
            [
              121.53356189489138,
              45.36797787447477
            ],
            [
              121.53304480207834,
              45.36151721122283
            ],
            [
              121.52388024092663,
              45.361881317277806
            ],
            [
              121.52439629703579,
              45.36834206210761
            ]
          ]
        ]
      },
      "properties": {
        "biomass": 100.05553436279297,
        "min_biomass": 69.54361724853516,
        "max_biomass": 181.19908142089844,
        "timestamp": "20260407_130617",
        "grid_id": "456_144"
      }
    },
    {
      "type": "Feature",
      "geometry": {
        "type": "Polygon",
        "coordinates": [
          [
            [
              121.53356189489138,
              45.36797787447477
            ],
            [
              121.54272731742373,
              45.3676129536196
            ],
            [
              121.54220918797954,
              45.36115237210874
            ],
            [
              121.53304480207834,
              45.36151721122283
            ],
            [
              121.53356189489138,
              45.36797787447477
            ]
          ]
        ]
      },
      "properties": {
        "biomass": 158.6796112060547,
        "min_biomass": 81.59425354003906,
        "max_biomass": 249.7369842529297,
        "timestamp": "20260407_130617",
        "grid_id": "456_168"
      }
    },
    {
      "type": "Feature",
      "geometry": {
        "type": "Polygon",
        "coordinates": [
          [
            [
              121.54272731742373,
              45.3676129536196
            ],
            [
              121.55189256428434,
              45.367247299579226
            ],
            [
              121.55137339828188,
              45.36078679997261
            ],
            [
              121.54220918797954,
              45.36115237210874
            ],
            [
              121.54272731742373,
              45.3676129536196
            ]
          ]
        ]
      },
      "properties": {
        "biomass": 213.930419921875,
        "min_biomass": 130.52520751953125,
        "max_biomass": 322.480712890625,
        "timestamp": "20260407_130617",
        "grid_id": "456_192"
      }
    },
    {
      "type": "Feature",
      "geometry": {
        "type": "Polygon",
        "coordinates": [
          [
            [
              121.55189256428434,
              45.367247299579226
            ],
            [
              121.56105763512478,
              45.36688091239081
            ],
            [
              121.56053743263712,
              45.36042049485161
            ],
            [
              121.55137339828188,
              45.36078679997261
            ],
            [
              121.55189256428434,
              45.367247299579226
            ]
          ]
        ]
      },
      "properties": {
        "biomass": 187.19070434570312,
        "min_biomass": 121.15724182128906,
        "max_biomass": 324.3287353515625,
        "timestamp": "20260407_130617",
        "grid_id": "456_216"
      }
    },
    {
      "type": "Feature",
      "geometry": {
        "type": "Polygon",
        "coordinates": [
          [
            [
              121.56105763512478,
              45.36688091239081
            ],
            [
              121.57022252959669,
              45.366513792091624
            ],
            [
              121.56970129069695,
              45.360053456783
            ],
            [
              121.56053743263712,
              45.36042049485161
            ],
            [
              121.56105763512478,
              45.36688091239081
            ]
          ]
        ]
      },
      "properties": {
        "biomass": 150.73463439941406,
        "min_biomass": 107.66485595703125,
        "max_biomass": 269.8515625,
        "timestamp": "20260407_130617",
        "grid_id": "456_240"
      }
    },
    {
      "type": "Feature",
      "geometry": {
        "type": "Polygon",
        "coordinates": [
          [
            [
              121.57022252959669,
              45.366513792091624
            ],
            [
              121.57938724735165,
              45.36614593871899
            ],
            [
              121.57886497211321,
              45.35968568580407
            ],
            [
              121.56970129069695,
              45.360053456783
            ],
            [
              121.57022252959669,
              45.366513792091624
            ]
          ]
        ]
      },
      "properties": {
        "biomass": 136.21670532226562,
        "min_biomass": 78.4935531616211,
        "max_biomass": 197.63796997070312,
        "timestamp": "20260407_130617",
        "grid_id": "456_264"
      }
    },
    {
      "type": "Feature",
      "geometry": {
        "type": "Polygon",
        "coordinates": [
          [
            [
              121.57938724735165,
              45.36614593871899
            ],
            [
              121.58855178804141,
              45.365777352310296
            ],
            [
              121.58802847653773,
              45.35931718195219
            ],
            [
              121.57886497211321,
              45.35968568580407
            ],
            [
              121.57938724735165,
              45.36614593871899
            ]
          ]
        ]
      },
      "properties": {
        "biomass": 141.84866333007812,
        "min_biomass": 70.91443634033203,
        "max_biomass": 210.2843780517578,
        "timestamp": "20260407_130617",
        "grid_id": "456_288"
      }
    },
    {
      "type": "Feature",
      "geometry": {
        "type": "Polygon",
        "coordinates": [
          [
            [
              121.58855178804141,
              45.365777352310296
            ],
            [
              121.59771615131768,
              45.365408032903034
            ],
            [
              121.59719180362234,
              45.35894794526486
            ],
            [
              121.58802847653773,
              45.35931718195219
            ],
            [
              121.58855178804141,
              45.365777352310296
            ]
          ]
        ]
      },
      "properties": {
        "biomass": 152.5950469970703,
        "min_biomass": 93.25113677978516,
        "max_biomass": 319.79718017578125,
        "timestamp": "20260407_130617",
        "grid_id": "456_312"
      }
    },
    {
      "type": "Feature",
      "geometry": {
        "type": "Polygon",
        "coordinates": [
          [
            [
              121.59771615131768,
              45.365408032903034
            ],
            [
              121.60688033683226,
              45.36503798053473
            ],
            [
              121.606354953019,
              45.35857797577958
            ],
            [
              121.59719180362234,
              45.35894794526486
            ],
            [
              121.59771615131768,
              45.365408032903034
            ]
          ]
        ]
      },
      "properties": {
        "biomass": 128.2902069091797,
        "min_biomass": 74.95304870605469,
        "max_biomass": 194.03350830078125,
        "timestamp": "20260407_130617",
        "grid_id": "456_336"
      }
    },
    {
      "type": "Feature",
      "geometry": {
        "type": "Polygon",
        "coordinates": [
          [
            [
              121.60688033683226,
              45.36503798053473
            ],
            [
              121.61604434423695,
              45.364667195243015
            ],
            [
              121.61551792437967,
              45.35820727353397
            ],
            [
              121.606354953019,
              45.35857797577958
            ],
            [
              121.60688033683226,
              45.36503798053473
            ]
          ]
        ]
      },
      "properties": {
        "biomass": 116.30986785888672,
        "min_biomass": 73.09395599365234,
        "max_biomass": 218.61300659179688,
        "timestamp": "20260407_130617",
        "grid_id": "456_360"
      }
    },
    {
      "type": "Feature",
      "geometry": {
        "type": "Polygon",
        "coordinates": [
          [
            [
              121.61604434423695,
              45.364667195243015
            ],
            [
              121.62520817318362,
              45.36429567706558
            ],
            [
              121.62468071735634,
              45.3578358385657
            ],
            [
              121.61551792437967,
              45.35820727353397
            ],
            [
              121.61604434423695,
              45.364667195243015
            ]
          ]
        ]
      },
      "properties": {
        "biomass": 120.72307586669922,
        "min_biomass": 81.52786254882812,
        "max_biomass": 187.8857879638672,
        "timestamp": "20260407_130617",
        "grid_id": "456_384"
      }
    },
    {
      "type": "Feature",
      "geometry": {
        "type": "Polygon",
        "coordinates": [
          [
            [
              121.62520817318362,
              45.36429567706558
            ],
            [
              121.63437182332416,
              45.36392342604019
            ],
            [
              121.63384333160108,
              45.357463670912516
            ],
            [
              121.62468071735634,
              45.3578358385657
            ],
            [
              121.62520817318362,
              45.36429567706558
            ]
          ]
        ]
      },
      "properties": {
        "biomass": 144.97079467773438,
        "min_biomass": 84.85421752929688,
        "max_biomass": 239.0669403076172,
        "timestamp": "20260407_130617",
        "grid_id": "456_408"
      }
    },
    {
      "type": "Feature",
      "geometry": {
        "type": "Polygon",
        "coordinates": [
          [
            [
              121.63437182332416,
              45.36392342604019
            ],
            [
              121.64353529431057,
              45.363550442204684
            ],
            [
              121.64300576676598,
              45.35709077061225
            ],
            [
              121.63384333160108,
              45.357463670912516
            ],
            [
              121.63437182332416,
              45.36392342604019
            ]
          ]
        ]
      },
      "properties": {
        "biomass": 231.07070922851562,
        "min_biomass": 102.6087875366211,
        "max_biomass": 384.3542785644531,
        "timestamp": "20260407_130617",
        "grid_id": "456_432"
      }
    },
    {
      "type": "Feature",
      "geometry": {
        "type": "Polygon",
        "coordinates": [
          [
            [
              121.64353529431057,
              45.363550442204684
            ],
            [
              121.65269858579478,
              45.363176725596965
            ],
            [
              121.65216802250318,
              45.35671713770281
            ],
            [
              121.64300576676598,
              45.35709077061225
            ],
            [
              121.64353529431057,
              45.363550442204684
            ]
          ]
        ]
      },
      "properties": {
        "biomass": 237.539306640625,
        "min_biomass": 158.60647583007812,
        "max_biomass": 399.0345153808594,
        "timestamp": "20260407_130617",
        "grid_id": "456_456"
      }
    },
    {
      "type": "Feature",
      "geometry": {
        "type": "Polygon",
        "coordinates": [
          [
            [
              121.65269858579478,
              45.363176725596965
            ],
            [
              121.66186169742889,
              45.36280227625504
            ],
            [
              121.66133009846482,
              45.356342772222135
            ],
            [
              121.65216802250318,
              45.35671713770281
            ],
            [
              121.65269858579478,
              45.363176725596965
            ]
          ]
        ]
      },
      "properties": {
        "biomass": 167.2373046875,
        "min_biomass": 119.65631866455078,
        "max_biomass": 280.2644958496094,
        "timestamp": "20260407_130617",
        "grid_id": "456_480"
      }
    },
    {
      "type": "Feature",
      "geometry": {
        "type": "Polygon",
        "coordinates": [
          [
            [
              121.66186169742889,
              45.36280227625504
            ],
            [
              121.67102462886494,
              45.362427094216955
            ],
            [
              121.67049199430316,
              45.355967674208294
            ],
            [
              121.66133009846482,
              45.356342772222135
            ],
            [
              121.66186169742889,
              45.36280227625504
            ]
          ]
        ]
      },
      "properties": {
        "biomass": 218.00680541992188,
        "min_biomass": 171.53265380859375,
        "max_biomass": 307.42926025390625,
        "timestamp": "20260407_130617",
        "grid_id": "456_504"
      }
    },
    {
      "type": "Feature",
      "geometry": {
        "type": "Polygon",
        "coordinates": [
          [
            [
              121.46888921326814,
              45.36405055729812
            ],
            [
              121.47805481860537,
              45.36369085037272
            ],
            [
              121.47754412026157,
              45.35722968825765
            ],
            [
              121.46837955171308,
              45.35758931460278
            ],
            [
              121.46888921326814,
              45.36405055729812
            ]
          ]
        ]
      },
      "properties": {
        "biomass": 166.8033447265625,
        "min_biomass": 95.21012115478516,
        "max_biomass": 291.5751953125,
        "timestamp": "20260407_130617",
        "grid_id": "480_0"
      }
    },
    {
      "type": "Feature",
      "geometry": {
        "type": "Polygon",
        "coordinates": [
          [
            [
              121.47805481860537,
              45.36369085037272
            ],
            [
              121.48722025078305,
              45.36333041016719
            ],
            [
              121.48670851572233,
              45.356869328795604
            ],
            [
              121.47754412026157,
              45.35722968825765
            ],
            [
              121.47805481860537,
              45.36369085037272
            ]
          ]
        ]
      },
      "properties": {
        "biomass": 135.30877685546875,
        "min_biomass": 85.47512817382812,
        "max_biomass": 224.4275665283203,
        "timestamp": "20260407_130617",
        "grid_id": "480_24"
      }
    },
    {
      "type": "Feature",
      "geometry": {
        "type": "Polygon",
        "coordinates": [
          [
            [
              121.48722025078305,
              45.36333041016719
            ],
            [
              121.49638550945252,
              45.362969236718165
            ],
            [
              121.49587273774686,
              45.356508236253326
            ],
            [
              121.48670851572233,
              45.356869328795604
            ],
            [
              121.48722025078305,
              45.36333041016719
            ]
          ]
        ]
      },
      "properties": {
        "biomass": 110.47404479980469,
        "min_biomass": 69.46052551269531,
        "max_biomass": 178.13101196289062,
        "timestamp": "20260407_130617",
        "grid_id": "480_48"
      }
    },
    {
      "type": "Feature",
      "geometry": {
        "type": "Polygon",
        "coordinates": [
          [
            [
              121.49638550945252,
              45.362969236718165
            ],
            [
              121.5055505942653,
              45.362607330062374
            ],
            [
              121.50503678598686,
              45.356146410667485
            ],
            [
              121.49587273774686,
              45.356508236253326
            ],
            [
              121.49638550945252,
              45.362969236718165
            ]
          ]
        ]
      },
      "properties": {
        "biomass": 178.7900390625,
        "min_biomass": 74.58283996582031,
        "max_biomass": 327.3785705566406,
        "timestamp": "20260407_130617",
        "grid_id": "480_72"
      }
    },
    {
      "type": "Feature",
      "geometry": {
        "type": "Polygon",
        "coordinates": [
          [
            [
              121.5055505942653,
              45.362607330062374
            ],
            [
              121.51471550487283,
              45.36224469023664
            ],
            [
              121.51420066009386,
              45.35578385207491
            ],
            [
              121.50503678598686,
              45.356146410667485
            ],
            [
              121.5055505942653,
              45.362607330062374
            ]
          ]
        ]
      },
      "properties": {
        "biomass": 144.79391479492188,
        "min_biomass": 78.69011688232422,
        "max_biomass": 337.2999572753906,
        "timestamp": "20260407_130617",
        "grid_id": "480_96"
      }
    },
    {
      "type": "Feature",
      "geometry": {
        "type": "Polygon",
        "coordinates": [
          [
            [
              121.51471550487283,
              45.36224469023664
            ],
            [
              121.52388024092663,
              45.361881317277806
            ],
            [
              121.52336435971961,
              45.355420560512414
            ],
            [
              121.51420066009386,
              45.35578385207491
            ],
            [
              121.51471550487283,
              45.36224469023664
            ]
          ]
        ]
      },
      "properties": {
        "biomass": 102.76345825195312,
        "min_biomass": 69.64810180664062,
        "max_biomass": 162.65682983398438,
        "timestamp": "20260407_130617",
        "grid_id": "480_120"
      }
    },
    {
      "type": "Feature",
      "geometry": {
        "type": "Polygon",
        "coordinates": [
          [
            [
              121.52388024092663,
              45.361881317277806
            ],
            [
              121.53304480207834,
              45.36151721122283
            ],
            [
              121.53252788451579,
              45.35505653601695
            ],
            [
              121.52336435971961,
              45.355420560512414
            ],
            [
              121.52388024092663,
              45.361881317277806
            ]
          ]
        ]
      },
      "properties": {
        "biomass": 117.7582778930664,
        "min_biomass": 69.4333267211914,
        "max_biomass": 179.71466064453125,
        "timestamp": "20260407_130617",
        "grid_id": "480_144"
      }
    },
    {
      "type": "Feature",
      "geometry": {
        "type": "Polygon",
        "coordinates": [
          [
            [
              121.53304480207834,
              45.36151721122283
            ],
            [
              121.54220918797954,
              45.36115237210874
            ],
            [
              121.54169123413418,
              45.354691778625536
            ],
            [
              121.53252788451579,
              45.35505653601695
            ],
            [
              121.53304480207834,
              45.36151721122283
            ]
          ]
        ]
      },
      "properties": {
        "biomass": 134.19442749023438,
        "min_biomass": 70.30170440673828,
        "max_biomass": 204.6142578125,
        "timestamp": "20260407_130617",
        "grid_id": "480_168"
      }
    },
    {
      "type": "Feature",
      "geometry": {
        "type": "Polygon",
        "coordinates": [
          [
            [
              121.54220918797954,
              45.36115237210874
            ],
            [
              121.55137339828188,
              45.36078679997261
            ],
            [
              121.55085440822657,
              45.354326288375226
            ],
            [
              121.54169123413418,
              45.354691778625536
            ],
            [
              121.54220918797954,
              45.36115237210874
            ]
          ]
        ]
      },
      "properties": {
        "biomass": 172.86378479003906,
        "min_biomass": 109.29544830322266,
        "max_biomass": 234.79664611816406,
        "timestamp": "20260407_130617",
        "grid_id": "480_192"
      }
    },
    {
      "type": "Feature",
      "geometry": {
        "type": "Polygon",
        "coordinates": [
          [
            [
              121.55137339828188,
              45.36078679997261
            ],
            [
              121.56053743263712,
              45.36042049485161
            ],
            [
              121.56001740644486,
              45.35396006530318
            ],
            [
              121.55085440822657,
              45.354326288375226
            ],
            [
              121.55137339828188,
              45.36078679997261
            ]
          ]
        ]
      },
      "properties": {
        "biomass": 189.9049835205078,
        "min_biomass": 93.46656036376953,
        "max_biomass": 317.23284912109375,
        "timestamp": "20260407_130617",
        "grid_id": "480_216"
      }
    },
    {
      "type": "Feature",
      "geometry": {
        "type": "Polygon",
        "coordinates": [
          [
            [
              121.56053743263712,
              45.36042049485161
            ],
            [
              121.56970129069695,
              45.360053456783
            ],
            [
              121.56918022844086,
              45.35359310944662
            ],
            [
              121.56001740644486,
              45.35396006530318
            ],
            [
              121.56053743263712,
              45.36042049485161
            ]
          ]
        ]
      },
      "properties": {
        "biomass": 138.5351104736328,
        "min_biomass": 92.85762023925781,
        "max_biomass": 218.01539611816406,
        "timestamp": "20260407_130617",
        "grid_id": "480_240"
      }
    },
    {
      "type": "Feature",
      "geometry": {
        "type": "Polygon",
        "coordinates": [
          [
            [
              121.56970129069695,
              45.360053456783
            ],
            [
              121.57886497211321,
              45.35968568580407
            ],
            [
              121.57834287386656,
              45.353225420842854
            ],
            [
              121.56918022844086,
              45.35359310944662
            ],
            [
              121.56970129069695,
              45.360053456783
            ]
          ]
        ]
      },
      "properties": {
        "biomass": 119.22256469726562,
        "min_biomass": 70.41777038574219,
        "max_biomass": 188.39511108398438,
        "timestamp": "20260407_130617",
        "grid_id": "480_264"
      }
    },
    {
      "type": "Feature",
      "geometry": {
        "type": "Polygon",
        "coordinates": [
          [
            [
              121.57886497211321,
              45.35968568580407
            ],
            [
              121.58802847653773,
              45.35931718195219
            ],
            [
              121.58750534237392,
              45.35285699952924
            ],
            [
              121.57834287386656,
              45.353225420842854
            ],
            [
              121.57886497211321,
              45.35968568580407
            ]
          ]
        ]
      },
      "properties": {
        "biomass": 195.56068420410156,
        "min_biomass": 105.77751159667969,
        "max_biomass": 306.85223388671875,
        "timestamp": "20260407_130617",
        "grid_id": "480_288"
      }
    },
    {
      "type": "Feature",
      "geometry": {
        "type": "Polygon",
        "coordinates": [
          [
            [
              121.58802847653773,
              45.35931718195219
            ],
            [
              121.59719180362234,
              45.35894794526486
            ],
            [
              121.59666763361496,
              45.35248784554322
            ],
            [
              121.58750534237392,
              45.35285699952924
            ],
            [
              121.58802847653773,
              45.35931718195219
            ]
          ]
        ]
      },
      "properties": {
        "biomass": 196.5641326904297,
        "min_biomass": 125.06803131103516,
        "max_biomass": 337.20135498046875,
        "timestamp": "20260407_130617",
        "grid_id": "480_312"
      }
    },
    {
      "type": "Feature",
      "geometry": {
        "type": "Polygon",
        "coordinates": [
          [
            [
              121.59719180362234,
              45.35894794526486
            ],
            [
              121.606354953019,
              45.35857797577958
            ],
            [
              121.60582974724174,
              45.35211795892232
            ],
            [
              121.59666763361496,
              45.35248784554322
            ],
            [
              121.59719180362234,
              45.35894794526486
            ]
          ]
        ]
      },
      "properties": {
        "biomass": 159.09197998046875,
        "min_biomass": 96.16305541992188,
        "max_biomass": 255.03285217285156,
        "timestamp": "20260407_130617",
        "grid_id": "480_336"
      }
    },
    {
      "type": "Feature",
      "geometry": {
        "type": "Polygon",
        "coordinates": [
          [
            [
              121.606354953019,
              45.35857797577958
            ],
            [
              121.61551792437967,
              45.35820727353397
            ],
            [
              121.61499168290639,
              45.351747339704126
            ],
            [
              121.60582974724174,
              45.35211795892232
            ],
            [
              121.606354953019,
              45.35857797577958
            ]
          ]
        ]
      },
      "properties": {
        "biomass": 156.9598846435547,
        "min_biomass": 100.1283187866211,
        "max_biomass": 247.303955078125,
        "timestamp": "20260407_130617",
        "grid_id": "480_360"
      }
    },
    {
      "type": "Feature",
      "geometry": {
        "type": "Polygon",
        "coordinates": [
          [
            [
              121.61551792437967,
              45.35820727353397
            ],
            [
              121.62468071735634,
              45.3578358385657
            ],
            [
              121.62415344026103,
              45.3513759879263
            ],
            [
              121.61499168290639,
              45.351747339704126
            ],
            [
              121.61551792437967,
              45.35820727353397
            ]
          ]
        ]
      },
      "properties": {
        "biomass": 121.91403198242188,
        "min_biomass": 93.76060485839844,
        "max_biomass": 198.20596313476562,
        "timestamp": "20260407_130617",
        "grid_id": "480_384"
      }
    },
    {
      "type": "Feature",
      "geometry": {
        "type": "Polygon",
        "coordinates": [
          [
            [
              121.62468071735634,
              45.3578358385657
            ],
            [
              121.63384333160108,
              45.357463670912516
            ],
            [
              121.63331501895786,
              45.35100390362658
            ],
            [
              121.62415344026103,
              45.3513759879263
            ],
            [
              121.62468071735634,
              45.3578358385657
            ]
          ]
        ]
      },
      "properties": {
        "biomass": 181.03985595703125,
        "min_biomass": 95.36033630371094,
        "max_biomass": 245.6829376220703,
        "timestamp": "20260407_130617",
        "grid_id": "480_408"
      }
    },
    {
      "type": "Feature",
      "geometry": {
        "type": "Polygon",
        "coordinates": [
          [
            [
              121.63384333160108,
              45.357463670912516
            ],
            [
              121.64300576676598,
              45.35709077061225
            ],
            [
              121.64247641864912,
              45.350631086842775
            ],
            [
              121.63331501895786,
              45.35100390362658
            ],
            [
              121.63384333160108,
              45.357463670912516
            ]
          ]
        ]
      },
      "properties": {
        "biomass": 249.78807067871094,
        "min_biomass": 152.88876342773438,
        "max_biomass": 357.8668518066406,
        "timestamp": "20260407_130617",
        "grid_id": "480_432"
      }
    },
    {
      "type": "Feature",
      "geometry": {
        "type": "Polygon",
        "coordinates": [
          [
            [
              121.64300576676598,
              45.35709077061225
            ],
            [
              121.65216802250318,
              45.35671713770281
            ],
            [
              121.65163763898707,
              45.35025753761276
            ],
            [
              121.64247641864912,
              45.350631086842775
            ],
            [
              121.64300576676598,
              45.35709077061225
            ]
          ]
        ]
      },
      "properties": {
        "biomass": 259.18695068359375,
        "min_biomass": 161.6219482421875,
        "max_biomass": 354.7714538574219,
        "timestamp": "20260407_130617",
        "grid_id": "480_456"
      }
    },
    {
      "type": "Feature",
      "geometry": {
        "type": "Polygon",
        "coordinates": [
          [
            [
              121.46837955171308,
              45.35758931460278
            ],
            [
              121.47754412026157,
              45.35722968825765
            ],
            [
              121.4770335950055,
              45.35076851430021
            ],
            [
              121.4678700628973,
              45.351128060083234
            ],
            [
              121.46837955171308,
              45.35758931460278
            ]
          ]
        ]
      },
      "properties": {
        "biomass": 182.5282440185547,
        "min_biomass": 115.55516815185547,
        "max_biomass": 319.200927734375,
        "timestamp": "20260407_130617",
        "grid_id": "504_0"
      }
    },
    {
      "type": "Feature",
      "geometry": {
        "type": "Polygon",
        "coordinates": [
          [
            [
              121.47754412026157,
              45.35722968825765
            ],
            [
              121.48670851572233,
              45.356869328795604
            ],
            [
              121.48619695409778,
              45.35040823556352
            ],
            [
              121.4770335950055,
              45.35076851430021
            ],
            [
              121.47754412026157,
              45.35722968825765
            ]
          ]
        ]
      },
      "properties": {
        "biomass": 132.7660369873047,
        "min_biomass": 87.53507995605469,
        "max_biomass": 209.39288330078125,
        "timestamp": "20260407_130617",
        "grid_id": "504_24"
      }
    },
    {
      "type": "Feature",
      "geometry": {
        "type": "Polygon",
        "coordinates": [
          [
            [
              121.48670851572233,
              45.356869328795604
            ],
            [
              121.49587273774686,
              45.356508236253326
            ],
            [
              121.49536013982583,
              45.350047223909755
            ],
            [
              121.48619695409778,
              45.35040823556352
            ],
            [
              121.48670851572233,
              45.356869328795604
            ]
          ]
        ]
      },
      "properties": {
        "biomass": 131.17779541015625,
        "min_biomass": 69.46052551269531,
        "max_biomass": 205.44956970214844,
        "timestamp": "20260407_130617",
        "grid_id": "504_48"
      }
    },
    {
      "type": "Feature",
      "geometry": {
        "type": "Polygon",
        "coordinates": [
          [
            [
              121.49587273774686,
              45.356508236253326
            ],
            [
              121.50503678598686,
              45.356146410667485
            ],
            [
              121.50452315184138,
              45.349685479375644
            ],
            [
              121.49536013982583,
              45.350047223909755
            ],
            [
              121.49587273774686,
              45.356508236253326
            ]
          ]
        ]
      },
      "properties": {
        "biomass": 117.91301727294922,
        "min_biomass": 70.11502075195312,
        "max_biomass": 190.9804229736328,
        "timestamp": "20260407_130617",
        "grid_id": "504_72"
      }
    },
    {
      "type": "Feature",
      "geometry": {
        "type": "Polygon",
        "coordinates": [
          [
            [
              121.50503678598686,
              45.356146410667485
            ],
            [
              121.51420066009386,
              45.35578385207491
            ],
            [
              121.51368598979622,
              45.349323001997924
            ],
            [
              121.50452315184138,
              45.349685479375644
            ],
            [
              121.50503678598686,
              45.356146410667485
            ]
          ]
        ]
      },
      "properties": {
        "biomass": 111.6810531616211,
        "min_biomass": 69.76901245117188,
        "max_biomass": 183.97474670410156,
        "timestamp": "20260407_130617",
        "grid_id": "504_96"
      }
    },
    {
      "type": "Feature",
      "geometry": {
        "type": "Polygon",
        "coordinates": [
          [
            [
              121.51420066009386,
              45.35578385207491
            ],
            [
              121.52336435971961,
              45.355420560512414
            ],
            [
              121.52284865334215,
              45.34895979181347
            ],
            [
              121.51368598979622,
              45.349323001997924
            ],
            [
              121.51420066009386,
              45.35578385207491
            ]
          ]
        ]
      },
      "properties": {
        "biomass": 96.64425659179688,
        "min_biomass": 69.4333267211914,
        "max_biomass": 159.44076538085938,
        "timestamp": "20260407_130617",
        "grid_id": "504_120"
      }
    },
    {
      "type": "Feature",
      "geometry": {
        "type": "Polygon",
        "coordinates": [
          [
            [
              121.52336435971961,
              45.355420560512414
            ],
            [
              121.53252788451579,
              45.35505653601695
            ],
            [
              121.53201114213104,
              45.34859584885917
            ],
            [
              121.52284865334215,
              45.34895979181347
            ],
            [
              121.52336435971961,
              45.355420560512414
            ]
          ]
        ]
      },
      "properties": {
        "biomass": 141.2814178466797,
        "min_biomass": 70.48965454101562,
        "max_biomass": 201.9022979736328,
        "timestamp": "20260407_130617",
        "grid_id": "504_144"
      }
    },
    {
      "type": "Feature",
      "geometry": {
        "type": "Polygon",
        "coordinates": [
          [
            [
              121.53252788451579,
              45.35505653601695
            ],
            [
              121.54169123413418,
              45.354691778625536
            ],
            [
              121.54117345581481,
              45.348231173172046
            ],
            [
              121.53201114213104,
              45.34859584885917
            ],
            [
              121.53252788451579,
              45.35505653601695
            ]
          ]
        ]
      },
      "properties": {
        "biomass": 184.18215942382812,
        "min_biomass": 135.0919647216797,
        "max_biomass": 262.010498046875,
        "timestamp": "20260407_130617",
        "grid_id": "504_168"
      }
    },
    {
      "type": "Feature",
      "geometry": {
        "type": "Polygon",
        "coordinates": [
          [
            [
              121.54169123413418,
              45.354691778625536
            ],
            [
              121.55085440822657,
              45.354326288375226
            ],
            [
              121.55033559404541,
              45.34786576478913
            ],
            [
              121.54117345581481,
              45.348231173172046
            ],
            [
              121.54169123413418,
              45.354691778625536
            ]
          ]
        ]
      },
      "properties": {
        "biomass": 174.99375915527344,
        "min_biomass": 100.85877227783203,
        "max_biomass": 306.44464111328125,
        "timestamp": "20260407_130617",
        "grid_id": "504_192"
      }
    },
    {
      "type": "Feature",
      "geometry": {
        "type": "Polygon",
        "coordinates": [
          [
            [
              121.55085440822657,
              45.354326288375226
            ],
            [
              121.56001740644486,
              45.35396006530318
            ],
            [
              121.55949755647482,
              45.34749962374758
            ],
            [
              121.55033559404541,
              45.34786576478913
            ],
            [
              121.55085440822657,
              45.354326288375226
            ]
          ]
        ]
      },
      "properties": {
        "biomass": 129.93670654296875,
        "min_biomass": 88.7184066772461,
        "max_biomass": 233.58950805664062,
        "timestamp": "20260407_130617",
        "grid_id": "504_216"
      }
    },
    {
      "type": "Feature",
      "geometry": {
        "type": "Polygon",
        "coordinates": [
          [
            [
              121.56001740644486,
              45.35396006530318
            ],
            [
              121.56918022844086,
              45.35359310944662
            ],
            [
              121.56865934275505,
              45.3471327500846
            ],
            [
              121.55949755647482,
              45.34749962374758
            ],
            [
              121.56001740644486,
              45.35396006530318
            ]
          ]
        ]
      },
      "properties": {
        "biomass": 114.17617797851562,
        "min_biomass": 69.82048797607422,
        "max_biomass": 191.92222595214844,
        "timestamp": "20260407_130617",
        "grid_id": "504_240"
      }
    },
    {
      "type": "Feature",
      "geometry": {
        "type": "Polygon",
        "coordinates": [
          [
            [
              121.56918022844086,
              45.35359310944662
            ],
            [
              121.57834287386656,
              45.353225420842854
            ],
            [
              121.57782095253825,
              45.34676514383745
            ],
            [
              121.56865934275505,
              45.3471327500846
            ],
            [
              121.56918022844086,
              45.35359310944662
            ]
          ]
        ]
      },
      "properties": {
        "biomass": 110.1931381225586,
        "min_biomass": 70.2358169555664,
        "max_biomass": 186.33445739746094,
        "timestamp": "20260407_130617",
        "grid_id": "504_264"
      }
    },
    {
      "type": "Feature",
      "geometry": {
        "type": "Polygon",
        "coordinates": [
          [
            [
              121.57834287386656,
              45.353225420842854
            ],
            [
              121.58750534237392,
              45.35285699952924
            ],
            [
              121.58698238547643,
              45.34639680504354
            ],
            [
              121.57782095253825,
              45.34676514383745
            ],
            [
              121.57834287386656,
              45.353225420842854
            ]
          ]
        ]
      },
      "properties": {
        "biomass": 176.0083770751953,
        "min_biomass": 91.70328521728516,
        "max_biomass": 268.15264892578125,
        "timestamp": "20260407_130617",
        "grid_id": "504_288"
      }
    },
    {
      "type": "Feature",
      "geometry": {
        "type": "Polygon",
        "coordinates": [
          [
            [
              121.58750534237392,
              45.35285699952924
            ],
            [
              121.59666763361496,
              45.35248784554322
            ],
            [
              121.59614364122184,
              45.346027733740236
            ],
            [
              121.58698238547643,
              45.34639680504354
            ],
            [
              121.58750534237392,
              45.35285699952924
            ]
          ]
        ]
      },
      "properties": {
        "biomass": 204.9198455810547,
        "min_biomass": 128.98997497558594,
        "max_biomass": 324.834716796875,
        "timestamp": "20260407_130617",
        "grid_id": "504_312"
      }
    },
    {
      "type": "Feature",
      "geometry": {
        "type": "Polygon",
        "coordinates": [
          [
            [
              121.59666763361496,
              45.35248784554322
            ],
            [
              121.60582974724174,
              45.35211795892232
            ],
            [
              121.60530471942666,
              45.34565792996507
            ],
            [
              121.59614364122184,
              45.346027733740236
            ],
            [
              121.59666763361496,
              45.35248784554322
            ]
          ]
        ]
      },
      "properties": {
        "biomass": 176.8278350830078,
        "min_biomass": 120.78643035888672,
        "max_biomass": 253.95408630371094,
        "timestamp": "20260407_130617",
        "grid_id": "504_336"
      }
    },
    {
      "type": "Feature",
      "geometry": {
        "type": "Polygon",
        "coordinates": [
          [
            [
              121.60582974724174,
              45.35211795892232
            ],
            [
              121.61499168290639,
              45.351747339704126
            ],
            [
              121.61446561974313,
              45.345287393755626
            ],
            [
              121.60530471942666,
              45.34565792996507
            ],
            [
              121.60582974724174,
              45.35211795892232
            ]
          ]
        ]
      },
      "properties": {
        "biomass": 168.83978271484375,
        "min_biomass": 126.26610565185547,
        "max_biomass": 241.99758911132812,
        "timestamp": "20260407_130617",
        "grid_id": "504_360"
      }
    },
    {
      "type": "Feature",
      "geometry": {
        "type": "Polygon",
        "coordinates": [
          [
            [
              121.61499168290639,
              45.351747339704126
            ],
            [
              121.62415344026103,
              45.3513759879263
            ],
            [
              121.62362634182352,
              45.34491612514954
            ],
            [
              121.61446561974313,
              45.345287393755626
            ],
            [
              121.61499168290639,
              45.351747339704126
            ]
          ]
        ]
      },
      "properties": {
        "biomass": 164.64610290527344,
        "min_biomass": 101.45466613769531,
        "max_biomass": 309.32684326171875,
        "timestamp": "20260407_130617",
        "grid_id": "504_384"
      }
    },
    {
      "type": "Feature",
      "geometry": {
        "type": "Polygon",
        "coordinates": [
          [
            [
              121.62415344026103,
              45.3513759879263
            ],
            [
              121.63331501895786,
              45.35100390362658
            ],
            [
              121.63278688532021,
              45.34454412418453
            ],
            [
              121.62362634182352,
              45.34491612514954
            ],
            [
              121.62415344026103,
              45.3513759879263
            ]
          ]
        ]
      },
      "properties": {
        "biomass": 214.12704467773438,
        "min_biomass": 96.19344329833984,
        "max_biomass": 316.881591796875,
        "timestamp": "20260407_130617",
        "grid_id": "504_408"
      }
    },
    {
      "type": "Feature",
      "geometry": {
        "type": "Polygon",
        "coordinates": [
          [
            [
              121.63331501895786,
              45.35100390362658
            ],
            [
              121.64247641864912,
              45.350631086842775
            ],
            [
              121.64194724988555,
              45.34417139089839
            ],
            [
              121.63278688532021,
              45.34454412418453
            ],
            [
              121.63331501895786,
              45.35100390362658
            ]
          ]
        ]
      },
      "properties": {
        "biomass": 193.37860107421875,
        "min_biomass": 97.83618927001953,
        "max_biomass": 310.4121398925781,
        "timestamp": "20260407_130617",
        "grid_id": "504_432"
      }
    },
    {
      "type": "Feature",
      "geometry": {
        "type": "Polygon",
        "coordinates": [
          [
            [
              121.64247641864912,
              45.350631086842775
            ],
            [
              121.65163763898707,
              45.35025753761276
            ],
            [
              121.65110743517198,
              45.34379792532901
            ],
            [
              121.64194724988555,
              45.34417139089839
            ],
            [
              121.64247641864912,
              45.350631086842775
            ]
          ]
        ]
      },
      "properties": {
        "biomass": 241.17213439941406,
        "min_biomass": 143.80560302734375,
        "max_biomass": 394.701904296875,
        "timestamp": "20260407_130617",
        "grid_id": "504_456"
      }
    },
    {
      "type": "Feature",
      "geometry": {
        "type": "Polygon",
        "coordinates": [
          [
            [
              121.4678700628973,
              45.351128060083234
            ],
            [
              121.4770335950055,
              45.35076851430021
            ],
            [
              121.47652324276537,
              45.344307328502424
            ],
            [
              121.4673607467491,
              45.34466679374145
            ],
            [
              121.4678700628973,
              45.351128060083234
            ]
          ]
        ]
      },
      "properties": {
        "biomass": 220.26539611816406,
        "min_biomass": 175.82888793945312,
        "max_biomass": 302.2840576171875,
        "timestamp": "20260407_130617",
        "grid_id": "528_0"
      }
    },
    {
      "type": "Feature",
      "geometry": {
        "type": "Polygon",
        "coordinates": [
          [
            [
              121.4770335950055,
              45.35076851430021
            ],
            [
              121.48619695409778,
              45.35040823556352
            ],
            [
              121.48568556583749,
              45.3439471304729
            ],
            [
              121.47652324276537,
              45.344307328502424
            ],
            [
              121.4770335950055,
              45.35076851430021
            ]
          ]
        ]
      },
      "properties": {
        "biomass": 160.82269287109375,
        "min_biomass": 108.1668930053711,
        "max_biomass": 328.55670166015625,
        "timestamp": "20260407_130617",
        "grid_id": "528_24"
      }
    },
    {
      "type": "Feature",
      "geometry": {
        "type": "Polygon",
        "coordinates": [
          [
            [
              121.48619695409778,
              45.35040823556352
            ],
            [
              121.49536013982583,
              45.350047223909755
            ],
            [
              121.49484771561728,
              45.343586199689476
            ],
            [
              121.48568556583749,
              45.3439471304729
            ],
            [
              121.48619695409778,
              45.35040823556352
            ]
          ]
        ]
      },
      "properties": {
        "biomass": 199.1753387451172,
        "min_biomass": 122.4104995727539,
        "max_biomass": 323.7846374511719,
        "timestamp": "20260407_130617",
        "grid_id": "528_48"
      }
    },
    {
      "type": "Feature",
      "geometry": {
        "type": "Polygon",
        "coordinates": [
          [
            [
              121.49536013982583,
              45.350047223909755
            ],
            [
              121.50452315184138,
              45.349685479375644
            ],
            [
              121.50400969175662,
              45.34322453618883
            ],
            [
              121.49484771561728,
              45.343586199689476
            ],
            [
              121.49536013982583,
              45.350047223909755
            ]
          ]
        ]
      },
      "properties": {
        "biomass": 149.0440673828125,
        "min_biomass": 88.77701568603516,
        "max_biomass": 228.89797973632812,
        "timestamp": "20260407_130617",
        "grid_id": "528_72"
      }
    },
    {
      "type": "Feature",
      "geometry": {
        "type": "Polygon",
        "coordinates": [
          [
            [
              121.50452315184138,
              45.349685479375644
            ],
            [
              121.51368598979622,
              45.349323001997924
            ],
            [
              121.51317149390746,
              45.34286214000773
            ],
            [
              121.50400969175662,
              45.34322453618883
            ],
            [
              121.50452315184138,
              45.349685479375644
            ]
          ]
        ]
      },
      "properties": {
        "biomass": 104.25049591064453,
        "min_biomass": 69.48506927490234,
        "max_biomass": 176.12611389160156,
        "timestamp": "20260407_130617",
        "grid_id": "528_96"
      }
    },
    {
      "type": "Feature",
      "geometry": {
        "type": "Polygon",
        "coordinates": [
          [
            [
              121.51368598979622,
              45.349323001997924
            ],
            [
              121.52284865334215,
              45.34895979181347
            ],
            [
              121.52233312172173,
              45.342499011182994
            ],
            [
              121.51317149390746,
              45.34286214000773
            ],
            [
              121.51368598979622,
              45.349323001997924
            ]
          ]
        ]
      },
      "properties": {
        "biomass": 93.96043395996094,
        "min_biomass": 69.4333267211914,
        "max_biomass": 151.68295288085938,
        "timestamp": "20260407_130617",
        "grid_id": "528_120"
      }
    },
    {
      "type": "Feature",
      "geometry": {
        "type": "Polygon",
        "coordinates": [
          [
            [
              121.52284865334215,
              45.34895979181347
            ],
            [
              121.53201114213104,
              45.34859584885917
            ],
            [
              121.53149457485145,
              45.34213514975153
            ],
            [
              121.52233312172173,
              45.342499011182994
            ],
            [
              121.52284865334215,
              45.34895979181347
            ]
          ]
        ]
      },
      "properties": {
        "biomass": 126.91635131835938,
        "min_biomass": 69.57868957519531,
        "max_biomass": 181.35755920410156,
        "timestamp": "20260407_130617",
        "grid_id": "528_144"
      }
    },
    {
      "type": "Feature",
      "geometry": {
        "type": "Polygon",
        "coordinates": [
          [
            [
              121.53201114213104,
              45.34859584885917
            ],
            [
              121.54117345581481,
              45.348231173172046
            ],
            [
              121.54065585294865,
              45.34177055575031
            ],
            [
              121.53149457485145,
              45.34213514975153
            ],
            [
              121.53201114213104,
              45.34859584885917
            ]
          ]
        ]
      },
      "properties": {
        "biomass": 157.5401611328125,
        "min_biomass": 77.51630401611328,
        "max_biomass": 252.3800048828125,
        "timestamp": "20260407_130617",
        "grid_id": "528_168"
      }
    },
    {
      "type": "Feature",
      "geometry": {
        "type": "Polygon",
        "coordinates": [
          [
            [
              121.54117345581481,
              45.348231173172046
            ],
            [
              121.55033559404541,
              45.34786576478913
            ],
            [
              121.54981695566545,
              45.34140522921638
            ],
            [
              121.54065585294865,
              45.34177055575031
            ],
            [
              121.54117345581481,
              45.348231173172046
            ]
          ]
        ]
      },
      "properties": {
        "biomass": 147.5135498046875,
        "min_biomass": 92.46937561035156,
        "max_biomass": 230.7282257080078,
        "timestamp": "20260407_130617",
        "grid_id": "528_192"
      }
    },
    {
      "type": "Feature",
      "geometry": {
        "type": "Polygon",
        "coordinates": [
          [
            [
              121.55033559404541,
              45.34786576478913
            ],
            [
              121.55949755647482,
              45.34749962374758
            ],
            [
              121.55897788265395,
              45.341039170186875
            ],
            [
              121.54981695566545,
              45.34140522921638
            ],
            [
              121.55033559404541,
              45.34786576478913
            ]
          ]
        ]
      },
      "properties": {
        "biomass": 158.69943237304688,
        "min_biomass": 83.58826446533203,
        "max_biomass": 264.4087829589844,
        "timestamp": "20260407_130617",
        "grid_id": "528_216"
      }
    },
    {
      "type": "Feature",
      "geometry": {
        "type": "Polygon",
        "coordinates": [
          [
            [
              121.55949755647482,
              45.34749962374758
            ],
            [
              121.56865934275505,
              45.3471327500846
            ],
            [
              121.56813863356635,
              45.34067237869897
            ],
            [
              121.55897788265395,
              45.341039170186875
            ],
            [
              121.55949755647482,
              45.34749962374758
            ]
          ]
        ]
      },
      "properties": {
        "biomass": 170.74009704589844,
        "min_biomass": 97.9306640625,
        "max_biomass": 297.69512939453125,
        "timestamp": "20260407_130617",
        "grid_id": "528_240"
      }
    },
    {
      "type": "Feature",
      "geometry": {
        "type": "Polygon",
        "coordinates": [
          [
            [
              121.56865934275505,
              45.3471327500846
            ],
            [
              121.57782095253825,
              45.34676514383745
            ],
            [
              121.57729920805487,
              45.34030485478995
            ],
            [
              121.56813863356635,
              45.34067237869897
            ],
            [
              121.56865934275505,
              45.3471327500846
            ]
          ]
        ]
      },
      "properties": {
        "biomass": 128.22157287597656,
        "min_biomass": 69.86293029785156,
        "max_biomass": 177.26394653320312,
        "timestamp": "20260407_130617",
        "grid_id": "528_264"
      }
    },
    {
      "type": "Feature",
      "geometry": {
        "type": "Polygon",
        "coordinates": [
          [
            [
              121.57782095253825,
              45.34676514383745
            ],
            [
              121.58698238547643,
              45.34639680504354
            ],
            [
              121.58645960577176,
              45.339936598497154
            ],
            [
              121.57729920805487,
              45.34030485478995
            ],
            [
              121.57782095253825,
              45.34676514383745
            ]
          ]
        ]
      },
      "properties": {
        "biomass": 137.19598388671875,
        "min_biomass": 71.16366577148438,
        "max_biomass": 196.90771484375,
        "timestamp": "20260407_130617",
        "grid_id": "528_288"
      }
    },
    {
      "type": "Feature",
      "geometry": {
        "type": "Polygon",
        "coordinates": [
          [
            [
              121.58698238547643,
              45.34639680504354
            ],
            [
              121.59614364122184,
              45.346027733740236
            ],
            [
              121.59561982636933,
              45.339567609857994
            ],
            [
              121.58645960577176,
              45.339936598497154
            ],
            [
              121.58698238547643,
              45.34639680504354
            ]
          ]
        ]
      },
      "properties": {
        "biomass": 178.06884765625,
        "min_biomass": 88.67709350585938,
        "max_biomass": 265.265625,
        "timestamp": "20260407_130617",
        "grid_id": "528_312"
      }
    },
    {
      "type": "Feature",
      "geometry": {
        "type": "Polygon",
        "coordinates": [
          [
            [
              121.59614364122184,
              45.346027733740236
            ],
            [
              121.60530471942666,
              45.34565792996507
            ],
            [
              121.60477986949992,
              45.33919788890994
            ],
            [
              121.59561982636933,
              45.339567609857994
            ],
            [
              121.59614364122184,
              45.346027733740236
            ]
          ]
        ]
      },
      "properties": {
        "biomass": 209.1196746826172,
        "min_biomass": 123.70016479492188,
        "max_biomass": 318.5345458984375,
        "timestamp": "20260407_130617",
        "grid_id": "528_336"
      }
    },
    {
      "type": "Feature",
      "geometry": {
        "type": "Polygon",
        "coordinates": [
          [
            [
              121.60530471942666,
              45.34565792996507
            ],
            [
              121.61446561974313,
              45.345287393755626
            ],
            [
              121.61393973481592,
              45.33882743569057
            ],
            [
              121.60477986949992,
              45.33919788890994
            ],
            [
              121.60530471942666,
              45.34565792996507
            ]
          ]
        ]
      },
      "properties": {
        "biomass": 187.92642211914062,
        "min_biomass": 122.21126556396484,
        "max_biomass": 303.1468811035156,
        "timestamp": "20260407_130617",
        "grid_id": "528_360"
      }
    },
    {
      "type": "Feature",
      "geometry": {
        "type": "Polygon",
        "coordinates": [
          [
            [
              121.61446561974313,
              45.345287393755626
            ],
            [
              121.62362634182352,
              45.34491612514954
            ],
            [
              121.62309942196977,
              45.33845625023752
            ],
            [
              121.61393973481592,
              45.33882743569057
            ],
            [
              121.61446561974313,
              45.345287393755626
            ]
          ]
        ]
      },
      "properties": {
        "biomass": 199.86715698242188,
        "min_biomass": 118.76358032226562,
        "max_biomass": 296.8765563964844,
        "timestamp": "20260407_130617",
        "grid_id": "528_384"
      }
    },
    {
      "type": "Feature",
      "geometry": {
        "type": "Polygon",
        "coordinates": [
          [
            [
              121.62362634182352,
              45.34491612514954
            ],
            [
              121.63278688532021,
              45.34454412418453
            ],
            [
              121.63225893061393,
              45.33808433258849
            ],
            [
              121.62309942196977,
              45.33845625023752
            ],
            [
              121.62362634182352,
              45.34491612514954
            ]
          ]
        ]
      },
      "properties": {
        "biomass": 212.45655822753906,
        "min_biomass": 125.25081634521484,
        "max_biomass": 315.4328918457031,
        "timestamp": "20260407_130617",
        "grid_id": "528_408"
      }
    },
    {
      "type": "Feature",
      "geometry": {
        "type": "Polygon",
        "coordinates": [
          [
            [
              121.63278688532021,
              45.34454412418453
            ],
            [
              121.64194724988555,
              45.34417139089839
            ],
            [
              121.64141826040094,
              45.337711682781254
            ],
            [
              121.63225893061393,
              45.33808433258849
            ],
            [
              121.63278688532021,
              45.34454412418453
            ]
          ]
        ]
      },
      "properties": {
        "biomass": 227.55116271972656,
        "min_biomass": 142.64549255371094,
        "max_biomass": 334.0633544921875,
        "timestamp": "20260407_130617",
        "grid_id": "528_432"
      }
    },
    {
      "type": "Feature",
      "geometry": {
        "type": "Polygon",
        "coordinates": [
          [
            [
              121.64194724988555,
              45.34417139089839
            ],
            [
              121.65110743517198,
              45.34379792532901
            ],
            [
              121.65057741098335,
              45.337338300853666
            ],
            [
              121.64141826040094,
              45.337711682781254
            ],
            [
              121.64194724988555,
              45.34417139089839
            ]
          ]
        ]
      },
      "properties": {
        "biomass": 203.5923309326172,
        "min_biomass": 130.67398071289062,
        "max_biomass": 295.8643798828125,
        "timestamp": "20260407_130617",
        "grid_id": "528_456"
      }
    },
    {
      "type": "Feature",
      "geometry": {
        "type": "Polygon",
        "coordinates": [
          [
            [
              121.65110743517198,
              45.34379792532901
            ],
            [
              121.66026744083193,
              45.34342372751429
            ],
            [
              121.65973638201376,
              45.33696418684367
            ],
            [
              121.65057741098335,
              45.337338300853666
            ],
            [
              121.65110743517198,
              45.34379792532901
            ]
          ]
        ]
      },
      "properties": {
        "biomass": 249.3131103515625,
        "min_biomass": 145.49488830566406,
        "max_biomass": 328.1548156738281,
        "timestamp": "20260407_130617",
        "grid_id": "528_480"
      }
    },
    {
      "type": "Feature",
      "geometry": {
        "type": "Polygon",
        "coordinates": [
          [
            [
              121.66026744083193,
              45.34342372751429
            ],
            [
              121.66942726651796,
              45.34304879749227
            ],
            [
              121.66889517314483,
              45.336589340789246
            ],
            [
              121.65973638201376,
              45.33696418684367
            ],
            [
              121.66026744083193,
              45.34342372751429
            ]
          ]
        ]
      },
      "properties": {
        "biomass": 218.2743377685547,
        "min_biomass": 118.9669189453125,
        "max_biomass": 297.9107666015625,
        "timestamp": "20260407_130617",
        "grid_id": "528_504"
      }
    },
    {
      "type": "Feature",
      "geometry": {
        "type": "Polygon",
        "coordinates": [
          [
            [
              121.66942726651796,
              45.34304879749227
            ],
            [
              121.67858691188255,
              45.34267313530104
            ],
            [
              121.67805378402927,
              45.336213762728455
            ],
            [
              121.66889517314483,
              45.336589340789246
            ],
            [
              121.66942726651796,
              45.34304879749227
            ]
          ]
        ]
      },
      "properties": {
        "biomass": 189.26380920410156,
        "min_biomass": 115.69144439697266,
        "max_biomass": 302.02716064453125,
        "timestamp": "20260407_130617",
        "grid_id": "528_528"
      }
    },
    {
      "type": "Feature",
      "geometry": {
        "type": "Polygon",
        "coordinates": [
          [
            [
              121.47652324276537,
              45.344307328502424
            ],
            [
              121.48568556583749,
              45.3439471304729
            ],
            [
              121.48517435086951,
              45.33748601352577
            ],
            [
              121.47601306346941,
              45.337846130866275
            ],
            [
              121.47652324276537,
              45.344307328502424
            ]
          ]
        ]
      },
      "properties": {
        "biomass": 205.29513549804688,
        "min_biomass": 142.7987823486328,
        "max_biomass": 234.307373046875,
        "timestamp": "20260407_130617",
        "grid_id": "552_24"
      }
    },
    {
      "type": "Feature",
      "geometry": {
        "type": "Polygon",
        "coordinates": [
          [
            [
              121.48568556583749,
              45.3439471304729
            ],
            [
              121.49484771561728,
              45.343586199689476
            ],
            [
              121.49433546504918,
              45.337125163594486
            ],
            [
              121.48517435086951,
              45.33748601352577
            ],
            [
              121.48568556583749,
              45.3439471304729
            ]
          ]
        ]
      },
      "properties": {
        "biomass": 194.0198211669922,
        "min_biomass": 98.86448669433594,
        "max_biomass": 274.26275634765625,
        "timestamp": "20260407_130617",
        "grid_id": "552_48"
      }
    },
    {
      "type": "Feature",
      "geometry": {
        "type": "Polygon",
        "coordinates": [
          [
            [
              121.49484771561728,
              45.343586199689476
            ],
            [
              121.50400969175662,
              45.34322453618883
            ],
            [
              121.5034964056604,
              45.336763581109096
            ],
            [
              121.49433546504918,
              45.337125163594486
            ],
            [
              121.49484771561728,
              45.343586199689476
            ]
          ]
        ]
      },
      "properties": {
        "biomass": 175.76856994628906,
        "min_biomass": 106.99649047851562,
        "max_biomass": 307.074951171875,
        "timestamp": "20260407_130617",
        "grid_id": "552_72"
      }
    },
    {
      "type": "Feature",
      "geometry": {
        "type": "Polygon",
        "coordinates": [
          [
            [
              121.50400969175662,
              45.34322453618883
            ],
            [
              121.51317149390746,
              45.34286214000773
            ],
            [
              121.51265717235528,
              45.33640126610634
            ],
            [
              121.5034964056604,
              45.336763581109096
            ],
            [
              121.50400969175662,
              45.34322453618883
            ]
          ]
        ]
      },
      "properties": {
        "biomass": 104.18572998046875,
        "min_biomass": 70.01863861083984,
        "max_biomass": 206.93038940429688,
        "timestamp": "20260407_130617",
        "grid_id": "552_96"
      }
    },
    {
      "type": "Feature",
      "geometry": {
        "type": "Polygon",
        "coordinates": [
          [
            [
              121.51317149390746,
              45.34286214000773
            ],
            [
              121.52233312172173,
              45.342499011182994
            ],
            [
              121.52181776478585,
              45.336038218623024
            ],
            [
              121.51265717235528,
              45.33640126610634
            ],
            [
              121.51317149390746,
              45.34286214000773
            ]
          ]
        ]
      },
      "properties": {
        "biomass": 104.57743835449219,
        "min_biomass": 70.14073181152344,
        "max_biomass": 179.138671875,
        "timestamp": "20260407_130617",
        "grid_id": "552_120"
      }
    },
    {
      "type": "Feature",
      "geometry": {
        "type": "Polygon",
        "coordinates": [
          [
            [
              121.52233312172173,
              45.342499011182994
            ],
            [
              121.53149457485145,
              45.34213514975153
            ],
            [
              121.53097818260434,
              45.33567443869605
            ],
            [
              121.52181776478585,
              45.336038218623024
            ],
            [
              121.52233312172173,
              45.342499011182994
            ]
          ]
        ]
      },
      "properties": {
        "biomass": 104.9825210571289,
        "min_biomass": 69.46041870117188,
        "max_biomass": 176.4398193359375,
        "timestamp": "20260407_130617",
        "grid_id": "552_144"
      }
    },
    {
      "type": "Feature",
      "geometry": {
        "type": "Polygon",
        "coordinates": [
          [
            [
              121.53149457485145,
              45.34213514975153
            ],
            [
              121.54065585294865,
              45.34177055575031
            ],
            [
              121.54013842546291,
              45.335309926362385
            ],
            [
              121.53097818260434,
              45.33567443869605
            ],
            [
              121.53149457485145,
              45.34213514975153
            ]
          ]
        ]
      },
      "properties": {
        "biomass": 119.29107666015625,
        "min_biomass": 70.8916244506836,
        "max_biomass": 174.30001831054688,
        "timestamp": "20260407_130617",
        "grid_id": "552_168"
      }
    },
    {
      "type": "Feature",
      "geometry": {
        "type": "Polygon",
        "coordinates": [
          [
            [
              121.54065585294865,
              45.34177055575031
            ],
            [
              121.54981695566545,
              45.34140522921638
            ],
            [
              121.54929849301375,
              45.33494468165904
            ],
            [
              121.54013842546291,
              45.335309926362385
            ],
            [
              121.54065585294865,
              45.34177055575031
            ]
          ]
        ]
      },
      "properties": {
        "biomass": 149.1981658935547,
        "min_biomass": 77.86856079101562,
        "max_biomass": 215.80747985839844,
        "timestamp": "20260407_130617",
        "grid_id": "552_192"
      }
    },
    {
      "type": "Feature",
      "geometry": {
        "type": "Polygon",
        "coordinates": [
          [
            [
              121.54981695566545,
              45.34140522921638
            ],
            [
              121.55897788265395,
              45.341039170186875
            ],
            [
              121.5584583849092,
              45.33457870462314
            ],
            [
              121.54929849301375,
              45.33494468165904
            ],
            [
              121.54981695566545,
              45.34140522921638
            ]
          ]
        ]
      },
      "properties": {
        "biomass": 213.38394165039062,
        "min_biomass": 144.70687866210938,
        "max_biomass": 330.15899658203125,
        "timestamp": "20260407_130617",
        "grid_id": "552_216"
      }
    },
    {
      "type": "Feature",
      "geometry": {
        "type": "Polygon",
        "coordinates": [
          [
            [
              121.55897788265395,
              45.341039170186875
            ],
            [
              121.56813863356635,
              45.34067237869897
            ],
            [
              121.56761810080157,
              45.334211995291845
            ],
            [
              121.5584583849092,
              45.33457870462314
            ],
            [
              121.55897788265395,
              45.341039170186875
            ]
          ]
        ]
      },
      "properties": {
        "biomass": 164.9108123779297,
        "min_biomass": 102.61962127685547,
        "max_biomass": 284.4021301269531,
        "timestamp": "20260407_130617",
        "grid_id": "552_240"
      }
    },
    {
      "type": "Feature",
      "geometry": {
        "type": "Polygon",
        "coordinates": [
          [
            [
              121.56813863356635,
              45.34067237869897
            ],
            [
              121.57729920805487,
              45.34030485478995
            ],
            [
              121.57677764034315,
              45.33384455370243
            ],
            [
              121.56761810080157,
              45.334211995291845
            ],
            [
              121.56813863356635,
              45.34067237869897
            ]
          ]
        ]
      },
      "properties": {
        "biomass": 137.45999145507812,
        "min_biomass": 87.63533782958984,
        "max_biomass": 191.8061065673828,
        "timestamp": "20260407_130617",
        "grid_id": "552_264"
      }
    },
    {
      "type": "Feature",
      "geometry": {
        "type": "Polygon",
        "coordinates": [
          [
            [
              121.57729920805487,
              45.34030485478995
            ],
            [
              121.58645960577176,
              45.339936598497154
            ],
            [
              121.58593700318642,
              45.333476379892204
            ],
            [
              121.57677764034315,
              45.33384455370243
            ],
            [
              121.57729920805487,
              45.34030485478995
            ]
          ]
        ]
      },
      "properties": {
        "biomass": 142.9405517578125,
        "min_biomass": 77.06812286376953,
        "max_biomass": 212.69418334960938,
        "timestamp": "20260407_130617",
        "grid_id": "552_288"
      }
    },
    {
      "type": "Feature",
      "geometry": {
        "type": "Polygon",
        "coordinates": [
          [
            [
              121.58645960577176,
              45.339936598497154
            ],
            [
              121.59561982636933,
              45.339567609857994
            ],
            [
              121.59509618898379,
              45.333107473898586
            ],
            [
              121.58593700318642,
              45.333476379892204
            ],
            [
              121.58645960577176,
              45.339936598497154
            ]
          ]
        ]
      },
      "properties": {
        "biomass": 195.56253051757812,
        "min_biomass": 93.46656036376953,
        "max_biomass": 278.5313415527344,
        "timestamp": "20260407_130617",
        "grid_id": "552_312"
      }
    },
    {
      "type": "Feature",
      "geometry": {
        "type": "Polygon",
        "coordinates": [
          [
            [
              121.59561982636933,
              45.339567609857994
            ],
            [
              121.60477986949992,
              45.33919788890994
            ],
            [
              121.60425519738777,
              45.33273783575903
            ],
            [
              121.59509618898379,
              45.333107473898586
            ],
            [
              121.59561982636933,
              45.339567609857994
            ]
          ]
        ]
      },
      "properties": {
        "biomass": 218.68548583984375,
        "min_biomass": 141.5985107421875,
        "max_biomass": 322.44256591796875,
        "timestamp": "20260407_130617",
        "grid_id": "552_336"
      }
    },
    {
      "type": "Feature",
      "geometry": {
        "type": "Polygon",
        "coordinates": [
          [
            [
              121.60477986949992,
              45.33919788890994
            ],
            [
              121.61393973481592,
              45.33882743569057
            ],
            [
              121.61341402805087,
              45.33236746551108
            ],
            [
              121.60425519738777,
              45.33273783575903
            ],
            [
              121.60477986949992,
              45.33919788890994
            ]
          ]
        ]
      },
      "properties": {
        "biomass": 203.54273986816406,
        "min_biomass": 135.5455780029297,
        "max_biomass": 283.6744384765625,
        "timestamp": "20260407_130617",
        "grid_id": "552_360"
      }
    },
    {
      "type": "Feature",
      "geometry": {
        "type": "Polygon",
        "coordinates": [
          [
            [
              121.61393973481592,
              45.33882743569057
            ],
            [
              121.62309942196977,
              45.33845625023752
            ],
            [
              121.62257268062568,
              45.33199636319238
            ],
            [
              121.61341402805087,
              45.33236746551108
            ],
            [
              121.61393973481592,
              45.33882743569057
            ]
          ]
        ]
      },
      "properties": {
        "biomass": 193.85165405273438,
        "min_biomass": 113.00121307373047,
        "max_biomass": 320.1825256347656,
        "timestamp": "20260407_130617",
        "grid_id": "552_384"
      }
    },
    {
      "type": "Feature",
      "geometry": {
        "type": "Polygon",
        "coordinates": [
          [
            [
              121.62309942196977,
              45.33845625023752
            ],
            [
              121.63225893061393,
              45.33808433258849
            ],
            [
              121.6317311547648,
              45.33162452884059
            ],
            [
              121.62257268062568,
              45.33199636319238
            ],
            [
              121.62309942196977,
              45.33845625023752
            ]
          ]
        ]
      },
      "properties": {
        "biomass": 173.44842529296875,
        "min_biomass": 105.96814727783203,
        "max_biomass": 299.29327392578125,
        "timestamp": "20260407_130617",
        "grid_id": "552_408"
      }
    },
    {
      "type": "Feature",
      "geometry": {
        "type": "Polygon",
        "coordinates": [
          [
            [
              121.63225893061393,
              45.33808433258849
            ],
            [
              121.64141826040094,
              45.337711682781254
            ],
            [
              121.6408894501209,
              45.331251962493496
            ],
            [
              121.6317311547648,
              45.33162452884059
            ],
            [
              121.63225893061393,
              45.33808433258849
            ]
          ]
        ]
      },
      "properties": {
        "biomass": 207.27877807617188,
        "min_biomass": 108.71890258789062,
        "max_biomass": 319.1754455566406,
        "timestamp": "20260407_130617",
        "grid_id": "552_432"
      }
    },
    {
      "type": "Feature",
      "geometry": {
        "type": "Polygon",
        "coordinates": [
          [
            [
              121.64141826040094,
              45.337711682781254
            ],
            [
              121.65057741098335,
              45.337338300853666
            ],
            [
              121.65004756634669,
              45.33087866418893
            ],
            [
              121.6408894501209,
              45.331251962493496
            ],
            [
              121.64141826040094,
              45.337711682781254
            ]
          ]
        ]
      },
      "properties": {
        "biomass": 195.08255004882812,
        "min_biomass": 91.59785461425781,
        "max_biomass": 318.5345458984375,
        "timestamp": "20260407_130617",
        "grid_id": "552_456"
      }
    },
    {
      "type": "Feature",
      "geometry": {
        "type": "Polygon",
        "coordinates": [
          [
            [
              121.65057741098335,
              45.337338300853666
            ],
            [
              121.65973638201376,
              45.33696418684367
            ],
            [
              121.65920550309492,
              45.33050463396479
            ],
            [
              121.65004756634669,
              45.33087866418893
            ],
            [
              121.65057741098335,
              45.337338300853666
            ]
          ]
        ]
      },
      "properties": {
        "biomass": 198.62286376953125,
        "min_biomass": 87.70767211914062,
        "max_biomass": 327.698486328125,
        "timestamp": "20260407_130617",
        "grid_id": "552_480"
      }
    },
    {
      "type": "Feature",
      "geometry": {
        "type": "Polygon",
        "coordinates": [
          [
            [
              121.65973638201376,
              45.33696418684367
            ],
            [
              121.66889517314483,
              45.336589340789246
            ],
            [
              121.6683632600184,
              45.330129871859086
            ],
            [
              121.65920550309492,
              45.33050463396479
            ],
            [
              121.65973638201376,
              45.33696418684367
            ]
          ]
        ]
      },
      "properties": {
        "biomass": 226.50631713867188,
        "min_biomass": 96.94263458251953,
        "max_biomass": 327.698486328125,
        "timestamp": "20260407_130617",
        "grid_id": "552_504"
      }
    },
    {
      "type": "Feature",
      "geometry": {
        "type": "Polygon",
        "coordinates": [
          [
            [
              121.66889517314483,
              45.336589340789246
            ],
            [
              121.67805378402927,
              45.336213762728455
            ],
            [
              121.6775208367699,
              45.32975437790985
            ],
            [
              121.6683632600184,
              45.330129871859086
            ],
            [
              121.66889517314483,
              45.336589340789246
            ]
          ]
        ]
      },
      "properties": {
        "biomass": 225.0824737548828,
        "min_biomass": 131.28404235839844,
        "max_biomass": 327.11419677734375,
        "timestamp": "20260407_130617",
        "grid_id": "552_528"
      }
    },
    {
      "type": "Feature",
      "geometry": {
        "type": "Polygon",
        "coordinates": [
          [
            [
              121.67805378402927,
              45.336213762728455
            ],
            [
              121.6872122143198,
              45.335837452699465
            ],
            [
              121.68667823300235,
              45.329378152155215
            ],
            [
              121.6775208367699,
              45.32975437790985
            ],
            [
              121.67805378402927,
              45.336213762728455
            ]
          ]
        ]
      },
      "properties": {
        "biomass": 225.53758239746094,
        "min_biomass": 199.29351806640625,
        "max_biomass": 260.5256652832031,
        "timestamp": "20260407_130617",
        "grid_id": "552_552"
      }
    },
    {
      "type": "Feature",
      "geometry": {
        "type": "Polygon",
        "coordinates": [
          [
            [
              121.48517435086951,
              45.33748601352577
            ],
            [
              121.49433546504918,
              45.337125163594486
            ],
            [
              121.4938233880495,
              45.33066411562681
            ],
            [
              121.484663309122,
              45.33102488472412
            ],
            [
              121.48517435086951,
              45.33748601352577
            ]
          ]
        ]
      },
      "properties": {
        "biomass": 217.76295471191406,
        "min_biomass": 198.24282836914062,
        "max_biomass": 236.86317443847656,
        "timestamp": "20260407_130617",
        "grid_id": "576_48"
      }
    },
    {
      "type": "Feature",
      "geometry": {
        "type": "Polygon",
        "coordinates": [
          [
            [
              121.49433546504918,
              45.337125163594486
            ],
            [
              121.5034964056604,
              45.336763581109096
            ],
            [
              121.50298329348055,
              45.330302614138446
            ],
            [
              121.4938233880495,
              45.33066411562681
            ],
            [
              121.49433546504918,
              45.337125163594486
            ]
          ]
        ]
      },
      "properties": {
        "biomass": 179.97410583496094,
        "min_biomass": 85.2867660522461,
        "max_biomass": 330.179931640625,
        "timestamp": "20260407_130617",
        "grid_id": "576_72"
      }
    },
    {
      "type": "Feature",
      "geometry": {
        "type": "Polygon",
        "coordinates": [
          [
            [
              121.5034964056604,
              45.336763581109096
            ],
            [
              121.51265717235528,
              45.33640126610634
            ],
            [
              121.51214302506735,
              45.329940380295795
            ],
            [
              121.50298329348055,
              45.330302614138446
            ],
            [
              121.5034964056604,
              45.336763581109096
            ]
          ]
        ]
      },
      "properties": {
        "biomass": 101.85403442382812,
        "min_biomass": 69.57376861572266,
        "max_biomass": 178.54847717285156,
        "timestamp": "20260407_130617",
        "grid_id": "576_96"
      }
    },
    {
      "type": "Feature",
      "geometry": {
        "type": "Polygon",
        "coordinates": [
          [
            [
              121.51265717235528,
              45.33640126610634
            ],
            [
              121.52181776478585,
              45.336038218623024
            ],
            [
              121.52130258246214,
              45.32957741413562
            ],
            [
              121.51214302506735,
              45.329940380295795
            ],
            [
              121.51265717235528,
              45.33640126610634
            ]
          ]
        ]
      },
      "properties": {
        "biomass": 99.20350646972656,
        "min_biomass": 69.4333267211914,
        "max_biomass": 160.12843322753906,
        "timestamp": "20260407_130617",
        "grid_id": "576_120"
      }
    },
    {
      "type": "Feature",
      "geometry": {
        "type": "Polygon",
        "coordinates": [
          [
            [
              121.52181776478585,
              45.336038218623024
            ],
            [
              121.53097818260434,
              45.33567443869605
            ],
            [
              121.53046196531719,
              45.32921371569482
            ],
            [
              121.52130258246214,
              45.32957741413562
            ],
            [
              121.52181776478585,
              45.336038218623024
            ]
          ]
        ]
      },
      "properties": {
        "biomass": 93.31791687011719,
        "min_biomass": 69.62142181396484,
        "max_biomass": 144.87490844726562,
        "timestamp": "20260407_130617",
        "grid_id": "576_144"
      }
    },
    {
      "type": "Feature",
      "geometry": {
        "type": "Polygon",
        "coordinates": [
          [
            [
              121.53097818260434,
              45.33567443869605
            ],
            [
              121.54013842546291,
              45.335309926362385
            ],
            [
              121.53962117328486,
              45.32884928501033
            ],
            [
              121.53046196531719,
              45.32921371569482
            ],
            [
              121.53097818260434,
              45.33567443869605
            ]
          ]
        ]
      },
      "properties": {
        "biomass": 108.71733856201172,
        "min_biomass": 69.54225158691406,
        "max_biomass": 171.96929931640625,
        "timestamp": "20260407_130617",
        "grid_id": "576_168"
      }
    },
    {
      "type": "Feature",
      "geometry": {
        "type": "Polygon",
        "coordinates": [
          [
            [
              121.54013842546291,
              45.335309926362385
            ],
            [
              121.54929849301375,
              45.33494468165904
            ],
            [
              121.54878020601751,
              45.32848412211917
            ],
            [
              121.53962117328486,
              45.32884928501033
            ],
            [
              121.54013842546291,
              45.335309926362385
            ]
          ]
        ]
      },
      "properties": {
        "biomass": 136.1373748779297,
        "min_biomass": 71.47638702392578,
        "max_biomass": 214.20004272460938,
        "timestamp": "20260407_130617",
        "grid_id": "576_192"
      }
    },
    {
      "type": "Feature",
      "geometry": {
        "type": "Polygon",
        "coordinates": [
          [
            [
              121.54929849301375,
              45.33494468165904
            ],
            [
              121.5584583849092,
              45.33457870462314
            ],
            [
              121.55793906316757,
              45.32811822705843
            ],
            [
              121.54878020601751,
              45.32848412211917
            ],
            [
              121.54929849301375,
              45.33494468165904
            ]
          ]
        ]
      },
      "properties": {
        "biomass": 199.9971466064453,
        "min_biomass": 106.36331939697266,
        "max_biomass": 307.5254211425781,
        "timestamp": "20260407_130617",
        "grid_id": "576_216"
      }
    },
    {
      "type": "Feature",
      "geometry": {
        "type": "Polygon",
        "coordinates": [
          [
            [
              121.5584583849092,
              45.33457870462314
            ],
            [
              121.56761810080157,
              45.334211995291845
            ],
            [
              121.5670977443875,
              45.32775159986529
            ],
            [
              121.55793906316757,
              45.32811822705843
            ],
            [
              121.5584583849092,
              45.33457870462314
            ]
          ]
        ]
      },
      "properties": {
        "biomass": 205.41709899902344,
        "min_biomass": 119.79253387451172,
        "max_biomass": 336.99664306640625,
        "timestamp": "20260407_130617",
        "grid_id": "576_240"
      }
    },
    {
      "type": "Feature",
      "geometry": {
        "type": "Polygon",
        "coordinates": [
          [
            [
              121.56761810080157,
              45.334211995291845
            ],
            [
              121.57677764034315,
              45.33384455370243
            ],
            [
              121.57625624932979,
              45.32738424057696
            ],
            [
              121.5670977443875,
              45.32775159986529
            ],
            [
              121.56761810080157,
              45.334211995291845
            ]
          ]
        ]
      },
      "properties": {
        "biomass": 125.68881225585938,
        "min_biomass": 75.19842529296875,
        "max_biomass": 189.1445770263672,
        "timestamp": "20260407_130617",
        "grid_id": "576_264"
      }
    },
    {
      "type": "Feature",
      "geometry": {
        "type": "Polygon",
        "coordinates": [
          [
            [
              121.57677764034315,
              45.33384455370243
            ],
            [
              121.58593700318642,
              45.333476379892204
            ],
            [
              121.58541457764697,
              45.32701614923078
            ],
            [
              121.57625624932979,
              45.32738424057696
            ],
            [
              121.57677764034315,
              45.33384455370243
            ]
          ]
        ]
      },
      "properties": {
        "biomass": 119.16835021972656,
        "min_biomass": 69.4280776977539,
        "max_biomass": 187.7150115966797,
        "timestamp": "20260407_130617",
        "grid_id": "576_288"
      }
    },
    {
      "type": "Feature",
      "geometry": {
        "type": "Polygon",
        "coordinates": [
          [
            [
              121.58593700318642,
              45.333476379892204
            ],
            [
              121.59509618898379,
              45.333107473898586
            ],
            [
              121.5945727289917,
              45.32664732586412
            ],
            [
              121.58541457764697,
              45.32701614923078
            ],
            [
              121.58593700318642,
              45.333476379892204
            ]
          ]
        ]
      },
      "properties": {
        "biomass": 183.23170471191406,
        "min_biomass": 101.30853271484375,
        "max_biomass": 308.8480529785156,
        "timestamp": "20260407_130617",
        "grid_id": "576_312"
      }
    },
    {
      "type": "Feature",
      "geometry": {
        "type": "Polygon",
        "coordinates": [
          [
            [
              121.59509618898379,
              45.333107473898586
            ],
            [
              121.60425519738777,
              45.33273783575903
            ],
            [
              121.60373070301651,
              45.326277770514444
            ],
            [
              121.5945727289917,
              45.32664732586412
            ],
            [
              121.59509618898379,
              45.333107473898586
            ]
          ]
        ]
      },
      "properties": {
        "biomass": 242.06776428222656,
        "min_biomass": 165.85231018066406,
        "max_biomass": 330.7432861328125,
        "timestamp": "20260407_130617",
        "grid_id": "576_336"
      }
    },
    {
      "type": "Feature",
      "geometry": {
        "type": "Polygon",
        "coordinates": [
          [
            [
              121.60425519738777,
              45.33273783575903
            ],
            [
              121.61341402805087,
              45.33236746551108
            ],
            [
              121.61288849937412,
              45.32590748321928
            ],
            [
              121.60373070301651,
              45.326277770514444
            ],
            [
              121.60425519738777,
              45.33273783575903
            ]
          ]
        ]
      },
      "properties": {
        "biomass": 198.24026489257812,
        "min_biomass": 126.08726501464844,
        "max_biomass": 302.5086364746094,
        "timestamp": "20260407_130617",
        "grid_id": "576_360"
      }
    },
    {
      "type": "Feature",
      "geometry": {
        "type": "Polygon",
        "coordinates": [
          [
            [
              121.61341402805087,
              45.33236746551108
            ],
            [
              121.62257268062568,
              45.33199636319238
            ],
            [
              121.62204611771728,
              45.32553646401624
            ],
            [
              121.61288849937412,
              45.32590748321928
            ],
            [
              121.61341402805087,
              45.33236746551108
            ]
          ]
        ]
      },
      "properties": {
        "biomass": 179.23562622070312,
        "min_biomass": 120.60035705566406,
        "max_biomass": 332.9854736328125,
        "timestamp": "20260407_130617",
        "grid_id": "576_384"
      }
    },
    {
      "type": "Feature",
      "geometry": {
        "type": "Polygon",
        "coordinates": [
          [
            [
              121.62257268062568,
              45.33199636319238
            ],
            [
              121.6317311547648,
              45.33162452884059
            ],
            [
              121.6312035576987,
              45.325164712942986
            ],
            [
              121.62204611771728,
              45.32553646401624
            ],
            [
              121.62257268062568,
              45.33199636319238
            ]
          ]
        ]
      },
      "properties": {
        "biomass": 157.55838012695312,
        "min_biomass": 108.65605163574219,
        "max_biomass": 274.9601745605469,
        "timestamp": "20260407_130617",
        "grid_id": "576_408"
      }
    },
    {
      "type": "Feature",
      "geometry": {
        "type": "Polygon",
        "coordinates": [
          [
            [
              121.6317311547648,
              45.33162452884059
            ],
            [
              121.6408894501209,
              45.331251962493496
            ],
            [
              121.64036081897119,
              45.324792230037275
            ],
            [
              121.6312035576987,
              45.325164712942986
            ],
            [
              121.6317311547648,
              45.33162452884059
            ]
          ]
        ]
      },
      "properties": {
        "biomass": 162.6492919921875,
        "min_biomass": 83.64327239990234,
        "max_biomass": 274.054443359375,
        "timestamp": "20260407_130617",
        "grid_id": "576_432"
      }
    },
    {
      "type": "Feature",
      "geometry": {
        "type": "Polygon",
        "coordinates": [
          [
            [
              121.6408894501209,
              45.331251962493496
            ],
            [
              121.65004756634669,
              45.33087866418893
            ],
            [
              121.64951790118764,
              45.324419015336915
            ],
            [
              121.64036081897119,
              45.324792230037275
            ],
            [
              121.6408894501209,
              45.331251962493496
            ]
          ]
        ]
      },
      "properties": {
        "biomass": 169.50274658203125,
        "min_biomass": 90.01583862304688,
        "max_biomass": 297.56231689453125,
        "timestamp": "20260407_130617",
        "grid_id": "576_456"
      }
    },
    {
      "type": "Feature",
      "geometry": {
        "type": "Polygon",
        "coordinates": [
          [
            [
              121.65004756634669,
              45.33087866418893
            ],
            [
              121.65920550309492,
              45.33050463396479
            ],
            [
              121.65867480400088,
              45.32404506887983
            ],
            [
              121.64951790118764,
              45.324419015336915
            ],
            [
              121.65004756634669,
              45.33087866418893
            ]
          ]
        ]
      },
      "properties": {
        "biomass": 201.1600799560547,
        "min_biomass": 138.57537841796875,
        "max_biomass": 275.3022766113281,
        "timestamp": "20260407_130617",
        "grid_id": "576_480"
      }
    },
    {
      "type": "Feature",
      "geometry": {
        "type": "Polygon",
        "coordinates": [
          [
            [
              121.65920550309492,
              45.33050463396479
            ],
            [
              121.6683632600184,
              45.330129871859086
            ],
            [
              121.66783152706388,
              45.323670390703974
            ],
            [
              121.65867480400088,
              45.32404506887983
            ],
            [
              121.65920550309492,
              45.33050463396479
            ]
          ]
        ]
      },
      "properties": {
        "biomass": 169.04489135742188,
        "min_biomass": 118.54898071289062,
        "max_biomass": 299.9773864746094,
        "timestamp": "20260407_130617",
        "grid_id": "576_504"
      }
    },
    {
      "type": "Feature",
      "geometry": {
        "type": "Polygon",
        "coordinates": [
          [
            [
              121.6683632600184,
              45.330129871859086
            ],
            [
              121.6775208367699,
              45.32975437790985
            ],
            [
              121.6769880700296,
              45.32329498084739
            ],
            [
              121.66783152706388,
              45.323670390703974
            ],
            [
              121.6683632600184,
              45.330129871859086
            ]
          ]
        ]
      },
      "properties": {
        "biomass": 213.8328399658203,
        "min_biomass": 122.63134765625,
        "max_biomass": 311.0876159667969,
        "timestamp": "20260407_130617",
        "grid_id": "576_528"
      }
    },
    {
      "type": "Feature",
      "geometry": {
        "type": "Polygon",
        "coordinates": [
          [
            [
              121.6775208367699,
              45.32975437790985
            ],
            [
              121.68667823300235,
              45.329378152155215
            ],
            [
              121.68614443255107,
              45.32291883934818
            ],
            [
              121.6769880700296,
              45.32329498084739
            ],
            [
              121.6775208367699,
              45.32975437790985
            ]
          ]
        ]
      },
      "properties": {
        "biomass": 235.4935760498047,
        "min_biomass": 199.29351806640625,
        "max_biomass": 252.06666564941406,
        "timestamp": "20260407_130617",
        "grid_id": "576_552"
      }
    },
    {
      "type": "Feature",
      "geometry": {
        "type": "Polygon",
        "coordinates": [
          [
            [
              121.4938233880495,
              45.33066411562681
            ],
            [
              121.50298329348055,
              45.330302614138446
            ],
            [
              121.50247035514498,
              45.32384163527891
            ],
            [
              121.49331148454633,
              45.32420305578843
            ],
            [
              121.4938233880495,
              45.33066411562681
            ]
          ]
        ]
      },
      "properties": {
        "biomass": 117.0299072265625,
        "min_biomass": 69.53800201416016,
        "max_biomass": 194.2944793701172,
        "timestamp": "20260407_130617",
        "grid_id": "600_72"
      }
    },
    {
      "type": "Feature",
      "geometry": {
        "type": "Polygon",
        "coordinates": [
          [
            [
              121.50298329348055,
              45.330302614138446
            ],
            [
              121.51214302506735,
              45.329940380295795
            ],
            [
              121.51162905197144,
              45.32347948257809
            ],
            [
              121.50247035514498,
              45.32384163527891
            ],
            [
              121.50298329348055,
              45.330302614138446
            ]
          ]
        ]
      },
      "properties": {
        "biomass": 114.5868911743164,
        "min_biomass": 69.55953216552734,
        "max_biomass": 173.23056030273438,
        "timestamp": "20260407_130617",
        "grid_id": "600_96"
      }
    },
    {
      "type": "Feature",
      "geometry": {
        "type": "Polygon",
        "coordinates": [
          [
            [
              121.51214302506735,
              45.329940380295795
            ],
            [
              121.52130258246214,
              45.32957741413562
            ],
            [
              121.52078757467812,
              45.32311659772279
            ],
            [
              121.51162905197144,
              45.32347948257809
            ],
            [
              121.51214302506735,
              45.329940380295795
            ]
          ]
        ]
      },
      "properties": {
        "biomass": 92.07266235351562,
        "min_biomass": 69.4333267211914,
        "max_biomass": 151.8788299560547,
        "timestamp": "20260407_130617",
        "grid_id": "600_120"
      }
    },
    {
      "type": "Feature",
      "geometry": {
        "type": "Polygon",
        "coordinates": [
          [
            [
              121.52130258246214,
              45.32957741413562
            ],
            [
              121.53046196531719,
              45.32921371569482
            ],
            [
              121.5299459229174,
              45.32275298074984
            ],
            [
              121.52078757467812,
              45.32311659772279
            ],
            [
              121.52130258246214,
              45.32957741413562
            ]
          ]
        ]
      },
      "properties": {
        "biomass": 90.810302734375,
        "min_biomass": 69.53621673583984,
        "max_biomass": 145.60145568847656,
        "timestamp": "20260407_130617",
        "grid_id": "600_144"
      }
    },
    {
      "type": "Feature",
      "geometry": {
        "type": "Polygon",
        "coordinates": [
          [
            [
              121.53046196531719,
              45.32921371569482
            ],
            [
              121.53962117328486,
              45.32884928501033
            ],
            [
              121.53910409634182,
              45.32238863169618
            ],
            [
              121.5299459229174,
              45.32275298074984
            ],
            [
              121.53046196531719,
              45.32921371569482
            ]
          ]
        ]
      },
      "properties": {
        "biomass": 98.66082763671875,
        "min_biomass": 69.78580474853516,
        "max_biomass": 158.73533630371094,
        "timestamp": "20260407_130617",
        "grid_id": "600_168"
      }
    },
    {
      "type": "Feature",
      "geometry": {
        "type": "Polygon",
        "coordinates": [
          [
            [
              121.53962117328486,
              45.32884928501033
            ],
            [
              121.54878020601751,
              45.32848412211917
            ],
            [
              121.54826209460386,
              45.32202355059882
            ],
            [
              121.53910409634182,
              45.32238863169618
            ],
            [
              121.53962117328486,
              45.32884928501033
            ]
          ]
        ]
      },
      "properties": {
        "biomass": 121.62704467773438,
        "min_biomass": 71.1161880493164,
        "max_biomass": 190.47885131835938,
        "timestamp": "20260407_130617",
        "grid_id": "600_192"
      }
    },
    {
      "type": "Feature",
      "geometry": {
        "type": "Polygon",
        "coordinates": [
          [
            [
              121.54878020601751,
              45.32848412211917
            ],
            [
              121.55793906316757,
              45.32811822705843
            ],
            [
              121.55741991735609,
              45.321657737494824
            ],
            [
              121.54826209460386,
              45.32202355059882
            ],
            [
              121.54878020601751,
              45.32848412211917
            ]
          ]
        ]
      },
      "properties": {
        "biomass": 149.13294982910156,
        "min_biomass": 83.98957824707031,
        "max_biomass": 236.57131958007812,
        "timestamp": "20260407_130617",
        "grid_id": "600_216"
      }
    },
    {
      "type": "Feature",
      "geometry": {
        "type": "Polygon",
        "coordinates": [
          [
            [
              121.55793906316757,
              45.32811822705843
            ],
            [
              121.5670977443875,
              45.32775159986529
            ],
            [
              121.56657756425109,
              45.321291192421356
            ],
            [
              121.55741991735609,
              45.321657737494824
            ],
            [
              121.55793906316757,
              45.32811822705843
            ]
          ]
        ]
      },
      "properties": {
        "biomass": 168.672119140625,
        "min_biomass": 101.81375885009766,
        "max_biomass": 326.9163513183594,
        "timestamp": "20260407_130617",
        "grid_id": "600_240"
      }
    },
    {
      "type": "Feature",
      "geometry": {
        "type": "Polygon",
        "coordinates": [
          [
            [
              121.5670977443875,
              45.32775159986529
            ],
            [
              121.57625624932979,
              45.32738424057696
            ],
            [
              121.5757350349415,
              45.32092391541564
            ],
            [
              121.56657756425109,
              45.321291192421356
            ],
            [
              121.5670977443875,
              45.32775159986529
            ]
          ]
        ]
      },
      "properties": {
        "biomass": 118.70585632324219,
        "min_biomass": 72.10537719726562,
        "max_biomass": 218.91505432128906,
        "timestamp": "20260407_130617",
        "grid_id": "600_264"
      }
    },
    {
      "type": "Feature",
      "geometry": {
        "type": "Polygon",
        "coordinates": [
          [
            [
              121.57625624932979,
              45.32738424057696
            ],
            [
              121.58541457764697,
              45.32701614923078
            ],
            [
              121.58489232908006,
              45.32055590651497
            ],
            [
              121.5757350349415,
              45.32092391541564
            ],
            [
              121.57625624932979,
              45.32738424057696
            ]
          ]
        ]
      },
      "properties": {
        "biomass": 121.72937774658203,
        "min_biomass": 69.4529037475586,
        "max_biomass": 178.1536407470703,
        "timestamp": "20260407_130617",
        "grid_id": "600_288"
      }
    },
    {
      "type": "Feature",
      "geometry": {
        "type": "Polygon",
        "coordinates": [
          [
            [
              121.58541457764697,
              45.32701614923078
            ],
            [
              121.5945727289917,
              45.32664732586412
            ],
            [
              121.59404944631943,
              45.32018716575671
            ],
            [
              121.58489232908006,
              45.32055590651497
            ],
            [
              121.58541457764697,
              45.32701614923078
            ]
          ]
        ]
      },
      "properties": {
        "biomass": 184.24374389648438,
        "min_biomass": 112.70601654052734,
        "max_biomass": 252.18006896972656,
        "timestamp": "20260407_130617",
        "grid_id": "600_312"
      }
    },
    {
      "type": "Feature",
      "geometry": {
        "type": "Polygon",
        "coordinates": [
          [
            [
              121.5945727289917,
              45.32664732586412
            ],
            [
              121.60373070301651,
              45.326277770514444
            ],
            [
              121.60320638631244,
              45.31981769317832
            ],
            [
              121.59404944631943,
              45.32018716575671
            ],
            [
              121.5945727289917,
              45.32664732586412
            ]
          ]
        ]
      },
      "properties": {
        "biomass": 221.78936767578125,
        "min_biomass": 135.65260314941406,
        "max_biomass": 323.34063720703125,
        "timestamp": "20260407_130617",
        "grid_id": "600_336"
      }
    },
    {
      "type": "Feature",
      "geometry": {
        "type": "Polygon",
        "coordinates": [
          [
            [
              121.60373070301651,
              45.326277770514444
            ],
            [
              121.61288849937412,
              45.32590748321928
            ],
            [
              121.61236314871186,
              45.319447488817296
            ],
            [
              121.60320638631244,
              45.31981769317832
            ],
            [
              121.60373070301651,
              45.326277770514444
            ]
          ]
        ]
      },
      "properties": {
        "biomass": 204.565185546875,
        "min_biomass": 136.17922973632812,
        "max_biomass": 297.4261779785156,
        "timestamp": "20260407_130617",
        "grid_id": "600_360"
      }
    },
    {
      "type": "Feature",
      "geometry": {
        "type": "Polygon",
        "coordinates": [
          [
            [
              121.61288849937412,
              45.32590748321928
            ],
            [
              121.62204611771728,
              45.32553646401624
            ],
            [
              121.62151973317059,
              45.31907655271123
            ],
            [
              121.61236314871186,
              45.319447488817296
            ],
            [
              121.61288849937412,
              45.32590748321928
            ]
          ]
        ]
      },
      "properties": {
        "biomass": 171.3606719970703,
        "min_biomass": 113.68770599365234,
        "max_biomass": 322.8134460449219,
        "timestamp": "20260407_130617",
        "grid_id": "600_384"
      }
    },
    {
      "type": "Feature",
      "geometry": {
        "type": "Polygon",
        "coordinates": [
          [
            [
              121.62204611771728,
              45.32553646401624
            ],
            [
              121.6312035576987,
              45.325164712942986
            ],
            [
              121.63067613934152,
              45.31870488489779
            ],
            [
              121.62151973317059,
              45.31907655271123
            ],
            [
              121.62204611771728,
              45.32553646401624
            ]
          ]
        ]
      },
      "properties": {
        "biomass": 149.0756072998047,
        "min_biomass": 90.83003997802734,
        "max_biomass": 284.41998291015625,
        "timestamp": "20260407_130617",
        "grid_id": "600_408"
      }
    },
    {
      "type": "Feature",
      "geometry": {
        "type": "Polygon",
        "coordinates": [
          [
            [
              121.6312035576987,
              45.325164712942986
            ],
            [
              121.64036081897119,
              45.324792230037275
            ],
            [
              121.63983236687758,
              45.318332485414714
            ],
            [
              121.63067613934152,
              45.31870488489779
            ],
            [
              121.6312035576987,
              45.325164712942986
            ]
          ]
        ]
      },
      "properties": {
        "biomass": 208.9989776611328,
        "min_biomass": 108.39286041259766,
        "max_biomass": 286.85028076171875,
        "timestamp": "20260407_130617",
        "grid_id": "600_432"
      }
    },
    {
      "type": "Feature",
      "geometry": {
        "type": "Polygon",
        "coordinates": [
          [
            [
              121.64036081897119,
              45.324792230037275
            ],
            [
              121.64951790118764,
              45.324419015336915
            ],
            [
              121.64898841543175,
              45.31795935429981
            ],
            [
              121.63983236687758,
              45.318332485414714
            ],
            [
              121.64036081897119,
              45.324792230037275
            ]
          ]
        ]
      },
      "properties": {
        "biomass": 227.37852478027344,
        "min_biomass": 136.4712677001953,
        "max_biomass": 314.821533203125,
        "timestamp": "20260407_130617",
        "grid_id": "600_456"
      }
    },
    {
      "type": "Feature",
      "geometry": {
        "type": "Polygon",
        "coordinates": [
          [
            [
              121.64951790118764,
              45.324419015336915
            ],
            [
              121.65867480400088,
              45.32404506887983
            ],
            [
              121.65814428465708,
              45.31758549159095
            ],
            [
              121.64898841543175,
              45.31795935429981
            ],
            [
              121.64951790118764,
              45.324419015336915
            ]
          ]
        ]
      },
      "properties": {
        "biomass": 226.8092498779297,
        "min_biomass": 130.58953857421875,
        "max_biomass": 330.85748291015625,
        "timestamp": "20260407_130617",
        "grid_id": "600_480"
      }
    },
    {
      "type": "Feature",
      "geometry": {
        "type": "Polygon",
        "coordinates": [
          [
            [
              121.65867480400088,
              45.32404506887983
            ],
            [
              121.66783152706388,
              45.323670390703974
            ],
            [
              121.66729997420664,
              45.317210897326085
            ],
            [
              121.65814428465708,
              45.31758549159095
            ],
            [
              121.65867480400088,
              45.32404506887983
            ]
          ]
        ]
      },
      "properties": {
        "biomass": 207.70709228515625,
        "min_biomass": 113.2287368774414,
        "max_biomass": 328.8856201171875,
        "timestamp": "20260407_130617",
        "grid_id": "600_504"
      }
    },
    {
      "type": "Feature",
      "geometry": {
        "type": "Polygon",
        "coordinates": [
          [
            [
              121.66783152706388,
              45.323670390703974
            ],
            [
              121.6769880700296,
              45.32329498084739
            ],
            [
              121.67645548373355,
              45.31683557154325
            ],
            [
              121.66729997420664,
              45.317210897326085
            ],
            [
              121.66783152706388,
              45.323670390703974
            ]
          ]
        ]
      },
      "properties": {
        "biomass": 200.3477020263672,
        "min_biomass": 128.54310607910156,
        "max_biomass": 299.7294616699219,
        "timestamp": "20260407_130617",
        "grid_id": "600_528"
      }
    },
    {
      "type": "Feature",
      "geometry": {
        "type": "Polygon",
        "coordinates": [
          [
            [
              121.6769880700296,
              45.32329498084739
            ],
            [
              121.68614443255107,
              45.32291883934818
            ],
            [
              121.68561081289099,
              45.31645951428055
            ],
            [
              121.67645548373355,
              45.31683557154325
            ],
            [
              121.6769880700296,
              45.32329498084739
            ]
          ]
        ]
      },
      "properties": {
        "biomass": 213.25845336914062,
        "min_biomass": 177.25753784179688,
        "max_biomass": 251.54849243164062,
        "timestamp": "20260407_130617",
        "grid_id": "600_552"
      }
    },
    {
      "type": "Feature",
      "geometry": {
        "type": "Polygon",
        "coordinates": [
          [
            [
              121.49331148454633,
              45.32420305578843
            ],
            [
              121.50247035514498,
              45.32384163527891
            ],
            [
              121.50195759058158,
              45.317380644532484
            ],
            [
              121.49279975446767,
              45.31774198408139
            ],
            [
              121.49331148454633,
              45.32420305578843
            ]
          ]
        ]
      },
      "properties": {
        "biomass": 128.6044921875,
        "min_biomass": 70.63392639160156,
        "max_biomass": 173.91709899902344,
        "timestamp": "20260407_130617",
        "grid_id": "624_72"
      }
    },
    {
      "type": "Feature",
      "geometry": {
        "type": "Polygon",
        "coordinates": [
          [
            [
              121.50247035514498,
              45.32384163527891
            ],
            [
              121.51162905197144,
              45.32347948257809
            ],
            [
              121.51111525299534,
              45.3170185729553
            ],
            [
              121.50195759058158,
              45.317380644532484
            ],
            [
              121.50247035514498,
              45.32384163527891
            ]
          ]
        ]
      },
      "properties": {
        "biomass": 115.05020141601562,
        "min_biomass": 69.57464599609375,
        "max_biomass": 184.98257446289062,
        "timestamp": "20260407_130617",
        "grid_id": "624_96"
      }
    },
    {
      "type": "Feature",
      "geometry": {
        "type": "Polygon",
        "coordinates": [
          [
            [
              121.51162905197144,
              45.32347948257809
            ],
            [
              121.52078757467812,
              45.32311659772279
            ],
            [
              121.52027274136148,
              45.31665576938658
            ],
            [
              121.51111525299534,
              45.3170185729553
            ],
            [
              121.51162905197144,
              45.32347948257809
            ]
          ]
        ]
      },
      "properties": {
        "biomass": 114.4801254272461,
        "min_biomass": 69.45260620117188,
        "max_biomass": 177.9449920654297,
        "timestamp": "20260407_130617",
        "grid_id": "624_120"
      }
    },
    {
      "type": "Feature",
      "geometry": {
        "type": "Polygon",
        "coordinates": [
          [
            [
              121.52078757467812,
              45.32311659772279
            ],
            [
              121.5299459229174,
              45.32275298074984
            ],
            [
              121.52943005533255,
              45.31629223386317
            ],
            [
              121.52027274136148,
              45.31665576938658
            ],
            [
              121.52078757467812,
              45.32311659772279
            ]
          ]
        ]
      },
      "properties": {
        "biomass": 104.82685089111328,
        "min_biomass": 71.83843231201172,
        "max_biomass": 146.85145568847656,
        "timestamp": "20260407_130617",
        "grid_id": "624_144"
      }
    },
    {
      "type": "Feature",
      "geometry": {
        "type": "Polygon",
        "coordinates": [
          [
            [
              121.5299459229174,
              45.32275298074984
            ],
            [
              121.53910409634182,
              45.32238863169618
            ],
            [
              121.53858719456117,
              45.315927966422
            ],
            [
              121.52943005533255,
              45.31629223386317
            ],
            [
              121.5299459229174,
              45.32275298074984
            ]
          ]
        ]
      },
      "properties": {
        "biomass": 111.15592956542969,
        "min_biomass": 70.59321594238281,
        "max_biomass": 169.4047088623047,
        "timestamp": "20260407_130617",
        "grid_id": "624_168"
      }
    },
    {
      "type": "Feature",
      "geometry": {
        "type": "Polygon",
        "coordinates": [
          [
            [
              121.53910409634182,
              45.32238863169618
            ],
            [
              121.54826209460386,
              45.32202355059882
            ],
            [
              121.54774415870004,
              45.31556296710005
            ],
            [
              121.53858719456117,
              45.315927966422
            ],
            [
              121.53910409634182,
              45.32238863169618
            ]
          ]
        ]
      },
      "properties": {
        "biomass": 95.45674133300781,
        "min_biomass": 70.41561889648438,
        "max_biomass": 155.82882690429688,
        "timestamp": "20260407_130617",
        "grid_id": "624_192"
      }
    },
    {
      "type": "Feature",
      "geometry": {
        "type": "Polygon",
        "coordinates": [
          [
            [
              121.54826209460386,
              45.32202355059882
            ],
            [
              121.55741991735609,
              45.321657737494824
            ],
            [
              121.5569009474018,
              45.31519723593439
            ],
            [
              121.54774415870004,
              45.31556296710005
            ],
            [
              121.54826209460386,
              45.32202355059882
            ]
          ]
        ]
      },
      "properties": {
        "biomass": 96.6570816040039,
        "min_biomass": 69.529296875,
        "max_biomass": 160.20558166503906,
        "timestamp": "20260407_130617",
        "grid_id": "624_216"
      }
    },
    {
      "type": "Feature",
      "geometry": {
        "type": "Polygon",
        "coordinates": [
          [
            [
              121.55741991735609,
              45.321657737494824
            ],
            [
              121.56657756425109,
              45.321291192421356
            ],
            [
              121.56605756031924,
              45.314830772962154
            ],
            [
              121.5569009474018,
              45.31519723593439
            ],
            [
              121.55741991735609,
              45.321657737494824
            ]
          ]
        ]
      },
      "properties": {
        "biomass": 109.23643493652344,
        "min_biomass": 69.529296875,
        "max_biomass": 194.3566436767578,
        "timestamp": "20260407_130617",
        "grid_id": "624_240"
      }
    },
    {
      "type": "Feature",
      "geometry": {
        "type": "Polygon",
        "coordinates": [
          [
            [
              121.56657756425109,
              45.321291192421356
            ],
            [
              121.5757350349415,
              45.32092391541564
            ],
            [
              121.57521399710511,
              45.31446357822056
            ],
            [
              121.56605756031924,
              45.314830772962154
            ],
            [
              121.56657756425109,
              45.321291192421356
            ]
          ]
        ]
      },
      "properties": {
        "biomass": 98.45913696289062,
        "min_biomass": 69.94136047363281,
        "max_biomass": 160.51528930664062,
        "timestamp": "20260407_130617",
        "grid_id": "624_264"
      }
    },
    {
      "type": "Feature",
      "geometry": {
        "type": "Polygon",
        "coordinates": [
          [
            [
              121.5757350349415,
              45.32092391541564
            ],
            [
              121.58489232908006,
              45.32055590651497
            ],
            [
              121.58437025741229,
              45.31409565174687
            ],
            [
              121.57521399710511,
              45.31446357822056
            ],
            [
              121.5757350349415,
              45.32092391541564
            ]
          ]
        ]
      },
      "properties": {
        "biomass": 128.1975555419922,
        "min_biomass": 70.68486785888672,
        "max_biomass": 204.6049041748047,
        "timestamp": "20260407_130617",
        "grid_id": "624_288"
      }
    },
    {
      "type": "Feature",
      "geometry": {
        "type": "Polygon",
        "coordinates": [
          [
            [
              121.58489232908006,
              45.32055590651497
            ],
            [
              121.59404944631943,
              45.32018716575671
            ],
            [
              121.5935263408936,
              45.31372699357845
            ],
            [
              121.58437025741229,
              45.31409565174687
            ],
            [
              121.58489232908006,
              45.32055590651497
            ]
          ]
        ]
      },
      "properties": {
        "biomass": 188.94500732421875,
        "min_biomass": 104.09812927246094,
        "max_biomass": 309.77276611328125,
        "timestamp": "20260407_130617",
        "grid_id": "624_312"
      }
    },
    {
      "type": "Feature",
      "geometry": {
        "type": "Polygon",
        "coordinates": [
          [
            [
              121.59404944631943,
              45.32018716575671
            ],
            [
              121.60320638631244,
              45.31981769317832
            ],
            [
              121.60268224720195,
              45.31335760375273
            ],
            [
              121.5935263408936,
              45.31372699357845
            ],
            [
              121.59404944631943,
              45.32018716575671
            ]
          ]
        ]
      },
      "properties": {
        "biomass": 189.93666076660156,
        "min_biomass": 95.31109619140625,
        "max_biomass": 311.50146484375,
        "timestamp": "20260407_130617",
        "grid_id": "624_336"
      }
    },
    {
      "type": "Feature",
      "geometry": {
        "type": "Polygon",
        "coordinates": [
          [
            [
              121.60320638631244,
              45.31981769317832
            ],
            [
              121.61236314871186,
              45.319447488817296
            ],
            [
              121.61183797599033,
              45.31298748230723
            ],
            [
              121.60268224720195,
              45.31335760375273
            ],
            [
              121.60320638631244,
              45.31981769317832
            ]
          ]
        ]
      },
      "properties": {
        "biomass": 232.1533203125,
        "min_biomass": 157.80667114257812,
        "max_biomass": 332.0087890625,
        "timestamp": "20260407_130617",
        "grid_id": "624_360"
      }
    },
    {
      "type": "Feature",
      "geometry": {
        "type": "Polygon",
        "coordinates": [
          [
            [
              121.61236314871186,
              45.319447488817296
            ],
            [
              121.62151973317059,
              45.31907655271123
            ],
            [
              121.62099352691176,
              45.31261662927949
            ],
            [
              121.61183797599033,
              45.31298748230723
            ],
            [
              121.61236314871186,
              45.319447488817296
            ]
          ]
        ]
      },
      "properties": {
        "biomass": 155.9719696044922,
        "min_biomass": 84.97450256347656,
        "max_biomass": 201.33636474609375,
        "timestamp": "20260407_130617",
        "grid_id": "624_384"
      }
    },
    {
      "type": "Feature",
      "geometry": {
        "type": "Polygon",
        "coordinates": [
          [
            [
              121.62151973317059,
              45.31907655271123
            ],
            [
              121.63067613934152,
              45.31870488489779
            ],
            [
              121.63014889961921,
              45.312245044707154
            ],
            [
              121.62099352691176,
              45.31261662927949
            ],
            [
              121.62151973317059,
              45.31907655271123
            ]
          ]
        ]
      },
      "properties": {
        "biomass": 154.46084594726562,
        "min_biomass": 91.35284423828125,
        "max_biomass": 263.7790222167969,
        "timestamp": "20260407_130617",
        "grid_id": "624_408"
      }
    },
    {
      "type": "Feature",
      "geometry": {
        "type": "Polygon",
        "coordinates": [
          [
            [
              121.63067613934152,
              45.31870488489779
            ],
            [
              121.63983236687758,
              45.318332485414714
            ],
            [
              121.63930409376584,
              45.31187272862798
            ],
            [
              121.63014889961921,
              45.312245044707154
            ],
            [
              121.63067613934152,
              45.31870488489779
            ]
          ]
        ]
      },
      "properties": {
        "biomass": 221.55462646484375,
        "min_biomass": 118.74018859863281,
        "max_biomass": 336.348876953125,
        "timestamp": "20260407_130617",
        "grid_id": "624_432"
      }
    },
    {
      "type": "Feature",
      "geometry": {
        "type": "Polygon",
        "coordinates": [
          [
            [
              121.63983236687758,
              45.318332485414714
            ],
            [
              121.64898841543175,
              45.31795935429981
            ],
            [
              121.64845910900473,
              45.31149968107974
            ],
            [
              121.63930409376584,
              45.31187272862798
            ],
            [
              121.63983236687758,
              45.318332485414714
            ]
          ]
        ]
      },
      "properties": {
        "biomass": 217.57901000976562,
        "min_biomass": 123.87580871582031,
        "max_biomass": 335.15203857421875,
        "timestamp": "20260407_130617",
        "grid_id": "624_456"
      }
    },
    {
      "type": "Feature",
      "geometry": {
        "type": "Polygon",
        "coordinates": [
          [
            [
              121.64898841543175,
              45.31795935429981
            ],
            [
              121.65814428465708,
              45.31758549159095
            ],
            [
              121.65761394498907,
              45.31112590210029
            ],
            [
              121.64845910900473,
              45.31149968107974
            ],
            [
              121.64898841543175,
              45.31795935429981
            ]
          ]
        ]
      },
      "properties": {
        "biomass": 203.14886474609375,
        "min_biomass": 104.32457733154297,
        "max_biomass": 328.9770812988281,
        "timestamp": "20260407_130617",
        "grid_id": "624_480"
      }
    },
    {
      "type": "Feature",
      "geometry": {
        "type": "Polygon",
        "coordinates": [
          [
            [
              121.65814428465708,
              45.31758549159095
            ],
            [
              121.66729997420664,
              45.317210897326085
            ],
            [
              121.66676860137208,
              45.31075139172759
            ],
            [
              121.65761394498907,
              45.31112590210029
            ],
            [
              121.65814428465708,
              45.31758549159095
            ]
          ]
        ]
      },
      "properties": {
        "biomass": 221.5103302001953,
        "min_biomass": 106.64263916015625,
        "max_biomass": 331.43426513671875,
        "timestamp": "20260407_130617",
        "grid_id": "624_504"
      }
    },
    {
      "type": "Feature",
      "geometry": {
        "type": "Polygon",
        "coordinates": [
          [
            [
              121.66729997420664,
              45.317210897326085
            ],
            [
              121.67645548373355,
              45.31683557154325
            ],
            [
              121.67592307780703,
              45.31037614999963
            ],
            [
              121.66676860137208,
              45.31075139172759
            ],
            [
              121.66729997420664,
              45.317210897326085
            ]
          ]
        ]
      },
      "properties": {
        "biomass": 245.4949951171875,
        "min_biomass": 130.14442443847656,
        "max_biomass": 328.2803039550781,
        "timestamp": "20260407_130617",
        "grid_id": "624_528"
      }
    },
    {
      "type": "Feature",
      "geometry": {
        "type": "Polygon",
        "coordinates": [
          [
            [
              121.49279975446767,
              45.31774198408139
            ],
            [
              121.50195759058158,
              45.317380644532484
            ],
            [
              121.50144499971837,
              45.310919641901215
            ],
            [
              121.49228819774166,
              45.31128090050766
            ],
            [
              121.49279975446767,
              45.31774198408139
            ]
          ]
        ]
      },
      "properties": {
        "biomass": 139.9259490966797,
        "min_biomass": 70.8138656616211,
        "max_biomass": 210.210205078125,
        "timestamp": "20260407_130617",
        "grid_id": "648_72"
      }
    },
    {
      "type": "Feature",
      "geometry": {
        "type": "Polygon",
        "coordinates": [
          [
            [
              121.50195759058158,
              45.317380644532484
            ],
            [
              121.51111525299534,
              45.3170185729553
            ],
            [
              121.5106016280669,
              45.3105576514294
            ],
            [
              121.50144499971837,
              45.310919641901215
            ],
            [
              121.50195759058158,
              45.317380644532484
            ]
          ]
        ]
      },
      "properties": {
        "biomass": 168.46673583984375,
        "min_biomass": 79.41514587402344,
        "max_biomass": 245.1022186279297,
        "timestamp": "20260407_130617",
        "grid_id": "648_96"
      }
    },
    {
      "type": "Feature",
      "geometry": {
        "type": "Polygon",
        "coordinates": [
          [
            [
              121.51111525299534,
              45.3170185729553
            ],
            [
              121.52027274136148,
              45.31665576938658
            ],
            [
              121.5197580824399,
              45.310194929129004
            ],
            [
              121.5106016280669,
              45.3105576514294
            ],
            [
              121.51111525299534,
              45.3170185729553
            ]
          ]
        ]
      },
      "properties": {
        "biomass": 155.78758239746094,
        "min_biomass": 82.97439575195312,
        "max_biomass": 274.40802001953125,
        "timestamp": "20260407_130617",
        "grid_id": "648_120"
      }
    },
    {
      "type": "Feature",
      "geometry": {
        "type": "Polygon",
        "coordinates": [
          [
            [
              121.52027274136148,
              45.31665576938658
            ],
            [
              121.52943005533255,
              45.31629223386317
            ],
            [
              121.52891436249014,
              45.30983147503684
            ],
            [
              121.5197580824399,
              45.310194929129004
            ],
            [
              121.52027274136148,
              45.31665576938658
            ]
          ]
        ]
      },
      "properties": {
        "biomass": 129.74497985839844,
        "min_biomass": 70.83846282958984,
        "max_biomass": 217.97120666503906,
        "timestamp": "20260407_130617",
        "grid_id": "648_144"
      }
    },
    {
      "type": "Feature",
      "geometry": {
        "type": "Polygon",
        "coordinates": [
          [
            [
              121.52943005533255,
              45.31629223386317
            ],
            [
              121.53858719456117,
              45.315927966422
            ],
            [
              121.53807046787033,
              45.30946728918982
            ],
            [
              121.52891436249014,
              45.30983147503684
            ],
            [
              121.52943005533255,
              45.31629223386317
            ]
          ]
        ]
      },
      "properties": {
        "biomass": 99.90357208251953,
        "min_biomass": 69.4333267211914,
        "max_biomass": 183.84703063964844,
        "timestamp": "20260407_130617",
        "grid_id": "648_168"
      }
    },
    {
      "type": "Feature",
      "geometry": {
        "type": "Polygon",
        "coordinates": [
          [
            [
              121.53858719456117,
              45.315927966422
            ],
            [
              121.54774415870004,
              45.31556296710005
            ],
            [
              121.5472263982333,
              45.309102371624924
            ],
            [
              121.53807046787033,
              45.30946728918982
            ],
            [
              121.53858719456117,
              45.315927966422
            ]
          ]
        ]
      },
      "properties": {
        "biomass": 90.09693908691406,
        "min_biomass": 69.4333267211914,
        "max_biomass": 145.64291381835938,
        "timestamp": "20260407_130617",
        "grid_id": "648_192"
      }
    },
    {
      "type": "Feature",
      "geometry": {
        "type": "Polygon",
        "coordinates": [
          [
            [
              121.54774415870004,
              45.31556296710005
            ],
            [
              121.5569009474018,
              45.31519723593439
            ],
            [
              121.5563821532319,
              45.30873672237919
            ],
            [
              121.5472263982333,
              45.309102371624924
            ],
            [
              121.54774415870004,
              45.31556296710005
            ]
          ]
        ]
      },
      "properties": {
        "biomass": 124.94523620605469,
        "min_biomass": 70.1431655883789,
        "max_biomass": 201.7120819091797,
        "timestamp": "20260407_130617",
        "grid_id": "648_216"
      }
    },
    {
      "type": "Feature",
      "geometry": {
        "type": "Polygon",
        "coordinates": [
          [
            [
              121.5569009474018,
              45.31519723593439
            ],
            [
              121.56605756031924,
              45.314830772962154
            ],
            [
              121.56553773251895,
              45.308370341489734
            ],
            [
              121.5563821532319,
              45.30873672237919
            ],
            [
              121.5569009474018,
              45.31519723593439
            ]
          ]
        ]
      },
      "properties": {
        "biomass": 167.63803100585938,
        "min_biomass": 71.47417449951172,
        "max_biomass": 251.84060668945312,
        "timestamp": "20260407_130617",
        "grid_id": "648_240"
      }
    },
    {
      "type": "Feature",
      "geometry": {
        "type": "Polygon",
        "coordinates": [
          [
            [
              121.56605756031924,
              45.314830772962154
            ],
            [
              121.57521399710511,
              45.31446357822056
            ],
            [
              121.57469313574748,
              45.30800322899376
            ],
            [
              121.56553773251895,
              45.308370341489734
            ],
            [
              121.56605756031924,
              45.314830772962154
            ]
          ]
        ]
      },
      "properties": {
        "biomass": 144.2490997314453,
        "min_biomass": 76.04904174804688,
        "max_biomass": 226.7673797607422,
        "timestamp": "20260407_130617",
        "grid_id": "648_264"
      }
    },
    {
      "type": "Feature",
      "geometry": {
        "type": "Polygon",
        "coordinates": [
          [
            [
              121.57521399710511,
              45.31446357822056
            ],
            [
              121.58437025741229,
              45.31409565174687
            ],
            [
              121.58384836257038,
              45.30763538492857
            ],
            [
              121.57469313574748,
              45.30800322899376
            ],
            [
              121.57521399710511,
              45.31446357822056
            ]
          ]
        ]
      },
      "properties": {
        "biomass": 101.85787200927734,
        "min_biomass": 70.05410766601562,
        "max_biomass": 175.6129608154297,
        "timestamp": "20260407_130617",
        "grid_id": "648_288"
      }
    },
    {
      "type": "Feature",
      "geometry": {
        "type": "Polygon",
        "coordinates": [
          [
            [
              121.58437025741229,
              45.31409565174687
            ],
            [
              121.5935263408936,
              45.31372699357845
            ],
            [
              121.59300341264067,
              45.30726680933144
            ],
            [
              121.58384836257038,
              45.30763538492857
            ],
            [
              121.58437025741229,
              45.31409565174687
            ]
          ]
        ]
      },
      "properties": {
        "biomass": 125.50146484375,
        "min_biomass": 69.41741943359375,
        "max_biomass": 216.52359008789062,
        "timestamp": "20260407_130617",
        "grid_id": "648_312"
      }
    },
    {
      "type": "Feature",
      "geometry": {
        "type": "Polygon",
        "coordinates": [
          [
            [
              121.5935263408936,
              45.31372699357845
            ],
            [
              121.60268224720195,
              45.31335760375273
            ],
            [
              121.60215828561145,
              45.30689750223981
            ],
            [
              121.59300341264067,
              45.30726680933144
            ],
            [
              121.5935263408936,
              45.31372699357845
            ]
          ]
        ]
      },
      "properties": {
        "biomass": 164.70738220214844,
        "min_biomass": 101.47466278076172,
        "max_biomass": 274.62542724609375,
        "timestamp": "20260407_130617",
        "grid_id": "648_336"
      }
    },
    {
      "type": "Feature",
      "geometry": {
        "type": "Polygon",
        "coordinates": [
          [
            [
              121.60268224720195,
              45.31335760375273
            ],
            [
              121.61183797599033,
              45.31298748230723
            ],
            [
              121.6113129811358,
              45.306527463691175
            ],
            [
              121.60215828561145,
              45.30689750223981
            ],
            [
              121.60268224720195,
              45.31335760375273
            ]
          ]
        ]
      },
      "properties": {
        "biomass": 211.2271728515625,
        "min_biomass": 112.8668212890625,
        "max_biomass": 313.0372009277344,
        "timestamp": "20260407_130617",
        "grid_id": "648_360"
      }
    },
    {
      "type": "Feature",
      "geometry": {
        "type": "Polygon",
        "coordinates": [
          [
            [
              121.61183797599033,
              45.31298748230723
            ],
            [
              121.62099352691176,
              45.31261662927949
            ],
            [
              121.62046749886686,
              45.3061566937231
            ],
            [
              121.6113129811358,
              45.306527463691175
            ],
            [
              121.61183797599033,
              45.31298748230723
            ]
          ]
        ]
      },
      "properties": {
        "biomass": 154.66651916503906,
        "min_biomass": 93.13444519042969,
        "max_biomass": 280.4807434082031,
        "timestamp": "20260407_130617",
        "grid_id": "648_384"
      }
    },
    {
      "type": "Feature",
      "geometry": {
        "type": "Polygon",
        "coordinates": [
          [
            [
              121.62099352691176,
              45.31261662927949
            ],
            [
              121.63014889961921,
              45.312245044707154
            ],
            [
              121.62962183845777,
              45.30578519237321
            ],
            [
              121.62046749886686,
              45.3061566937231
            ],
            [
              121.62099352691176,
              45.31261662927949
            ]
          ]
        ]
      },
      "properties": {
        "biomass": 135.19769287109375,
        "min_biomass": 82.85140228271484,
        "max_biomass": 259.3746643066406,
        "timestamp": "20260407_130617",
        "grid_id": "648_408"
      }
    },
    {
      "type": "Feature",
      "geometry": {
        "type": "Polygon",
        "coordinates": [
          [
            [
              121.63014889961921,
              45.312245044707154
            ],
            [
              121.63930409376584,
              45.31187272862798
            ],
            [
              121.63877599956183,
              45.30541295967919
            ],
            [
              121.62962183845777,
              45.30578519237321
            ],
            [
              121.63014889961921,
              45.312245044707154
            ]
          ]
        ]
      },
      "properties": {
        "biomass": 205.34637451171875,
        "min_biomass": 94.7569808959961,
        "max_biomass": 322.30352783203125,
        "timestamp": "20260407_130617",
        "grid_id": "648_432"
      }
    },
    {
      "type": "Feature",
      "geometry": {
        "type": "Polygon",
        "coordinates": [
          [
            [
              121.63930409376584,
              45.31187272862798
            ],
            [
              121.64845910900473,
              45.31149968107974
            ],
            [
              121.64792998183226,
              45.30503999567885
            ],
            [
              121.63877599956183,
              45.30541295967919
            ],
            [
              121.63930409376584,
              45.31187272862798
            ]
          ]
        ]
      },
      "properties": {
        "biomass": 155.4642791748047,
        "min_biomass": 91.29429626464844,
        "max_biomass": 254.201904296875,
        "timestamp": "20260407_130617",
        "grid_id": "648_456"
      }
    },
    {
      "type": "Feature",
      "geometry": {
        "type": "Polygon",
        "coordinates": [
          [
            [
              121.64845910900473,
              45.31149968107974
            ],
            [
              121.65761394498907,
              45.31112590210029
            ],
            [
              121.6570837849224,
              45.30466630041002
            ],
            [
              121.64792998183226,
              45.30503999567885
            ],
            [
              121.64845910900473,
              45.31149968107974
            ]
          ]
        ]
      },
      "properties": {
        "biomass": 159.54336547851562,
        "min_biomass": 93.94215393066406,
        "max_biomass": 266.19049072265625,
        "timestamp": "20260407_130617",
        "grid_id": "648_480"
      }
    },
    {
      "type": "Feature",
      "geometry": {
        "type": "Polygon",
        "coordinates": [
          [
            [
              121.65761394498907,
              45.31112590210029
            ],
            [
              121.66676860137208,
              45.31075139172759
            ],
            [
              121.6662374084856,
              45.30429187391062
            ],
            [
              121.6570837849224,
              45.30466630041002
            ],
            [
              121.65761394498907,
              45.31112590210029
            ]
          ]
        ]
      },
      "properties": {
        "biomass": 179.0577850341797,
        "min_biomass": 97.12195587158203,
        "max_biomass": 277.1396179199219,
        "timestamp": "20260407_130617",
        "grid_id": "648_504"
      }
    },
    {
      "type": "Feature",
      "geometry": {
        "type": "Polygon",
        "coordinates": [
          [
            [
              121.66676860137208,
              45.31075139172759
            ],
            [
              121.67592307780703,
              45.31037614999963
            ],
            [
              121.67539085217525,
              45.30391671621867
            ],
            [
              121.6662374084856,
              45.30429187391062
            ],
            [
              121.66676860137208,
              45.31075139172759
            ]
          ]
        ]
      },
      "properties": {
        "biomass": 235.34075927734375,
        "min_biomass": 154.09693908691406,
        "max_biomass": 308.39581298828125,
        "timestamp": "20260407_130617",
        "grid_id": "648_528"
      }
    },
    {
      "type": "Feature",
      "geometry": {
        "type": "Polygon",
        "coordinates": [
          [
            [
              121.50144499971837,
              45.310919641901215
            ],
            [
              121.5106016280669,
              45.3105576514294
            ],
            [
              121.51008817711394,
              45.30409671800243
            ],
            [
              121.50093258248334,
              45.30445862738707
            ],
            [
              121.50144499971837,
              45.310919641901215
            ]
          ]
        ]
      },
      "properties": {
        "biomass": 185.8612823486328,
        "min_biomass": 99.86319732666016,
        "max_biomass": 281.9542236328125,
        "timestamp": "20260407_130617",
        "grid_id": "672_96"
      }
    },
    {
      "type": "Feature",
      "geometry": {
        "type": "Polygon",
        "coordinates": [
          [
            [
              121.5106016280669,
              45.3105576514294
            ],
            [
              121.5197580824399,
              45.310194929129004
            ],
            [
              121.51924359784114,
              45.303734076952104
            ],
            [
              121.51008817711394,
              45.30409671800243
            ],
            [
              121.5106016280669,
              45.3105576514294
            ]
          ]
        ]
      },
      "properties": {
        "biomass": 136.47337341308594,
        "min_biomass": 73.29740905761719,
        "max_biomass": 265.2881164550781,
        "timestamp": "20260407_130617",
        "grid_id": "672_120"
      }
    },
    {
      "type": "Feature",
      "geometry": {
        "type": "Polygon",
        "coordinates": [
          [
            [
              121.5197580824399,
              45.310194929129004
            ],
            [
              121.52891436249014,
              45.30983147503684
            ],
            [
              121.52839884431775,
              45.30337070427289
            ],
            [
              121.51924359784114,
              45.303734076952104
            ],
            [
              121.5197580824399,
              45.310194929129004
            ]
          ]
        ]
      },
      "properties": {
        "biomass": 100.99573516845703,
        "min_biomass": 69.49317169189453,
        "max_biomass": 164.166748046875,
        "timestamp": "20260407_130617",
        "grid_id": "672_144"
      }
    },
    {
      "type": "Feature",
      "geometry": {
        "type": "Polygon",
        "coordinates": [
          [
            [
              121.52891436249014,
              45.30983147503684
            ],
            [
              121.53807046787033,
              45.30946728918982
            ],
            [
              121.5375539161967,
              45.30300660000171
            ],
            [
              121.52839884431775,
              45.30337070427289
            ],
            [
              121.52891436249014,
              45.30983147503684
            ]
          ]
        ]
      },
      "properties": {
        "biomass": 94.31205749511719,
        "min_biomass": 69.93909454345703,
        "max_biomass": 176.6707763671875,
        "timestamp": "20260407_130617",
        "grid_id": "672_168"
      }
    },
    {
      "type": "Feature",
      "geometry": {
        "type": "Polygon",
        "coordinates": [
          [
            [
              121.53807046787033,
              45.30946728918982
            ],
            [
              121.5472263982333,
              45.309102371624924
            ],
            [
              121.54670881313095,
              45.30264176417548
            ],
            [
              121.5375539161967,
              45.30300660000171
            ],
            [
              121.53807046787033,
              45.30946728918982
            ]
          ]
        ]
      },
      "properties": {
        "biomass": 130.34780883789062,
        "min_biomass": 72.23725891113281,
        "max_biomass": 204.26437377929688,
        "timestamp": "20260407_130617",
        "grid_id": "672_192"
      }
    },
    {
      "type": "Feature",
      "geometry": {
        "type": "Polygon",
        "coordinates": [
          [
            [
              121.5472263982333,
              45.309102371624924
            ],
            [
              121.5563821532319,
              45.30873672237919
            ],
            [
              121.55586353477345,
              45.30227619683128
            ],
            [
              121.54670881313095,
              45.30264176417548
            ],
            [
              121.5472263982333,
              45.309102371624924
            ]
          ]
        ]
      },
      "properties": {
        "biomass": 161.14935302734375,
        "min_biomass": 87.22749328613281,
        "max_biomass": 250.77088928222656,
        "timestamp": "20260407_130617",
        "grid_id": "672_216"
      }
    },
    {
      "type": "Feature",
      "geometry": {
        "type": "Polygon",
        "coordinates": [
          [
            [
              121.5563821532319,
              45.30873672237919
            ],
            [
              121.56553773251895,
              45.308370341489734
            ],
            [
              121.56501808077725,
              45.30190989800618
            ],
            [
              121.55586353477345,
              45.30227619683128
            ],
            [
              121.5563821532319,
              45.30873672237919
            ]
          ]
        ]
      },
      "properties": {
        "biomass": 211.33648681640625,
        "min_biomass": 99.15396118164062,
        "max_biomass": 307.398681640625,
        "timestamp": "20260407_130617",
        "grid_id": "672_240"
      }
    },
    {
      "type": "Feature",
      "geometry": {
        "type": "Polygon",
        "coordinates": [
          [
            [
              121.56553773251895,
              45.308370341489734
            ],
            [
              121.57469313574748,
              45.30800322899376
            ],
            [
              121.57417245079542,
              45.30154286773738
            ],
            [
              121.56501808077725,
              45.30190989800618
            ],
            [
              121.56553773251895,
              45.308370341489734
            ]
          ]
        ]
      },
      "properties": {
        "biomass": 185.1374053955078,
        "min_biomass": 108.20272064208984,
        "max_biomass": 302.23291015625,
        "timestamp": "20260407_130617",
        "grid_id": "672_264"
      }
    },
    {
      "type": "Feature",
      "geometry": {
        "type": "Polygon",
        "coordinates": [
          [
            [
              121.57469313574748,
              45.30800322899376
            ],
            [
              121.58384836257038,
              45.30763538492857
            ],
            [
              121.58332664448105,
              45.30117510606214
            ],
            [
              121.57417245079542,
              45.30154286773738
            ],
            [
              121.57469313574748,
              45.30800322899376
            ]
          ]
        ]
      },
      "properties": {
        "biomass": 142.70843505859375,
        "min_biomass": 70.33621215820312,
        "max_biomass": 205.44956970214844,
        "timestamp": "20260407_130617",
        "grid_id": "672_288"
      }
    },
    {
      "type": "Feature",
      "geometry": {
        "type": "Polygon",
        "coordinates": [
          [
            [
              121.58384836257038,
              45.30763538492857
            ],
            [
              121.59300341264067,
              45.30726680933144
            ],
            [
              121.59248066148731,
              45.30080661301775
            ],
            [
              121.58332664448105,
              45.30117510606214
            ],
            [
              121.58384836257038,
              45.30763538492857
            ]
          ]
        ]
      },
      "properties": {
        "biomass": 97.68570709228516,
        "min_biomass": 69.45260620117188,
        "max_biomass": 156.64218139648438,
        "timestamp": "20260407_130617",
        "grid_id": "672_312"
      }
    },
    {
      "type": "Feature",
      "geometry": {
        "type": "Polygon",
        "coordinates": [
          [
            [
              121.59300341264067,
              45.30726680933144
            ],
            [
              121.60215828561145,
              45.30689750223981
            ],
            [
              121.60163450146742,
              45.300437388641654
            ],
            [
              121.59248066148731,
              45.30080661301775
            ],
            [
              121.59300341264067,
              45.30726680933144
            ]
          ]
        ]
      },
      "properties": {
        "biomass": 141.09408569335938,
        "min_biomass": 69.53772735595703,
        "max_biomass": 277.94403076171875,
        "timestamp": "20260407_130617",
        "grid_id": "672_336"
      }
    },
    {
      "type": "Feature",
      "geometry": {
        "type": "Polygon",
        "coordinates": [
          [
            [
              121.60215828561145,
              45.30689750223981
            ],
            [
              121.6113129811358,
              45.306527463691175
            ],
            [
              121.61078816407453,
              45.300067432971304
            ],
            [
              121.60163450146742,
              45.300437388641654
            ],
            [
              121.60215828561145,
              45.30689750223981
            ]
          ]
        ]
      },
      "properties": {
        "biomass": 174.69664001464844,
        "min_biomass": 87.36495971679688,
        "max_biomass": 258.919921875,
        "timestamp": "20260407_130617",
        "grid_id": "672_360"
      }
    },
    {
      "type": "Feature",
      "geometry": {
        "type": "Polygon",
        "coordinates": [
          [
            [
              121.6113129811358,
              45.306527463691175
            ],
            [
              121.62046749886686,
              45.3061566937231
            ],
            [
              121.61994164896204,
              45.29969674604423
            ],
            [
              121.61078816407453,
              45.300067432971304
            ],
            [
              121.6113129811358,
              45.306527463691175
            ]
          ]
        ]
      },
      "properties": {
        "biomass": 150.74603271484375,
        "min_biomass": 87.17842102050781,
        "max_biomass": 237.8978729248047,
        "timestamp": "20260407_130617",
        "grid_id": "672_384"
      }
    },
    {
      "type": "Feature",
      "geometry": {
        "type": "Polygon",
        "coordinates": [
          [
            [
              121.62046749886686,
              45.3061566937231
            ],
            [
              121.62962183845777,
              45.30578519237321
            ],
            [
              121.62909495578322,
              45.29932532789807
            ],
            [
              121.61994164896204,
              45.29969674604423
            ],
            [
              121.62046749886686,
              45.3061566937231
            ]
          ]
        ]
      },
      "properties": {
        "biomass": 114.63228607177734,
        "min_biomass": 80.35264587402344,
        "max_biomass": 196.1763153076172,
        "timestamp": "20260407_130617",
        "grid_id": "672_408"
      }
    },
    {
      "type": "Feature",
      "geometry": {
        "type": "Polygon",
        "coordinates": [
          [
            [
              121.62962183845777,
              45.30578519237321
            ],
            [
              121.63877599956183,
              45.30541295967919
            ],
            [
              121.63824808419143,
              45.29895317857049
            ],
            [
              121.62909495578322,
              45.29932532789807
            ],
            [
              121.62962183845777,
              45.30578519237321
            ]
          ]
        ]
      },
      "properties": {
        "biomass": 139.7480926513672,
        "min_biomass": 82.85140228271484,
        "max_biomass": 311.83526611328125,
        "timestamp": "20260407_130617",
        "grid_id": "672_432"
      }
    },
    {
      "type": "Feature",
      "geometry": {
        "type": "Polygon",
        "coordinates": [
          [
            [
              121.63877599956183,
              45.30541295967919
            ],
            [
              121.64792998183226,
              45.30503999567885
            ],
            [
              121.6474010338401,
              45.2985802980993
            ],
            [
              121.63824808419143,
              45.29895317857049
            ],
            [
              121.63877599956183,
              45.30541295967919
            ]
          ]
        ]
      },
      "properties": {
        "biomass": 169.73516845703125,
        "min_biomass": 89.94474792480469,
        "max_biomass": 305.7171630859375,
        "timestamp": "20260407_130617",
        "grid_id": "672_456"
      }
    },
    {
      "type": "Feature",
      "geometry": {
        "type": "Polygon",
        "coordinates": [
          [
            [
              121.64792998183226,
              45.30503999567885
            ],
            [
              121.6570837849224,
              45.30466630041002
            ],
            [
              121.65655380438268,
              45.29820668652229
            ],
            [
              121.6474010338401,
              45.2985802980993
            ],
            [
              121.64792998183226,
              45.30503999567885
            ]
          ]
        ]
      },
      "properties": {
        "biomass": 184.7364959716797,
        "min_biomass": 97.12301635742188,
        "max_biomass": 329.8532409667969,
        "timestamp": "20260407_130617",
        "grid_id": "672_480"
      }
    },
    {
      "type": "Feature",
      "geometry": {
        "type": "Polygon",
        "coordinates": [
          [
            [
              121.6570837849224,
              45.30466630041002
            ],
            [
              121.6662374084856,
              45.30429187391062
            ],
            [
              121.66570639547267,
              45.297832343877396
            ],
            [
              121.65655380438268,
              45.29820668652229
            ],
            [
              121.6570837849224,
              45.30466630041002
            ]
          ]
        ]
      },
      "properties": {
        "biomass": 166.99685668945312,
        "min_biomass": 89.22501373291016,
        "max_biomass": 273.78460693359375,
        "timestamp": "20260407_130617",
        "grid_id": "672_504"
      }
    },
    {
      "type": "Feature",
      "geometry": {
        "type": "Polygon",
        "coordinates": [
          [
            [
              121.6662374084856,
              45.30429187391062
            ],
            [
              121.67539085217525,
              45.30391671621867
            ],
            [
              121.67485880676361,
              45.29745727020258
            ],
            [
              121.66570639547267,
              45.297832343877396
            ],
            [
              121.6662374084856,
              45.30429187391062
            ]
          ]
        ]
      },
      "properties": {
        "biomass": 192.55958557128906,
        "min_biomass": 92.49884033203125,
        "max_biomass": 285.469482421875,
        "timestamp": "20260407_130617",
        "grid_id": "672_528"
      }
    },
    {
      "type": "Feature",
      "geometry": {
        "type": "Polygon",
        "coordinates": [
          [
            [
              121.4917768142965,
              45.30481980506928
            ],
            [
              121.50093258248334,
              45.30445862738707
            ],
            [
              121.50042033880455,
              45.2979976009921
            ],
            [
              121.49126560406032,
              45.29835869776822
            ],
            [
              121.4917768142965,
              45.30481980506928
            ]
          ]
        ]
      },
      "properties": {
        "biomass": 111.94955444335938,
        "min_biomass": 70.64739990234375,
        "max_biomass": 170.5051727294922,
        "timestamp": "20260407_130617",
        "grid_id": "696_72"
      }
    },
    {
      "type": "Feature",
      "geometry": {
        "type": "Polygon",
        "coordinates": [
          [
            [
              121.50093258248334,
              45.30445862738707
            ],
            [
              121.51008817711394,
              45.30409671800243
            ],
            [
              121.50957490006442,
              45.29763577267641
            ],
            [
              121.50042033880455,
              45.2979976009921
            ],
            [
              121.50093258248334,
              45.30445862738707
            ]
          ]
        ]
      },
      "properties": {
        "biomass": 141.8649444580078,
        "min_biomass": 83.6402816772461,
        "max_biomass": 237.2506103515625,
        "timestamp": "20260407_130617",
        "grid_id": "696_96"
      }
    },
    {
      "type": "Feature",
      "geometry": {
        "type": "Polygon",
        "coordinates": [
          [
            [
              121.51008817711394,
              45.30409671800243
            ],
            [
              121.51924359784114,
              45.303734076952104
            ],
            [
              121.51872928749292,
              45.2972732128579
            ],
            [
              121.50957490006442,
              45.29763577267641
            ],
            [
              121.51008817711394,
              45.30409671800243
            ]
          ]
        ]
      },
      "properties": {
        "biomass": 107.28823852539062,
        "min_biomass": 69.54361724853516,
        "max_biomass": 178.25765991210938,
        "timestamp": "20260407_130617",
        "grid_id": "696_120"
      }
    },
    {
      "type": "Feature",
      "geometry": {
        "type": "Polygon",
        "coordinates": [
          [
            [
              121.51924359784114,
              45.303734076952104
            ],
            [
              121.52839884431775,
              45.30337070427289
            ],
            [
              121.52788350074304,
              45.296909921573366
            ],
            [
              121.51872928749292,
              45.2972732128579
            ],
            [
              121.51924359784114,
              45.303734076952104
            ]
          ]
        ]
      },
      "properties": {
        "biomass": 83.7845230102539,
        "min_biomass": 69.4333267211914,
        "max_biomass": 121.2004623413086,
        "timestamp": "20260407_130617",
        "grid_id": "696_144"
      }
    },
    {
      "type": "Feature",
      "geometry": {
        "type": "Polygon",
        "coordinates": [
          [
            [
              121.52839884431775,
              45.30337070427289
            ],
            [
              121.5375539161967,
              45.30300660000171
            ],
            [
              121.5370375394678,
              45.29654589885969
            ],
            [
              121.52788350074304,
              45.296909921573366
            ],
            [
              121.52839884431775,
              45.30337070427289
            ]
          ]
        ]
      },
      "properties": {
        "biomass": 122.70185852050781,
        "min_biomass": 69.93909454345703,
        "max_biomass": 195.70021057128906,
        "timestamp": "20260407_130617",
        "grid_id": "696_168"
      }
    },
    {
      "type": "Feature",
      "geometry": {
        "type": "Polygon",
        "coordinates": [
          [
            [
              121.5375539161967,
              45.30300660000171
            ],
            [
              121.54670881313095,
              45.30264176417548
            ],
            [
              121.54619140332036,
              45.2961811447538
            ],
            [
              121.5370375394678,
              45.29654589885969
            ],
            [
              121.5375539161967,
              45.30300660000171
            ]
          ]
        ]
      },
      "properties": {
        "biomass": 121.32728576660156,
        "min_biomass": 69.94136047363281,
        "max_biomass": 204.4885711669922,
        "timestamp": "20260407_130617",
        "grid_id": "696_192"
      }
    },
    {
      "type": "Feature",
      "geometry": {
        "type": "Polygon",
        "coordinates": [
          [
            [
              121.54670881313095,
              45.30264176417548
            ],
            [
              121.55586353477345,
              45.30227619683128
            ],
            [
              121.55534509195377,
              45.29581565929273
            ],
            [
              121.54619140332036,
              45.2961811447538
            ],
            [
              121.54670881313095,
              45.30264176417548
            ]
          ]
        ]
      },
      "properties": {
        "biomass": 131.2244110107422,
        "min_biomass": 69.89958953857422,
        "max_biomass": 258.38116455078125,
        "timestamp": "20260407_130617",
        "grid_id": "696_216"
      }
    },
    {
      "type": "Feature",
      "geometry": {
        "type": "Polygon",
        "coordinates": [
          [
            [
              121.55586353477345,
              45.30227619683128
            ],
            [
              121.56501808077725,
              45.30190989800618
            ],
            [
              121.56449860502121,
              45.295449442513565
            ],
            [
              121.55534509195377,
              45.29581565929273
            ],
            [
              121.55586353477345,
              45.30227619683128
            ]
          ]
        ]
      },
      "properties": {
        "biomass": 171.9629669189453,
        "min_biomass": 96.07245635986328,
        "max_biomass": 268.7737731933594,
        "timestamp": "20260407_130617",
        "grid_id": "696_240"
      }
    },
    {
      "type": "Feature",
      "geometry": {
        "type": "Polygon",
        "coordinates": [
          [
            [
              121.56501808077725,
              45.30190989800618
            ],
            [
              121.57417245079542,
              45.30154286773738
            ],
            [
              121.57365194217591,
              45.295082494453474
            ],
            [
              121.56449860502121,
              45.295449442513565
            ],
            [
              121.56501808077725,
              45.30190989800618
            ]
          ]
        ]
      },
      "properties": {
        "biomass": 194.85443115234375,
        "min_biomass": 96.4900894165039,
        "max_biomass": 313.1534729003906,
        "timestamp": "20260407_130617",
        "grid_id": "696_264"
      }
    },
    {
      "type": "Feature",
      "geometry": {
        "type": "Polygon",
        "coordinates": [
          [
            [
              121.57417245079542,
              45.30154286773738
            ],
            [
              121.58332664448105,
              45.30117510606214
            ],
            [
              121.58280510307114,
              45.29471481514969
            ],
            [
              121.57365194217591,
              45.295082494453474
            ],
            [
              121.57417245079542,
              45.30154286773738
            ]
          ]
        ]
      },
      "properties": {
        "biomass": 177.86680603027344,
        "min_biomass": 90.06726837158203,
        "max_biomass": 391.0313720703125,
        "timestamp": "20260407_130617",
        "grid_id": "696_288"
      }
    },
    {
      "type": "Feature",
      "geometry": {
        "type": "Polygon",
        "coordinates": [
          [
            [
              121.58332664448105,
              45.30117510606214
            ],
            [
              121.59248066148731,
              45.30080661301775
            ],
            [
              121.59195808736014,
              45.29434640463952
            ],
            [
              121.58280510307114,
              45.29471481514969
            ],
            [
              121.58332664448105,
              45.30117510606214
            ]
          ]
        ]
      },
      "properties": {
        "biomass": 141.20896911621094,
        "min_biomass": 70.7888412475586,
        "max_biomass": 227.83033752441406,
        "timestamp": "20260407_130617",
        "grid_id": "696_312"
      }
    },
    {
      "type": "Feature",
      "geometry": {
        "type": "Polygon",
        "coordinates": [
          [
            [
              121.59248066148731,
              45.30080661301775
            ],
            [
              121.60163450146742,
              45.300437388641654
            ],
            [
              121.60111089469629,
              45.29397726296037
            ],
            [
              121.59195808736014,
              45.29434640463952
            ],
            [
              121.59248066148731,
              45.30080661301775
            ]
          ]
        ]
      },
      "properties": {
        "biomass": 97.9011459350586,
        "min_biomass": 69.45260620117188,
        "max_biomass": 170.21009826660156,
        "timestamp": "20260407_130617",
        "grid_id": "696_336"
      }
    },
    {
      "type": "Feature",
      "geometry": {
        "type": "Polygon",
        "coordinates": [
          [
            [
              121.60163450146742,
              45.300437388641654
            ],
            [
              121.61078816407453,
              45.300067432971304
            ],
            [
              121.61026352473296,
              45.29360739014967
            ],
            [
              121.60111089469629,
              45.29397726296037
            ],
            [
              121.60163450146742,
              45.300437388641654
            ]
          ]
        ]
      },
      "properties": {
        "biomass": 120.21118927001953,
        "min_biomass": 69.54361724853516,
        "max_biomass": 209.11058044433594,
        "timestamp": "20260407_130617",
        "grid_id": "696_360"
      }
    },
    {
      "type": "Feature",
      "geometry": {
        "type": "Polygon",
        "coordinates": [
          [
            [
              121.61078816407453,
              45.300067432971304
            ],
            [
              121.61994164896204,
              45.29969674604423
            ],
            [
              121.6194159771236,
              45.293236786244975
            ],
            [
              121.61026352473296,
              45.29360739014967
            ],
            [
              121.61078816407453,
              45.300067432971304
            ]
          ]
        ]
      },
      "properties": {
        "biomass": 129.93692016601562,
        "min_biomass": 80.99231719970703,
        "max_biomass": 261.7664794921875,
        "timestamp": "20260407_130617",
        "grid_id": "696_384"
      }
    },
    {
      "type": "Feature",
      "geometry": {
        "type": "Polygon",
        "coordinates": [
          [
            [
              121.61994164896204,
              45.29969674604423
            ],
            [
              121.62909495578322,
              45.29932532789807
            ],
            [
              121.62856825152163,
              45.29286545128387
            ],
            [
              121.6194159771236,
              45.293236786244975
            ],
            [
              121.61994164896204,
              45.29969674604423
            ]
          ]
        ]
      },
      "properties": {
        "biomass": 127.45011138916016,
        "min_biomass": 80.99231719970703,
        "max_biomass": 186.96971130371094,
        "timestamp": "20260407_130617",
        "grid_id": "696_408"
      }
    },
    {
      "type": "Feature",
      "geometry": {
        "type": "Polygon",
        "coordinates": [
          [
            [
              121.62909495578322,
              45.29932532789807
            ],
            [
              121.63824808419143,
              45.29895317857049
            ],
            [
              121.6377203475806,
              45.29249338530404
            ],
            [
              121.62856825152163,
              45.29286545128387
            ],
            [
              121.62909495578322,
              45.29932532789807
            ]
          ]
        ]
      },
      "properties": {
        "biomass": 172.173583984375,
        "min_biomass": 105.94783020019531,
        "max_biomass": 293.8523864746094,
        "timestamp": "20260407_130617",
        "grid_id": "696_432"
      }
    },
    {
      "type": "Feature",
      "geometry": {
        "type": "Polygon",
        "coordinates": [
          [
            [
              121.63824808419143,
              45.29895317857049
            ],
            [
              121.6474010338401,
              45.2985802980993
            ],
            [
              121.64687226495404,
              45.29212058834324
            ],
            [
              121.6377203475806,
              45.29249338530404
            ],
            [
              121.63824808419143,
              45.29895317857049
            ]
          ]
        ]
      },
      "properties": {
        "biomass": 213.25543212890625,
        "min_biomass": 102.35444641113281,
        "max_biomass": 308.602783203125,
        "timestamp": "20260407_130617",
        "grid_id": "696_456"
      }
    },
    {
      "type": "Feature",
      "geometry": {
        "type": "Polygon",
        "coordinates": [
          [
            [
              121.6474010338401,
              45.2985802980993
            ],
            [
              121.65655380438268,
              45.29820668652229
            ],
            [
              121.65602400329556,
              45.291747060439256
            ],
            [
              121.64687226495404,
              45.29212058834324
            ],
            [
              121.6474010338401,
              45.2985802980993
            ]
          ]
        ]
      },
      "properties": {
        "biomass": 200.7041778564453,
        "min_biomass": 98.57079315185547,
        "max_biomass": 318.1606140136719,
        "timestamp": "20260407_130617",
        "grid_id": "696_480"
      }
    },
    {
      "type": "Feature",
      "geometry": {
        "type": "Polygon",
        "coordinates": [
          [
            [
              121.65655380438268,
              45.29820668652229
            ],
            [
              121.66570639547267,
              45.297832343877396
            ],
            [
              121.66517556225878,
              45.291372801630025
            ],
            [
              121.65602400329556,
              45.291747060439256
            ],
            [
              121.65655380438268,
              45.29820668652229
            ]
          ]
        ]
      },
      "properties": {
        "biomass": 194.12612915039062,
        "min_biomass": 122.29827880859375,
        "max_biomass": 300.6106872558594,
        "timestamp": "20260407_130617",
        "grid_id": "696_504"
      }
    },
    {
      "type": "Feature",
      "geometry": {
        "type": "Polygon",
        "coordinates": [
          [
            [
              121.66570639547267,
              45.297832343877396
            ],
            [
              121.67485880676361,
              45.29745727020258
            ],
            [
              121.67432694149741,
              45.290997811953495
            ],
            [
              121.66517556225878,
              45.291372801630025
            ],
            [
              121.66570639547267,
              45.297832343877396
            ]
          ]
        ]
      },
      "properties": {
        "biomass": 192.4562530517578,
        "min_biomass": 103.1135482788086,
        "max_biomass": 270.1142272949219,
        "timestamp": "20260407_130617",
        "grid_id": "696_528"
      }
    },
    {
      "type": "Feature",
      "geometry": {
        "type": "Polygon",
        "coordinates": [
          [
            [
              121.49126560406032,
              45.29835869776822
            ],
            [
              121.50042033880455,
              45.2979976009921
            ],
            [
              121.49990826861007,
              45.2915365627183
            ],
            [
              121.49075456696143,
              45.291897578606516
            ],
            [
              121.49126560406032,
              45.29835869776822
            ]
          ]
        ]
      },
      "properties": {
        "biomass": 96.46590423583984,
        "min_biomass": 69.81060028076172,
        "max_biomass": 162.26217651367188,
        "timestamp": "20260407_130617",
        "grid_id": "720_72"
      }
    },
    {
      "type": "Feature",
      "geometry": {
        "type": "Polygon",
        "coordinates": [
          [
            [
              121.50042033880455,
              45.2979976009921
            ],
            [
              121.50957490006442,
              45.29763577267641
            ],
            [
              121.50906179684627,
              45.29117481545337
            ],
            [
              121.49990826861007,
              45.2915365627183
            ],
            [
              121.50042033880455,
              45.2979976009921
            ]
          ]
        ]
      },
      "properties": {
        "biomass": 91.85464477539062,
        "min_biomass": 69.54361724853516,
        "max_biomass": 156.4878387451172,
        "timestamp": "20260407_130617",
        "grid_id": "720_96"
      }
    },
    {
      "type": "Feature",
      "geometry": {
        "type": "Polygon",
        "coordinates": [
          [
            [
              121.50957490006442,
              45.29763577267641
            ],
            [
              121.51872928749292,
              45.2972732128579
            ],
            [
              121.51821515132308,
              45.29081233684844
            ],
            [
              121.50906179684627,
              45.29117481545337
            ],
            [
              121.50957490006442,
              45.29763577267641
            ]
          ]
        ]
      },
      "properties": {
        "biomass": 102.40191650390625,
        "min_biomass": 69.83386993408203,
        "max_biomass": 188.29803466796875,
        "timestamp": "20260407_130617",
        "grid_id": "720_120"
      }
    },
    {
      "type": "Feature",
      "geometry": {
        "type": "Polygon",
        "coordinates": [
          [
            [
              121.51872928749292,
              45.2972732128579
            ],
            [
              121.52788350074304,
              45.296909921573366
            ],
            [
              121.52736833169367,
              45.29044912694031
            ],
            [
              121.51821515132308,
              45.29081233684844
            ],
            [
              121.51872928749292,
              45.2972732128579
            ]
          ]
        ]
      },
      "properties": {
        "biomass": 86.86354064941406,
        "min_biomass": 69.53742218017578,
        "max_biomass": 118.89729309082031,
        "timestamp": "20260407_130617",
        "grid_id": "720_144"
      }
    },
    {
      "type": "Feature",
      "geometry": {
        "type": "Polygon",
        "coordinates": [
          [
            [
              121.52788350074304,
              45.296909921573366
            ],
            [
              121.5370375394678,
              45.29654589885969
            ],
            [
              121.53652133761118,
              45.290085185765825
            ],
            [
              121.52736833169367,
              45.29044912694031
            ],
            [
              121.52788350074304,
              45.296909921573366
            ]
          ]
        ]
      },
      "properties": {
        "biomass": 89.2416763305664,
        "min_biomass": 69.54361724853516,
        "max_biomass": 165.12672424316406,
        "timestamp": "20260407_130617",
        "grid_id": "720_168"
      }
    },
    {
      "type": "Feature",
      "geometry": {
        "type": "Polygon",
        "coordinates": [
          [
            [
              121.5370375394678,
              45.29654589885969
            ],
            [
              121.54619140332036,
              45.2961811447538
            ],
            [
              121.54567416872888,
              45.28972051336192
            ],
            [
              121.53652133761118,
              45.290085185765825
            ],
            [
              121.5370375394678,
              45.29654589885969
            ]
          ]
        ]
      },
      "properties": {
        "biomass": 133.229248046875,
        "min_biomass": 69.56295776367188,
        "max_biomass": 218.86529541015625,
        "timestamp": "20260407_130617",
        "grid_id": "720_192"
      }
    },
    {
      "type": "Feature",
      "geometry": {
        "type": "Polygon",
        "coordinates": [
          [
            [
              121.54619140332036,
              45.2961811447538
            ],
            [
              121.55534509195377,
              45.29581565929273
            ],
            [
              121.55482682470002,
              45.28935510976559
            ],
            [
              121.54567416872888,
              45.28972051336192
            ],
            [
              121.54619140332036,
              45.2961811447538
            ]
          ]
        ]
      },
      "properties": {
        "biomass": 152.30020141601562,
        "min_biomass": 93.46656036376953,
        "max_biomass": 207.16439819335938,
        "timestamp": "20260407_130617",
        "grid_id": "720_216"
      }
    },
    {
      "type": "Feature",
      "geometry": {
        "type": "Polygon",
        "coordinates": [
          [
            [
              121.55534509195377,
              45.29581565929273
            ],
            [
              121.56449860502121,
              45.295449442513565
            ],
            [
              121.56397930517791,
              45.28898897501392
            ],
            [
              121.55482682470002,
              45.28935510976559
            ],
            [
              121.55534509195377,
              45.29581565929273
            ]
          ]
        ]
      },
      "properties": {
        "biomass": 130.64645385742188,
        "min_biomass": 80.61146545410156,
        "max_biomass": 215.48056030273438,
        "timestamp": "20260407_130617",
        "grid_id": "720_240"
      }
    },
    {
      "type": "Feature",
      "geometry": {
        "type": "Polygon",
        "coordinates": [
          [
            [
              121.56449860502121,
              45.295449442513565
            ],
            [
              121.57365194217591,
              45.295082494453474
            ],
            [
              121.5731316098159,
              45.28862210914409
            ],
            [
              121.56397930517791,
              45.28898897501392
            ],
            [
              121.56449860502121,
              45.295449442513565
            ]
          ]
        ]
      },
      "properties": {
        "biomass": 186.34207153320312,
        "min_biomass": 81.50509643554688,
        "max_biomass": 333.0350036621094,
        "timestamp": "20260407_130617",
        "grid_id": "720_264"
      }
    },
    {
      "type": "Feature",
      "geometry": {
        "type": "Polygon",
        "coordinates": [
          [
            [
              121.57365194217591,
              45.295082494453474
            ],
            [
              121.58280510307114,
              45.29471481514969
            ],
            [
              121.58228373826739,
              45.288254512193284
            ],
            [
              121.5731316098159,
              45.28862210914409
            ],
            [
              121.57365194217591,
              45.295082494453474
            ]
          ]
        ]
      },
      "properties": {
        "biomass": 212.69996643066406,
        "min_biomass": 94.4964370727539,
        "max_biomass": 373.68878173828125,
        "timestamp": "20260407_130617",
        "grid_id": "720_288"
      }
    },
    {
      "type": "Feature",
      "geometry": {
        "type": "Polygon",
        "coordinates": [
          [
            [
              121.58280510307114,
              45.29471481514969
            ],
            [
              121.59195808736014,
              45.29434640463952
            ],
            [
              121.59143569018583,
              45.28788618419881
            ],
            [
              121.58228373826739,
              45.288254512193284
            ],
            [
              121.58280510307114,
              45.29471481514969
            ]
          ]
        ]
      },
      "properties": {
        "biomass": 166.682861328125,
        "min_biomass": 94.43743896484375,
        "max_biomass": 252.3333740234375,
        "timestamp": "20260407_130617",
        "grid_id": "720_312"
      }
    },
    {
      "type": "Feature",
      "geometry": {
        "type": "Polygon",
        "coordinates": [
          [
            [
              121.59195808736014,
              45.29434640463952
            ],
            [
              121.60111089469629,
              45.29397726296037
            ],
            [
              121.60058746522466,
              45.28751712519804
            ],
            [
              121.59143569018583,
              45.28788618419881
            ],
            [
              121.59195808736014,
              45.29434640463952
            ]
          ]
        ]
      },
      "properties": {
        "biomass": 135.49517822265625,
        "min_biomass": 88.55197143554688,
        "max_biomass": 252.6269073486328,
        "timestamp": "20260407_130617",
        "grid_id": "720_336"
      }
    },
    {
      "type": "Feature",
      "geometry": {
        "type": "Polygon",
        "coordinates": [
          [
            [
              121.60111089469629,
              45.29397726296037
            ],
            [
              121.61026352473296,
              45.29360739014967
            ],
            [
              121.60973906303745,
              45.28714733522842
            ],
            [
              121.60058746522466,
              45.28751712519804
            ],
            [
              121.60111089469629,
              45.29397726296037
            ]
          ]
        ]
      },
      "properties": {
        "biomass": 113.1755142211914,
        "min_biomass": 69.54361724853516,
        "max_biomass": 200.6304168701172,
        "timestamp": "20260407_130617",
        "grid_id": "720_360"
      }
    },
    {
      "type": "Feature",
      "geometry": {
        "type": "Polygon",
        "coordinates": [
          [
            [
              121.61026352473296,
              45.29360739014967
            ],
            [
              121.6194159771236,
              45.293236786244975
            ],
            [
              121.61889048327774,
              45.286776814327474
            ],
            [
              121.60973906303745,
              45.28714733522842
            ],
            [
              121.61026352473296,
              45.29360739014967
            ]
          ]
        ]
      },
      "properties": {
        "biomass": 113.61892700195312,
        "min_biomass": 75.35865783691406,
        "max_biomass": 171.04220581054688,
        "timestamp": "20260407_130617",
        "grid_id": "720_384"
      }
    },
    {
      "type": "Feature",
      "geometry": {
        "type": "Polygon",
        "coordinates": [
          [
            [
              121.6194159771236,
              45.293236786244975
            ],
            [
              121.62856825152163,
              45.29286545128387
            ],
            [
              121.62804172559913,
              45.286405562532764
            ],
            [
              121.61889048327774,
              45.286776814327474
            ],
            [
              121.6194159771236,
              45.293236786244975
            ]
          ]
        ]
      },
      "properties": {
        "biomass": 118.90009307861328,
        "min_biomass": 83.0601577758789,
        "max_biomass": 182.0734100341797,
        "timestamp": "20260407_130617",
        "grid_id": "720_408"
      }
    },
    {
      "type": "Feature",
      "geometry": {
        "type": "Polygon",
        "coordinates": [
          [
            [
              121.62856825152163,
              45.29286545128387
            ],
            [
              121.6377203475806,
              45.29249338530404
            ],
            [
              121.63719278965527,
              45.286033579881966
            ],
            [
              121.62804172559913,
              45.286405562532764
            ],
            [
              121.62856825152163,
              45.29286545128387
            ]
          ]
        ]
      },
      "properties": {
        "biomass": 133.6429443359375,
        "min_biomass": 90.57064819335938,
        "max_biomass": 198.8172149658203,
        "timestamp": "20260407_130617",
        "grid_id": "720_432"
      }
    },
    {
      "type": "Feature",
      "geometry": {
        "type": "Polygon",
        "coordinates": [
          [
            [
              121.6377203475806,
              45.29249338530404
            ],
            [
              121.64687226495404,
              45.29212058834324
            ],
            [
              121.64634367509989,
              45.28566086641279
            ],
            [
              121.63719278965527,
              45.286033579881966
            ],
            [
              121.6377203475806,
              45.29249338530404
            ]
          ]
        ]
      },
      "properties": {
        "biomass": 131.14208984375,
        "min_biomass": 88.33128356933594,
        "max_biomass": 264.58990478515625,
        "timestamp": "20260407_130617",
        "grid_id": "720_456"
      }
    },
    {
      "type": "Feature",
      "geometry": {
        "type": "Polygon",
        "coordinates": [
          [
            [
              121.64687226495404,
              45.29212058834324
            ],
            [
              121.65602400329556,
              45.291747060439256
            ],
            [
              121.6554943815867,
              45.285287422163094
            ],
            [
              121.64634367509989,
              45.28566086641279
            ],
            [
              121.64687226495404,
              45.29212058834324
            ]
          ]
        ]
      },
      "properties": {
        "biomass": 126.93003845214844,
        "min_biomass": 90.56744384765625,
        "max_biomass": 223.2726593017578,
        "timestamp": "20260407_130617",
        "grid_id": "720_480"
      }
    },
    {
      "type": "Feature",
      "geometry": {
        "type": "Polygon",
        "coordinates": [
          [
            [
              121.65602400329556,
              45.291747060439256
            ],
            [
              121.66517556225878,
              45.291372801630025
            ],
            [
              121.66464490876952,
              45.284913247170714
            ],
            [
              121.6554943815867,
              45.285287422163094
            ],
            [
              121.65602400329556,
              45.291747060439256
            ]
          ]
        ]
      },
      "properties": {
        "biomass": 188.55674743652344,
        "min_biomass": 99.3146743774414,
        "max_biomass": 265.0787353515625,
        "timestamp": "20260407_130617",
        "grid_id": "720_504"
      }
    },
    {
      "type": "Feature",
      "geometry": {
        "type": "Polygon",
        "coordinates": [
          [
            [
              121.66517556225878,
              45.291372801630025
            ],
            [
              121.67432694149741,
              45.290997811953495
            ],
            [
              121.6737952563021,
              45.284538341473606
            ],
            [
              121.66464490876952,
              45.284913247170714
            ],
            [
              121.66517556225878,
              45.291372801630025
            ]
          ]
        ]
      },
      "properties": {
        "biomass": 212.06057739257812,
        "min_biomass": 119.74935913085938,
        "max_biomass": 276.3682556152344,
        "timestamp": "20260407_130617",
        "grid_id": "720_528"
      }
    },
    {
      "type": "Feature",
      "geometry": {
        "type": "Polygon",
        "coordinates": [
          [
            [
              121.49075456696143,
              45.291897578606516
            ],
            [
              121.49990826861007,
              45.2915365627183
            ],
            [
              121.49939637182811,
              45.2850755125677
            ],
            [
              121.49024370292805,
              45.28543644758616
            ],
            [
              121.49075456696143,
              45.291897578606516
            ]
          ]
        ]
      },
      "properties": {
        "biomass": 95.1198501586914,
        "min_biomass": 70.39421844482422,
        "max_biomass": 162.89788818359375,
        "timestamp": "20260407_130617",
        "grid_id": "744_72"
      }
    },
    {
      "type": "Feature",
      "geometry": {
        "type": "Polygon",
        "coordinates": [
          [
            [
              121.49990826861007,
              45.2915365627183
            ],
            [
              121.50906179684627,
              45.29117481545337
            ],
            [
              121.50854886738752,
              45.28471384633533
            ],
            [
              121.49939637182811,
              45.2850755125677
            ],
            [
              121.49990826861007,
              45.2915365627183
            ]
          ]
        ]
      },
      "properties": {
        "biomass": 92.57745361328125,
        "min_biomass": 69.5191879272461,
        "max_biomass": 151.14501953125,
        "timestamp": "20260407_130617",
        "grid_id": "744_96"
      }
    },
    {
      "type": "Feature",
      "geometry": {
        "type": "Polygon",
        "coordinates": [
          [
            [
              121.50906179684627,
              45.29117481545337
            ],
            [
              121.51821515132308,
              45.29081233684844
            ],
            [
              121.51770118925951,
              45.284351448925754
            ],
            [
              121.50854886738752,
              45.28471384633533
            ],
            [
              121.50906179684627,
              45.29117481545337
            ]
          ]
        ]
      },
      "properties": {
        "biomass": 91.16119384765625,
        "min_biomass": 70.0199966430664,
        "max_biomass": 181.8652801513672,
        "timestamp": "20260407_130617",
        "grid_id": "744_120"
      }
    },
    {
      "type": "Feature",
      "geometry": {
        "type": "Polygon",
        "coordinates": [
          [
            [
              121.51821515132308,
              45.29081233684844
            ],
            [
              121.52736833169367,
              45.29044912694031
            ],
            [
              121.52685333709735,
              45.28398832037575
            ],
            [
              121.51770118925951,
              45.284351448925754
            ],
            [
              121.51821515132308,
              45.29081233684844
            ]
          ]
        ]
      },
      "properties": {
        "biomass": 86.40277862548828,
        "min_biomass": 69.4333267211914,
        "max_biomass": 174.52354431152344,
        "timestamp": "20260407_130617",
        "grid_id": "744_144"
      }
    },
    {
      "type": "Feature",
      "geometry": {
        "type": "Polygon",
        "coordinates": [
          [
            [
              121.52736833169367,
              45.29044912694031
            ],
            [
              121.53652133761118,
              45.290085185765825
            ],
            [
              121.53600531055437,
              45.28362446072216
            ],
            [
              121.52685333709735,
              45.28398832037575
            ],
            [
              121.52736833169367,
              45.29044912694031
            ]
          ]
        ]
      },
      "properties": {
        "biomass": 92.55059814453125,
        "min_biomass": 69.44874572753906,
        "max_biomass": 133.96449279785156,
        "timestamp": "20260407_130617",
        "grid_id": "744_168"
      }
    },
    {
      "type": "Feature",
      "geometry": {
        "type": "Polygon",
        "coordinates": [
          [
            [
              121.53652133761118,
              45.290085185765825
            ],
            [
              121.54567416872888,
              45.28972051336192
            ],
            [
              121.54515710928399,
              45.2832598700019
            ],
            [
              121.53600531055437,
              45.28362446072216
            ],
            [
              121.53652133761118,
              45.290085185765825
            ]
          ]
        ]
      },
      "properties": {
        "biomass": 115.92153930664062,
        "min_biomass": 70.2667007446289,
        "max_biomass": 197.5540771484375,
        "timestamp": "20260407_130617",
        "grid_id": "744_192"
      }
    },
    {
      "type": "Feature",
      "geometry": {
        "type": "Polygon",
        "coordinates": [
          [
            [
              121.54567416872888,
              45.28972051336192
            ],
            [
              121.55482682470002,
              45.28935510976559
            ],
            [
              121.55430873293955,
              45.28289454825195
            ],
            [
              121.54515710928399,
              45.2832598700019
            ],
            [
              121.54567416872888,
              45.28972051336192
            ]
          ]
        ]
      },
      "properties": {
        "biomass": 162.4087677001953,
        "min_biomass": 85.43585968017578,
        "max_biomass": 263.1522216796875,
        "timestamp": "20260407_130617",
        "grid_id": "744_216"
      }
    },
    {
      "type": "Feature",
      "geometry": {
        "type": "Polygon",
        "coordinates": [
          [
            [
              121.55482682470002,
              45.28935510976559
            ],
            [
              121.56397930517791,
              45.28898897501392
            ],
            [
              121.5634601811745,
              45.282528495509396
            ],
            [
              121.55430873293955,
              45.28289454825195
            ],
            [
              121.55482682470002,
              45.28935510976559
            ]
          ]
        ]
      },
      "properties": {
        "biomass": 171.05227661132812,
        "min_biomass": 105.86178588867188,
        "max_biomass": 251.0592498779297,
        "timestamp": "20260407_130617",
        "grid_id": "744_240"
      }
    },
    {
      "type": "Feature",
      "geometry": {
        "type": "Polygon",
        "coordinates": [
          [
            [
              121.56397930517791,
              45.28898897501392
            ],
            [
              121.5731316098159,
              45.28862210914409
            ],
            [
              121.5726114536424,
              45.28216171181135
            ],
            [
              121.5634601811745,
              45.282528495509396
            ],
            [
              121.56397930517791,
              45.28898897501392
            ]
          ]
        ]
      },
      "properties": {
        "biomass": 190.88388061523438,
        "min_biomass": 108.65351104736328,
        "max_biomass": 274.01812744140625,
        "timestamp": "20260407_130617",
        "grid_id": "744_264"
      }
    },
    {
      "type": "Feature",
      "geometry": {
        "type": "Polygon",
        "coordinates": [
          [
            [
              121.5731316098159,
              45.28862210914409
            ],
            [
              121.58228373826739,
              45.288254512193284
            ],
            [
              121.58176254999675,
              45.281794197195055
            ],
            [
              121.5726114536424,
              45.28216171181135
            ],
            [
              121.5731316098159,
              45.28862210914409
            ]
          ]
        ]
      },
      "properties": {
        "biomass": 181.72572326660156,
        "min_biomass": 101.6981201171875,
        "max_biomass": 281.9769592285156,
        "timestamp": "20260407_130617",
        "grid_id": "744_288"
      }
    },
    {
      "type": "Feature",
      "geometry": {
        "type": "Polygon",
        "coordinates": [
          [
            [
              121.58228373826739,
              45.288254512193284
            ],
            [
              121.59143569018583,
              45.28788618419881
            ],
            [
              121.59091346989109,
              45.281425951697756
            ],
            [
              121.58176254999675,
              45.281794197195055
            ],
            [
              121.58228373826739,
              45.288254512193284
            ]
          ]
        ]
      },
      "properties": {
        "biomass": 172.9919891357422,
        "min_biomass": 105.96814727783203,
        "max_biomass": 261.5583190917969,
        "timestamp": "20260407_130617",
        "grid_id": "744_312"
      }
    },
    {
      "type": "Feature",
      "geometry": {
        "type": "Polygon",
        "coordinates": [
          [
            [
              121.59143569018583,
              45.28788618419881
            ],
            [
              121.60058746522466,
              45.28751712519804
            ],
            [
              121.60006421297912,
              45.28105697535682
            ],
            [
              121.59091346989109,
              45.281425951697756
            ],
            [
              121.59143569018583,
              45.28788618419881
            ]
          ]
        ]
      },
      "properties": {
        "biomass": 178.24655151367188,
        "min_biomass": 107.98428344726562,
        "max_biomass": 265.3059387207031,
        "timestamp": "20260407_130617",
        "grid_id": "744_336"
      }
    },
    {
      "type": "Feature",
      "geometry": {
        "type": "Polygon",
        "coordinates": [
          [
            [
              121.60058746522466,
              45.28751712519804
            ],
            [
              121.60973906303745,
              45.28714733522842
            ],
            [
              121.60921477891442,
              45.28068726820967
            ],
            [
              121.60006421297912,
              45.28105697535682
            ],
            [
              121.60058746522466,
              45.28751712519804
            ]
          ]
        ]
      },
      "properties": {
        "biomass": 144.68923950195312,
        "min_biomass": 103.68104553222656,
        "max_biomass": 292.9486389160156,
        "timestamp": "20260407_130617",
        "grid_id": "744_360"
      }
    },
    {
      "type": "Feature",
      "geometry": {
        "type": "Polygon",
        "coordinates": [
          [
            [
              121.60973906303745,
              45.28714733522842
            ],
            [
              121.61889048327774,
              45.286776814327474
            ],
            [
              121.61836516735075,
              45.28031683029383
            ],
            [
              121.60921477891442,
              45.28068726820967
            ],
            [
              121.60973906303745,
              45.28714733522842
            ]
          ]
        ]
      },
      "properties": {
        "biomass": 113.69287109375,
        "min_biomass": 85.40483856201172,
        "max_biomass": 184.48204040527344,
        "timestamp": "20260407_130617",
        "grid_id": "744_384"
      }
    },
    {
      "type": "Feature",
      "geometry": {
        "type": "Polygon",
        "coordinates": [
          [
            [
              121.61889048327774,
              45.286776814327474
            ],
            [
              121.62804172559913,
              45.286405562532764
            ],
            [
              121.62751537794186,
              45.27994566164685
            ],
            [
              121.61836516735075,
              45.28031683029383
            ],
            [
              121.61889048327774,
              45.286776814327474
            ]
          ]
        ]
      },
      "properties": {
        "biomass": 111.0711669921875,
        "min_biomass": 81.5631103515625,
        "max_biomass": 174.50921630859375,
        "timestamp": "20260407_130617",
        "grid_id": "744_408"
      }
    },
    {
      "type": "Feature",
      "geometry": {
        "type": "Polygon",
        "coordinates": [
          [
            [
              121.62804172559913,
              45.286405562532764
            ],
            [
              121.63719278965527,
              45.286033579881966
            ],
            [
              121.63666541034151,
              45.279573762306384
            ],
            [
              121.62751537794186,
              45.27994566164685
            ],
            [
              121.62804172559913,
              45.286405562532764
            ]
          ]
        ]
      },
      "properties": {
        "biomass": 120.10771942138672,
        "min_biomass": 88.63086700439453,
        "max_biomass": 180.8325653076172,
        "timestamp": "20260407_130617",
        "grid_id": "744_432"
      }
    },
    {
      "type": "Feature",
      "geometry": {
        "type": "Polygon",
        "coordinates": [
          [
            [
              121.63719278965527,
              45.286033579881966
            ],
            [
              121.64634367509989,
              45.28566086641279
            ],
            [
              121.64581526420358,
              45.279201132310135
            ],
            [
              121.63666541034151,
              45.279573762306384
            ],
            [
              121.63719278965527,
              45.286033579881966
            ]
          ]
        ]
      },
      "properties": {
        "biomass": 125.27764129638672,
        "min_biomass": 88.85408020019531,
        "max_biomass": 199.005615234375,
        "timestamp": "20260407_130617",
        "grid_id": "744_456"
      }
    },
    {
      "type": "Feature",
      "geometry": {
        "type": "Polygon",
        "coordinates": [
          [
            [
              121.64634367509989,
              45.28566086641279
            ],
            [
              121.6554943815867,
              45.285287422163094
            ],
            [
              121.6549649391819,
              45.27882777169594
            ],
            [
              121.64581526420358,
              45.279201132310135
            ],
            [
              121.64634367509989,
              45.28566086641279
            ]
          ]
        ]
      },
      "properties": {
        "biomass": 136.4263458251953,
        "min_biomass": 92.68913269042969,
        "max_biomass": 216.68739318847656,
        "timestamp": "20260407_130617",
        "grid_id": "744_480"
      }
    },
    {
      "type": "Feature",
      "geometry": {
        "type": "Polygon",
        "coordinates": [
          [
            [
              121.6554943815867,
              45.285287422163094
            ],
            [
              121.66464490876952,
              45.284913247170714
            ],
            [
              121.66411443493044,
              45.2784536805016
            ],
            [
              121.6549649391819,
              45.27882777169594
            ],
            [
              121.6554943815867,
              45.285287422163094
            ]
          ]
        ]
      },
      "properties": {
        "biomass": 179.02792358398438,
        "min_biomass": 77.20709991455078,
        "max_biomass": 301.065673828125,
        "timestamp": "20260407_130617",
        "grid_id": "744_504"
      }
    },
    {
      "type": "Feature",
      "geometry": {
        "type": "Polygon",
        "coordinates": [
          [
            [
              121.66464490876952,
              45.284913247170714
            ],
            [
              121.6737952563021,
              45.284538341473606
            ],
            [
              121.67326375110312,
              45.27807885876511
            ],
            [
              121.66411443493044,
              45.2784536805016
            ],
            [
              121.66464490876952,
              45.284913247170714
            ]
          ]
        ]
      },
      "properties": {
        "biomass": 222.9708251953125,
        "min_biomass": 111.35047149658203,
        "max_biomass": 310.6422424316406,
        "timestamp": "20260407_130617",
        "grid_id": "744_528"
      }
    },
    {
      "type": "Feature",
      "geometry": {
        "type": "Polygon",
        "coordinates": [
          [
            [
              121.6737952563021,
              45.284538341473606
            ],
            [
              121.68294542383836,
              45.28416270510982
            ],
            [
              121.68241288735398,
              45.27770330652443
            ],
            [
              121.67326375110312,
              45.27807885876511
            ],
            [
              121.6737952563021,
              45.284538341473606
            ]
          ]
        ]
      },
      "properties": {
        "biomass": 209.50967407226562,
        "min_biomass": 117.43282318115234,
        "max_biomass": 333.2768859863281,
        "timestamp": "20260407_130617",
        "grid_id": "744_552"
      }
    },
    {
      "type": "Feature",
      "geometry": {
        "type": "Polygon",
        "coordinates": [
          [
            [
              121.68294542383836,
              45.28416270510982
            ],
            [
              121.69209541103221,
              45.28378633811742
            ],
            [
              121.69156184333708,
              45.277327023817676
            ],
            [
              121.68241288735398,
              45.27770330652443
            ],
            [
              121.68294542383836,
              45.28416270510982
            ]
          ]
        ]
      },
      "properties": {
        "biomass": 186.72068786621094,
        "min_biomass": 101.20368957519531,
        "max_biomass": 280.3031005859375,
        "timestamp": "20260407_130617",
        "grid_id": "744_576"
      }
    },
    {
      "type": "Feature",
      "geometry": {
        "type": "Polygon",
        "coordinates": [
          [
            [
              121.49024370292805,
              45.28543644758616
            ],
            [
              121.49939637182811,
              45.2850755125677
            ],
            [
              121.49888464838679,
              45.278614450542285
            ],
            [
              121.48973301188855,
              45.27897530470914
            ],
            [
              121.49024370292805,
              45.28543644758616
            ]
          ]
        ]
      },
      "properties": {
        "biomass": 179.84237670898438,
        "min_biomass": 179.84237670898438,
        "max_biomass": 179.84237670898438,
        "timestamp": "20260407_130617",
        "grid_id": "768_72"
      }
    },
    {
      "type": "Feature",
      "geometry": {
        "type": "Polygon",
        "coordinates": [
          [
            [
              121.49939637182811,
              45.2850755125677
            ],
            [
              121.50854886738752,
              45.28471384633533
            ],
            [
              121.50803611161616,
              45.27825286532428
            ],
            [
              121.49888464838679,
              45.278614450542285
            ],
            [
              121.49939637182811,
              45.2850755125677
            ]
          ]
        ]
      },
      "properties": {
        "biomass": 131.25726318359375,
        "min_biomass": 70.41320037841797,
        "max_biomass": 207.7235107421875,
        "timestamp": "20260407_130617",
        "grid_id": "768_96"
      }
    },
    {
      "type": "Feature",
      "geometry": {
        "type": "Polygon",
        "coordinates": [
          [
            [
              121.50854886738752,
              45.28471384633533
            ],
            [
              121.51770118925951,
              45.284351448925754
            ],
            [
              121.51718740123005,
              45.27789054909185
            ],
            [
              121.50803611161616,
              45.27825286532428
            ],
            [
              121.50854886738752,
              45.28471384633533
            ]
          ]
        ]
      },
      "properties": {
        "biomass": 101.1922378540039,
        "min_biomass": 69.4333267211914,
        "max_biomass": 197.1757354736328,
        "timestamp": "20260407_130617",
        "grid_id": "768_120"
      }
    },
    {
      "type": "Feature",
      "geometry": {
        "type": "Polygon",
        "coordinates": [
          [
            [
              121.51770118925951,
              45.284351448925754
            ],
            [
              121.52685333709735,
              45.28398832037575
            ],
            [
              121.52633851688186,
              45.277527501881714
            ],
            [
              121.51718740123005,
              45.27789054909185
            ],
            [
              121.51770118925951,
              45.284351448925754
            ]
          ]
        ]
      },
      "properties": {
        "biomass": 83.98626708984375,
        "min_biomass": 69.55953216552734,
        "max_biomass": 126.6847152709961,
        "timestamp": "20260407_130617",
        "grid_id": "768_144"
      }
    },
    {
      "type": "Feature",
      "geometry": {
        "type": "Polygon",
        "coordinates": [
          [
            [
              121.52685333709735,
              45.28398832037575
            ],
            [
              121.53600531055437,
              45.28362446072216
            ],
            [
              121.53548945822503,
              45.27716372373072
            ],
            [
              121.52633851688186,
              45.277527501881714
            ],
            [
              121.52685333709735,
              45.28398832037575
            ]
          ]
        ]
      },
      "properties": {
        "biomass": 84.74609375,
        "min_biomass": 69.93148803710938,
        "max_biomass": 134.8590087890625,
        "timestamp": "20260407_130617",
        "grid_id": "768_168"
      }
    },
    {
      "type": "Feature",
      "geometry": {
        "type": "Polygon",
        "coordinates": [
          [
            [
              121.53600531055437,
              45.28362446072216
            ],
            [
              121.54515710928399,
              45.2832598700019
            ],
            [
              121.54464022491312,
              45.27679921467577
            ],
            [
              121.53548945822503,
              45.27716372373072
            ],
            [
              121.53600531055437,
              45.28362446072216
            ]
          ]
        ]
      },
      "properties": {
        "biomass": 88.87712097167969,
        "min_biomass": 69.43103790283203,
        "max_biomass": 152.38320922851562,
        "timestamp": "20260407_130617",
        "grid_id": "768_192"
      }
    },
    {
      "type": "Feature",
      "geometry": {
        "type": "Polygon",
        "coordinates": [
          [
            [
              121.54515710928399,
              45.2832598700019
            ],
            [
              121.55430873293955,
              45.28289454825195
            ],
            [
              121.55379081659964,
              45.27643397475385
            ],
            [
              121.54464022491312,
              45.27679921467577
            ],
            [
              121.54515710928399,
              45.2832598700019
            ]
          ]
        ]
      },
      "properties": {
        "biomass": 121.83092498779297,
        "min_biomass": 74.58901977539062,
        "max_biomass": 203.1702117919922,
        "timestamp": "20260407_130617",
        "grid_id": "768_216"
      }
    },
    {
      "type": "Feature",
      "geometry": {
        "type": "Polygon",
        "coordinates": [
          [
            [
              121.55430873293955,
              45.28289454825195
            ],
            [
              121.5634601811745,
              45.282528495509396
            ],
            [
              121.56294123293823,
              45.276068004001985
            ],
            [
              121.55379081659964,
              45.27643397475385
            ],
            [
              121.55430873293955,
              45.28289454825195
            ]
          ]
        ]
      },
      "properties": {
        "biomass": 109.24761962890625,
        "min_biomass": 69.9228744506836,
        "max_biomass": 167.5704345703125,
        "timestamp": "20260407_130617",
        "grid_id": "768_240"
      }
    },
    {
      "type": "Feature",
      "geometry": {
        "type": "Polygon",
        "coordinates": [
          [
            [
              121.5634601811745,
              45.282528495509396
            ],
            [
              121.5726114536424,
              45.28216171181135
            ],
            [
              121.57209147358247,
              45.275701302457314
            ],
            [
              121.56294123293823,
              45.276068004001985
            ],
            [
              121.5634601811745,
              45.282528495509396
            ]
          ]
        ]
      },
      "properties": {
        "biomass": 142.6033477783203,
        "min_biomass": 81.12145233154297,
        "max_biomass": 213.42013549804688,
        "timestamp": "20260407_130617",
        "grid_id": "768_264"
      }
    },
    {
      "type": "Feature",
      "geometry": {
        "type": "Polygon",
        "coordinates": [
          [
            [
              121.5726114536424,
              45.28216171181135
            ],
            [
              121.58176254999675,
              45.281794197195055
            ],
            [
              121.58124153818608,
              45.275333870157034
            ],
            [
              121.57209147358247,
              45.275701302457314
            ],
            [
              121.5726114536424,
              45.28216171181135
            ]
          ]
        ]
      },
      "properties": {
        "biomass": 129.46937561035156,
        "min_biomass": 77.21063232421875,
        "max_biomass": 213.18032836914062,
        "timestamp": "20260407_130617",
        "grid_id": "768_288"
      }
    },
    {
      "type": "Feature",
      "geometry": {
        "type": "Polygon",
        "coordinates": [
          [
            [
              121.58176254999675,
              45.281794197195055
            ],
            [
              121.59091346989109,
              45.281425951697756
            ],
            [
              121.59039142640273,
              45.2749657071384
            ],
            [
              121.58124153818608,
              45.275333870157034
            ],
            [
              121.58176254999675,
              45.281794197195055
            ]
          ]
        ]
      },
      "properties": {
        "biomass": 136.564208984375,
        "min_biomass": 91.70182037353516,
        "max_biomass": 210.9130859375,
        "timestamp": "20260407_130617",
        "grid_id": "768_312"
      }
    },
    {
      "type": "Feature",
      "geometry": {
        "type": "Polygon",
        "coordinates": [
          [
            [
              121.59091346989109,
              45.281425951697756
            ],
            [
              121.60006421297912,
              45.28105697535682
            ],
            [
              121.59954113788623,
              45.27459681343875
            ],
            [
              121.59039142640273,
              45.2749657071384
            ],
            [
              121.59091346989109,
              45.281425951697756
            ]
          ]
        ]
      },
      "properties": {
        "biomass": 152.42047119140625,
        "min_biomass": 97.48943328857422,
        "max_biomass": 226.70651245117188,
        "timestamp": "20260407_130617",
        "grid_id": "768_336"
      }
    },
    {
      "type": "Feature",
      "geometry": {
        "type": "Polygon",
        "coordinates": [
          [
            [
              121.60006421297912,
              45.28105697535682
            ],
            [
              121.60921477891442,
              45.28068726820967
            ],
            [
              121.60869067229038,
              45.274227189095505
            ],
            [
              121.59954113788623,
              45.27459681343875
            ],
            [
              121.60006421297912,
              45.28105697535682
            ]
          ]
        ]
      },
      "properties": {
        "biomass": 126.55918884277344,
        "min_biomass": 88.11443328857422,
        "max_biomass": 199.22665405273438,
        "timestamp": "20260407_130617",
        "grid_id": "768_360"
      }
    },
    {
      "type": "Feature",
      "geometry": {
        "type": "Polygon",
        "coordinates": [
          [
            [
              121.60921477891442,
              45.28068726820967
            ],
            [
              121.61836516735075,
              45.28031683029383
            ],
            [
              121.61784002926902,
              45.273856834146166
            ],
            [
              121.60869067229038,
              45.274227189095505
            ],
            [
              121.60921477891442,
              45.28068726820967
            ]
          ]
        ]
      },
      "properties": {
        "biomass": 125.1444320678711,
        "min_biomass": 86.22954559326172,
        "max_biomass": 187.09169006347656,
        "timestamp": "20260407_130617",
        "grid_id": "768_384"
      }
    },
    {
      "type": "Feature",
      "geometry": {
        "type": "Polygon",
        "coordinates": [
          [
            [
              121.61836516735075,
              45.28031683029383
            ],
            [
              121.62751537794186,
              45.27994566164685
            ],
            [
              121.62698920847605,
              45.27348574862826
            ],
            [
              121.61784002926902,
              45.273856834146166
            ],
            [
              121.61836516735075,
              45.28031683029383
            ]
          ]
        ]
      },
      "properties": {
        "biomass": 144.88885498046875,
        "min_biomass": 89.08677673339844,
        "max_biomass": 198.51885986328125,
        "timestamp": "20260407_130617",
        "grid_id": "768_408"
      }
    },
    {
      "type": "Feature",
      "geometry": {
        "type": "Polygon",
        "coordinates": [
          [
            [
              121.62751537794186,
              45.27994566164685
            ],
            [
              121.63666541034151,
              45.279573762306384
            ],
            [
              121.63613820956536,
              45.27311393257944
            ],
            [
              121.62698920847605,
              45.27348574862826
            ],
            [
              121.62751537794186,
              45.27994566164685
            ]
          ]
        ]
      },
      "properties": {
        "biomass": 130.77586364746094,
        "min_biomass": 91.82577514648438,
        "max_biomass": 180.92088317871094,
        "timestamp": "20260407_130617",
        "grid_id": "768_432"
      }
    },
    {
      "type": "Feature",
      "geometry": {
        "type": "Polygon",
        "coordinates": [
          [
            [
              121.63666541034151,
              45.279573762306384
            ],
            [
              121.64581526420358,
              45.279201132310135
            ],
            [
              121.64528703219098,
              45.2727413860374
            ],
            [
              121.63613820956536,
              45.27311393257944
            ],
            [
              121.63666541034151,
              45.279573762306384
            ]
          ]
        ]
      },
      "properties": {
        "biomass": 141.3391571044922,
        "min_biomass": 87.805908203125,
        "max_biomass": 218.89537048339844,
        "timestamp": "20260407_130617",
        "grid_id": "768_456"
      }
    },
    {
      "type": "Feature",
      "geometry": {
        "type": "Polygon",
        "coordinates": [
          [
            [
              121.64581526420358,
              45.279201132310135
            ],
            [
              121.6549649391819,
              45.27882777169594
            ],
            [
              121.65443567600691,
              45.27236810903993
            ],
            [
              121.64528703219098,
              45.2727413860374
            ],
            [
              121.64581526420358,
              45.279201132310135
            ]
          ]
        ]
      },
      "properties": {
        "biomass": 156.96456909179688,
        "min_biomass": 92.31442260742188,
        "max_biomass": 230.2007293701172,
        "timestamp": "20260407_130617",
        "grid_id": "768_480"
      }
    },
    {
      "type": "Feature",
      "geometry": {
        "type": "Polygon",
        "coordinates": [
          [
            [
              121.6549649391819,
              45.27882777169594
            ],
            [
              121.66411443493044,
              45.2784536805016
            ],
            [
              121.66358414066723,
              45.27199410162486
            ],
            [
              121.65443567600691,
              45.27236810903993
            ],
            [
              121.6549649391819,
              45.27882777169594
            ]
          ]
        ]
      },
      "properties": {
        "biomass": 110.52171325683594,
        "min_biomass": 77.42135620117188,
        "max_biomass": 202.29171752929688,
        "timestamp": "20260407_130617",
        "grid_id": "768_504"
      }
    },
    {
      "type": "Feature",
      "geometry": {
        "type": "Polygon",
        "coordinates": [
          [
            [
              121.66411443493044,
              45.2784536805016
            ],
            [
              121.67326375110312,
              45.27807885876511
            ],
            [
              121.672732425826,
              45.27161936383013
            ],
            [
              121.66358414066723,
              45.27199410162486
            ],
            [
              121.66411443493044,
              45.2784536805016
            ]
          ]
        ]
      },
      "properties": {
        "biomass": 137.738525390625,
        "min_biomass": 79.87203979492188,
        "max_biomass": 273.5740661621094,
        "timestamp": "20260407_130617",
        "grid_id": "768_528"
      }
    },
    {
      "type": "Feature",
      "geometry": {
        "type": "Polygon",
        "coordinates": [
          [
            [
              121.67326375110312,
              45.27807885876511
            ],
            [
              121.68241288735398,
              45.27770330652443
            ],
            [
              121.68188053113741,
              45.271243895693715
            ],
            [
              121.672732425826,
              45.27161936383013
            ],
            [
              121.67326375110312,
              45.27807885876511
            ]
          ]
        ]
      },
      "properties": {
        "biomass": 147.37437438964844,
        "min_biomass": 81.83418273925781,
        "max_biomass": 258.9690856933594,
        "timestamp": "20260407_130617",
        "grid_id": "768_552"
      }
    },
    {
      "type": "Feature",
      "geometry": {
        "type": "Polygon",
        "coordinates": [
          [
            [
              121.68241288735398,
              45.27770330652443
            ],
            [
              121.69156184333708,
              45.277327023817676
            ],
            [
              121.69102845625564,
              45.270867697253706
            ],
            [
              121.68188053113741,
              45.271243895693715
            ],
            [
              121.68241288735398,
              45.27770330652443
            ]
          ]
        ]
      },
      "properties": {
        "biomass": 159.91152954101562,
        "min_biomass": 86.0295639038086,
        "max_biomass": 259.00567626953125,
        "timestamp": "20260407_130617",
        "grid_id": "768_576"
      }
    },
    {
      "type": "Feature",
      "geometry": {
        "type": "Polygon",
        "coordinates": [
          [
            [
              121.69156184333708,
              45.277327023817676
            ],
            [
              121.70071061870648,
              45.276950010683
            ],
            [
              121.70017620083493,
              45.27049076854822
            ],
            [
              121.69102845625564,
              45.270867697253706
            ],
            [
              121.69156184333708,
              45.277327023817676
            ]
          ]
        ]
      },
      "properties": {
        "biomass": 132.04298400878906,
        "min_biomass": 96.88871765136719,
        "max_biomass": 233.51426696777344,
        "timestamp": "20260407_130617",
        "grid_id": "768_600"
      }
    },
    {
      "type": "Feature",
      "geometry": {
        "type": "Polygon",
        "coordinates": [
          [
            [
              121.49888464838679,
              45.278614450542285
            ],
            [
              121.50803611161616,
              45.27825286532428
            ],
            [
              121.50752352946034,
              45.27179187242228
            ],
            [
              121.49837309821439,
              45.27215337664409
            ],
            [
              121.49888464838679,
              45.278614450542285
            ]
          ]
        ]
      },
      "properties": {
        "biomass": 140.424072265625,
        "min_biomass": 80.54975891113281,
        "max_biomass": 180.1211700439453,
        "timestamp": "20260407_130617",
        "grid_id": "792_96"
      }
    },
    {
      "type": "Feature",
      "geometry": {
        "type": "Polygon",
        "coordinates": [
          [
            [
              121.50803611161616,
              45.27825286532428
            ],
            [
              121.51718740123005,
              45.27789054909185
            ],
            [
              121.51667378716267,
              45.27142963734875
            ],
            [
              121.50752352946034,
              45.27179187242228
            ],
            [
              121.50803611161616,
              45.27825286532428
            ]
          ]
        ]
      },
      "properties": {
        "biomass": 95.22994232177734,
        "min_biomass": 69.77416229248047,
        "max_biomass": 153.56900024414062,
        "timestamp": "20260407_130617",
        "grid_id": "792_120"
      }
    },
    {
      "type": "Feature",
      "geometry": {
        "type": "Polygon",
        "coordinates": [
          [
            [
              121.51718740123005,
              45.27789054909185
            ],
            [
              121.52633851688186,
              45.277527501881714
            ],
            [
              121.52582387097497,
              45.271066671460254
            ],
            [
              121.51667378716267,
              45.27142963734875
            ],
            [
              121.51718740123005,
              45.27789054909185
            ]
          ]
        ]
      },
      "properties": {
        "biomass": 91.15431213378906,
        "min_biomass": 69.5771484375,
        "max_biomass": 124.17560577392578,
        "timestamp": "20260407_130617",
        "grid_id": "792_144"
      }
    },
    {
      "type": "Feature",
      "geometry": {
        "type": "Polygon",
        "coordinates": [
          [
            [
              121.52633851688186,
              45.277527501881714
            ],
            [
              121.53548945822503,
              45.27716372373072
            ],
            [
              121.5349737805508,
              45.27070297479357
            ],
            [
              121.52582387097497,
              45.271066671460254
            ],
            [
              121.52633851688186,
              45.277527501881714
            ]
          ]
        ]
      },
      "properties": {
        "biomass": 86.55318450927734,
        "min_biomass": 69.63284301757812,
        "max_biomass": 188.4241943359375,
        "timestamp": "20260407_130617",
        "grid_id": "792_168"
      }
    },
    {
      "type": "Feature",
      "geometry": {
        "type": "Polygon",
        "coordinates": [
          [
            [
              121.53548945822503,
              45.27716372373072
            ],
            [
              121.54464022491312,
              45.27679921467577
            ],
            [
              121.5441235155438,
              45.27033854738561
            ],
            [
              121.5349737805508,
              45.27070297479357
            ],
            [
              121.53548945822503,
              45.27716372373072
            ]
          ]
        ]
      },
      "properties": {
        "biomass": 93.85123443603516,
        "min_biomass": 69.4333267211914,
        "max_biomass": 147.91529846191406,
        "timestamp": "20260407_130617",
        "grid_id": "792_192"
      }
    },
    {
      "type": "Feature",
      "geometry": {
        "type": "Polygon",
        "coordinates": [
          [
            [
              121.54464022491312,
              45.27679921467577
            ],
            [
              121.55379081659964,
              45.27643397475385
            ],
            [
              121.55327307560772,
              45.269973389273346
            ],
            [
              121.5441235155438,
              45.27033854738561
            ],
            [
              121.54464022491312,
              45.27679921467577
            ]
          ]
        ]
      },
      "properties": {
        "biomass": 101.72875213623047,
        "min_biomass": 69.86293029785156,
        "max_biomass": 163.14199829101562,
        "timestamp": "20260407_130617",
        "grid_id": "792_216"
      }
    },
    {
      "type": "Feature",
      "geometry": {
        "type": "Polygon",
        "coordinates": [
          [
            [
              121.55379081659964,
              45.27643397475385
            ],
            [
              121.56294123293823,
              45.276068004001985
            ],
            [
              121.56242246039626,
              45.26960750049379
            ],
            [
              121.55327307560772,
              45.269973389273346
            ],
            [
              121.55379081659964,
              45.27643397475385
            ]
          ]
        ]
      },
      "properties": {
        "biomass": 96.65154266357422,
        "min_biomass": 69.54361724853516,
        "max_biomass": 170.3762664794922,
        "timestamp": "20260407_130617",
        "grid_id": "792_240"
      }
    },
    {
      "type": "Feature",
      "geometry": {
        "type": "Polygon",
        "coordinates": [
          [
            [
              121.56294123293823,
              45.276068004001985
            ],
            [
              121.57209147358247,
              45.275701302457314
            ],
            [
              121.5715716695632,
              45.26924088108406
            ],
            [
              121.56242246039626,
              45.26960750049379
            ],
            [
              121.56294123293823,
              45.276068004001985
            ]
          ]
        ]
      },
      "properties": {
        "biomass": 105.33602142333984,
        "min_biomass": 69.56571197509766,
        "max_biomass": 172.04605102539062,
        "timestamp": "20260407_130617",
        "grid_id": "792_264"
      }
    },
    {
      "type": "Feature",
      "geometry": {
        "type": "Polygon",
        "coordinates": [
          [
            [
              121.57209147358247,
              45.275701302457314
            ],
            [
              121.58124153818608,
              45.275333870157034
            ],
            [
              121.58072070276232,
              45.26887353108133
            ],
            [
              121.5715716695632,
              45.26924088108406
            ],
            [
              121.57209147358247,
              45.275701302457314
            ]
          ]
        ]
      },
      "properties": {
        "biomass": 98.18241119384766,
        "min_biomass": 69.54361724853516,
        "max_biomass": 170.26795959472656,
        "timestamp": "20260407_130617",
        "grid_id": "792_288"
      }
    },
    {
      "type": "Feature",
      "geometry": {
        "type": "Polygon",
        "coordinates": [
          [
            [
              121.58124153818608,
              45.275333870157034
            ],
            [
              121.59039142640273,
              45.2749657071384
            ],
            [
              121.58986955964757,
              45.26850545052286
            ],
            [
              121.58072070276232,
              45.26887353108133
            ],
            [
              121.58124153818608,
              45.275333870157034
            ]
          ]
        ]
      },
      "properties": {
        "biomass": 114.51752471923828,
        "min_biomass": 70.44774627685547,
        "max_biomass": 180.81719970703125,
        "timestamp": "20260407_130617",
        "grid_id": "792_312"
      }
    },
    {
      "type": "Feature",
      "geometry": {
        "type": "Polygon",
        "coordinates": [
          [
            [
              121.59039142640273,
              45.2749657071384
            ],
            [
              121.59954113788623,
              45.27459681343875
            ],
            [
              121.59901823987276,
              45.26813663944597
            ],
            [
              121.58986955964757,
              45.26850545052286
            ],
            [
              121.59039142640273,
              45.2749657071384
            ]
          ]
        ]
      },
      "properties": {
        "biomass": 140.1904754638672,
        "min_biomass": 85.44561004638672,
        "max_biomass": 215.22459411621094,
        "timestamp": "20260407_130617",
        "grid_id": "792_336"
      }
    },
    {
      "type": "Feature",
      "geometry": {
        "type": "Polygon",
        "coordinates": [
          [
            [
              121.59954113788623,
              45.27459681343875
            ],
            [
              121.60869067229038,
              45.274227189095505
            ],
            [
              121.60816674309189,
              45.26776709788807
            ],
            [
              121.59901823987276,
              45.26813663944597
            ],
            [
              121.59954113788623,
              45.27459681343875
            ]
          ]
        ]
      },
      "properties": {
        "biomass": 141.3190155029297,
        "min_biomass": 85.00739288330078,
        "max_biomass": 232.71165466308594,
        "timestamp": "20260407_130617",
        "grid_id": "792_360"
      }
    },
    {
      "type": "Feature",
      "geometry": {
        "type": "Polygon",
        "coordinates": [
          [
            [
              121.60869067229038,
              45.274227189095505
            ],
            [
              121.61784002926902,
              45.273856834146166
            ],
            [
              121.61731506895892,
              45.26739682588661
            ],
            [
              121.60816674309189,
              45.26776709788807
            ],
            [
              121.60869067229038,
              45.274227189095505
            ]
          ]
        ]
      },
      "properties": {
        "biomass": 117.77405548095703,
        "min_biomass": 69.5809097290039,
        "max_biomass": 184.36038208007812,
        "timestamp": "20260407_130617",
        "grid_id": "792_384"
      }
    },
    {
      "type": "Feature",
      "geometry": {
        "type": "Polygon",
        "coordinates": [
          [
            [
              121.61784002926902,
              45.273856834146166
            ],
            [
              121.62698920847605,
              45.27348574862826
            ],
            [
              121.62646321712792,
              45.267025823479145
            ],
            [
              121.61731506895892,
              45.26739682588661
            ],
            [
              121.61784002926902,
              45.273856834146166
            ]
          ]
        ]
      },
      "properties": {
        "biomass": 131.76307678222656,
        "min_biomass": 70.21790313720703,
        "max_biomass": 185.0205841064453,
        "timestamp": "20260407_130617",
        "grid_id": "792_408"
      }
    },
    {
      "type": "Feature",
      "geometry": {
        "type": "Polygon",
        "coordinates": [
          [
            [
              121.62698920847605,
              45.27348574862826
            ],
            [
              121.63613820956536,
              45.27311393257944
            ],
            [
              121.63561118725293,
              45.266654090703284
            ],
            [
              121.62646321712792,
              45.267025823479145
            ],
            [
              121.62698920847605,
              45.27348574862826
            ]
          ]
        ]
      },
      "properties": {
        "biomass": 124.48719787597656,
        "min_biomass": 73.19202423095703,
        "max_biomass": 182.79920959472656,
        "timestamp": "20260407_130617",
        "grid_id": "792_432"
      }
    },
    {
      "type": "Feature",
      "geometry": {
        "type": "Polygon",
        "coordinates": [
          [
            [
              121.63613820956536,
              45.27311393257944
            ],
            [
              121.64528703219098,
              45.2727413860374
            ],
            [
              121.6447589789881,
              45.26628162759673
            ],
            [
              121.63561118725293,
              45.266654090703284
            ],
            [
              121.63613820956536,
              45.27311393257944
            ]
          ]
        ]
      },
      "properties": {
        "biomass": 118.10084533691406,
        "min_biomass": 69.5429458618164,
        "max_biomass": 197.4999237060547,
        "timestamp": "20260407_130617",
        "grid_id": "792_456"
      }
    },
    {
      "type": "Feature",
      "geometry": {
        "type": "Polygon",
        "coordinates": [
          [
            [
              121.64528703219098,
              45.2727413860374
            ],
            [
              121.65443567600691,
              45.27236810903993
            ],
            [
              121.65390659198755,
              45.26590843419725
            ],
            [
              121.6447589789881,
              45.26628162759673
            ],
            [
              121.64528703219098,
              45.2727413860374
            ]
          ]
        ]
      },
      "properties": {
        "biomass": 132.06991577148438,
        "min_biomass": 73.25676727294922,
        "max_biomass": 233.19813537597656,
        "timestamp": "20260407_130617",
        "grid_id": "792_480"
      }
    },
    {
      "type": "Feature",
      "geometry": {
        "type": "Polygon",
        "coordinates": [
          [
            [
              121.65443567600691,
              45.27236810903993
            ],
            [
              121.66358414066723,
              45.27199410162486
            ],
            [
              121.66305402590552,
              45.26553451054264
            ],
            [
              121.65390659198755,
              45.26590843419725
            ],
            [
              121.65443567600691,
              45.27236810903993
            ]
          ]
        ]
      },
      "properties": {
        "biomass": 135.56982421875,
        "min_biomass": 85.47171783447266,
        "max_biomass": 231.6654510498047,
        "timestamp": "20260407_130617",
        "grid_id": "792_504"
      }
    },
    {
      "type": "Feature",
      "geometry": {
        "type": "Polygon",
        "coordinates": [
          [
            [
              121.66358414066723,
              45.27199410162486
            ],
            [
              121.672732425826,
              45.27161936383013
            ],
            [
              121.67220128039621,
              45.26515985667086
            ],
            [
              121.66305402590552,
              45.26553451054264
            ],
            [
              121.66358414066723,
              45.27199410162486
            ]
          ]
        ]
      },
      "properties": {
        "biomass": 109.76399230957031,
        "min_biomass": 70.68486785888672,
        "max_biomass": 178.58038330078125,
        "timestamp": "20260407_130617",
        "grid_id": "792_528"
      }
    },
    {
      "type": "Feature",
      "geometry": {
        "type": "Polygon",
        "coordinates": [
          [
            [
              121.672732425826,
              45.27161936383013
            ],
            [
              121.68188053113741,
              45.271243895693715
            ],
            [
              121.681348355114,
              45.26478447261985
            ],
            [
              121.67220128039621,
              45.26515985667086
            ],
            [
              121.672732425826,
              45.27161936383013
            ]
          ]
        ]
      },
      "properties": {
        "biomass": 103.62834167480469,
        "min_biomass": 69.54361724853516,
        "max_biomass": 165.0847625732422,
        "timestamp": "20260407_130617",
        "grid_id": "792_552"
      }
    },
    {
      "type": "Feature",
      "geometry": {
        "type": "Polygon",
        "coordinates": [
          [
            [
              121.68188053113741,
              45.271243895693715
            ],
            [
              121.69102845625564,
              45.270867697253706
            ],
            [
              121.69049524971315,
              45.26440835842768
            ],
            [
              121.681348355114,
              45.26478447261985
            ],
            [
              121.68188053113741,
              45.271243895693715
            ]
          ]
        ]
      },
      "properties": {
        "biomass": 115.43994140625,
        "min_biomass": 69.7148666381836,
        "max_biomass": 178.3487548828125,
        "timestamp": "20260407_130617",
        "grid_id": "792_576"
      }
    },
    {
      "type": "Feature",
      "geometry": {
        "type": "Polygon",
        "coordinates": [
          [
            [
              121.69102845625564,
              45.270867697253706
            ],
            [
              121.70017620083493,
              45.27049076854822
            ],
            [
              121.69964196384804,
              45.26403151413247
            ],
            [
              121.69049524971315,
              45.26440835842768
            ],
            [
              121.69102845625564,
              45.270867697253706
            ]
          ]
        ]
      },
      "properties": {
        "biomass": 107.31625366210938,
        "min_biomass": 69.7148666381836,
        "max_biomass": 167.82749938964844,
        "timestamp": "20260407_130617",
        "grid_id": "792_600"
      }
    },
    {
      "type": "Feature",
      "geometry": {
        "type": "Polygon",
        "coordinates": [
          [
            [
              121.5349737805508,
              45.27070297479357
            ],
            [
              121.5441235155438,
              45.27033854738561
            ],
            [
              121.54360698110365,
              45.26387786813348
            ],
            [
              121.53445827745936,
              45.26424221391275
            ],
            [
              121.5349737805508,
              45.27070297479357
            ]
          ]
        ]
      },
      "properties": {
        "biomass": 111.755859375,
        "min_biomass": 78.69066619873047,
        "max_biomass": 153.37326049804688,
        "timestamp": "20260407_130617",
        "grid_id": "816_192"
      }
    },
    {
      "type": "Feature",
      "geometry": {
        "type": "Polygon",
        "coordinates": [
          [
            [
              121.5441235155438,
              45.27033854738561
            ],
            [
              121.55327307560772,
              45.269973389273346
            ],
            [
              121.55275550989118,
              45.26351279181251
            ],
            [
              121.54360698110365,
              45.26387786813348
            ],
            [
              121.5441235155438,
              45.27033854738561
            ]
          ]
        ]
      },
      "properties": {
        "biomass": 91.97563171386719,
        "min_biomass": 70.36760711669922,
        "max_biomass": 146.84152221679688,
        "timestamp": "20260407_130617",
        "grid_id": "816_216"
      }
    },
    {
      "type": "Feature",
      "geometry": {
        "type": "Polygon",
        "coordinates": [
          [
            [
              121.55327307560772,
              45.269973389273346
            ],
            [
              121.56242246039626,
              45.26960750049379
            ],
            [
              121.5619038634759,
              45.263146984986875
            ],
            [
              121.55275550989118,
              45.26351279181251
            ],
            [
              121.55327307560772,
              45.269973389273346
            ]
          ]
        ]
      },
      "properties": {
        "biomass": 101.6225357055664,
        "min_biomass": 69.53207397460938,
        "max_biomass": 184.10780334472656,
        "timestamp": "20260407_130617",
        "grid_id": "816_240"
      }
    },
    {
      "type": "Feature",
      "geometry": {
        "type": "Polygon",
        "coordinates": [
          [
            [
              121.56242246039626,
              45.26960750049379
            ],
            [
              121.5715716695632,
              45.26924088108406
            ],
            [
              121.57105204151169,
              45.262780447693665
            ],
            [
              121.5619038634759,
              45.263146984986875
            ],
            [
              121.56242246039626,
              45.26960750049379
            ]
          ]
        ]
      },
      "properties": {
        "biomass": 102.26769256591797,
        "min_biomass": 69.61034393310547,
        "max_biomass": 184.7338409423828,
        "timestamp": "20260407_130617",
        "grid_id": "816_264"
      }
    },
    {
      "type": "Feature",
      "geometry": {
        "type": "Polygon",
        "coordinates": [
          [
            [
              121.5715716695632,
              45.26924088108406
            ],
            [
              121.58072070276232,
              45.26887353108133
            ],
            [
              121.58020004365252,
              45.26241317997003
            ],
            [
              121.57105204151169,
              45.262780447693665
            ],
            [
              121.5715716695632,
              45.26924088108406
            ]
          ]
        ]
      },
      "properties": {
        "biomass": 87.43009185791016,
        "min_biomass": 69.53772735595703,
        "max_biomass": 146.76593017578125,
        "timestamp": "20260407_130617",
        "grid_id": "816_288"
      }
    },
    {
      "type": "Feature",
      "geometry": {
        "type": "Polygon",
        "coordinates": [
          [
            [
              121.58072070276232,
              45.26887353108133
            ],
            [
              121.58986955964757,
              45.26850545052286
            ],
            [
              121.58934786955238,
              45.26204518185324
            ],
            [
              121.58020004365252,
              45.26241317997003
            ],
            [
              121.58072070276232,
              45.26887353108133
            ]
          ]
        ]
      },
      "properties": {
        "biomass": 90.15169525146484,
        "min_biomass": 69.53772735595703,
        "max_biomass": 145.23182678222656,
        "timestamp": "20260407_130617",
        "grid_id": "816_312"
      }
    },
    {
      "type": "Feature",
      "geometry": {
        "type": "Polygon",
        "coordinates": [
          [
            [
              121.58986955964757,
              45.26850545052286
            ],
            [
              121.59901823987276,
              45.26813663944597
            ],
            [
              121.59849551886533,
              45.26167645338058
            ],
            [
              121.58934786955238,
              45.26204518185324
            ],
            [
              121.58986955964757,
              45.26850545052286
            ]
          ]
        ]
      },
      "properties": {
        "biomass": 110.12373352050781,
        "min_biomass": 69.54361724853516,
        "max_biomass": 156.7300262451172,
        "timestamp": "20260407_130617",
        "grid_id": "816_336"
      }
    },
    {
      "type": "Feature",
      "geometry": {
        "type": "Polygon",
        "coordinates": [
          [
            [
              121.59901823987276,
              45.26813663944597
            ],
            [
              121.60816674309189,
              45.26776709788807
            ],
            [
              121.60764299124547,
              45.26130699458944
            ],
            [
              121.59849551886533,
              45.26167645338058
            ],
            [
              121.59901823987276,
              45.26813663944597
            ]
          ]
        ]
      },
      "properties": {
        "biomass": 105.16954040527344,
        "min_biomass": 69.4848861694336,
        "max_biomass": 170.25494384765625,
        "timestamp": "20260407_130617",
        "grid_id": "816_360"
      }
    },
    {
      "type": "Feature",
      "geometry": {
        "type": "Polygon",
        "coordinates": [
          [
            [
              121.60816674309189,
              45.26776709788807
            ],
            [
              121.61731506895892,
              45.26739682588661
            ],
            [
              121.61679028634688,
              45.26093680551727
            ],
            [
              121.60764299124547,
              45.26130699458944
            ],
            [
              121.60816674309189,
              45.26776709788807
            ]
          ]
        ]
      },
      "properties": {
        "biomass": 90.76133728027344,
        "min_biomass": 69.54361724853516,
        "max_biomass": 154.85324096679688,
        "timestamp": "20260407_130617",
        "grid_id": "816_384"
      }
    },
    {
      "type": "Feature",
      "geometry": {
        "type": "Polygon",
        "coordinates": [
          [
            [
              121.61731506895892,
              45.26739682588661
            ],
            [
              121.62646321712792,
              45.267025823479145
            ],
            [
              121.62593740382377,
              45.260565886201604
            ],
            [
              121.61679028634688,
              45.26093680551727
            ],
            [
              121.61731506895892,
              45.26739682588661
            ]
          ]
        ]
      },
      "properties": {
        "biomass": 93.64913940429688,
        "min_biomass": 69.54361724853516,
        "max_biomass": 177.84811401367188,
        "timestamp": "20260407_130617",
        "grid_id": "816_408"
      }
    },
    {
      "type": "Feature",
      "geometry": {
        "type": "Polygon",
        "coordinates": [
          [
            [
              121.62646321712792,
              45.267025823479145
            ],
            [
              121.63561118725293,
              45.266654090703284
            ],
            [
              121.63508434333036,
              45.26019423668005
            ],
            [
              121.62593740382377,
              45.260565886201604
            ],
            [
              121.62646321712792,
              45.267025823479145
            ]
          ]
        ]
      },
      "properties": {
        "biomass": 154.5060577392578,
        "min_biomass": 88.72616577148438,
        "max_biomass": 231.20639038085938,
        "timestamp": "20260407_130617",
        "grid_id": "816_432"
      }
    },
    {
      "type": "Feature",
      "geometry": {
        "type": "Polygon",
        "coordinates": [
          [
            [
              121.63561118725293,
              45.266654090703284
            ],
            [
              121.6447589789881,
              45.26628162759673
            ],
            [
              121.6442311045209,
              45.25982185699027
            ],
            [
              121.63508434333036,
              45.26019423668005
            ],
            [
              121.63561118725293,
              45.266654090703284
            ]
          ]
        ]
      },
      "properties": {
        "biomass": 127.49101257324219,
        "min_biomass": 90.61422729492188,
        "max_biomass": 191.44735717773438,
        "timestamp": "20260407_130617",
        "grid_id": "816_456"
      }
    },
    {
      "type": "Feature",
      "geometry": {
        "type": "Polygon",
        "coordinates": [
          [
            [
              121.6447589789881,
              45.26628162759673
            ],
            [
              121.65390659198755,
              45.26590843419725
            ],
            [
              121.6533776870497,
              45.25944874717003
            ],
            [
              121.6442311045209,
              45.25982185699027
            ],
            [
              121.6447589789881,
              45.26628162759673
            ]
          ]
        ]
      },
      "properties": {
        "biomass": 112.87761688232422,
        "min_biomass": 69.94986724853516,
        "max_biomass": 180.93751525878906,
        "timestamp": "20260407_130617",
        "grid_id": "816_480"
      }
    },
    {
      "type": "Feature",
      "geometry": {
        "type": "Polygon",
        "coordinates": [
          [
            [
              121.65390659198755,
              45.26590843419725
            ],
            [
              121.66305402590552,
              45.26553451054264
            ],
            [
              121.66252409057107,
              45.25907490725712
            ],
            [
              121.6533776870497,
              45.25944874717003
            ],
            [
              121.65390659198755,
              45.26590843419725
            ]
          ]
        ]
      },
      "properties": {
        "biomass": 114.77959442138672,
        "min_biomass": 70.85533905029297,
        "max_biomass": 167.16989135742188,
        "timestamp": "20260407_130617",
        "grid_id": "816_504"
      }
    },
    {
      "type": "Feature",
      "geometry": {
        "type": "Polygon",
        "coordinates": [
          [
            [
              121.66305402590552,
              45.26553451054264
            ],
            [
              121.67220128039621,
              45.26515985667086
            ],
            [
              121.67167031473943,
              45.25870033728947
            ],
            [
              121.66252409057107,
              45.25907490725712
            ],
            [
              121.66305402590552,
              45.26553451054264
            ]
          ]
        ]
      },
      "properties": {
        "biomass": 109.38709259033203,
        "min_biomass": 69.7148666381836,
        "max_biomass": 173.36094665527344,
        "timestamp": "20260407_130617",
        "grid_id": "816_528"
      }
    },
    {
      "type": "Feature",
      "geometry": {
        "type": "Polygon",
        "coordinates": [
          [
            [
              121.67220128039621,
              45.26515985667086
            ],
            [
              121.681348355114,
              45.26478447261985
            ],
            [
              121.6808163592092,
              45.258325037305
            ],
            [
              121.67167031473943,
              45.25870033728947
            ],
            [
              121.67220128039621,
              45.26515985667086
            ]
          ]
        ]
      },
      "properties": {
        "biomass": 92.98263549804688,
        "min_biomass": 69.48506927490234,
        "max_biomass": 160.21067810058594,
        "timestamp": "20260407_130617",
        "grid_id": "816_552"
      }
    },
    {
      "type": "Feature",
      "geometry": {
        "type": "Polygon",
        "coordinates": [
          [
            [
              121.681348355114,
              45.26478447261985
            ],
            [
              121.69049524971315,
              45.26440835842768
            ],
            [
              121.6899622236349,
              45.2579490073418
            ],
            [
              121.6808163592092,
              45.258325037305
            ],
            [
              121.681348355114,
              45.26478447261985
            ]
          ]
        ]
      },
      "properties": {
        "biomass": 96.54074096679688,
        "min_biomass": 69.52210998535156,
        "max_biomass": 156.2534637451172,
        "timestamp": "20260407_130617",
        "grid_id": "816_576"
      }
    },
    {
      "type": "Feature",
      "geometry": {
        "type": "Polygon",
        "coordinates": [
          [
            [
              121.69049524971315,
              45.26440835842768
            ],
            [
              121.69964196384804,
              45.26403151413247
            ],
            [
              121.69910790767096,
              45.25757224743794
            ],
            [
              121.6899622236349,
              45.2579490073418
            ],
            [
              121.69049524971315,
              45.26440835842768
            ]
          ]
        ]
      },
      "properties": {
        "biomass": 98.16357421875,
        "min_biomass": 69.57997131347656,
        "max_biomass": 179.53054809570312,
        "timestamp": "20260407_130617",
        "grid_id": "816_600"
      }
    },
    {
      "type": "Feature",
      "geometry": {
        "type": "Polygon",
        "coordinates": [
          [
            [
              121.5619038634759,
              45.263146984986875
            ],
            [
              121.57105204151169,
              45.262780447693665
            ],
            [
              121.57053258935517,
              45.25632000228819
            ],
            [
              121.56138544210448,
              45.256686457483305
            ],
            [
              121.5619038634759,
              45.263146984986875
            ]
          ]
        ]
      },
      "properties": {
        "biomass": 111.34442901611328,
        "min_biomass": 93.60078430175781,
        "max_biomass": 141.56594848632812,
        "timestamp": "20260407_130617",
        "grid_id": "840_264"
      }
    },
    {
      "type": "Feature",
      "geometry": {
        "type": "Polygon",
        "coordinates": [
          [
            [
              121.57105204151169,
              45.262780447693665
            ],
            [
              121.58020004365252,
              45.26241317997003
            ],
            [
              121.57967956078369,
              45.25595281682522
            ],
            [
              121.57053258935517,
              45.25632000228819
            ],
            [
              121.57105204151169,
              45.262780447693665
            ]
          ]
        ]
      },
      "properties": {
        "biomass": 90.98047637939453,
        "min_biomass": 90.98047637939453,
        "max_biomass": 90.98047637939453,
        "timestamp": "20260407_130617",
        "grid_id": "840_288"
      }
    },
    {
      "type": "Feature",
      "geometry": {
        "type": "Polygon",
        "coordinates": [
          [
            [
              121.61679028634688,
              45.26093680551727
            ],
            [
              121.62593740382377,
              45.260565886201604
            ],
            [
              121.62541176848997,
              45.25410593679778
            ],
            [
              121.61626568135937,
              45.25447677304026
            ],
            [
              121.61679028634688,
              45.26093680551727
            ]
          ]
        ]
      },
      "properties": {
        "biomass": 87.50922393798828,
        "min_biomass": 69.54361724853516,
        "max_biomass": 143.9143524169922,
        "timestamp": "20260407_130617",
        "grid_id": "840_408"
      }
    },
    {
      "type": "Feature",
      "geometry": {
        "type": "Polygon",
        "coordinates": [
          [
            [
              121.62593740382377,
              45.260565886201604
            ],
            [
              121.63508434333036,
              45.26019423668005
            ],
            [
              121.63455767772386,
              45.25373437051185
            ],
            [
              121.62541176848997,
              45.25410593679778
            ],
            [
              121.62593740382377,
              45.260565886201604
            ]
          ]
        ]
      },
      "properties": {
        "biomass": 122.32029724121094,
        "min_biomass": 69.70569610595703,
        "max_biomass": 207.51414489746094,
        "timestamp": "20260407_130617",
        "grid_id": "840_432"
      }
    },
    {
      "type": "Feature",
      "geometry": {
        "type": "Polygon",
        "coordinates": [
          [
            [
              121.63508434333036,
              45.26019423668005
            ],
            [
              121.6442311045209,
              45.25982185699027
            ],
            [
              121.64370340871545,
              45.25336207422016
            ],
            [
              121.63455767772386,
              45.25373437051185
            ],
            [
              121.63508434333036,
              45.26019423668005
            ]
          ]
        ]
      },
      "properties": {
        "biomass": 115.87069702148438,
        "min_biomass": 70.91698455810547,
        "max_biomass": 166.60507202148438,
        "timestamp": "20260407_130617",
        "grid_id": "840_456"
      }
    },
    {
      "type": "Feature",
      "geometry": {
        "type": "Polygon",
        "coordinates": [
          [
            [
              121.6442311045209,
              45.25982185699027
            ],
            [
              121.6533776870497,
              45.25944874717003
            ],
            [
              121.65284896111923,
              45.252989047960426
            ],
            [
              121.64370340871545,
              45.25336207422016
            ],
            [
              121.6442311045209,
              45.25982185699027
            ]
          ]
        ]
      },
      "properties": {
        "biomass": 97.9570083618164,
        "min_biomass": 70.05410766601562,
        "max_biomass": 147.97137451171875,
        "timestamp": "20260407_130617",
        "grid_id": "840_480"
      }
    },
    {
      "type": "Feature",
      "geometry": {
        "type": "Polygon",
        "coordinates": [
          [
            [
              121.6533776870497,
              45.25944874717003
            ],
            [
              121.66252409057107,
              45.25907490725712
            ],
            [
              121.66199433458964,
              45.252615291770454
            ],
            [
              121.65284896111923,
              45.252989047960426
            ],
            [
              121.6533776870497,
              45.25944874717003
            ]
          ]
        ]
      },
      "properties": {
        "biomass": 99.50096130371094,
        "min_biomass": 69.69586181640625,
        "max_biomass": 171.51217651367188,
        "timestamp": "20260407_130617",
        "grid_id": "840_504"
      }
    },
    {
      "type": "Feature",
      "geometry": {
        "type": "Polygon",
        "coordinates": [
          [
            [
              121.66252409057107,
              45.25907490725712
            ],
            [
              121.67167031473943,
              45.25870033728947
            ],
            [
              121.67113952878123,
              45.25224080568812
            ],
            [
              121.66199433458964,
              45.252615291770454
            ],
            [
              121.66252409057107,
              45.25907490725712
            ]
          ]
        ]
      },
      "properties": {
        "biomass": 100.19595336914062,
        "min_biomass": 69.68403625488281,
        "max_biomass": 158.02255249023438,
        "timestamp": "20260407_130617",
        "grid_id": "840_528"
      }
    },
    {
      "type": "Feature",
      "geometry": {
        "type": "Polygon",
        "coordinates": [
          [
            [
              121.67167031473943,
              45.25870033728947
            ],
            [
              121.6808163592092,
              45.258325037305
            ],
            [
              121.68028454334855,
              45.251865589751375
            ],
            [
              121.67113952878123,
              45.25224080568812
            ],
            [
              121.67167031473943,
              45.25870033728947
            ]
          ]
        ]
      },
      "properties": {
        "biomass": 93.66182708740234,
        "min_biomass": 90.98047637939453,
        "max_biomass": 97.92780303955078,
        "timestamp": "20260407_130617",
        "grid_id": "840_552"
      }
    },
    {
      "type": "Feature",
      "geometry": {
        "type": "Polygon",
        "coordinates": [
          [
            [
              121.61626568135937,
              45.25447677304026
            ],
            [
              121.62541176848997,
              45.25410593679778
            ],
            [
              121.62488631105283,
              45.2476459752698
            ],
            [
              121.6157412539229,
              45.24801672845773
            ],
            [
              121.61626568135937,
              45.25447677304026
            ]
          ]
        ]
      },
      "properties": {
        "biomass": 91.81810760498047,
        "min_biomass": 70.32649993896484,
        "max_biomass": 134.25338745117188,
        "timestamp": "20260407_130617",
        "grid_id": "864_408"
      }
    },
    {
      "type": "Feature",
      "geometry": {
        "type": "Polygon",
        "coordinates": [
          [
            [
              121.62541176848997,
              45.25410593679778
            ],
            [
              121.63455767772386,
              45.25373437051185
            ],
            [
              121.63403119035964,
              45.247274492200866
            ],
            [
              121.62488631105283,
              45.2476459752698
            ],
            [
              121.62541176848997,
              45.25410593679778
            ]
          ]
        ]
      },
      "properties": {
        "biomass": 103.97280883789062,
        "min_biomass": 69.47528076171875,
        "max_biomass": 163.0514373779297,
        "timestamp": "20260407_130617",
        "grid_id": "864_432"
      }
    },
    {
      "type": "Feature",
      "geometry": {
        "type": "Polygon",
        "coordinates": [
          [
            [
              121.63455767772386,
              45.25373437051185
            ],
            [
              121.64370340871545,
              45.25336207422016
            ],
            [
              121.64317589149788,
              45.246902279288555
            ],
            [
              121.63403119035964,
              45.247274492200866
            ],
            [
              121.63455767772386,
              45.25373437051185
            ]
          ]
        ]
      },
      "properties": {
        "biomass": 97.39593505859375,
        "min_biomass": 69.54361724853516,
        "max_biomass": 174.87911987304688,
        "timestamp": "20260407_130617",
        "grid_id": "864_456"
      }
    },
    {
      "type": "Feature",
      "geometry": {
        "type": "Polygon",
        "coordinates": [
          [
            [
              121.64370340871545,
              45.25336207422016
            ],
            [
              121.65284896111923,
              45.252989047960426
            ],
            [
              121.65232041412214,
              45.246529336570596
            ],
            [
              121.64317589149788,
              45.246902279288555
            ],
            [
              121.64370340871545,
              45.25336207422016
            ]
          ]
        ]
      },
      "properties": {
        "biomass": 101.73565673828125,
        "min_biomass": 69.6915512084961,
        "max_biomass": 151.0421600341797,
        "timestamp": "20260407_130617",
        "grid_id": "864_480"
      }
    },
    {
      "type": "Feature",
      "geometry": {
        "type": "Polygon",
        "coordinates": [
          [
            [
              121.6157412539229,
              45.24801672845773
            ],
            [
              121.62488631105283,
              45.2476459752698
            ],
            [
              121.6246017625264,
              45.24414682438062
            ],
            [
              121.61545726316923,
              45.24451753258843
            ],
            [
              121.6157412539229,
              45.24801672845773
            ]
          ]
        ]
      },
      "properties": {
        "biomass": 86.65021514892578,
        "min_biomass": 69.54361724853516,
        "max_biomass": 147.91529846191406,
        "timestamp": "20260407_130617",
        "grid_id": "888_408"
      }
    },
    {
      "type": "Feature",
      "geometry": {
        "type": "Polygon",
        "coordinates": [
          [
            [
              121.62488631105283,
              45.2476459752698
            ],
            [
              121.63403119035964,
              45.247274492200866
            ],
            [
              121.63374608410027,
              45.24377538637976
            ],
            [
              121.6246017625264,
              45.24414682438062
            ],
            [
              121.62488631105283,
              45.2476459752698
            ]
          ]
        ]
      },
      "properties": {
        "biomass": 87.97102355957031,
        "min_biomass": 69.54361724853516,
        "max_biomass": 143.9143524169922,
        "timestamp": "20260407_130617",
        "grid_id": "888_432"
      }
    },
    {
      "type": "Feature",
      "geometry": {
        "type": "Polygon",
        "coordinates": [
          [
            [
              121.63403119035964,
              45.247274492200866
            ],
            [
              121.64317589149788,
              45.246902279288555
            ],
            [
              121.64289022754552,
              45.24340321862349
            ],
            [
              121.63374608410027,
              45.24377538637976
            ],
            [
              121.63403119035964,
              45.247274492200866
            ]
          ]
        ]
      },
      "properties": {
        "biomass": 108.39525604248047,
        "min_biomass": 77.44393920898438,
        "max_biomass": 141.23924255371094,
        "timestamp": "20260407_130617",
        "grid_id": "888_456"
      }
    }
  ],
  "properties": {
    "timestamp": "20260407_130617",
    "valid_grids": 598,
    "invalid_grids": 428,
    "threshold": 69.4148357398222
  }
}